2026-09-19T08:25:35.1827270Z Current runner version: '2.337.0'
2026-09-19T08:25:35.1853925Z ##[group]Runner Image Provisioner
2026-09-19T08:25:35.1854806Z Hosted Compute Agent
2026-09-19T08:25:35.1855472Z Version: 20260828.587
2026-09-19T08:25:35.1856130Z Commit: abac92662cab4cc7352de4f9f9d2e2419aad9c29
2026-09-19T08:25:35.1857127Z Build Date: 2026-08-28T16:44:25Z
2026-09-19T08:25:35.1857889Z Worker ID: {19fca232-6857-43ad-8970-e2926c158738}
2026-09-19T08:25:35.1858600Z Azure Region: eastus2
2026-09-19T08:25:35.1859155Z ##[endgroup]
2026-09-19T08:25:35.1861542Z ##[group]Operating System
2026-09-19T08:25:35.1862247Z Ubuntu
2026-09-19T08:25:35.1862919Z 24.04.5
2026-09-19T08:25:35.1863492Z LTS
2026-09-19T08:25:35.1863983Z ##[endgroup]
2026-09-19T08:25:35.1864594Z ##[group]Runner Image
2026-09-19T08:25:35.1865225Z Image: ubuntu-24.04
2026-09-19T08:25:35.1865815Z Version: 20260907.300.1
2026-09-19T08:25:35.1867587Z Included Software: https://github.com/actions/runner-images/blob/ubuntu24/20260907.300/images/ubuntu/Ubuntu2404-Readme.md
2026-09-19T08:25:35.1869287Z Image Release: https://github.com/actions/runner-images/releases/tag/ubuntu24%2F20260907.300
2026-09-19T08:25:35.1870261Z ##[endgroup]
2026-09-19T08:25:35.1871421Z ##[group]GITHUB_TOKEN Permissions
2026-09-19T08:25:35.1873576Z Contents: read
2026-09-19T08:25:35.1874271Z Metadata: read
2026-09-19T08:25:35.1874898Z ##[endgroup]
2026-09-19T08:25:35.1877993Z Secret source: None
2026-09-19T08:25:35.1879111Z Cache mode: write
2026-09-19T08:25:35.1880195Z Prepare workflow directory
2026-09-19T08:25:35.2217650Z Prepare all required actions
2026-09-19T08:25:35.2265688Z Getting action download info
2026-09-19T08:25:35.4825472Z Download action repository 'actions/checkout@11d5960a326750d5838078e36cf38b85af677262' (SHA:11d5960a326750d5838078e36cf38b85af677262)
2026-09-19T08:25:35.6118659Z Download action repository 'actions/setup-go@924ae3a1cded613372ab5595356fb5720e22ba16' (SHA:924ae3a1cded613372ab5595356fb5720e22ba16)
2026-09-19T08:25:35.8385851Z Download action repository 'leanprover/lean-action@96e06131c0e9943c780388fd166f55d1e2fa0433' (SHA:96e06131c0e9943c780388fd166f55d1e2fa0433)
2026-09-19T08:25:35.9591953Z Download action repository 'actions/upload-artifact@ea165f8d65b6e75b540449e92b4886f43607fa02' (SHA:ea165f8d65b6e75b540449e92b4886f43607fa02)
2026-09-19T08:25:36.2509516Z Getting action download info
2026-09-19T08:25:36.3442781Z Download action repository 'actions/cache@v5' (SHA:caa296126883cff596d87d8935842f9db880ef25)
2026-09-19T08:25:36.5495140Z Complete job name: verify (MF-14, matrix-functions-and-stability/MF-14/lean)
2026-09-19T08:25:36.6440461Z Node 20 is being deprecated. This workflow is running with Node 24 by default. If you need to temporarily use Node 20, you can set the ACTIONS_ALLOW_USE_UNSECURE_NODE_VERSION=true environment variable. For more information see: https://github.blog/changelog/2025-09-19-deprecation-of-node-20-on-github-actions-runners/
2026-09-19T08:25:36.6452302Z ##[group]Run actions/checkout@11d5960a326750d5838078e36cf38b85af677262
2026-09-19T08:25:36.6453828Z with:
2026-09-19T08:25:36.6454636Z   persist-credentials: false
2026-09-19T08:25:36.6455637Z   repository: ajt60gaibb/OpenProblemsInNLA
2026-09-19T08:25:36.6465207Z   token: ***
2026-09-19T08:25:36.6465969Z   ssh-strict: true
2026-09-19T08:25:36.6466876Z   ssh-user: git
2026-09-19T08:25:36.6467640Z   clean: true
2026-09-19T08:25:36.6468435Z   sparse-checkout-cone-mode: true
2026-09-19T08:25:36.6469374Z   fetch-depth: 1
2026-09-19T08:25:36.6470171Z   fetch-tags: false
2026-09-19T08:25:36.6470969Z   show-progress: true
2026-09-19T08:25:36.6471822Z   lfs: false
2026-09-19T08:25:36.6472557Z   submodules: false
2026-09-19T08:25:36.6473360Z   set-safe-directory: true
2026-09-19T08:25:36.6474268Z   allow-unsafe-pr-checkout: false
2026-09-19T08:25:36.6475491Z ##[endgroup]
2026-09-19T08:25:36.7561494Z Syncing repository: ajt60gaibb/OpenProblemsInNLA
2026-09-19T08:25:36.7564634Z ##[group]Getting Git version info
2026-09-19T08:25:36.7566142Z Working directory is '/home/runner/work/OpenProblemsInNLA/OpenProblemsInNLA'
2026-09-19T08:25:36.7569430Z [command]/usr/bin/git version
2026-09-19T08:25:36.7626917Z git version 2.55.0
2026-09-19T08:25:36.7686967Z ##[endgroup]
2026-09-19T08:25:36.7704556Z Temporarily overriding HOME='/home/runner/work/_temp/94497b8c-c3f5-4e11-9b14-3f87d0dfc5f4' before making global git config changes
2026-09-19T08:25:36.7709589Z Adding repository directory to the temporary git global config as a safe directory
2026-09-19T08:25:36.7714035Z [command]/usr/bin/git config --global --add safe.directory /home/runner/work/OpenProblemsInNLA/OpenProblemsInNLA
2026-09-19T08:25:36.7764596Z Deleting the contents of '/home/runner/work/OpenProblemsInNLA/OpenProblemsInNLA'
2026-09-19T08:25:36.7769684Z ##[group]Initializing the repository
2026-09-19T08:25:36.7782093Z [command]/usr/bin/git init /home/runner/work/OpenProblemsInNLA/OpenProblemsInNLA
2026-09-19T08:25:36.7882788Z hint: Using 'master' as the name for the initial branch. This default branch name
2026-09-19T08:25:36.7886207Z hint: will change to "main" in Git 3.0. To configure the initial branch name
2026-09-19T08:25:36.7891653Z hint: to use in all of your new repositories, which will suppress this warning,
2026-09-19T08:25:36.7895154Z hint: call:
2026-09-19T08:25:36.7896832Z hint:
2026-09-19T08:25:36.7898585Z hint: 	git config --global init.defaultBranch <name>
2026-09-19T08:25:36.7900700Z hint:
2026-09-19T08:25:36.7902721Z hint: Names commonly chosen instead of 'master' are 'main', 'trunk' and
2026-09-19T08:25:36.7905989Z hint: 'development'. The just-created branch can be renamed via this command:
2026-09-19T08:25:36.7908983Z hint:
2026-09-19T08:25:36.7922191Z hint: 	git branch -m <name>
2026-09-19T08:25:36.7924738Z hint:
2026-09-19T08:25:36.7927386Z hint: Disable this message with "git config set advice.defaultBranchName false"
2026-09-19T08:25:36.7931396Z Initialized empty Git repository in /home/runner/work/OpenProblemsInNLA/OpenProblemsInNLA/.git/
2026-09-19T08:25:36.7938733Z [command]/usr/bin/git remote add origin https://github.com/ajt60gaibb/OpenProblemsInNLA
2026-09-19T08:25:36.7949441Z ##[endgroup]
2026-09-19T08:25:36.7951684Z ##[group]Disabling automatic garbage collection
2026-09-19T08:25:36.7953722Z [command]/usr/bin/git config --local gc.auto 0
2026-09-19T08:25:36.7991046Z ##[endgroup]
2026-09-19T08:25:36.7993124Z ##[group]Setting up auth
2026-09-19T08:25:36.7997709Z [command]/usr/bin/git config --local --name-only --get-regexp core\.sshCommand
2026-09-19T08:25:36.8045001Z [command]/usr/bin/git submodule foreach --recursive sh -c "git config --local --name-only --get-regexp 'core\.sshCommand' && git config --local --unset-all 'core.sshCommand' || :"
2026-09-19T08:25:36.8460682Z [command]/usr/bin/git config --local --name-only --get-regexp http\.https\:\/\/github\.com\/\.extraheader
2026-09-19T08:25:36.8522717Z [command]/usr/bin/git submodule foreach --recursive sh -c "git config --local --name-only --get-regexp 'http\.https\:\/\/github\.com\/\.extraheader' && git config --local --unset-all 'http.https://github.com/.extraheader' || :"
2026-09-19T08:25:36.8749173Z [command]/usr/bin/git config --local --name-only --get-regexp ^includeIf\.gitdir:
2026-09-19T08:25:36.8790804Z [command]/usr/bin/git submodule foreach --recursive git config --local --show-origin --name-only --get-regexp remote.origin.url
2026-09-19T08:25:36.9029496Z [command]/usr/bin/git config --local http.https://github.com/.extraheader AUTHORIZATION: basic ***
2026-09-19T08:25:36.9071659Z ##[endgroup]
2026-09-19T08:25:36.9081307Z ##[group]Fetching the repository
2026-09-19T08:25:36.9084033Z [command]/usr/bin/git -c protocol.version=2 fetch --no-tags --prune --no-recurse-submodules --depth=1 origin +512392344c6c47a0feddd3fb8c6d0b6233a68367:refs/remotes/pull/305/merge
2026-09-19T08:25:47.2699048Z From https://github.com/ajt60gaibb/OpenProblemsInNLA
2026-09-19T08:25:47.2700052Z  * [new ref]           512392344c6c47a0feddd3fb8c6d0b6233a68367 -> pull/305/merge
2026-09-19T08:25:47.2705151Z ##[endgroup]
2026-09-19T08:25:47.2706107Z ##[group]Determining the checkout info
2026-09-19T08:25:47.2714177Z ##[endgroup]
2026-09-19T08:25:47.2715500Z [command]/usr/bin/git sparse-checkout disable
2026-09-19T08:25:47.2769926Z [command]/usr/bin/git config --local --unset-all extensions.worktreeConfig
2026-09-19T08:25:47.2810890Z ##[group]Checking out the ref
2026-09-19T08:25:47.2814638Z [command]/usr/bin/git checkout --progress --force refs/remotes/pull/305/merge
2026-09-19T08:25:48.3923460Z Updating files:  30% (12171/39364)
2026-09-19T08:25:48.4143971Z Updating files:  31% (12203/39364)
2026-09-19T08:25:48.4369868Z Updating files:  32% (12597/39364)
2026-09-19T08:25:48.4503153Z Updating files:  33% (12991/39364)
2026-09-19T08:25:48.4745833Z Updating files:  34% (13384/39364)
2026-09-19T08:25:48.4991680Z Updating files:  35% (13778/39364)
2026-09-19T08:25:48.5175420Z Updating files:  36% (14172/39364)
2026-09-19T08:25:48.5379625Z Updating files:  37% (14565/39364)
2026-09-19T08:25:48.5653576Z Updating files:  38% (14959/39364)
2026-09-19T08:25:48.6287860Z Updating files:  39% (15352/39364)
2026-09-19T08:25:48.6534802Z Updating files:  40% (15746/39364)
2026-09-19T08:25:48.6799290Z Updating files:  41% (16140/39364)
2026-09-19T08:25:48.7043373Z Updating files:  42% (16533/39364)
2026-09-19T08:25:48.7332818Z Updating files:  43% (16927/39364)
2026-09-19T08:25:48.7970584Z Updating files:  44% (17321/39364)
2026-09-19T08:25:48.8292385Z Updating files:  45% (17714/39364)
2026-09-19T08:25:48.8747113Z Updating files:  46% (18108/39364)
2026-09-19T08:25:48.9028428Z Updating files:  47% (18502/39364)
2026-09-19T08:25:48.9334790Z Updating files:  48% (18895/39364)
2026-09-19T08:25:48.9607277Z Updating files:  49% (19289/39364)
2026-09-19T08:25:48.9906164Z Updating files:  50% (19682/39364)
2026-09-19T08:25:49.0203040Z Updating files:  51% (20076/39364)
2026-09-19T08:25:49.0531104Z Updating files:  52% (20470/39364)
2026-09-19T08:25:49.0874871Z Updating files:  53% (20863/39364)
2026-09-19T08:25:49.1153471Z Updating files:  54% (21257/39364)
2026-09-19T08:25:49.1390676Z Updating files:  55% (21651/39364)
2026-09-19T08:25:49.1687741Z Updating files:  56% (22044/39364)
2026-09-19T08:25:49.1944651Z Updating files:  57% (22438/39364)
2026-09-19T08:25:49.2202529Z Updating files:  58% (22832/39364)
2026-09-19T08:25:49.2466286Z Updating files:  59% (23225/39364)
2026-09-19T08:25:49.2813220Z Updating files:  60% (23619/39364)
2026-09-19T08:25:49.3107428Z Updating files:  61% (24013/39364)
2026-09-19T08:25:49.3251211Z Updating files:  62% (24406/39364)
2026-09-19T08:25:49.3445555Z Updating files:  62% (24593/39364)
2026-09-19T08:25:49.3703412Z Updating files:  63% (24800/39364)
2026-09-19T08:25:49.3933374Z Updating files:  64% (25193/39364)
2026-09-19T08:25:49.4153133Z Updating files:  65% (25587/39364)
2026-09-19T08:25:49.4414705Z Updating files:  66% (25981/39364)
2026-09-19T08:25:49.4612274Z Updating files:  67% (26374/39364)
2026-09-19T08:25:49.4854921Z Updating files:  68% (26768/39364)
2026-09-19T08:25:49.5219309Z Updating files:  69% (27162/39364)
2026-09-19T08:25:49.5539230Z Updating files:  70% (27555/39364)
2026-09-19T08:25:49.5788641Z Updating files:  71% (27949/39364)
2026-09-19T08:25:49.6071302Z Updating files:  72% (28343/39364)
2026-09-19T08:25:49.6279686Z Updating files:  73% (28736/39364)
2026-09-19T08:25:49.6525468Z Updating files:  74% (29130/39364)
2026-09-19T08:25:49.6762946Z Updating files:  75% (29523/39364)
2026-09-19T08:25:49.6943861Z Updating files:  76% (29917/39364)
2026-09-19T08:25:49.7194656Z Updating files:  77% (30311/39364)
2026-09-19T08:25:49.7484767Z Updating files:  78% (30704/39364)
2026-09-19T08:25:49.7697735Z Updating files:  79% (31098/39364)
2026-09-19T08:25:49.7935364Z Updating files:  80% (31492/39364)
2026-09-19T08:25:49.8178585Z Updating files:  81% (31885/39364)
2026-09-19T08:25:49.8392263Z Updating files:  82% (32279/39364)
2026-09-19T08:25:49.8672366Z Updating files:  83% (32673/39364)
2026-09-19T08:25:49.9066758Z Updating files:  84% (33066/39364)
2026-09-19T08:25:49.9476102Z Updating files:  85% (33460/39364)
2026-09-19T08:25:50.1052003Z Updating files:  86% (33854/39364)
2026-09-19T08:25:50.1579107Z Updating files:  87% (34247/39364)
2026-09-19T08:25:50.2120889Z Updating files:  88% (34641/39364)
2026-09-19T08:25:50.3259366Z Updating files:  89% (35034/39364)
2026-09-19T08:25:50.3609437Z Updating files:  89% (35294/39364)
2026-09-19T08:25:50.4043568Z Updating files:  90% (35428/39364)
2026-09-19T08:25:50.4834704Z Updating files:  91% (35822/39364)
2026-09-19T08:25:50.5522523Z Updating files:  92% (36215/39364)
2026-09-19T08:25:50.6458279Z Updating files:  93% (36609/39364)
2026-09-19T08:25:50.6831931Z Updating files:  94% (37003/39364)
2026-09-19T08:25:50.7125456Z Updating files:  95% (37396/39364)
2026-09-19T08:25:50.7729905Z Updating files:  96% (37790/39364)
2026-09-19T08:25:50.8018557Z Updating files:  97% (38184/39364)
2026-09-19T08:25:50.8263944Z Updating files:  98% (38577/39364)
2026-09-19T08:25:50.8498041Z Updating files:  99% (38971/39364)
2026-09-19T08:25:50.8498635Z Updating files: 100% (39364/39364)
2026-09-19T08:25:50.8499082Z Updating files: 100% (39364/39364), done.
2026-09-19T08:25:50.8992701Z Note: switching to 'refs/remotes/pull/305/merge'.
2026-09-19T08:25:50.8993081Z 
2026-09-19T08:25:50.8993324Z You are in 'detached HEAD' state. You can look around, make experimental
2026-09-19T08:25:50.8993890Z changes and commit them, and you can discard any commits you make in this
2026-09-19T08:25:50.8994434Z state without impacting any branches by switching back to a branch.
2026-09-19T08:25:50.8994752Z 
2026-09-19T08:25:50.8994961Z If you want to create a new branch to retain commits you create, you may
2026-09-19T08:25:50.8995498Z do so (now or later) by using -c with the switch command. Example:
2026-09-19T08:25:50.8995791Z 
2026-09-19T08:25:50.8995935Z   git switch -c <new-branch-name>
2026-09-19T08:25:50.8996139Z 
2026-09-19T08:25:50.8996260Z Or undo this operation with:
2026-09-19T08:25:50.8996787Z 
2026-09-19T08:25:50.8996903Z   git switch -
2026-09-19T08:25:50.8997047Z 
2026-09-19T08:25:50.8997297Z Turn off this advice by setting config variable advice.detachedHead to false
2026-09-19T08:25:50.8997666Z 
2026-09-19T08:25:50.8998061Z HEAD is now at 51239234 Merge fe4bbee26cc79f06587c803c5c902164c1e02e8e into 71563f17926cd826a892c2bba0e294894ee57a5c
2026-09-19T08:25:50.9109418Z ##[endgroup]
2026-09-19T08:25:50.9164165Z [command]/usr/bin/git log -1 --format=%H
2026-09-19T08:25:50.9197912Z 512392344c6c47a0feddd3fb8c6d0b6233a68367
2026-09-19T08:25:50.9213240Z ##[group]Removing auth
2026-09-19T08:25:50.9220344Z [command]/usr/bin/git config --local --name-only --get-regexp core\.sshCommand
2026-09-19T08:25:50.9261040Z [command]/usr/bin/git submodule foreach --recursive sh -c "git config --local --name-only --get-regexp 'core\.sshCommand' && git config --local --unset-all 'core.sshCommand' || :"
2026-09-19T08:25:50.9544409Z [command]/usr/bin/git config --local --name-only --get-regexp http\.https\:\/\/github\.com\/\.extraheader
2026-09-19T08:25:50.9577951Z http.https://github.com/.extraheader
2026-09-19T08:25:50.9587230Z [command]/usr/bin/git config --local --unset-all http.https://github.com/.extraheader
2026-09-19T08:25:50.9624116Z [command]/usr/bin/git submodule foreach --recursive sh -c "git config --local --name-only --get-regexp 'http\.https\:\/\/github\.com\/\.extraheader' && git config --local --unset-all 'http.https://github.com/.extraheader' || :"
2026-09-19T08:25:50.9900232Z [command]/usr/bin/git config --local --name-only --get-regexp ^includeIf\.gitdir:
2026-09-19T08:25:50.9937843Z [command]/usr/bin/git submodule foreach --recursive git config --local --show-origin --name-only --get-regexp remote.origin.url
2026-09-19T08:25:51.0204277Z ##[endgroup]
2026-09-19T08:25:51.0419025Z ##[group]Run python3 -m pip install -r tools/lean/requirements.txt
2026-09-19T08:25:51.0419570Z [36;1mpython3 -m pip install -r tools/lean/requirements.txt[0m
2026-09-19T08:25:51.0420025Z [36;1mpython3 tools/lean/validate_manifest.py "$LEAN_PROJECT"[0m
2026-09-19T08:25:51.0487011Z shell: /usr/bin/bash -e {0}
2026-09-19T08:25:51.0487317Z env:
2026-09-19T08:25:51.0487610Z   LEAN_PROJECT: matrix-functions-and-stability/MF-14/lean
2026-09-19T08:25:51.0488191Z ##[endgroup]
2026-09-19T08:25:52.1896831Z Defaulting to user installation because normal site-packages is not writeable
2026-09-19T08:25:53.4063513Z Collecting PyYAML==6.0.3 (from -r tools/lean/requirements.txt (line 1))
2026-09-19T08:25:53.4547203Z   Downloading pyyaml-6.0.3-cp312-cp312-manylinux2014_x86_64.manylinux_2_17_x86_64.manylinux_2_28_x86_64.whl.metadata (2.4 kB)
2026-09-19T08:25:53.4968968Z Collecting jsonschema==4.26.0 (from -r tools/lean/requirements.txt (line 2))
2026-09-19T08:25:53.5044827Z   Downloading jsonschema-4.26.0-py3-none-any.whl.metadata (7.6 kB)
2026-09-19T08:25:53.5222864Z Requirement already satisfied: attrs>=22.2.0 in /usr/lib/python3/dist-packages (from jsonschema==4.26.0->-r tools/lean/requirements.txt (line 2)) (23.2.0)
2026-09-19T08:25:53.5440196Z Collecting jsonschema-specifications>=2023.03.6 (from jsonschema==4.26.0->-r tools/lean/requirements.txt (line 2))
2026-09-19T08:25:53.5509843Z   Downloading jsonschema_specifications-2025.9.1-py3-none-any.whl.metadata (2.9 kB)
2026-09-19T08:25:53.5936033Z Collecting referencing>=0.28.4 (from jsonschema==4.26.0->-r tools/lean/requirements.txt (line 2))
2026-09-19T08:25:53.6008782Z   Downloading referencing-0.37.0-py3-none-any.whl.metadata (2.8 kB)
2026-09-19T08:25:53.9433446Z Collecting rpds-py>=0.25.0 (from jsonschema==4.26.0->-r tools/lean/requirements.txt (line 2))
2026-09-19T08:25:53.9506852Z   Downloading rpds_py-2026.6.3-cp312-cp312-manylinux_2_17_x86_64.manylinux2014_x86_64.whl.metadata (4.1 kB)
2026-09-19T08:25:53.9892268Z Requirement already satisfied: typing-extensions>=4.4.0 in /usr/lib/python3/dist-packages (from referencing>=0.28.4->jsonschema==4.26.0->-r tools/lean/requirements.txt (line 2)) (4.10.0)
2026-09-19T08:25:53.9997048Z Downloading pyyaml-6.0.3-cp312-cp312-manylinux2014_x86_64.manylinux_2_17_x86_64.manylinux_2_28_x86_64.whl (807 kB)
2026-09-19T08:25:54.0330499Z    ━━━━━━━━━━━━━━━━━━━━━━━━━━━━━━━━━━━━━━━━ 807.9/807.9 kB 26.0 MB/s eta 0:00:00
2026-09-19T08:25:54.0401811Z Downloading jsonschema-4.26.0-py3-none-any.whl (90 kB)
2026-09-19T08:25:54.0441367Z    ━━━━━━━━━━━━━━━━━━━━━━━━━━━━━━━━━━━━━━━━ 90.6/90.6 kB 38.4 MB/s eta 0:00:00
2026-09-19T08:25:54.0514167Z Downloading jsonschema_specifications-2025.9.1-py3-none-any.whl (18 kB)
2026-09-19T08:25:54.0605889Z Downloading referencing-0.37.0-py3-none-any.whl (26 kB)
2026-09-19T08:25:54.0697510Z Downloading rpds_py-2026.6.3-cp312-cp312-manylinux_2_17_x86_64.manylinux2014_x86_64.whl (366 kB)
2026-09-19T08:25:54.0753284Z    ━━━━━━━━━━━━━━━━━━━━━━━━━━━━━━━━━━━━━━━━ 366.2/366.2 kB 95.0 MB/s eta 0:00:00
2026-09-19T08:25:54.3908576Z Installing collected packages: rpds-py, PyYAML, referencing, jsonschema-specifications, jsonschema
2026-09-19T08:25:54.5598239Z Successfully installed PyYAML-6.0.3 jsonschema-4.26.0 jsonschema-specifications-2025.9.1 referencing-0.37.0 rpds-py-2026.6.3
2026-09-19T08:25:54.8215752Z Manifest schema and comparator coverage: PASS (25 declarations)
2026-09-19T08:25:54.8447905Z ##[group]Run actions/setup-go@924ae3a1cded613372ab5595356fb5720e22ba16
2026-09-19T08:25:54.8448328Z with:
2026-09-19T08:25:54.8448530Z   go-version: 1.27.1
2026-09-19T08:25:54.8448744Z   cache: false
2026-09-19T08:25:54.8448946Z   check-latest: false
2026-09-19T08:25:54.8451472Z   token: ***
2026-09-19T08:25:54.8451682Z ##[endgroup]
2026-09-19T08:25:54.9766636Z Setup go version spec 1.27.1
2026-09-19T08:25:54.9779765Z Attempting to download 1.27.1...
2026-09-19T08:25:55.4392523Z matching 1.27.1...
2026-09-19T08:25:55.4419761Z Acquiring 1.27.1 from https://github.com/actions/go-versions/releases/download/1.27.1-33583469715/go-1.27.1-linux-x64.tar.gz
2026-09-19T08:25:55.8493834Z Extracting Go...
2026-09-19T08:25:55.8608792Z [command]/usr/bin/tar xz --warning=no-unknown-keyword --overwrite -C /home/runner/work/_temp/9bf6892e-e6d4-432f-a96e-1d278143e6b8 -f /home/runner/work/_temp/9db9a262-c021-441a-afae-644d1dbf0293
2026-09-19T08:25:57.5520408Z Successfully extracted go to /home/runner/work/_temp/9bf6892e-e6d4-432f-a96e-1d278143e6b8
2026-09-19T08:25:57.5521642Z Adding to the cache ...
2026-09-19T08:26:03.5508887Z Successfully cached go to /opt/hostedtoolcache/go/1.27.1/x64
2026-09-19T08:26:03.5511838Z Added go to the path
2026-09-19T08:26:03.5514617Z Successfully set up Go version 1.27.1
2026-09-19T08:26:03.5725167Z go version go1.27.1 linux/amd64
2026-09-19T08:26:03.5725384Z 
2026-09-19T08:26:03.5725742Z ##[group]go env
2026-09-19T08:26:03.7028589Z AR='ar'
2026-09-19T08:26:03.7028966Z CC='gcc'
2026-09-19T08:26:03.7029309Z CGO_CFLAGS='-O2 -g'
2026-09-19T08:26:03.7029687Z CGO_CPPFLAGS=''
2026-09-19T08:26:03.7030046Z CGO_CXXFLAGS='-O2 -g'
2026-09-19T08:26:03.7030427Z CGO_ENABLED='1'
2026-09-19T08:26:03.7030773Z CGO_FFLAGS='-O2 -g'
2026-09-19T08:26:03.7031139Z CGO_LDFLAGS='-O2 -g'
2026-09-19T08:26:03.7031487Z CXX='g++'
2026-09-19T08:26:03.7031805Z GCCGO='gccgo'
2026-09-19T08:26:03.7032144Z GO111MODULE=''
2026-09-19T08:26:03.7032476Z GOAMD64='v1'
2026-09-19T08:26:03.7032760Z GOARCH='amd64'
2026-09-19T08:26:03.7033053Z GOAUTH='netrc'
2026-09-19T08:26:03.7033289Z GOBIN='/home/runner/go/bin'
2026-09-19T08:26:03.7033598Z GOCACHE='/home/runner/.cache/go-build'
2026-09-19T08:26:03.7033896Z GOCACHEPROG=''
2026-09-19T08:26:03.7034140Z GODEBUG=''
2026-09-19T08:26:03.7034381Z GOENV='/home/runner/.config/go/env'
2026-09-19T08:26:03.7034660Z GOEXE=''
2026-09-19T08:26:03.7034870Z GOEXPERIMENT=''
2026-09-19T08:26:03.7035094Z GOFIPS140='off'
2026-09-19T08:26:03.7035306Z GOFLAGS=''
2026-09-19T08:26:03.7036053Z GOGCCFLAGS='-fPIC -m64 -pthread -Wl,--no-gc-sections -fmessage-length=0 -ffile-prefix-map=/tmp/go-build419720369=/tmp/go-build -gno-record-gcc-switches'
2026-09-19T08:26:03.7037101Z GOHOSTARCH='amd64'
2026-09-19T08:26:03.7037335Z GOHOSTOS='linux'
2026-09-19T08:26:03.7037565Z GOINSECURE=''
2026-09-19T08:26:03.7037794Z GOMOD='/dev/null'
2026-09-19T08:26:03.7038057Z GOMODCACHE='/home/runner/go/pkg/mod'
2026-09-19T08:26:03.7038514Z GONOPROXY=''
2026-09-19T08:26:03.7038731Z GONOSUMDB=''
2026-09-19T08:26:03.7038954Z GOOS='linux'
2026-09-19T08:26:03.7039177Z GOPACKAGESDRIVER=''
2026-09-19T08:26:03.7039431Z GOPATH='/home/runner/go'
2026-09-19T08:26:03.7039700Z GOPRIVATE=''
2026-09-19T08:26:03.7039981Z GOPROXY='https://proxy.golang.org,direct'
2026-09-19T08:26:03.7040349Z GOROOT='/opt/hostedtoolcache/go/1.27.1/x64'
2026-09-19T08:26:03.7040677Z GOSUMDB='sum.golang.org'
2026-09-19T08:26:03.7040937Z GOTELEMETRY='local'
2026-09-19T08:26:03.7041238Z GOTELEMETRYDIR='/home/runner/.config/go/telemetry'
2026-09-19T08:26:03.7041577Z GOTMPDIR=''
2026-09-19T08:26:03.7041793Z GOTOOLCHAIN='local'
2026-09-19T08:26:03.7042148Z GOTOOLDIR='/opt/hostedtoolcache/go/1.27.1/x64/pkg/tool/linux_amd64'
2026-09-19T08:26:03.7042522Z GOVCS=''
2026-09-19T08:26:03.7042712Z GOVERSION='go1.27.1'
2026-09-19T08:26:03.7042925Z GOWORK=''
2026-09-19T08:26:03.7043132Z PKG_CONFIG='pkg-config'
2026-09-19T08:26:03.7043283Z 
2026-09-19T08:26:03.7043689Z ##[endgroup]
2026-09-19T08:26:03.7435828Z ##[group]Run leanprover/lean-action@96e06131c0e9943c780388fd166f55d1e2fa0433
2026-09-19T08:26:03.7436277Z with:
2026-09-19T08:26:03.7436856Z   lake-package-directory: matrix-functions-and-stability/MF-14/lean
2026-09-19T08:26:03.7437263Z   auto-config: false
2026-09-19T08:26:03.7437498Z   build: false
2026-09-19T08:26:03.7437703Z   test: false
2026-09-19T08:26:03.7437902Z   lint: false
2026-09-19T08:26:03.7438124Z   use-mathlib-cache: false
2026-09-19T08:26:03.7438380Z   use-github-cache: false
2026-09-19T08:26:03.7438621Z   mk_all-check: false
2026-09-19T08:26:03.7438874Z   check-reservoir-eligibility: false
2026-09-19T08:26:03.7439154Z   leanchecker: false
2026-09-19T08:26:03.7439375Z   lean4checker: false
2026-09-19T08:26:03.7439596Z   nanoda: false
2026-09-19T08:26:03.7439816Z   nanoda-allow-sorry: true
2026-09-19T08:26:03.7440065Z   axiom-audit: false
2026-09-19T08:26:03.7440362Z   axiom-audit-allow: propext,Classical.choice,Quot.sound
2026-09-19T08:26:03.7440829Z   reinstall-transient-toolchain: false
2026-09-19T08:26:03.7441163Z env:
2026-09-19T08:26:03.7441363Z   GOTOOLCHAIN: local
2026-09-19T08:26:03.7441585Z ##[endgroup]
2026-09-19T08:26:03.7515078Z ##[start-action display=install elan;id=__leanprover_lean-action.__run]
2026-09-19T08:26:03.7541244Z ##[group]Run : Install Elan
2026-09-19T08:26:03.7541538Z [36;1m: Install Elan[0m
2026-09-19T08:26:03.7541830Z [36;1m${GITHUB_ACTION_PATH}/scripts/install_elan.sh[0m
2026-09-19T08:26:03.7583572Z shell: /usr/bin/bash --noprofile --norc -e -o pipefail {0}
2026-09-19T08:26:03.7583939Z env:
2026-09-19T08:26:03.7584156Z   GOTOOLCHAIN: local
2026-09-19T08:26:03.7584384Z ##[endgroup]
2026-09-19T08:26:03.7675902Z ##[group]Elan Installation Output
2026-09-19T08:26:03.8183198Z info: downloading installer
2026-09-19T08:26:05.1546098Z info: downloading https://releases.lean-lang.org/lean4/v4.33.1/lean-4.33.1-linux.tar.zst
2026-09-19T08:26:08.5421976Z info: installing /home/runner/.elan/toolchains/leanprover--lean4---v4.33.1
2026-09-19T08:26:15.4275383Z Lean (version 4.33.1, x86_64-unknown-linux-gnu, commit 819816b2e0a3bf405af45ae5c7af2491d8f5bee6, Release)
2026-09-19T08:26:15.4695232Z Lake version 5.0.0-src+819816b (Lean version 4.33.1)
2026-09-19T08:26:15.4731975Z ##[endgroup]
2026-09-19T08:26:15.4732134Z 
2026-09-19T08:26:15.4754104Z ##[end-action id=__leanprover_lean-action.__run;outcome=success;conclusion=success;duration_ms=11723]
2026-09-19T08:26:15.4760334Z ##[start-action display=configure `lean-action`;id=__leanprover_lean-action.config]
2026-09-19T08:26:15.4780197Z ##[group]Run : Configure Lean Action
2026-09-19T08:26:15.4780506Z [36;1m: Configure Lean Action[0m
2026-09-19T08:26:15.4780795Z [36;1m${GITHUB_ACTION_PATH}/scripts/config.sh[0m
2026-09-19T08:26:15.4818177Z shell: /usr/bin/bash --noprofile --norc -e -o pipefail {0}
2026-09-19T08:26:15.4818525Z env:
2026-09-19T08:26:15.4818719Z   GOTOOLCHAIN: local
2026-09-19T08:26:15.4818939Z   AUTO_CONFIG: false
2026-09-19T08:26:15.4819146Z   BUILD: false
2026-09-19T08:26:15.4819360Z   TEST: false
2026-09-19T08:26:15.4819554Z   LINT: false
2026-09-19T08:26:15.4819741Z ##[endgroup]
2026-09-19T08:26:15.4925290Z ##[group]Configure lean-action
2026-09-19T08:26:15.4978156Z ##[end-action id=__leanprover_lean-action.config;outcome=success;conclusion=success;duration_ms=21]
2026-09-19T08:26:15.4982914Z ##[start-action display=reinstall transient toolchain;id=__leanprover_lean-action.__run_2]
2026-09-19T08:26:15.4989398Z ##[end-action id=__leanprover_lean-action.__run_2;outcome=skipped;conclusion=skipped;duration_ms=0]
2026-09-19T08:26:15.4992168Z ##[start-action display=ensure all files are imported;id=__leanprover_lean-action.mk_all]
2026-09-19T08:26:15.4995680Z ##[end-action id=__leanprover_lean-action.mk_all;outcome=skipped;conclusion=skipped;duration_ms=0]
2026-09-19T08:26:15.4998013Z ##[start-action display=Run actions/cache/restore@v5;id=__leanprover_lean-action.__actions_cache]
2026-09-19T08:26:15.5001596Z ##[end-action id=__leanprover_lean-action.__actions_cache;outcome=skipped;conclusion=skipped;duration_ms=0]
2026-09-19T08:26:15.5003461Z ##[start-action display=detect mathlib;id=__leanprover_lean-action.detect-mathlib]
2026-09-19T08:26:15.5007160Z ##[end-action id=__leanprover_lean-action.detect-mathlib;outcome=skipped;conclusion=skipped;duration_ms=0]
2026-09-19T08:26:15.5009028Z ##[start-action display=get mathlib cache;id=__leanprover_lean-action.__run_3]
2026-09-19T08:26:15.5024907Z ##[end-action id=__leanprover_lean-action.__run_3;outcome=skipped;conclusion=skipped;duration_ms=0]
2026-09-19T08:26:15.5051503Z ##[start-action display=build ajt60gaibb/OpenProblemsInNLA;id=__leanprover_lean-action.build]
2026-09-19T08:26:15.5055924Z ##[end-action id=__leanprover_lean-action.build;outcome=skipped;conclusion=skipped;duration_ms=0]
2026-09-19T08:26:15.5058240Z ##[start-action display=Run actions/cache/save@v5;id=__leanprover_lean-action.__actions_cache_2]
2026-09-19T08:26:15.5061714Z ##[end-action id=__leanprover_lean-action.__actions_cache_2;outcome=skipped;conclusion=skipped;duration_ms=0]
2026-09-19T08:26:15.5064884Z ##[start-action display=test ajt60gaibb/OpenProblemsInNLA;id=__leanprover_lean-action.test]
2026-09-19T08:26:15.5069486Z ##[end-action id=__leanprover_lean-action.test;outcome=skipped;conclusion=skipped;duration_ms=0]
2026-09-19T08:26:15.5072442Z ##[start-action display=lint ajt60gaibb/OpenProblemsInNLA;id=__leanprover_lean-action.lint]
2026-09-19T08:26:15.5076921Z ##[end-action id=__leanprover_lean-action.lint;outcome=skipped;conclusion=skipped;duration_ms=0]
2026-09-19T08:26:15.5078870Z ##[start-action display=check reservoir eligibility;id=__leanprover_lean-action.__run_4]
2026-09-19T08:26:15.5082204Z ##[end-action id=__leanprover_lean-action.__run_4;outcome=skipped;conclusion=skipped;duration_ms=0]
2026-09-19T08:26:15.5084797Z ##[start-action display=check environment with leanchecker;id=__leanprover_lean-action.__run_5]
2026-09-19T08:26:15.5089671Z ##[end-action id=__leanprover_lean-action.__run_5;outcome=skipped;conclusion=skipped;duration_ms=0]
2026-09-19T08:26:15.5092043Z ##[start-action display=check environment with nanoda;id=__leanprover_lean-action.nanoda]
2026-09-19T08:26:15.5095266Z ##[end-action id=__leanprover_lean-action.nanoda;outcome=skipped;conclusion=skipped;duration_ms=0]
2026-09-19T08:26:15.5098179Z ##[start-action display=audit axioms with axiom-audit;id=__leanprover_lean-action.axiom-audit]
2026-09-19T08:26:15.5101840Z ##[end-action id=__leanprover_lean-action.axiom-audit;outcome=skipped;conclusion=skipped;duration_ms=0]
2026-09-19T08:26:15.5158026Z ##[group]Run sudo apt-get update
2026-09-19T08:26:15.5158354Z [36;1msudo apt-get update[0m
2026-09-19T08:26:15.5158677Z [36;1msudo apt-get install -y bubblewrap dbus-user-session[0m
2026-09-19T08:26:15.5159134Z [36;1msudo sysctl -w kernel.apparmor_restrict_unprivileged_userns=0[0m
2026-09-19T08:26:15.5159536Z [36;1msudo loginctl enable-linger "$(id -un)"[0m
2026-09-19T08:26:15.5159870Z [36;1msudo systemctl start "user@$(id -u).service"[0m
2026-09-19T08:26:15.5160242Z [36;1mecho "XDG_RUNTIME_DIR=/run/user/$(id -u)" >> "$GITHUB_ENV"[0m
2026-09-19T08:26:15.5160734Z [36;1mecho "DBUS_SESSION_BUS_ADDRESS=unix:path=/run/user/$(id -u)/bus" >> "$GITHUB_ENV"[0m
2026-09-19T08:26:15.5198688Z shell: /usr/bin/bash -e {0}
2026-09-19T08:26:15.5198940Z env:
2026-09-19T08:26:15.5199141Z   GOTOOLCHAIN: local
2026-09-19T08:26:15.5199358Z ##[endgroup]
2026-09-19T08:26:16.6438283Z Get:1 file:/etc/apt/apt-mirrors.txt Mirrorlist [144 B]
2026-09-19T08:26:16.6563555Z Get:6 https://packages.microsoft.com/ubuntu/24.04/prod noble InRelease [3600 B]
2026-09-19T08:26:16.7107433Z Get:7 https://dl.google.com/linux/chrome-stable/deb stable InRelease [2548 B]
2026-09-19T08:26:16.7612574Z Hit:2 http://azure.archive.ubuntu.com/ubuntu noble InRelease
2026-09-19T08:26:16.7620565Z Get:3 http://azure.archive.ubuntu.com/ubuntu noble-updates InRelease [126 kB]
2026-09-19T08:26:16.7679767Z Get:4 http://azure.archive.ubuntu.com/ubuntu noble-backports InRelease [126 kB]
2026-09-19T08:26:16.7732809Z Get:5 http://azure.archive.ubuntu.com/ubuntu noble-security InRelease [126 kB]
2026-09-19T08:26:16.7962816Z Get:8 https://packages.microsoft.com/ubuntu/24.04/prod noble/main amd64 Packages [478 kB]
2026-09-19T08:26:16.8094816Z Get:9 https://packages.microsoft.com/ubuntu/24.04/prod noble/main arm64 Packages [429 kB]
2026-09-19T08:26:16.8759380Z Get:10 https://dl.google.com/linux/chrome-stable/deb stable/main amd64 Packages [1408 B]
2026-09-19T08:26:16.9742650Z Get:11 http://azure.archive.ubuntu.com/ubuntu noble-updates/main amd64 Packages [1275 kB]
2026-09-19T08:26:16.9808738Z Get:12 http://azure.archive.ubuntu.com/ubuntu noble-updates/main Translation-en [294 kB]
2026-09-19T08:26:16.9829510Z Get:13 http://azure.archive.ubuntu.com/ubuntu noble-updates/main amd64 Components [180 kB]
2026-09-19T08:26:16.9849075Z Get:14 http://azure.archive.ubuntu.com/ubuntu noble-updates/universe amd64 Packages [1689 kB]
2026-09-19T08:26:16.9927901Z Get:15 http://azure.archive.ubuntu.com/ubuntu noble-updates/universe Translation-en [338 kB]
2026-09-19T08:26:16.9950079Z Get:16 http://azure.archive.ubuntu.com/ubuntu noble-updates/universe amd64 Components [388 kB]
2026-09-19T08:26:16.9974619Z Get:17 http://azure.archive.ubuntu.com/ubuntu noble-updates/restricted amd64 Packages [1580 kB]
2026-09-19T08:26:17.0051576Z Get:18 http://azure.archive.ubuntu.com/ubuntu noble-updates/restricted Translation-en [359 kB]
2026-09-19T08:26:17.0074562Z Get:19 http://azure.archive.ubuntu.com/ubuntu noble-updates/multiverse amd64 Packages [45.7 kB]
2026-09-19T08:26:17.0083725Z Get:20 http://azure.archive.ubuntu.com/ubuntu noble-updates/multiverse Translation-en [13.1 kB]
2026-09-19T08:26:17.0534442Z Get:21 http://azure.archive.ubuntu.com/ubuntu noble-updates/multiverse amd64 Components [940 B]
2026-09-19T08:26:17.0546662Z Get:22 http://azure.archive.ubuntu.com/ubuntu noble-backports/main amd64 Packages [65.9 kB]
2026-09-19T08:26:17.0558495Z Get:23 http://azure.archive.ubuntu.com/ubuntu noble-backports/main amd64 Components [5764 B]
2026-09-19T08:26:17.0567562Z Get:24 http://azure.archive.ubuntu.com/ubuntu noble-backports/universe amd64 Packages [34.6 kB]
2026-09-19T08:26:17.0574773Z Get:25 http://azure.archive.ubuntu.com/ubuntu noble-backports/universe Translation-en [18.7 kB]
2026-09-19T08:26:17.0581180Z Get:26 http://azure.archive.ubuntu.com/ubuntu noble-backports/universe amd64 Components [12.6 kB]
2026-09-19T08:26:17.0930674Z Get:27 http://azure.archive.ubuntu.com/ubuntu noble-security/main amd64 Packages [1009 kB]
2026-09-19T08:26:17.0981792Z Get:28 http://azure.archive.ubuntu.com/ubuntu noble-security/main Translation-en [214 kB]
2026-09-19T08:26:17.0996194Z Get:29 http://azure.archive.ubuntu.com/ubuntu noble-security/main amd64 Components [46.3 kB]
2026-09-19T08:26:17.1004913Z Get:30 http://azure.archive.ubuntu.com/ubuntu noble-security/universe amd64 Packages [1208 kB]
2026-09-19T08:26:17.1063368Z Get:31 http://azure.archive.ubuntu.com/ubuntu noble-security/universe Translation-en [243 kB]
2026-09-19T08:26:17.1079118Z Get:32 http://azure.archive.ubuntu.com/ubuntu noble-security/universe amd64 Components [76.2 kB]
2026-09-19T08:26:17.1088222Z Get:33 http://azure.archive.ubuntu.com/ubuntu noble-security/restricted amd64 Packages [1449 kB]
2026-09-19T08:26:17.1155922Z Get:34 http://azure.archive.ubuntu.com/ubuntu noble-security/restricted Translation-en [336 kB]
2026-09-19T08:26:17.1613678Z Get:35 http://azure.archive.ubuntu.com/ubuntu noble-security/multiverse Translation-en [11.3 kB]
2026-09-19T08:26:25.3338647Z Fetched 12.2 MB in 2s (7381 kB/s)
2026-09-19T08:26:26.1624564Z Reading package lists...
2026-09-19T08:26:26.1932595Z Reading package lists...
2026-09-19T08:26:26.3819727Z Building dependency tree...
2026-09-19T08:26:26.3828604Z Reading state information...
2026-09-19T08:26:26.5748198Z dbus-user-session is already the newest version (1.14.10-4ubuntu4.1).
2026-09-19T08:26:26.5748774Z dbus-user-session set to manually installed.
2026-09-19T08:26:26.5749129Z The following NEW packages will be installed:
2026-09-19T08:26:26.5758409Z   bubblewrap
2026-09-19T08:26:26.5963057Z 0 upgraded, 1 newly installed, 0 to remove and 73 not upgraded.
2026-09-19T08:26:26.5963572Z Need to get 50.4 kB of archives.
2026-09-19T08:26:26.5963946Z After this operation, 133 kB of additional disk space will be used.
2026-09-19T08:26:26.5964412Z Get:1 file:/etc/apt/apt-mirrors.txt Mirrorlist [144 B]
2026-09-19T08:26:26.6172474Z Get:2 http://azure.archive.ubuntu.com/ubuntu noble-updates/main amd64 bubblewrap amd64 0.9.0-1ubuntu0.3 [50.4 kB]
2026-09-19T08:26:26.9034412Z Fetched 50.4 kB in 0s (1471 kB/s)
2026-09-19T08:26:26.9668724Z Selecting previously unselected package bubblewrap.
2026-09-19T08:26:27.0197914Z (Reading database ... 
2026-09-19T08:26:27.0198513Z (Reading database ... 5%
2026-09-19T08:26:27.0199078Z (Reading database ... 10%
2026-09-19T08:26:27.0199610Z (Reading database ... 15%
2026-09-19T08:26:27.0200119Z (Reading database ... 20%
2026-09-19T08:26:27.0200527Z (Reading database ... 25%
2026-09-19T08:26:27.0200859Z (Reading database ... 30%
2026-09-19T08:26:27.0201180Z (Reading database ... 35%
2026-09-19T08:26:27.0201501Z (Reading database ... 40%
2026-09-19T08:26:27.0201828Z (Reading database ... 45%
2026-09-19T08:26:27.0202149Z (Reading database ... 50%
2026-09-19T08:26:27.0840404Z (Reading database ... 55%
2026-09-19T08:26:27.4687732Z (Reading database ... 60%
2026-09-19T08:26:27.7623230Z (Reading database ... 65%
2026-09-19T08:26:28.0316149Z (Reading database ... 70%
2026-09-19T08:26:28.3469932Z (Reading database ... 75%
2026-09-19T08:26:28.8945159Z (Reading database ... 80%
2026-09-19T08:26:29.4861328Z (Reading database ... 85%
2026-09-19T08:26:30.1729107Z (Reading database ... 90%
2026-09-19T08:26:30.8991303Z (Reading database ... 95%
2026-09-19T08:26:30.8991774Z (Reading database ... 100%
2026-09-19T08:26:30.8992303Z (Reading database ... 201818 files and directories currently installed.)
2026-09-19T08:26:30.9036253Z Preparing to unpack .../bubblewrap_0.9.0-1ubuntu0.3_amd64.deb ...
2026-09-19T08:26:30.9062802Z Unpacking bubblewrap (0.9.0-1ubuntu0.3) ...
2026-09-19T08:26:30.9727592Z Setting up bubblewrap (0.9.0-1ubuntu0.3) ...
2026-09-19T08:26:30.9781448Z Processing triggers for man-db (2.12.0-4build2) ...
2026-09-19T08:26:30.9802067Z Not building database; man-db/auto-update is not 'true'.
2026-09-19T08:26:32.0754543Z 
2026-09-19T08:26:32.0755337Z Running kernel seems to be up-to-date.
2026-09-19T08:26:32.0755720Z 
2026-09-19T08:26:32.0755887Z No services need to be restarted.
2026-09-19T08:26:32.0756146Z 
2026-09-19T08:26:32.0756534Z No containers need to be restarted.
2026-09-19T08:26:32.0757125Z 
2026-09-19T08:26:32.0757325Z No user sessions are running outdated binaries.
2026-09-19T08:26:32.0757621Z 
2026-09-19T08:26:32.0757914Z No VM guests are running outdated hypervisor (qemu) binaries on this host.
2026-09-19T08:26:33.2822064Z kernel.apparmor_restrict_unprivileged_userns = 0
2026-09-19T08:26:33.3152150Z ##[group]Run ulimit -n 65536
2026-09-19T08:26:33.3152481Z [36;1mulimit -n 65536[0m
2026-09-19T08:26:33.3152803Z [36;1mtools/lean/bootstrap.sh "$RUNNER_TEMP/nla-lean-tools"[0m
2026-09-19T08:26:33.3153263Z [36;1mtools/lean/verify.sh "$LEAN_PROJECT" "$RUNNER_TEMP/nla-lean-tools"[0m
2026-09-19T08:26:33.3192770Z shell: /usr/bin/bash -e {0}
2026-09-19T08:26:33.3193051Z env:
2026-09-19T08:26:33.3193277Z   GOTOOLCHAIN: local
2026-09-19T08:26:33.3193515Z   XDG_RUNTIME_DIR: /run/user/1001
2026-09-19T08:26:33.3193832Z   DBUS_SESSION_BUS_ADDRESS: unix:path=/run/user/1001/bus
2026-09-19T08:26:33.3194236Z   LEAN_PROJECT: matrix-functions-and-stability/MF-14/lean
2026-09-19T08:26:33.3194568Z ##[endgroup]
2026-09-19T08:26:33.8798817Z Running elan toolchain install leanprover/lean4:v4.33.1
2026-09-19T08:26:33.8799354Z Log: /home/runner/work/_temp/nla-lean-tools/logs/bootstrap/elan.log
2026-09-19T08:26:33.8821525Z info: toolchain 'leanprover/lean4:v4.33.1' is already installed
2026-09-19T08:26:33.9698239Z Running go build -mod=readonly -buildvcs=false -o /home/runner/work/_temp/nla-lean-tools/.tools/bin/landrun ./cmd/landrun
2026-09-19T08:26:33.9699472Z Log: /home/runner/work/_temp/nla-lean-tools/logs/bootstrap/landrun-build.log
2026-09-19T08:26:33.9758231Z go: downloading github.com/urfave/cli/v3 v3.6.2
2026-09-19T08:26:33.9901071Z go: downloading github.com/landlock-lsm/go-landlock v0.9.0
2026-09-19T08:26:34.2438716Z go: downloading golang.org/x/sys v0.40.0
2026-09-19T08:26:34.2440899Z go: downloading kernel.org/pub/linux/libs/security/libcap/psx v1.2.77
2026-09-19T08:26:43.9786048Z Running lake build lean4export comparator
2026-09-19T08:26:43.9787028Z Log: /home/runner/work/_temp/nla-lean-tools/logs/bootstrap/comparator-build.log
2026-09-19T08:26:44.5198331Z ✔ [3/20] Built Comparator.Util (432ms)
2026-09-19T08:26:44.7201251Z ✔ [4/20] Built Comparator.Util:c.o (245ms)
2026-09-19T08:26:46.1267967Z ✔ [5/20] Built Export.Parse (2.1s)
2026-09-19T08:26:46.8278609Z ✔ [6/20] Built Comparator.Axioms (721ms)
2026-09-19T08:26:47.4288132Z ✔ [7/20] Built Comparator.Axioms:c.o (532ms)
2026-09-19T08:26:47.5278104Z ✔ [8/20] Built Export (3.4s)
2026-09-19T08:26:47.8297896Z ✔ [9/20] Built Comparator.Compare (960ms)
2026-09-19T08:26:48.5298701Z ✔ [10/20] Built Comparator.Compare:c.o (676ms)
2026-09-19T08:26:49.0305405Z ✔ [11/20] Built Main (1.6s)
2026-09-19T08:26:49.0327520Z ✔ [12/20] Built Comparator (518ms)
2026-09-19T08:26:49.1318003Z ✔ [13/20] Built Comparator:c.o (114ms)
2026-09-19T08:26:49.4302028Z ✔ [14/20] Built Main:c.o (353ms)
2026-09-19T08:26:51.5340462Z ✔ [15/20] Built Export:c.o (4.0s)
2026-09-19T08:26:51.5341771Z ✔ [16/20] Built Main (2.4s)
2026-09-19T08:26:52.2349088Z ✔ [17/20] Built Export.Parse:c.o (6.1s)
2026-09-19T08:26:52.6373641Z ✔ [18/20] Built lean4export:exe (1.1s)
2026-09-19T08:26:52.9375741Z ✔ [19/20] Built Main:c.o (1.5s)
2026-09-19T08:26:53.7385347Z ✔ [20/20] Built comparator:exe (721ms)
2026-09-19T08:26:53.7390716Z Build completed successfully (20 jobs).
2026-09-19T08:26:54.0301048Z Tools built; isolation and checker controls run during verify. Receipt: /home/runner/work/_temp/nla-lean-tools/bootstrap.json
2026-09-19T08:26:54.4574900Z Running /usr/bin/timeout --kill-after=5s 45s systemd-run -p RuntimeMaxSec=40 --user --quiet --wait --pipe --collect -p 'RestrictAddressFamilies=~AF_UNIX' --working-directory /home/runner/work/_temp/nla-lean-tools /usr/bin/env -i PATH=/home/runner/.elan/toolchains/leanprover--lean4---v4.33.1/bin:/home/runner/.elan/bin:/home/runner/go/bin:/opt/hostedtoolcache/go/1.27.1/x64/bin:/snap/bin:/home/runner/.local/bin:/opt/pipx_bin:/home/runner/.cargo/bin:/home/runner/.config/composer/vendor/bin:/usr/local/.ghcup/bin:/home/runner/.dotnet/tools:/usr/local/sbin:/usr/local/bin:/usr/sbin:/usr/bin:/sbin:/bin:/usr/games:/usr/local/games:/snap/bin HOME=/home/runner LANG=C.UTF-8 XDG_RUNTIME_DIR=/run/user/1001 DBUS_SESSION_BUS_ADDRESS=unix:path=/run/user/1001/bus GIT_TERMINAL_PROMPT=0 GIT_CONFIG_NOSYSTEM=1 GIT_CONFIG_GLOBAL=/dev/null COMPARATOR_BIN=/home/runner/work/_temp/nla-lean-tools/.tools/comparator/.lake/build/bin/comparator COMPARATOR_LEAN4EXPORT=/home/runner/work/_temp/nla-lean-tools/.tools/lean4export/.lake/build/bin/lean4export COMPARATOR_LANDRUN=/home/runner/work/_temp/nla-lean-tools/scripts/strict_landrun.py XDG_CACHE_HOME=/home/runner/work/_temp/nla-lean-tools/.tools/cache TMPDIR=/home/runner/work/_temp/nla-lean-tools/.verification-tmp /usr/bin/true
2026-09-19T08:26:54.4580417Z Log: /home/runner/work/_temp/nla-lean-tools/logs/verify-20260919T082654Z-4176/user-service.log
2026-09-19T08:26:54.4951127Z Running python3 /home/runner/work/_temp/nla-lean-tools/reproduction/checks/sandbox_probe_ci.py
2026-09-19T08:26:54.4952359Z Log: /home/runner/work/_temp/nla-lean-tools/logs/verify-20260919T082654Z-4176/sandbox.log
2026-09-19T08:26:54.5288115Z START sandbox mode: build
2026-09-19T08:26:54.6145456Z START sandbox mode: export
2026-09-19T08:26:54.7025785Z START sandbox negative case: unknown option
2026-09-19T08:26:54.7458907Z START sandbox negative case: unexpected --rw
2026-09-19T08:26:54.7904765Z START sandbox negative case: unexpected --rwx
2026-09-19T08:26:54.8338490Z START sandbox negative case: relative --rwx
2026-09-19T08:26:54.8760218Z MODE build: exit=0
2026-09-19T08:26:54.8760720Z Running as unit: run-u2.service; invocation ID: 4b14409920844335af34ebccbacd018c
2026-09-19T08:26:54.8761194Z PASS outside .lake write-open: denied errno=30
2026-09-19T08:26:54.8761529Z PASS outside .lake truncate: denied errno=30
2026-09-19T08:26:54.8761924Z PASS outside .lake read-only truncate-open: denied errno=30
2026-09-19T08:26:54.8762328Z PASS symlink from .lake to outside write: denied errno=30
2026-09-19T08:26:54.8762685Z PASS outside .lake creation: denied errno=30
2026-09-19T08:26:54.8762984Z PASS build .lake write: allowed
2026-09-19T08:26:54.8763249Z PASS user namespace: private
2026-09-19T08:26:54.8763737Z PASS pid namespace: private
2026-09-19T08:26:54.8764520Z PASS mnt namespace: private
2026-09-19T08:26:54.8765261Z PASS net namespace: private
2026-09-19T08:26:54.8768126Z PASS ipc namespace: private
2026-09-19T08:26:54.8768790Z PASS uts namespace: private
2026-09-19T08:26:54.8769473Z PASS host parent: absent from private /proc
2026-09-19T08:26:54.8770112Z PASS host parent signal lookup: denied errno=3
2026-09-19T08:26:54.8770899Z PASS host loopback listener: unreachable errno=13
2026-09-19T08:26:54.8771560Z PASS AF_UNIX socket creation: denied errno=97
2026-09-19T08:26:54.8772482Z PASS effective capabilities: none
2026-09-19T08:26:54.8773146Z PASS no_new_privs: set
2026-09-19T08:26:54.8773670Z Sandbox UID: 1001
2026-09-19T08:26:54.8774279Z PASS nested namespace write attempt: rejected exit=1
2026-09-19T08:26:54.8774970Z bwrap: setting up uid map: Permission denied
2026-09-19T08:26:54.8775538Z Finished with result: success
2026-09-19T08:26:54.8795168Z Main processes terminated with: code=exited/status=0
2026-09-19T08:26:54.8795839Z Service runtime: 72ms
2026-09-19T08:26:54.8796247Z CPU time consumed: 73ms
2026-09-19T08:26:54.8797045Z Memory peak: 256.0K
2026-09-19T08:26:54.8797468Z Memory swap peak: 0B
2026-09-19T08:26:54.8797696Z 
2026-09-19T08:26:54.8797862Z MODE export: exit=0
2026-09-19T08:26:54.8798469Z Running as unit: run-u3.service; invocation ID: 1e20329c3a5547e2b179216c0f43b1c5
2026-09-19T08:26:54.8799246Z PASS outside .lake write-open: denied errno=30
2026-09-19T08:26:54.8799838Z PASS outside .lake truncate: denied errno=30
2026-09-19T08:26:54.8800447Z PASS outside .lake read-only truncate-open: denied errno=30
2026-09-19T08:26:54.8801160Z PASS symlink from .lake to outside write: denied errno=30
2026-09-19T08:26:54.8801697Z PASS outside .lake creation: denied errno=30
2026-09-19T08:26:54.8802240Z PASS export .lake write-open: denied errno=30
2026-09-19T08:26:54.8802831Z PASS export .lake truncate: denied errno=30
2026-09-19T08:26:54.8803316Z PASS user namespace: private
2026-09-19T08:26:54.8803734Z PASS pid namespace: private
2026-09-19T08:26:54.8804146Z PASS mnt namespace: private
2026-09-19T08:26:54.8804544Z PASS net namespace: private
2026-09-19T08:26:54.8805264Z PASS ipc namespace: private
2026-09-19T08:26:54.8805698Z PASS uts namespace: private
2026-09-19T08:26:54.8806130Z PASS host parent: absent from private /proc
2026-09-19T08:26:54.8806888Z PASS host parent signal lookup: denied errno=3
2026-09-19T08:26:54.8807392Z PASS host loopback listener: unreachable errno=13
2026-09-19T08:26:54.8807949Z PASS AF_UNIX socket creation: denied errno=97
2026-09-19T08:26:54.8808453Z PASS effective capabilities: none
2026-09-19T08:26:54.8808899Z PASS no_new_privs: set
2026-09-19T08:26:54.8809267Z Sandbox UID: 1001
2026-09-19T08:26:54.8809742Z PASS nested namespace write attempt: rejected exit=1
2026-09-19T08:26:54.8810545Z bwrap: setting up uid map: Permission denied
2026-09-19T08:26:54.8815258Z Finished with result: success
2026-09-19T08:26:54.8815797Z Main processes terminated with: code=exited/status=0
2026-09-19T08:26:54.8816306Z Service runtime: 75ms
2026-09-19T08:26:54.8816965Z CPU time consumed: 76ms
2026-09-19T08:26:54.8817337Z Memory peak: 256.0K
2026-09-19T08:26:54.8817716Z Memory swap peak: 0B
2026-09-19T08:26:54.8817935Z 
2026-09-19T08:26:54.8818097Z NEGATIVE unknown option: exit=2
2026-09-19T08:26:54.8818740Z Running as unit: run-u4.service; invocation ID: ca0d04db457046e78ce2488912ef15f9
2026-09-19T08:26:54.8819749Z strict Comparator sandbox: unsupported Comparator Landrun option: --unrestricted-filesystem
2026-09-19T08:26:54.8820510Z Finished with result: exit-code
2026-09-19T08:26:54.8821020Z Main processes terminated with: code=exited/status=2
2026-09-19T08:26:54.8842423Z Service runtime: 27ms
2026-09-19T08:26:54.8842883Z CPU time consumed: 27ms
2026-09-19T08:26:54.8843286Z Memory peak: 256.0K
2026-09-19T08:26:54.8843655Z Memory swap peak: 0B
2026-09-19T08:26:54.8843877Z 
2026-09-19T08:26:54.8844047Z NEGATIVE unexpected --rw: exit=2
2026-09-19T08:26:54.8844707Z Running as unit: run-u5.service; invocation ID: a1c8c52d96e942aa8c2f129464463900
2026-09-19T08:26:54.8845583Z strict Comparator sandbox: only private /dev may be passed with --rw
2026-09-19T08:26:54.8846246Z Finished with result: exit-code
2026-09-19T08:26:54.8846952Z Main processes terminated with: code=exited/status=2
2026-09-19T08:26:54.8847290Z Service runtime: 27ms
2026-09-19T08:26:54.8847523Z CPU time consumed: 26ms
2026-09-19T08:26:54.8847753Z Memory peak: 256.0K
2026-09-19T08:26:54.8847968Z Memory swap peak: 0B
2026-09-19T08:26:54.8848101Z 
2026-09-19T08:26:54.8848217Z NEGATIVE unexpected --rwx: exit=2
2026-09-19T08:26:54.8848860Z Running as unit: run-u6.service; invocation ID: b4f36a123f73458a8e5072a1a6e36c26
2026-09-19T08:26:54.8849399Z strict Comparator sandbox: only this project's existing .lake may be writable
2026-09-19T08:26:54.8850128Z Finished with result: exit-code
2026-09-19T08:26:54.8850640Z Main processes terminated with: code=exited/status=2
2026-09-19T08:26:54.8851146Z Service runtime: 27ms
2026-09-19T08:26:54.8851374Z CPU time consumed: 26ms
2026-09-19T08:26:54.8851596Z Memory peak: 256.0K
2026-09-19T08:26:54.8851803Z Memory swap peak: 0B
2026-09-19T08:26:54.8851939Z 
2026-09-19T08:26:54.8852054Z NEGATIVE relative --rwx: exit=2
2026-09-19T08:26:54.8852448Z Running as unit: run-u7.service; invocation ID: 08228701066349589e26d406f28546c9
2026-09-19T08:26:54.8852981Z strict Comparator sandbox: only this project's existing .lake may be writable
2026-09-19T08:26:54.8853389Z Finished with result: exit-code
2026-09-19T08:26:54.8853703Z Main processes terminated with: code=exited/status=2
2026-09-19T08:26:54.8854024Z Service runtime: 28ms
2026-09-19T08:26:54.8854248Z CPU time consumed: 27ms
2026-09-19T08:26:54.8854474Z Memory peak: 256.0K
2026-09-19T08:26:54.8854692Z Memory swap peak: 0B
2026-09-19T08:26:54.8854824Z 
2026-09-19T08:26:54.8855080Z Outer and export fixture contents unchanged; only designated build fixture written.
2026-09-19T08:26:54.8855680Z Running bash /home/runner/work/_temp/nla-lean-tools/reproduction/checks/run_replay.sh
2026-09-19T08:26:54.8856550Z Log: /home/runner/work/_temp/nla-lean-tools/logs/verify-20260919T082654Z-4176/kernel-controls.log
2026-09-19T08:26:54.9462141Z Replay probe: RestrictAddressFamilies=~AF_UNIX (deny AF_UNIX sockets).
2026-09-19T08:26:54.9986664Z Lean (version 4.33.1, x86_64-unknown-linux-gnu, Release)
2026-09-19T08:26:55.0345192Z /home/runner/.elan/toolchains/leanprover--lean4---v4.33.1/lib/lean/Init.olean
2026-09-19T08:26:55.0349365Z /home/runner/.elan/toolchains/leanprover--lean4---v4.33.1/lib/lean/Init.olean
2026-09-19T08:26:55.0350263Z /home/runner/work/_temp/nla-lean-tools/.tools/comparator/.lake/build/lib/lean/Main.olean
2026-09-19T08:26:56.3261035Z Trusted base fixture: 11 constants
2026-09-19T08:26:56.3261442Z BEGIN honest_with_inductives_and_quotients
2026-09-19T08:26:56.3261778Z Running Lean default kernel on solution.
2026-09-19T08:26:56.3262080Z Lean default kernel accepts the solution
2026-09-19T08:26:56.3262419Z RETURN honest_with_inductives_and_quotients: accepted
2026-09-19T08:26:56.3262750Z BEGIN invalid_raw_proof
2026-09-19T08:26:56.3263007Z Running Lean default kernel on solution.
2026-09-19T08:26:56.3263295Z Lean default kernel rejects the solution
2026-09-19T08:26:56.3263788Z RETURN invalid_raw_proof: rejected: while replaying declaration 'PinnedReplayProbe.invalid':
2026-09-19T08:26:56.3264388Z (kernel) declaration type mismatch, 'PinnedReplayProbe.invalid' has type
2026-09-19T08:26:56.3264782Z   True
2026-09-19T08:26:56.3265006Z but it is expected to have type
2026-09-19T08:26:56.3265256Z   False
2026-09-19T08:26:56.3265465Z BEGIN quotient_postcheck_mismatch
2026-09-19T08:26:56.3265760Z Running Lean default kernel on solution.
2026-09-19T08:26:56.3266069Z Lean default kernel accepts the solution
2026-09-19T08:26:56.3266720Z Quotient post-check rejects the solution
2026-09-19T08:26:56.3267191Z RETURN quotient_postcheck_mismatch: rejected: Quotient constant mismatch on: Quot.lift
2026-09-19T08:26:56.3267775Z PASS: all three actual Comparator.runBuiltinKernel cases behaved as required
2026-09-19T08:26:56.4190389Z Running python3 /home/runner/work/_temp/nla-lean-tools/reproduction/checks/comparator_regressions.py
2026-09-19T08:26:56.4191229Z Log: /home/runner/work/_temp/nla-lean-tools/logs/verify-20260919T082654Z-4176/comparator-controls.log
2026-09-19T08:26:56.4546114Z Comparator regressions: RestrictAddressFamilies=~AF_UNIX; .tools/env.sh selects the real strict sandbox.
2026-09-19T08:26:56.4555437Z 
2026-09-19T08:26:56.4555684Z CASE simple_match
2026-09-19T08:26:58.5303072Z info: ComparatorRegression: no previous manifest, creating one from scratch
2026-09-19T08:26:58.5303909Z info: toolchain not updated; already up-to-date
2026-09-19T08:26:58.5304508Z Building Challenge
2026-09-19T08:26:58.5305327Z ⚠ [2/3] Built Challenge (229ms)
2026-09-19T08:26:58.5305887Z warning: Challenge.lean:1:8: declaration uses `sorry`
2026-09-19T08:26:58.5306720Z Build completed successfully (3 jobs).
2026-09-19T08:26:58.5309114Z Exporting #[Quot, Quot.mk, Quot.lift, Quot.ind, comm, propext, Quot.sound, Classical.choice, Nat.add, Nat.sub, Nat.mul, Nat.pow, Nat.gcd, Nat.div, Nat.mod, Nat.beq, Nat.ble, Nat.land, Nat.lor, Nat.xor, Nat.shiftLeft, Nat.shiftRight, String.ofList, Char.ofNat, List, eagerReduce, Nat, String, String.mk, Char, optParam, autoParam, semiOutParam, outParam] from Challenge
2026-09-19T08:26:58.5310470Z Building Solution
2026-09-19T08:26:58.5310782Z ✔ [2/3] Built Solution (230ms)
2026-09-19T08:26:58.5311067Z Build completed successfully (3 jobs).
2026-09-19T08:26:58.5312948Z Exporting #[Quot, Quot.mk, Quot.lift, Quot.ind, comm, propext, Quot.sound, Classical.choice, Nat.add, Nat.sub, Nat.mul, Nat.pow, Nat.gcd, Nat.div, Nat.mod, Nat.beq, Nat.ble, Nat.land, Nat.lor, Nat.xor, Nat.shiftLeft, Nat.shiftRight, String.ofList, Char.ofNat, List, eagerReduce, Nat, String, String.mk, Char, optParam, autoParam, semiOutParam, outParam] from Solution
2026-09-19T08:26:58.5314990Z Running Lean default kernel on solution.
2026-09-19T08:26:58.5315315Z Lean default kernel accepts the solution
2026-09-19T08:26:58.5315617Z Your solution is okay!
2026-09-19T08:26:58.5315996Z PASS simple_match: exit 0, expected 0; required phase: Your solution is okay!
2026-09-19T08:26:58.5316527Z 
2026-09-19T08:26:58.5316940Z CASE simple_mismatch
2026-09-19T08:27:00.4037981Z info: ComparatorRegression: no previous manifest, creating one from scratch
2026-09-19T08:27:00.4038490Z info: toolchain not updated; already up-to-date
2026-09-19T08:27:00.4038802Z Building Challenge
2026-09-19T08:27:00.4039282Z ⚠ [2/3] Built Challenge (228ms)
2026-09-19T08:27:00.4039596Z warning: Challenge.lean:1:8: declaration uses `sorry`
2026-09-19T08:27:00.4039962Z Build completed successfully (3 jobs).
2026-09-19T08:27:00.4041306Z Exporting #[Quot, Quot.mk, Quot.lift, Quot.ind, comm, propext, Quot.sound, Classical.choice, Nat.add, Nat.sub, Nat.mul, Nat.pow, Nat.gcd, Nat.div, Nat.mod, Nat.beq, Nat.ble, Nat.land, Nat.lor, Nat.xor, Nat.shiftLeft, Nat.shiftRight, String.ofList, Char.ofNat, List, eagerReduce, Nat, String, String.mk, Char, optParam, autoParam, semiOutParam, outParam] from Challenge
2026-09-19T08:27:00.4042703Z Building Solution
2026-09-19T08:27:00.4042968Z ✔ [2/3] Built Solution (224ms)
2026-09-19T08:27:00.4043250Z Build completed successfully (3 jobs).
2026-09-19T08:27:00.4044586Z Exporting #[Quot, Quot.mk, Quot.lift, Quot.ind, comm, propext, Quot.sound, Classical.choice, Nat.add, Nat.sub, Nat.mul, Nat.pow, Nat.gcd, Nat.div, Nat.mod, Nat.beq, Nat.ble, Nat.land, Nat.lor, Nat.xor, Nat.shiftLeft, Nat.shiftRight, String.ofList, Char.ofNat, List, eagerReduce, Nat, String, String.mk, Char, optParam, autoParam, semiOutParam, outParam] from Solution
2026-09-19T08:27:00.4046245Z uncaught exception: Challenge and solution constant kind don't match: 'comm'
2026-09-19T08:27:00.4047567Z PASS simple_mismatch: exit 1, expected 1; required phase: Challenge and solution constant kind don't match: 'comm'
2026-09-19T08:27:00.4048295Z 
2026-09-19T08:27:00.4048464Z CASE simple_axiom_issue
2026-09-19T08:27:02.3110417Z info: ComparatorRegression: no previous manifest, creating one from scratch
2026-09-19T08:27:02.3111569Z info: toolchain not updated; already up-to-date
2026-09-19T08:27:02.3112578Z Building Challenge
2026-09-19T08:27:02.3113399Z ⚠ [2/3] Built Challenge (233ms)
2026-09-19T08:27:02.3113982Z warning: Challenge.lean:1:8: declaration uses `sorry`
2026-09-19T08:27:02.3114618Z Build completed successfully (3 jobs).
2026-09-19T08:27:02.3119795Z Exporting #[Quot, Quot.mk, Quot.lift, Quot.ind, comm, propext, Quot.sound, Classical.choice, Nat.add, Nat.sub, Nat.mul, Nat.pow, Nat.gcd, Nat.div, Nat.mod, Nat.beq, Nat.ble, Nat.land, Nat.lor, Nat.xor, Nat.shiftLeft, Nat.shiftRight, String.ofList, Char.ofNat, List, eagerReduce, Nat, String, String.mk, Char, optParam, autoParam, semiOutParam, outParam] from Challenge
2026-09-19T08:27:02.3123826Z Building Solution
2026-09-19T08:27:02.3124365Z ✔ [2/3] Built Solution (245ms)
2026-09-19T08:27:02.3124816Z Build completed successfully (3 jobs).
2026-09-19T08:27:02.3127832Z Exporting #[Quot, Quot.mk, Quot.lift, Quot.ind, comm, propext, Quot.sound, Classical.choice, Nat.add, Nat.sub, Nat.mul, Nat.pow, Nat.gcd, Nat.div, Nat.mod, Nat.beq, Nat.ble, Nat.land, Nat.lor, Nat.xor, Nat.shiftLeft, Nat.shiftRight, String.ofList, Char.ofNat, List, eagerReduce, Nat, String, String.mk, Char, optParam, autoParam, semiOutParam, outParam] from Solution
2026-09-19T08:27:02.3130078Z uncaught exception: Illegal axiom detected: 'helper'
2026-09-19T08:27:02.3130923Z PASS simple_axiom_issue: exit 1, expected 1; required phase: Illegal axiom detected: 'helper'
2026-09-19T08:27:02.3131530Z 
2026-09-19T08:27:02.3131702Z CASE simple_kind_mismatch
2026-09-19T08:27:04.2202431Z info: ComparatorRegression: no previous manifest, creating one from scratch
2026-09-19T08:27:04.2203322Z info: toolchain not updated; already up-to-date
2026-09-19T08:27:04.2203862Z Building Challenge
2026-09-19T08:27:04.2204606Z ⚠ [2/3] Built Challenge (244ms)
2026-09-19T08:27:04.2205181Z warning: Challenge.lean:1:8: declaration uses `sorry`
2026-09-19T08:27:04.2205812Z Build completed successfully (3 jobs).
2026-09-19T08:27:04.2208885Z Exporting #[Quot, Quot.mk, Quot.lift, Quot.ind, comm, propext, Quot.sound, Classical.choice, Nat.add, Nat.sub, Nat.mul, Nat.pow, Nat.gcd, Nat.div, Nat.mod, Nat.beq, Nat.ble, Nat.land, Nat.lor, Nat.xor, Nat.shiftLeft, Nat.shiftRight, String.ofList, Char.ofNat, List, eagerReduce, Nat, String, String.mk, Char, optParam, autoParam, semiOutParam, outParam] from Challenge
2026-09-19T08:27:04.2210785Z Building Solution
2026-09-19T08:27:04.2211147Z ✔ [2/3] Built Solution (237ms)
2026-09-19T08:27:04.2211429Z Build completed successfully (3 jobs).
2026-09-19T08:27:04.2213168Z Exporting #[Quot, Quot.mk, Quot.lift, Quot.ind, comm, propext, Quot.sound, Classical.choice, Nat.add, Nat.sub, Nat.mul, Nat.pow, Nat.gcd, Nat.div, Nat.mod, Nat.beq, Nat.ble, Nat.land, Nat.lor, Nat.xor, Nat.shiftLeft, Nat.shiftRight, String.ofList, Char.ofNat, List, eagerReduce, Nat, String, String.mk, Char, optParam, autoParam, semiOutParam, outParam] from Solution
2026-09-19T08:27:04.2214509Z uncaught exception: Illegal axiom detected: 'helper'
2026-09-19T08:27:04.2215024Z PASS simple_kind_mismatch: exit 1, expected 1; required phase: Illegal axiom detected: 'helper'
2026-09-19T08:27:04.2215599Z 
2026-09-19T08:27:04.2216010Z CASE type_mismatch
2026-09-19T08:27:06.1925856Z info: ComparatorRegression: no previous manifest, creating one from scratch
2026-09-19T08:27:06.1926890Z info: toolchain not updated; already up-to-date
2026-09-19T08:27:06.1927368Z Building Challenge
2026-09-19T08:27:06.1928053Z ✔ [2/3] Built Challenge (235ms)
2026-09-19T08:27:06.1928494Z Build completed successfully (3 jobs).
2026-09-19T08:27:06.1930689Z Exporting #[Quot, Quot.mk, Quot.lift, Quot.ind, checked, propext, Quot.sound, Classical.choice, Nat.add, Nat.sub, Nat.mul, Nat.pow, Nat.gcd, Nat.div, Nat.mod, Nat.beq, Nat.ble, Nat.land, Nat.lor, Nat.xor, Nat.shiftLeft, Nat.shiftRight, String.ofList, Char.ofNat, List, eagerReduce, Nat, String, String.mk, Char, optParam, autoParam, semiOutParam, outParam] from Challenge
2026-09-19T08:27:06.1932037Z Building Solution
2026-09-19T08:27:06.1932352Z ✔ [2/3] Built Solution (241ms)
2026-09-19T08:27:06.1932634Z Build completed successfully (3 jobs).
2026-09-19T08:27:06.1934185Z Exporting #[Quot, Quot.mk, Quot.lift, Quot.ind, checked, propext, Quot.sound, Classical.choice, Nat.add, Nat.sub, Nat.mul, Nat.pow, Nat.gcd, Nat.div, Nat.mod, Nat.beq, Nat.ble, Nat.land, Nat.lor, Nat.xor, Nat.shiftLeft, Nat.shiftRight, String.ofList, Char.ofNat, List, eagerReduce, Nat, String, String.mk, Char, optParam, autoParam, semiOutParam, outParam] from Solution
2026-09-19T08:27:06.1935640Z uncaught exception: Challenge and solution theorem statement do not match: 'checked'
2026-09-19T08:27:06.1937034Z PASS type_mismatch: exit 1, expected 1; required phase: Challenge and solution theorem statement do not match: 'checked'
2026-09-19T08:27:06.1964914Z PASS: all five Comparator regressions
2026-09-19T08:27:06.2041923Z Running systemd-run --user --quiet --wait --pipe --collect -p 'RestrictAddressFamilies=~AF_UNIX' --working-directory /home/runner/work/_temp/nla-lean-tools/.verification-tmp/nla-axiom-mwv8aidj /usr/bin/env -i PATH=/home/runner/.elan/toolchains/leanprover--lean4---v4.33.1/bin:/home/runner/.elan/bin:/home/runner/go/bin:/opt/hostedtoolcache/go/1.27.1/x64/bin:/snap/bin:/home/runner/.local/bin:/opt/pipx_bin:/home/runner/.cargo/bin:/home/runner/.config/composer/vendor/bin:/usr/local/.ghcup/bin:/home/runner/.dotnet/tools:/usr/local/sbin:/usr/local/bin:/usr/sbin:/usr/bin:/sbin:/bin:/usr/games:/usr/local/games:/snap/bin HOME=/home/runner LANG=C.UTF-8 XDG_RUNTIME_DIR=/run/user/1001 DBUS_SESSION_BUS_ADDRESS=unix:path=/run/user/1001/bus GIT_TERMINAL_PROMPT=0 GIT_CONFIG_NOSYSTEM=1 GIT_CONFIG_GLOBAL=/dev/null COMPARATOR_BIN=/home/runner/work/_temp/nla-lean-tools/.tools/comparator/.lake/build/bin/comparator COMPARATOR_LEAN4EXPORT=/home/runner/work/_temp/nla-lean-tools/.tools/lean4export/.lake/build/bin/lean4export COMPARATOR_LANDRUN=/home/runner/work/_temp/nla-lean-tools/scripts/strict_landrun.py XDG_CACHE_HOME=/home/runner/work/_temp/nla-lean-tools/.tools/cache TMPDIR=/home/runner/work/_temp/nla-lean-tools/.verification-tmp lake env /home/runner/work/_temp/nla-lean-tools/.tools/comparator/.lake/build/bin/comparator comparator.json
2026-09-19T08:27:06.2047306Z Log: /home/runner/work/_temp/nla-lean-tools/logs/verify-20260919T082654Z-4176/negative-sorry.log
2026-09-19T08:27:06.2620069Z info: NlaAxiomFixture: no previous manifest, creating one from scratch
2026-09-19T08:27:06.2620932Z info: toolchain not updated; already up-to-date
2026-09-19T08:27:06.3341372Z Building Challenge
2026-09-19T08:27:07.3410269Z ✔ [2/3] Built Challenge (864ms)
2026-09-19T08:27:07.3414296Z Build completed successfully (3 jobs).
2026-09-19T08:27:08.3338692Z Exporting #[Quot, Quot.mk, Quot.lift, Quot.ind, checked, Classical.choice, Quot.sound, propext, Nat.add, Nat.sub, Nat.mul, Nat.pow, Nat.gcd, Nat.div, Nat.mod, Nat.beq, Nat.ble, Nat.land, Nat.lor, Nat.xor, Nat.shiftLeft, Nat.shiftRight, String.ofList, Char.ofNat, List, eagerReduce, Nat, String, String.mk, Char, optParam, autoParam, semiOutParam, outParam] from Challenge
2026-09-19T08:27:08.3340260Z Building Solution
2026-09-19T08:27:09.3414390Z ⚠ [2/3] Built Solution (890ms)
2026-09-19T08:27:09.3415195Z warning: Solution.lean:2:8: declaration uses `sorry`
2026-09-19T08:27:09.3419113Z Build completed successfully (3 jobs).
2026-09-19T08:27:10.4264315Z Exporting #[Quot, Quot.mk, Quot.lift, Quot.ind, checked, Classical.choice, Quot.sound, propext, Nat.add, Nat.sub, Nat.mul, Nat.pow, Nat.gcd, Nat.div, Nat.mod, Nat.beq, Nat.ble, Nat.land, Nat.lor, Nat.xor, Nat.shiftLeft, Nat.shiftRight, String.ofList, Char.ofNat, List, eagerReduce, Nat, String, String.mk, Char, optParam, autoParam, semiOutParam, outParam] from Solution
2026-09-19T08:27:10.4267631Z uncaught exception: Illegal axiom detected: 'sorryAx'
2026-09-19T08:27:10.4377299Z Running systemd-run --user --quiet --wait --pipe --collect -p 'RestrictAddressFamilies=~AF_UNIX' --working-directory /home/runner/work/_temp/nla-lean-tools/.verification-tmp/nla-axiom-u3edb1ft /usr/bin/env -i PATH=/home/runner/.elan/toolchains/leanprover--lean4---v4.33.1/bin:/home/runner/.elan/bin:/home/runner/go/bin:/opt/hostedtoolcache/go/1.27.1/x64/bin:/snap/bin:/home/runner/.local/bin:/opt/pipx_bin:/home/runner/.cargo/bin:/home/runner/.config/composer/vendor/bin:/usr/local/.ghcup/bin:/home/runner/.dotnet/tools:/usr/local/sbin:/usr/local/bin:/usr/sbin:/usr/bin:/sbin:/bin:/usr/games:/usr/local/games:/snap/bin HOME=/home/runner LANG=C.UTF-8 XDG_RUNTIME_DIR=/run/user/1001 DBUS_SESSION_BUS_ADDRESS=unix:path=/run/user/1001/bus GIT_TERMINAL_PROMPT=0 GIT_CONFIG_NOSYSTEM=1 GIT_CONFIG_GLOBAL=/dev/null COMPARATOR_BIN=/home/runner/work/_temp/nla-lean-tools/.tools/comparator/.lake/build/bin/comparator COMPARATOR_LEAN4EXPORT=/home/runner/work/_temp/nla-lean-tools/.tools/lean4export/.lake/build/bin/lean4export COMPARATOR_LANDRUN=/home/runner/work/_temp/nla-lean-tools/scripts/strict_landrun.py XDG_CACHE_HOME=/home/runner/work/_temp/nla-lean-tools/.tools/cache TMPDIR=/home/runner/work/_temp/nla-lean-tools/.verification-tmp lake env /home/runner/work/_temp/nla-lean-tools/.tools/comparator/.lake/build/bin/comparator comparator.json
2026-09-19T08:27:10.4382679Z Log: /home/runner/work/_temp/nla-lean-tools/logs/verify-20260919T082654Z-4176/negative-native.log
2026-09-19T08:27:10.4925963Z info: NlaAxiomFixture: no previous manifest, creating one from scratch
2026-09-19T08:27:10.4927291Z info: toolchain not updated; already up-to-date
2026-09-19T08:27:10.5617468Z Building Challenge
2026-09-19T08:27:11.5575704Z ✔ [2/3] Built Challenge (847ms)
2026-09-19T08:27:11.5580187Z Build completed successfully (3 jobs).
2026-09-19T08:27:12.5307074Z Exporting #[Quot, Quot.mk, Quot.lift, Quot.ind, checked, Classical.choice, Quot.sound, propext, Nat.add, Nat.sub, Nat.mul, Nat.pow, Nat.gcd, Nat.div, Nat.mod, Nat.beq, Nat.ble, Nat.land, Nat.lor, Nat.xor, Nat.shiftLeft, Nat.shiftRight, String.ofList, Char.ofNat, List, eagerReduce, Nat, String, String.mk, Char, optParam, autoParam, semiOutParam, outParam] from Challenge
2026-09-19T08:27:12.5308484Z Building Solution
2026-09-19T08:27:13.5279464Z ✔ [2/3] Built Solution (828ms)
2026-09-19T08:27:13.5284401Z Build completed successfully (3 jobs).
2026-09-19T08:27:14.5472266Z Exporting #[Quot, Quot.mk, Quot.lift, Quot.ind, checked, Classical.choice, Quot.sound, propext, Nat.add, Nat.sub, Nat.mul, Nat.pow, Nat.gcd, Nat.div, Nat.mod, Nat.beq, Nat.ble, Nat.land, Nat.lor, Nat.xor, Nat.shiftLeft, Nat.shiftRight, String.ofList, Char.ofNat, List, eagerReduce, Nat, String, String.mk, Char, optParam, autoParam, semiOutParam, outParam] from Solution
2026-09-19T08:27:14.5474896Z uncaught exception: Illegal axiom detected: 'checked._native.native_decide.ax_1_1'
2026-09-19T08:27:15.0539911Z Running lake env true
2026-09-19T08:27:15.0540491Z Log: /home/runner/work/_temp/nla-lean-tools/logs/verify-20260919T082654Z-4176/dependencies.log
2026-09-19T08:27:15.0930085Z info: leancert: cloning https://github.com/alerad/leancert
2026-09-19T08:27:15.7539522Z info: leancert: checking out revision '621a43d7cf21f87872392a01e874f2f1dbddc926'
2026-09-19T08:27:15.7971947Z info: mathlib: cloning https://github.com/leanprover-community/mathlib4.git
2026-09-19T08:27:44.2722363Z info: mathlib: checking out revision '0df444a360eaa60ab8c11dca51a86af692955474'
2026-09-19T08:27:46.2335817Z info: plausible: cloning https://github.com/leanprover-community/plausible
2026-09-19T08:27:46.4703616Z info: plausible: checking out revision 'b7eb3304aeae834b12dda98993a37f6a41f6f0bb'
2026-09-19T08:27:46.4850002Z info: LeanSearchClient: cloning https://github.com/leanprover-community/LeanSearchClient
2026-09-19T08:27:46.7304141Z info: LeanSearchClient: checking out revision '5f4d51b81cbd3f6b32b156bfad9056621a040404'
2026-09-19T08:27:46.7449868Z info: importGraph: cloning https://github.com/leanprover-community/import-graph
2026-09-19T08:27:47.7708281Z info: importGraph: checking out revision '16f02aa7642864af59f1ff0e384a015994db9118'
2026-09-19T08:27:47.7913781Z info: proofwidgets: cloning https://github.com/leanprover-community/ProofWidgets4
2026-09-19T08:27:49.0370564Z info: proofwidgets: checking out revision '4be2e3d5087eeb272cf5a8853b8f9dd025ef5957'
2026-09-19T08:27:49.6973106Z info: aesop: cloning https://github.com/leanprover-community/aesop
2026-09-19T08:27:50.1984675Z info: aesop: checking out revision '3448c0bcc5ce01b2d1546e483ec3620e32df3d0e'
2026-09-19T08:27:50.2176154Z info: Qq: cloning https://github.com/leanprover-community/quote4
2026-09-19T08:27:50.4841855Z info: Qq: checking out revision '92c15be17b7caf78c2ad767ec40f89052d908d81'
2026-09-19T08:27:50.4983870Z info: batteries: cloning https://github.com/leanprover-community/batteries
2026-09-19T08:27:52.6722887Z info: batteries: checking out revision '4488d40d070b9700d4d5a6aa342f0d40c31b2a2d'
2026-09-19T08:27:52.6990559Z info: Cli: cloning https://github.com/leanprover/lean4-cli
2026-09-19T08:27:52.9763141Z info: Cli: checking out revision '6130a47896ce867c6a4a55373441e59e565bad0f'
2026-09-19T08:27:53.1075489Z Running lake exe cache get
2026-09-19T08:27:53.1076657Z Log: /home/runner/work/_temp/nla-lean-tools/logs/verify-20260919T082654Z-4176/mathlib-cache.log
2026-09-19T08:27:54.1493463Z ✔ [1/5] Built Cache.Cli (386ms)
2026-09-19T08:27:54.2500924Z ✔ [2/11] Built Cache.Lean (444ms)
2026-09-19T08:27:54.5499682Z ✔ [6/26] Built Cache.Cli:c.o (267ms)
2026-09-19T08:27:54.6502160Z ✔ [7/26] Built Cache.Lean:c.o (306ms)
2026-09-19T08:27:54.8508496Z ✔ [8/26] Built Cache.Infra (529ms)
2026-09-19T08:27:55.0502666Z ✔ [9/26] Built Cache.Infra:c.o (256ms)
2026-09-19T08:27:55.3523724Z ✔ [10/26] Built Batteries.Tactic.OpenPrivate (1.1s)
2026-09-19T08:27:56.8531978Z ✔ [11/26] Built Batteries.Tactic.OpenPrivate:c.o (1.4s)
2026-09-19T08:27:56.9567304Z ✔ [12/26] Built Cache.IO (1.6s)
2026-09-19T08:27:57.8598059Z ✔ [13/26] Built Cache.Hashing (838ms)
2026-09-19T08:27:58.3588347Z ✔ [14/26] Built Cache.Hashing:c.o (492ms)
2026-09-19T08:27:59.1596786Z ✔ [15/26] Built Cache.IO:c.o (2.1s)
2026-09-19T08:28:00.1606002Z ✔ [16/26] Built Cache.Requests (2.3s)
2026-09-19T08:28:00.7637981Z ✔ [17/26] Built Cache.Marker (611ms)
2026-09-19T08:28:00.9611309Z ✔ [18/26] Built Cache.Marker:c.o (197ms)
2026-09-19T08:28:01.5655960Z ✔ [19/26] Built Cache.Query (825ms)
2026-09-19T08:28:02.1665577Z ✔ [20/26] Built Cache.Query:c.o (541ms)
2026-09-19T08:28:02.3699766Z ✔ [21/26] Built Cache.Warning (764ms)
2026-09-19T08:28:02.7696874Z ✔ [22/26] Built Cache.Warning:c.o (440ms)
2026-09-19T08:28:03.5706590Z ✔ [23/26] Built Cache.Requests:c.o (3.4s)
2026-09-19T08:28:03.7707937Z ✔ [24/26] Built Cache.Main (1.4s)
2026-09-19T08:28:04.7721024Z ✔ [25/26] Built Cache.Main:c.o (1.0s)
2026-09-19T08:28:05.4728453Z ✔ [26/26] Built cache:exe (742ms)
2026-09-19T08:28:08.3742569Z Current branch: HEAD
2026-09-19T08:28:08.3743201Z Using cache from origin: (some leanprover-community/mathlib4)
2026-09-19T08:28:08.3744466Z Attempting to download 8690 file(s) from leanprover-community/mathlib4 cache at https://lakecache.blob.core.windows.net/mathlib4-master
2026-09-19T08:28:09.6388512Z 
2026-09-19T08:28:09.7381294Z Downloaded: 1 file(s) [attempted 1/8690 = 0%, 14 KB/s], Decompressed: 0
2026-09-19T08:28:09.8427905Z Downloaded: 70 file(s) [attempted 70/8690 = 0%, 66 KB/s], Decompressed: 23
2026-09-19T08:28:09.9437559Z Downloaded: 147 file(s) [attempted 147/8690 = 1%, 1067 KB/s], Decompressed: 23
2026-09-19T08:28:10.0439252Z Downloaded: 236 file(s) [attempted 236/8690 = 2%, 802 KB/s], Decompressed: 69
2026-09-19T08:28:10.1447903Z Downloaded: 331 file(s) [attempted 331/8690 = 3%, 310 KB/s], Decompressed: 69
2026-09-19T08:28:10.2509269Z Downloaded: 431 file(s) [attempted 431/8690 = 4%, 224 KB/s], Decompressed: 69
2026-09-19T08:28:10.3490215Z Downloaded: 523 file(s) [attempted 523/8690 = 6%, 213 KB/s], Decompressed: 69
2026-09-19T08:28:10.4572509Z Downloaded: 627 file(s) [attempted 627/8690 = 7%, 186 KB/s], Decompressed: 69
2026-09-19T08:28:10.5551143Z Downloaded: 738 file(s) [attempted 738/8690 = 8%, 320 KB/s], Decompressed: 69
2026-09-19T08:28:10.6553424Z Downloaded: 832 file(s) [attempted 832/8690 = 9%, 337 KB/s], Decompressed: 202
2026-09-19T08:28:10.7632463Z Downloaded: 937 file(s) [attempted 937/8690 = 10%, 971 KB/s], Decompressed: 202
2026-09-19T08:28:10.8637849Z Downloaded: 1042 file(s) [attempted 1042/8690 = 11%, 1248 KB/s], Decompressed: 202
2026-09-19T08:28:10.9747662Z Downloaded: 1127 file(s) [attempted 1127/8690 = 12%, 425 KB/s], Decompressed: 202
2026-09-19T08:28:11.0952345Z Downloaded: 1198 file(s) [attempted 1198/8690 = 13%, 687 KB/s], Decompressed: 202
2026-09-19T08:28:11.1988484Z Downloaded: 1298 file(s) [attempted 1298/8690 = 14%, 127 KB/s], Decompressed: 202
2026-09-19T08:28:11.2988045Z Downloaded: 1401 file(s) [attempted 1401/8690 = 16%, 432 KB/s], Decompressed: 202
2026-09-19T08:28:11.4034917Z Downloaded: 1509 file(s) [attempted 1509/8690 = 17%, 212 KB/s], Decompressed: 202
2026-09-19T08:28:11.5048027Z Downloaded: 1612 file(s) [attempted 1612/8690 = 18%, 1377 KB/s], Decompressed: 202
2026-09-19T08:28:11.6079457Z Downloaded: 1721 file(s) [attempted 1721/8690 = 19%, 1137 KB/s], Decompressed: 202
2026-09-19T08:28:11.7062819Z Downloaded: 1811 file(s) [attempted 1811/8690 = 20%, 2214 KB/s], Decompressed: 202
2026-09-19T08:28:11.8093349Z Downloaded: 1916 file(s) [attempted 1916/8690 = 22%, 893 KB/s], Decompressed: 202
2026-09-19T08:28:11.9112303Z Downloaded: 2023 file(s) [attempted 2023/8690 = 23%, 2595 KB/s], Decompressed: 202
2026-09-19T08:28:12.0118813Z Downloaded: 2126 file(s) [attempted 2126/8690 = 24%, 357 KB/s], Decompressed: 202
2026-09-19T08:28:12.1138134Z Downloaded: 2236 file(s) [attempted 2236/8690 = 25%, 2783 KB/s], Decompressed: 202
2026-09-19T08:28:12.2140962Z Downloaded: 2348 file(s) [attempted 2348/8690 = 27%, 2360 KB/s], Decompressed: 202
2026-09-19T08:28:12.3139109Z Downloaded: 2458 file(s) [attempted 2458/8690 = 28%, 331 KB/s], Decompressed: 202
2026-09-19T08:28:12.4149478Z Downloaded: 2561 file(s) [attempted 2561/8690 = 29%, 232 KB/s], Decompressed: 202
2026-09-19T08:28:12.5140147Z Downloaded: 2671 file(s) [attempted 2671/8690 = 30%, 320 KB/s], Decompressed: 202
2026-09-19T08:28:12.6157703Z Downloaded: 2777 file(s) [attempted 2777/8690 = 31%, 217 KB/s], Decompressed: 202
2026-09-19T08:28:12.7191133Z Downloaded: 2881 file(s) [attempted 2881/8690 = 33%, 204 KB/s], Decompressed: 202
2026-09-19T08:28:12.8175516Z Downloaded: 2984 file(s) [attempted 2984/8690 = 34%, 2650 KB/s], Decompressed: 202
2026-09-19T08:28:12.9168809Z Downloaded: 3091 file(s) [attempted 3091/8690 = 35%, 476 KB/s], Decompressed: 202
2026-09-19T08:28:13.0184423Z Downloaded: 3199 file(s) [attempted 3199/8690 = 36%, 397 KB/s], Decompressed: 813
2026-09-19T08:28:13.1225560Z Downloaded: 3308 file(s) [attempted 3308/8690 = 38%, 357 KB/s], Decompressed: 813
2026-09-19T08:28:13.2212728Z Downloaded: 3416 file(s) [attempted 3416/8690 = 39%, 278 KB/s], Decompressed: 813
2026-09-19T08:28:13.3217319Z Downloaded: 3535 file(s) [attempted 3535/8690 = 40%, 647 KB/s], Decompressed: 813
2026-09-19T08:28:13.4238125Z Downloaded: 3645 file(s) [attempted 3645/8690 = 41%, 709 KB/s], Decompressed: 813
2026-09-19T08:28:13.5248007Z Downloaded: 3750 file(s) [attempted 3750/8690 = 43%, 98 KB/s], Decompressed: 813
2026-09-19T08:28:13.6275242Z Downloaded: 3860 file(s) [attempted 3860/8690 = 44%, 186 KB/s], Decompressed: 813
2026-09-19T08:28:13.7298124Z Downloaded: 3967 file(s) [attempted 3967/8690 = 45%, 1411 KB/s], Decompressed: 813
2026-09-19T08:28:13.8335450Z Downloaded: 4077 file(s) [attempted 4077/8690 = 46%, 1278 KB/s], Decompressed: 813
2026-09-19T08:28:13.9307641Z Downloaded: 4191 file(s) [attempted 4191/8690 = 48%, 440 KB/s], Decompressed: 813
2026-09-19T08:28:14.0308950Z Downloaded: 4296 file(s) [attempted 4296/8690 = 49%, 891 KB/s], Decompressed: 813
2026-09-19T08:28:14.1345332Z Downloaded: 4403 file(s) [attempted 4403/8690 = 50%, 187 KB/s], Decompressed: 813
2026-09-19T08:28:14.2489548Z Downloaded: 4505 file(s) [attempted 4505/8690 = 51%, 1213 KB/s], Decompressed: 813
2026-09-19T08:28:14.3513632Z Downloaded: 4619 file(s) [attempted 4619/8690 = 53%, 582 KB/s], Decompressed: 813
2026-09-19T08:28:14.4577510Z Downloaded: 4713 file(s) [attempted 4713/8690 = 54%, 696 KB/s], Decompressed: 813
2026-09-19T08:28:14.5598619Z Downloaded: 4816 file(s) [attempted 4816/8690 = 55%, 1304 KB/s], Decompressed: 813
2026-09-19T08:28:14.6605339Z Downloaded: 4936 file(s) [attempted 4936/8690 = 56%, 2133 KB/s], Decompressed: 813
2026-09-19T08:28:14.7608237Z Downloaded: 5042 file(s) [attempted 5042/8690 = 58%, 188 KB/s], Decompressed: 813
2026-09-19T08:28:14.8627906Z Downloaded: 5152 file(s) [attempted 5152/8690 = 59%, 1931 KB/s], Decompressed: 813
2026-09-19T08:28:14.9608328Z Downloaded: 5264 file(s) [attempted 5264/8690 = 60%, 1033 KB/s], Decompressed: 813
2026-09-19T08:28:15.0612036Z Downloaded: 5376 file(s) [attempted 5376/8690 = 61%, 142 KB/s], Decompressed: 813
2026-09-19T08:28:15.1614238Z Downloaded: 5483 file(s) [attempted 5483/8690 = 63%, 738 KB/s], Decompressed: 813
2026-09-19T08:28:15.2645063Z Downloaded: 5572 file(s) [attempted 5572/8690 = 64%, 1377 KB/s], Decompressed: 813
2026-09-19T08:28:15.3826000Z Downloaded: 5671 file(s) [attempted 5671/8690 = 65%, 116 KB/s], Decompressed: 813
2026-09-19T08:28:15.4841543Z Downloaded: 5788 file(s) [attempted 5788/8690 = 66%, 1467 KB/s], Decompressed: 813
2026-09-19T08:28:15.5874673Z Downloaded: 5902 file(s) [attempted 5902/8690 = 67%, 303 KB/s], Decompressed: 813
2026-09-19T08:28:15.7011789Z Downloaded: 6009 file(s) [attempted 6009/8690 = 69%, 136 KB/s], Decompressed: 813
2026-09-19T08:28:15.8067543Z Downloaded: 6078 file(s) [attempted 6078/8690 = 69%, 7104 KB/s], Decompressed: 813
2026-09-19T08:28:15.9371118Z Downloaded: 6179 file(s) [attempted 6179/8690 = 71%, 83 KB/s], Decompressed: 813
2026-09-19T08:28:16.0457866Z Downloaded: 6284 file(s) [attempted 6284/8690 = 72%, 1628 KB/s], Decompressed: 813
2026-09-19T08:28:16.1489510Z Downloaded: 6384 file(s) [attempted 6384/8690 = 73%, 526 KB/s], Decompressed: 813
2026-09-19T08:28:16.2508030Z Downloaded: 6487 file(s) [attempted 6487/8690 = 74%, 445 KB/s], Decompressed: 813
2026-09-19T08:28:16.3537805Z Downloaded: 6579 file(s) [attempted 6579/8690 = 75%, 943 KB/s], Decompressed: 813
2026-09-19T08:28:16.4522449Z Downloaded: 6673 file(s) [attempted 6673/8690 = 76%, 4043 KB/s], Decompressed: 813
2026-09-19T08:28:16.5541473Z Downloaded: 6774 file(s) [attempted 6774/8690 = 77%, 798 KB/s], Decompressed: 813
2026-09-19T08:28:16.6588212Z Downloaded: 6881 file(s) [attempted 6881/8690 = 79%, 2899 KB/s], Decompressed: 813
2026-09-19T08:28:16.7572835Z Downloaded: 6986 file(s) [attempted 6986/8690 = 80%, 3846 KB/s], Decompressed: 813
2026-09-19T08:28:16.8594496Z Downloaded: 7093 file(s) [attempted 7093/8690 = 81%, 2041 KB/s], Decompressed: 813
2026-09-19T08:28:16.9643243Z Downloaded: 7192 file(s) [attempted 7192/8690 = 82%, 516 KB/s], Decompressed: 813
2026-09-19T08:28:17.0644334Z Downloaded: 7301 file(s) [attempted 7301/8690 = 84%, 401 KB/s], Decompressed: 813
2026-09-19T08:28:17.1704684Z Downloaded: 7408 file(s) [attempted 7408/8690 = 85%, 650 KB/s], Decompressed: 813
2026-09-19T08:28:17.2867613Z Downloaded: 7503 file(s) [attempted 7503/8690 = 86%, 244 KB/s], Decompressed: 813
2026-09-19T08:28:17.3877949Z Downloaded: 7603 file(s) [attempted 7603/8690 = 87%, 1570 KB/s], Decompressed: 813
2026-09-19T08:28:17.4897599Z Downloaded: 7706 file(s) [attempted 7706/8690 = 88%, 69 KB/s], Decompressed: 813
2026-09-19T08:28:17.5923529Z Downloaded: 7823 file(s) [attempted 7823/8690 = 90%, 1462 KB/s], Decompressed: 813
2026-09-19T08:28:17.6968571Z Downloaded: 7923 file(s) [attempted 7923/8690 = 91%, 1435 KB/s], Decompressed: 813
2026-09-19T08:28:17.8007750Z Downloaded: 8035 file(s) [attempted 8035/8690 = 92%, 943 KB/s], Decompressed: 813
2026-09-19T08:28:17.9040703Z Downloaded: 8143 file(s) [attempted 8143/8690 = 93%, 584 KB/s], Decompressed: 813
2026-09-19T08:28:18.0072185Z Downloaded: 8225 file(s) [attempted 8225/8690 = 94%, 489 KB/s], Decompressed: 813
2026-09-19T08:28:18.1101066Z Downloaded: 8314 file(s) [attempted 8314/8690 = 95%, 428 KB/s], Decompressed: 813
2026-09-19T08:28:18.2114137Z Downloaded: 8420 file(s) [attempted 8420/8690 = 96%, 1660 KB/s], Decompressed: 813
2026-09-19T08:28:18.3446097Z Downloaded: 8525 file(s) [attempted 8525/8690 = 98%, 1559 KB/s], Decompressed: 813
2026-09-19T08:28:18.4839655Z Downloaded: 8598 file(s) [attempted 8598/8690 = 98%, 351 KB/s], Decompressed: 813
2026-09-19T08:28:18.4941049Z Downloaded: 8690 file(s) [attempted 8690/8690 = 100%, 746 KB/s], Decompressed: 813
2026-09-19T08:28:18.4959702Z Downloaded: 8690 file(s) [attempted 8690/8690 = 100%, 746 KB/s], Decompressed: 813
2026-09-19T08:28:37.9194595Z Decompressed 8690 file(s)
2026-09-19T08:28:37.9195110Z Already decompressed 8690 file(s)
2026-09-19T08:28:38.0052211Z Running systemd-run --user --quiet --wait --pipe --collect -p 'RestrictAddressFamilies=~AF_UNIX' --working-directory /home/runner/work/_temp/nla-lean-tools/.verification-tmp/nla-fresh-proof-du0ptw97/project /usr/bin/env -i PATH=/home/runner/.elan/toolchains/leanprover--lean4---v4.33.1/bin:/home/runner/.elan/bin:/home/runner/go/bin:/opt/hostedtoolcache/go/1.27.1/x64/bin:/snap/bin:/home/runner/.local/bin:/opt/pipx_bin:/home/runner/.cargo/bin:/home/runner/.config/composer/vendor/bin:/usr/local/.ghcup/bin:/home/runner/.dotnet/tools:/usr/local/sbin:/usr/local/bin:/usr/sbin:/usr/bin:/sbin:/bin:/usr/games:/usr/local/games:/snap/bin HOME=/home/runner LANG=C.UTF-8 XDG_RUNTIME_DIR=/run/user/1001 DBUS_SESSION_BUS_ADDRESS=unix:path=/run/user/1001/bus GIT_TERMINAL_PROMPT=0 GIT_CONFIG_NOSYSTEM=1 GIT_CONFIG_GLOBAL=/dev/null COMPARATOR_BIN=/home/runner/work/_temp/nla-lean-tools/.tools/comparator/.lake/build/bin/comparator COMPARATOR_LEAN4EXPORT=/home/runner/work/_temp/nla-lean-tools/.tools/lean4export/.lake/build/bin/lean4export COMPARATOR_LANDRUN=/home/runner/work/_temp/nla-lean-tools/scripts/strict_landrun.py XDG_CACHE_HOME=/home/runner/work/_temp/nla-lean-tools/.tools/cache TMPDIR=/home/runner/work/_temp/nla-lean-tools/.verification-tmp lake env /home/runner/work/_temp/nla-lean-tools/.tools/comparator/.lake/build/bin/comparator comparator.json
2026-09-19T08:28:38.0058206Z Log: /home/runner/work/_temp/nla-lean-tools/logs/verify-20260919T082654Z-4176/comparator.log
2026-09-19T08:28:38.7623269Z Building Challenge
2026-09-19T08:28:42.4014875Z ✔ [2133/2138] Built NLA.MF14.Definitions (2.4s)
2026-09-19T08:28:44.9037336Z ✔ [2134/2138] Built NLA.MF14Degree44.Definitions (2.5s)
2026-09-19T08:28:48.2085962Z ✔ [2135/2138] Built NLA.MF14Degree44.Family (3.4s)
2026-09-19T08:28:53.9150106Z ✔ [2136/2138] Built NLA.MF14Degree44.Degeneration (9.1s)
2026-09-19T08:28:55.9174222Z ⚠ [2137/2138] Built Challenge (1.9s)
2026-09-19T08:28:55.9175053Z warning: Challenge.lean:18:8: declaration uses `sorry`
2026-09-19T08:28:55.9175863Z warning: Challenge.lean:23:8: declaration uses `sorry`
2026-09-19T08:28:55.9176744Z warning: Challenge.lean:28:8: declaration uses `sorry`
2026-09-19T08:28:55.9177289Z warning: Challenge.lean:34:8: declaration uses `sorry`
2026-09-19T08:28:55.9177782Z warning: Challenge.lean:39:8: declaration uses `sorry`
2026-09-19T08:28:55.9178271Z warning: Challenge.lean:47:8: declaration uses `sorry`
2026-09-19T08:28:55.9178763Z warning: Challenge.lean:52:8: declaration uses `sorry`
2026-09-19T08:28:55.9179257Z warning: Challenge.lean:58:8: declaration uses `sorry`
2026-09-19T08:28:55.9179755Z warning: Challenge.lean:63:8: declaration uses `sorry`
2026-09-19T08:28:55.9180308Z warning: Challenge.lean:72:8: declaration uses `sorry`
2026-09-19T08:28:55.9180712Z warning: Challenge.lean:80:8: declaration uses `sorry`
2026-09-19T08:28:55.9181136Z warning: Challenge.lean:86:8: declaration uses `sorry`
2026-09-19T08:28:55.9181528Z warning: Challenge.lean:91:8: declaration uses `sorry`
2026-09-19T08:28:55.9181920Z warning: Challenge.lean:97:8: declaration uses `sorry`
2026-09-19T08:28:55.9182349Z warning: Challenge.lean:102:8: declaration uses `sorry`
2026-09-19T08:28:55.9183031Z warning: Challenge.lean:108:8: declaration uses `sorry`
2026-09-19T08:28:55.9183744Z warning: Challenge.lean:113:8: declaration uses `sorry`
2026-09-19T08:28:55.9206627Z warning: Challenge.lean:119:8: declaration uses `sorry`
2026-09-19T08:28:55.9207176Z warning: Challenge.lean:124:8: declaration uses `sorry`
2026-09-19T08:28:55.9207618Z warning: Challenge.lean:131:8: declaration uses `sorry`
2026-09-19T08:28:55.9207991Z warning: Challenge.lean:135:8: declaration uses `sorry`
2026-09-19T08:28:55.9208362Z warning: Challenge.lean:142:8: declaration uses `sorry`
2026-09-19T08:28:55.9208730Z warning: Challenge.lean:148:8: declaration uses `sorry`
2026-09-19T08:28:55.9209087Z warning: Challenge.lean:153:8: declaration uses `sorry`
2026-09-19T08:28:55.9209433Z warning: Challenge.lean:157:8: declaration uses `sorry`
2026-09-19T08:28:55.9270912Z Build completed successfully (2138 jobs).
2026-09-19T08:29:01.5268287Z Exporting #[Quot, Quot.mk, Quot.lift, Quot.ind, NLA.MF14Degree44.canonical_gate_padding, NLA.MF14Degree44.four_prefix_full_coefficients, NLA.MF14Degree44.three_product_tuple, NLA.MF14Degree44.good_border_parameters_eventually, NLA.MF14Degree44.fourth_span_coordinates, NLA.MF14Degree44.fourth_map_smooth, NLA.MF14Degree44.fourth_jacobian_identity, NLA.MF14Degree44.fourth_minor_identity, NLA.MF14Degree44.fourth_product_joint_closure, NLA.MF14Degree44.polynomial_density_of_strict_derivative, NLA.MF14Degree44.degeneration_identity, NLA.MF14Degree44.degeneration_at_zero, NLA.MF14Degree44.degeneration_in_span, NLA.MF14Degree44.monic_border_joint_closure, NLA.MF14Degree44.continuation_actual_output, NLA.MF14Degree44.continuation_degree_bound, NLA.MF14Degree44.continuation_closure_transfer, NLA.MF14Degree44.family_image_mem_closure, NLA.MF14Degree44.family_degree_and_full_vector, NLA.MF14Degree44.coefficient_map_smooth, NLA.MF14Degree44.coefficient_jacobian_identity, NLA.MF14Degree44.integer_jacobian_mod3_inverse, NLA.MF14Degree44.coefficient_derivative_bijective, NLA.MF14Degree44.degree44_coverage, NLA.MF14Degree44.original_equality_false, propext, Classical.choice, Quot.sound, Nat.add, Nat.sub, Nat.mul, Nat.pow, Nat.gcd, Nat.div, Nat.mod, Nat.beq, Nat.ble, Nat.land, Nat.lor, Nat.xor, Nat.shiftLeft, Nat.shiftRight, String.ofList, Char.ofNat, List, eagerReduce, Nat, String, String.mk, Char, optParam, autoParam, semiOutParam, outParam] from Challenge
2026-09-19T08:29:01.5274820Z Building Solution
2026-09-19T08:29:07.8965348Z ✔ [2779/2812] Built LeanCert.Core.Interval (4.6s)
2026-09-19T08:29:08.0980597Z ✔ [2780/2812] Built LeanCert.Core.DerivativeIntervals (4.8s)
2026-09-19T08:29:10.1066725Z ✔ [2781/2819] Built LeanCert.Contrib.Sinc (6.8s)
2026-09-19T08:29:11.2074741Z ✔ [2782/2819] Built LeanCert.Core.Expr (7.9s)
2026-09-19T08:29:17.4204224Z ✔ [2783/2823] Built LeanCert.Core.Dyadic (7.3s)
2026-09-19T08:29:18.9388564Z ✔ [2784/2823] Built LeanCert.Tactic.Verification (7.7s)
2026-09-19T08:29:20.8416154Z ✔ [2785/2823] Built LeanCert.Core.Taylor (12s)
2026-09-19T08:29:21.7426712Z ✔ [2786/2824] Built LeanCert.Core.IntervalRat.Basic (13s)
2026-09-19T08:29:24.1470917Z ✔ [2787/2824] Built LeanCert.Core.Support (5.2s)
2026-09-19T08:29:24.4482428Z ✔ [2788/2824] Built LeanCert.Core.IntervalRat.LogReduction (6.0s)
2026-09-19T08:29:25.3515384Z ✔ [2789/2824] Built LeanCert.Tactic.LeanCert.Bridge.Environment (3.6s)
2026-09-19T08:29:25.7518002Z ✔ [2790/2824] Built LeanCert.Meta.Numeral (4.0s)
2026-09-19T08:29:27.4535656Z ✔ [2791/2824] Built LeanCert.Engine.Eval.Result (3.3s)
2026-09-19T08:29:28.1542268Z ✔ [2792/2824] Built LeanCert.Tactic.NumericalRefinement (727ms)
2026-09-19T08:29:28.4594492Z ✔ [2793/2824] Built LeanCert.Core.TrigReduction (4.0s)
2026-09-19T08:29:30.5616192Z ✔ [2794/2824] Built LeanCert.Tactic.IntervalAuto.Types (4.8s)
2026-09-19T08:29:31.5639672Z ✔ [2795/2824] Built LeanCert.Core.IntervalRat.Transcendental (6.2s)
2026-09-19T08:29:33.1662643Z ✔ [2796/2824] Built LeanCert.Tactic.IntervalAuto.Extract (4.8s)
2026-09-19T08:29:38.9841122Z ✔ [2850/2929] Built LeanCert.Tactic.VecUtil (5.6s)
2026-09-19T08:29:39.6849526Z ✔ [2852/2931] Built LeanCert.Tactic.IntervalAuto.Norm (8.1s)
2026-09-19T08:29:39.9861600Z ✔ [2853/2935] Built LeanCert.Meta.ToExpr (9.4s)
2026-09-19T08:29:44.1945699Z ✔ [2854/2935] Built LeanCert.Tactic.FinSumExpand (5.2s)
2026-09-19T08:29:45.3949860Z ✔ [2855/2935] Built LeanCert.Tactic.FinsetParse (5.7s)
2026-09-19T08:29:48.2033345Z ✔ [2856/2990] Built LeanCert.Tactic.BridgeNative (2.8s)
2026-09-19T08:29:48.8033550Z ✔ [3397/3582] Built LeanCert.Tactic.IntervalAuto.Parse (8.9s)
2026-09-19T08:29:49.0037213Z ✔ [3517/3598] Built LeanCert.Tactic.LeanCert.Normalize (4.8s)
2026-09-19T08:29:50.9068781Z ✔ [3518/3602] Built LeanCert.Tactic.LeanCert.Semantic.Domain (1.9s)
2026-09-19T08:29:52.6141797Z ✔ [3519/3602] Built LeanCert.Tactic.IntervalAuto.Diagnostic (3.8s)
2026-09-19T08:29:52.9144348Z ✔ [3520/3605] Built LeanCert.Validity.Eventual (4.0s)
2026-09-19T08:29:53.6153061Z ✔ [3521/3607] Built LeanCert.Tactic.LeanCert.Semantic.Goal (2.7s)
2026-09-19T08:29:53.8152577Z ✔ [3522/3609] Built LeanCert.Core.IntervalRat.Taylor (25s)
2026-09-19T08:29:54.7163476Z ✔ [3523/3609] Built LeanCert.Tactic.VecSimp (2.1s)
2026-09-19T08:29:55.4189117Z ✔ [3524/3610] Built LeanCert.Tactic.LeanCert.Semantic.Parse.Comparison (1.7s)
2026-09-19T08:29:57.3228920Z ✔ [3525/3610] Built LeanCert.Tactic.Extension.Protocol (3.5s)
2026-09-19T08:29:57.6258360Z ✔ [3526/3610] Built LeanCert.Core.IntervalReal (2.9s)
2026-09-19T08:29:58.8360631Z ✔ [3527/3612] Built LeanCert.Core.IntervalRat.TrigReduced (3.5s)
2026-09-19T08:29:59.0419812Z ✔ [3528/3613] Built LeanCert.Tactic.EventualBound (6.2s)
2026-09-19T08:30:01.3609991Z ✔ [3529/3613] Built LeanCert.Tactic.LeanCert.Diagnostic.Evidence (3.7s)
2026-09-19T08:30:01.4619263Z ✔ [3530/3613] Built LeanCert.Tactic.LeanCert.Semantic.Parse.Bound (4.2s)
2026-09-19T08:30:02.7680803Z ✔ [3531/3613] Built LeanCert.Tactic.Extension.Registry (3.8s)
2026-09-19T08:30:07.1834976Z ✔ [3532/3617] Built LeanCert.Tactic.LeanCert.Config (4.5s)
2026-09-19T08:30:08.3870948Z ✔ [3534/3618] Built LeanCert.Core.IntervalRealEndpoints (6.9s)
2026-09-19T08:30:08.7874573Z ✔ [3535/3618] Built LeanCert.Engine.Affine.Basic (9.7s)
2026-09-19T08:30:13.1073243Z ✔ [3536/3620] Built LeanCert.Core.IntervalDyadic (11s)
2026-09-19T08:30:13.4153333Z ✔ [3537/3620] Built LeanCert.Engine.Algebra.QPoly (6.2s)
2026-09-19T08:30:17.5287421Z ✔ [3538/3626] Built LeanCert.Engine.Affine.Nonlinear (8.8s)
2026-09-19T08:30:20.0634748Z ✔ [3539/3628] Built LeanCert.Engine.Eval.Core (11s)
2026-09-19T08:30:20.2645727Z ✔ [3540/3633] Built LeanCert.Engine.Algebra.QPolyIntegral (6.8s)
2026-09-19T08:30:20.5666998Z ✔ [3541/3634] Built LeanCert.Core.DyadicCell (7.5s)
2026-09-19T08:30:21.5780639Z ✔ [3542/3638] Built LeanCert.Engine.FloatEval (4.1s)
2026-09-19T08:30:23.2791396Z ✔ [3544/3638] Built LeanCert.Tactic.Extension.Command (3.1s)
2026-09-19T08:30:23.9921388Z ✔ [3545/3642] Built LeanCert.Core.DyadicFrontier (3.5s)
2026-09-19T08:30:25.4943256Z ✔ [3547/3644] Built LeanCert.Engine.Eval.Extended (5.4s)
2026-09-19T08:30:25.5957283Z ✔ [3548/3653] Built NLA.MF14.CircuitFoundations (4.0s)
2026-09-19T08:30:26.4978412Z ✔ [3549/3672] Built LeanCert.Tactic.Extension (3.2s)
2026-09-19T08:30:28.3115404Z ✔ [3553/3685] Built NLA.MF14Degree44.DegenerationCoefficientData (4.3s)
2026-09-19T08:30:28.9115121Z ✔ [3559/3685] Built LeanCert.Engine.Bounds.Lemmas (3.4s)
2026-09-19T08:30:29.2139149Z ℹ [3560/3687] Built NLA.MF14Degree44.PolynomialMaps (3.6s)
2026-09-19T08:30:29.2143841Z info: NLA/MF14Degree44/PolynomialMaps.lean:104:0: 'NLA.MF14Degree44.CoefficientPolynomial.mul' depends on axioms: [propext, Classical.choice, Quot.sound]
2026-09-19T08:30:29.2146081Z info: NLA/MF14Degree44/PolynomialMaps.lean:106:0: 'NLA.MF14Degree44.decodeQuad_coefficient_polynomial' depends on axioms: [propext, Classical.choice, Quot.sound]
2026-09-19T08:30:30.5147899Z ℹ [3561/3700] Built NLA.MF14Degree44.GoodParameters (4.0s)
2026-09-19T08:30:30.5150194Z info: NLA/MF14Degree44/GoodParameters.lean:49:0: 'NLA.MF14Degree44.good_border_parameters_eventually' depends on axioms: [propext, Classical.choice, Quot.sound]
2026-09-19T08:30:31.8155179Z ✔ [3562/3702] Built LeanCert.Engine.IntervalEval (2.9s)
2026-09-19T08:30:37.2344287Z ✔ [3563/3702] Built LeanCert.Engine.Affine.Transcendental (5.4s)
2026-09-19T08:30:39.3356024Z ✔ [3564/3702] Built NLA.MF14Degree44.Mod3Lists (8.7s)
2026-09-19T08:30:43.2505550Z ✔ [3565/3702] Built LeanCert.Validity.Bounds.Checked (3.0s)
2026-09-19T08:30:45.2523657Z ✔ [3566/3702] Built LeanCert.Engine.IntervalEvalDyadic (8.1s)
2026-09-19T08:30:45.2529172Z ℹ [3567/3702] Built NLA.MF14Degree44.ContinuationPolynomialMaps (16s)
2026-09-19T08:30:45.2531233Z info: NLA/MF14Degree44/ContinuationPolynomialMaps.lean:105:0: 'NLA.MF14Degree44.continuation_basis_coefficient_polynomial' depends on axioms: [propext, Classical.choice, Quot.sound]
2026-09-19T08:30:45.2533204Z info: NLA/MF14Degree44/ContinuationPolynomialMaps.lean:107:0: 'NLA.MF14Degree44.continuation_polynomial_coefficient_polynomial' depends on axioms: [propext,
2026-09-19T08:30:45.2534412Z  Classical.choice,
2026-09-19T08:30:45.2534906Z  Quot.sound]
2026-09-19T08:30:45.2536615Z info: NLA/MF14Degree44/ContinuationPolynomialMaps.lean:109:0: 'NLA.MF14Degree44.continuation_map_polynomial' depends on axioms: [propext, Classical.choice, Quot.sound]
2026-09-19T08:30:47.1657083Z ✔ [3568/3702] Built LeanCert.Validity.Bounds.Core (3.8s)
2026-09-19T08:30:49.3765723Z ✔ [3569/3702] Built LeanCert.Engine.Optimization.Box (4.0s)
2026-09-19T08:30:51.1820372Z ℹ [3570/3702] Built NLA.MF14Degree44.DegreeBounds (22s)
2026-09-19T08:30:51.1822806Z info: NLA/MF14Degree44/DegreeBounds.lean:118:0: 'NLA.MF14Degree44.continuation_degree_bound' depends on axioms: [propext, Classical.choice, Quot.sound]
2026-09-19T08:30:51.5830095Z ✔ [3571/3704] Built LeanCert.Engine.RootFinding.Basic (6.3s)
2026-09-19T08:30:55.9031359Z ✔ [3572/3704] Built LeanCert.Engine.Integrate (8.7s)
2026-09-19T08:30:56.0030794Z ✔ [3573/3704] Built LeanCert.Engine.AD.Basic (4.8s)
2026-09-19T08:31:00.6472360Z ✔ [3574/3704] Built LeanCert.Engine.IntervalEvalAffine (9.0s)
2026-09-19T08:31:00.9474922Z ✔ [3575/3704] Built LeanCert.Engine.TaylorModel.Core (11s)
2026-09-19T08:31:08.0765643Z ℹ [3576/3704] Built NLA.MF14Degree44.Mod3Columns2 (12s)
2026-09-19T08:31:08.0768410Z info: NLA/MF14Degree44/Mod3Columns2.lean:27:0: 'NLA.MF14Degree44.Mod3Certificate.column_table_match_10' depends on axioms: [propext, Classical.choice, Quot.sound]
2026-09-19T08:31:08.0770692Z info: NLA/MF14Degree44/Mod3Columns2.lean:47:0: 'NLA.MF14Degree44.Mod3Certificate.column_table_match_11' depends on axioms: [propext, Classical.choice, Quot.sound]
2026-09-19T08:31:08.0773214Z info: NLA/MF14Degree44/Mod3Columns2.lean:67:0: 'NLA.MF14Degree44.Mod3Certificate.column_table_match_12' depends on axioms: [propext, Classical.choice, Quot.sound]
2026-09-19T08:31:08.0775372Z info: NLA/MF14Degree44/Mod3Columns2.lean:87:0: 'NLA.MF14Degree44.Mod3Certificate.column_table_match_13' depends on axioms: [propext, Classical.choice, Quot.sound]
2026-09-19T08:31:08.0777790Z info: NLA/MF14Degree44/Mod3Columns2.lean:107:0: 'NLA.MF14Degree44.Mod3Certificate.column_table_match_14' depends on axioms: [propext, Classical.choice, Quot.sound]
2026-09-19T08:31:08.9820393Z ℹ [3577/3704] Built NLA.MF14Degree44.Mod3Columns3 (13s)
2026-09-19T08:31:08.9823090Z info: NLA/MF14Degree44/Mod3Columns3.lean:27:0: 'NLA.MF14Degree44.Mod3Certificate.column_table_match_15' depends on axioms: [propext, Classical.choice, Quot.sound]
2026-09-19T08:31:08.9825436Z info: NLA/MF14Degree44/Mod3Columns3.lean:47:0: 'NLA.MF14Degree44.Mod3Certificate.column_table_match_16' depends on axioms: [propext, Classical.choice, Quot.sound]
2026-09-19T08:31:08.9828023Z info: NLA/MF14Degree44/Mod3Columns3.lean:67:0: 'NLA.MF14Degree44.Mod3Certificate.column_table_match_17' depends on axioms: [propext, Classical.choice, Quot.sound]
2026-09-19T08:31:08.9830252Z info: NLA/MF14Degree44/Mod3Columns3.lean:87:0: 'NLA.MF14Degree44.Mod3Certificate.column_table_match_18' depends on axioms: [propext, Classical.choice, Quot.sound]
2026-09-19T08:31:08.9832462Z info: NLA/MF14Degree44/Mod3Columns3.lean:107:0: 'NLA.MF14Degree44.Mod3Certificate.column_table_match_19' depends on axioms: [propext, Classical.choice, Quot.sound]
2026-09-19T08:31:09.4872430Z ℹ [3578/3704] Built NLA.MF14Degree44.Mod3Columns0 (8.6s)
2026-09-19T08:31:09.4874578Z info: NLA/MF14Degree44/Mod3Columns0.lean:27:0: 'NLA.MF14Degree44.Mod3Certificate.column_table_match_0' depends on axioms: [propext, Classical.choice, Quot.sound]
2026-09-19T08:31:09.4876697Z info: NLA/MF14Degree44/Mod3Columns0.lean:47:0: 'NLA.MF14Degree44.Mod3Certificate.column_table_match_1' depends on axioms: [propext, Classical.choice, Quot.sound]
2026-09-19T08:31:09.4878554Z info: NLA/MF14Degree44/Mod3Columns0.lean:67:0: 'NLA.MF14Degree44.Mod3Certificate.column_table_match_2' depends on axioms: [propext, Classical.choice, Quot.sound]
2026-09-19T08:31:09.4880356Z info: NLA/MF14Degree44/Mod3Columns0.lean:87:0: 'NLA.MF14Degree44.Mod3Certificate.column_table_match_3' depends on axioms: [propext, Classical.choice, Quot.sound]
2026-09-19T08:31:09.4882199Z info: NLA/MF14Degree44/Mod3Columns0.lean:107:0: 'NLA.MF14Degree44.Mod3Certificate.column_table_match_4' depends on axioms: [propext, Classical.choice, Quot.sound]
2026-09-19T08:31:09.6875453Z ℹ [3579/3704] Built NLA.MF14Degree44.Mod3Columns1 (9.1s)
2026-09-19T08:31:09.6878411Z info: NLA/MF14Degree44/Mod3Columns1.lean:27:0: 'NLA.MF14Degree44.Mod3Certificate.column_table_match_5' depends on axioms: [propext, Classical.choice, Quot.sound]
2026-09-19T08:31:09.6880925Z info: NLA/MF14Degree44/Mod3Columns1.lean:47:0: 'NLA.MF14Degree44.Mod3Certificate.column_table_match_6' depends on axioms: [propext, Classical.choice, Quot.sound]
2026-09-19T08:31:09.6883194Z info: NLA/MF14Degree44/Mod3Columns1.lean:67:0: 'NLA.MF14Degree44.Mod3Certificate.column_table_match_7' depends on axioms: [propext, Classical.choice, Quot.sound]
2026-09-19T08:31:09.6885456Z info: NLA/MF14Degree44/Mod3Columns1.lean:87:0: 'NLA.MF14Degree44.Mod3Certificate.column_table_match_8' depends on axioms: [propext, Classical.choice, Quot.sound]
2026-09-19T08:31:09.6887982Z info: NLA/MF14Degree44/Mod3Columns1.lean:107:0: 'NLA.MF14Degree44.Mod3Certificate.column_table_match_9' depends on axioms: [propext, Classical.choice, Quot.sound]
2026-09-19T08:31:12.8980682Z ✔ [3580/3704] Built LeanCert.Validity.DyadicBounds (3.0s)
2026-09-19T08:31:13.6003154Z ✔ [3581/3704] Built LeanCert.Engine.FinSumDyadic (5.5s)
2026-09-19T08:31:13.7002469Z ✔ [3582/3705] Built LeanCert.Engine.Search.Heuristic (4.2s)
2026-09-19T08:31:14.3007859Z ℹ [3583/3706] Built NLA.MF14Degree44.FamilyDegreeBounds (4.5s)
2026-09-19T08:31:14.3010470Z info: NLA/MF14Degree44/FamilyDegreeBounds.lean:40:0: 'NLA.MF14Degree44.family_degree_and_full_vector' depends on axioms: [propext, Classical.choice, Quot.sound]
2026-09-19T08:31:19.3106760Z ✔ [3584/3706] Built LeanCert.Engine.RootFinding.Bisection (6.4s)
2026-09-19T08:31:20.0112859Z ✔ [3585/3706] Built LeanCert.Engine.AD.Transcendental (5.8s)
2026-09-19T08:31:20.8158651Z ℹ [3586/3706] Built NLA.MF14Degree44.Mod3Columns5 (7.2s)
2026-09-19T08:31:20.8160732Z info: NLA/MF14Degree44/Mod3Columns5.lean:27:0: 'NLA.MF14Degree44.Mod3Certificate.column_table_match_25' depends on axioms: [propext, Classical.choice, Quot.sound]
2026-09-19T08:31:20.8162614Z info: NLA/MF14Degree44/Mod3Columns5.lean:47:0: 'NLA.MF14Degree44.Mod3Certificate.column_table_match_26' depends on axioms: [propext, Classical.choice, Quot.sound]
2026-09-19T08:31:20.8164383Z info: NLA/MF14Degree44/Mod3Columns5.lean:67:0: 'NLA.MF14Degree44.Mod3Certificate.column_table_match_27' depends on axioms: [propext, Classical.choice, Quot.sound]
2026-09-19T08:31:20.8166204Z info: NLA/MF14Degree44/Mod3Columns5.lean:87:0: 'NLA.MF14Degree44.Mod3Certificate.column_table_match_28' depends on axioms: [propext, Classical.choice, Quot.sound]
2026-09-19T08:31:20.8168303Z info: NLA/MF14Degree44/Mod3Columns5.lean:107:0: 'NLA.MF14Degree44.Mod3Certificate.column_table_match_29' depends on axioms: [propext, Classical.choice, Quot.sound]
2026-09-19T08:31:21.7198413Z ℹ [3587/3706] Built NLA.MF14Degree44.Mod3Columns4 (8.1s)
2026-09-19T08:31:21.7200866Z info: NLA/MF14Degree44/Mod3Columns4.lean:27:0: 'NLA.MF14Degree44.Mod3Certificate.column_table_match_20' depends on axioms: [propext, Classical.choice, Quot.sound]
2026-09-19T08:31:21.7203136Z info: NLA/MF14Degree44/Mod3Columns4.lean:47:0: 'NLA.MF14Degree44.Mod3Certificate.column_table_match_21' depends on axioms: [propext, Classical.choice, Quot.sound]
2026-09-19T08:31:21.7205307Z info: NLA/MF14Degree44/Mod3Columns4.lean:67:0: 'NLA.MF14Degree44.Mod3Certificate.column_table_match_22' depends on axioms: [propext, Classical.choice, Quot.sound]
2026-09-19T08:31:21.7207789Z info: NLA/MF14Degree44/Mod3Columns4.lean:87:0: 'NLA.MF14Degree44.Mod3Certificate.column_table_match_23' depends on axioms: [propext, Classical.choice, Quot.sound]
2026-09-19T08:31:21.7209943Z info: NLA/MF14Degree44/Mod3Columns4.lean:107:0: 'NLA.MF14Degree44.Mod3Certificate.column_table_match_24' depends on axioms: [propext, Classical.choice, Quot.sound]
2026-09-19T08:31:24.2292392Z ✔ [3588/3706] Built LeanCert.Engine.TaylorModel.Special (3.4s)
2026-09-19T08:31:24.5296118Z ✔ [3589/3706] Built LeanCert.Engine.TaylorModel.Integral (4.5s)
2026-09-19T08:31:24.5301973Z ✔ [3590/3706] Built LeanCert.Engine.Affine.Environment (5.2s)
2026-09-19T08:31:31.1547768Z ✔ [3591/3706] Built LeanCert.Engine.WitnessSum (6.6s)
2026-09-19T08:31:36.7695160Z ✔ [3592/3707] Built LeanCert.Engine.TaylorModel.ExpLog (12s)
2026-09-19T08:31:39.4756623Z ℹ [3593/3707] Built NLA.MF14Degree44.Mod3Columns6 (8.4s)
2026-09-19T08:31:39.4759253Z info: NLA/MF14Degree44/Mod3Columns6.lean:27:0: 'NLA.MF14Degree44.Mod3Certificate.column_table_match_30' depends on axioms: [propext, Classical.choice, Quot.sound]
2026-09-19T08:31:39.4761214Z info: NLA/MF14Degree44/Mod3Columns6.lean:47:0: 'NLA.MF14Degree44.Mod3Certificate.column_table_match_31' depends on axioms: [propext, Classical.choice, Quot.sound]
2026-09-19T08:31:39.4763027Z info: NLA/MF14Degree44/Mod3Columns6.lean:67:0: 'NLA.MF14Degree44.Mod3Certificate.column_table_match_32' depends on axioms: [propext, Classical.choice, Quot.sound]
2026-09-19T08:31:39.4764834Z info: NLA/MF14Degree44/Mod3Columns6.lean:87:0: 'NLA.MF14Degree44.Mod3Certificate.column_table_match_33' depends on axioms: [propext, Classical.choice, Quot.sound]
2026-09-19T08:31:39.4766841Z info: NLA/MF14Degree44/Mod3Columns6.lean:107:0: 'NLA.MF14Degree44.Mod3Certificate.column_table_match_34' depends on axioms: [propext, Classical.choice, Quot.sound]
2026-09-19T08:31:40.2764836Z ✔ [3594/3708] Built LeanCert.Engine.TaylorModel.Hyperbolic (18s)
2026-09-19T08:31:40.4766147Z ✔ [3595/3708] Built LeanCert.Engine.TaylorModel.Trig (15s)
2026-09-19T08:31:41.2777343Z ℹ [3596/3709] Built NLA.MF14Degree44.CoverageBridge (4.4s)
2026-09-19T08:31:41.2779792Z info: NLA/MF14Degree44/CoverageBridge.lean:67:0: 'NLA.MF14Degree44.degree_plane44_reconstruction' depends on axioms: [propext, Classical.choice, Quot.sound]
2026-09-19T08:31:41.2781965Z info: NLA/MF14Degree44/CoverageBridge.lean:69:0: 'NLA.MF14Degree44.embed44_polynomial_pullback' depends on axioms: [propext, Classical.choice, Quot.sound]
2026-09-19T08:31:41.2784158Z info: NLA/MF14Degree44/CoverageBridge.lean:71:0: 'NLA.MF14Degree44.degree44_coverage_of_density_and_image' depends on axioms: [propext, Classical.choice, Quot.sound]
2026-09-19T08:31:41.2786635Z info: NLA/MF14Degree44/CoverageBridge.lean:73:0: 'NLA.MF14Degree44.original_equality_false_of_coverage44' depends on axioms: [propext, Classical.choice, Quot.sound]
2026-09-19T08:31:43.4835517Z ✔ [3597/3710] Built LeanCert.Engine.AD.Eval (3.2s)
2026-09-19T08:31:44.7890046Z ⚠ [3598/3710] Built NLA.MF14Degree44.Mod3Columns7 (5.3s)
2026-09-19T08:31:44.7895770Z info: NLA/MF14Degree44/Mod3Columns7.lean:27:0: 'NLA.MF14Degree44.Mod3Certificate.column_table_match_35' depends on axioms: [propext, Classical.choice, Quot.sound]
2026-09-19T08:31:44.7897679Z warning: NLA/MF14Degree44/Mod3Columns7.lean:45:13: This simp argument is unused:
2026-09-19T08:31:44.7898712Z   coeff_add
2026-09-19T08:31:44.7899097Z 
2026-09-19T08:31:44.7899393Z Hint: Omit it from the simp argument list.
2026-09-19T08:31:44.7899993Z   [apply] simp only [coeff_C_mul_X_pow]
2026-09-19T08:31:44.7900343Z 
2026-09-19T08:31:44.7900747Z Note: This linter can be disabled with `set_option linter.unusedSimpArgs false`
2026-09-19T08:31:44.7902233Z info: NLA/MF14Degree44/Mod3Columns7.lean:47:0: 'NLA.MF14Degree44.Mod3Certificate.column_table_match_36' depends on axioms: [propext, Classical.choice, Quot.sound]
2026-09-19T08:31:44.7903679Z warning: NLA/MF14Degree44/Mod3Columns7.lean:65:13: This simp argument is unused:
2026-09-19T08:31:44.7904370Z   coeff_add
2026-09-19T08:31:44.7904569Z 
2026-09-19T08:31:44.7904767Z Hint: Omit it from the simp argument list.
2026-09-19T08:31:44.7905313Z   [apply] simp only [coeff_C_mul_X_pow]
2026-09-19T08:31:44.7905632Z 
2026-09-19T08:31:44.7906019Z Note: This linter can be disabled with `set_option linter.unusedSimpArgs false`
2026-09-19T08:31:44.7907718Z info: NLA/MF14Degree44/Mod3Columns7.lean:67:0: 'NLA.MF14Degree44.Mod3Certificate.column_table_match_37' depends on axioms: [propext, Classical.choice, Quot.sound]
2026-09-19T08:31:44.7909527Z warning: NLA/MF14Degree44/Mod3Columns7.lean:85:13: This simp argument is unused:
2026-09-19T08:31:44.7910232Z   coeff_add
2026-09-19T08:31:44.7910413Z 
2026-09-19T08:31:44.7910616Z Hint: Omit it from the simp argument list.
2026-09-19T08:31:44.7911154Z   [apply] simp only [coeff_C_mul_X_pow]
2026-09-19T08:31:44.7911470Z 
2026-09-19T08:31:44.7911862Z Note: This linter can be disabled with `set_option linter.unusedSimpArgs false`
2026-09-19T08:31:44.7913339Z info: NLA/MF14Degree44/Mod3Columns7.lean:87:0: 'NLA.MF14Degree44.Mod3Certificate.column_table_match_38' depends on axioms: [propext, Classical.choice, Quot.sound]
2026-09-19T08:31:44.7915308Z info: NLA/MF14Degree44/Mod3Columns7.lean:107:0: 'NLA.MF14Degree44.Mod3Certificate.column_table_match_39' depends on axioms: [propext, Classical.choice, Quot.sound]
2026-09-19T08:31:46.4910886Z ✔ [3599/3711] Built LeanCert.Engine.TaylorModel.Functions (2.0s)
2026-09-19T08:31:46.5920272Z ⚠ [3600/3711] Built NLA.MF14Degree44.Mod3Columns8 (6.1s)
2026-09-19T08:31:46.5923255Z warning: NLA/MF14Degree44/Mod3Columns8.lean:25:13: This simp argument is unused:
2026-09-19T08:31:46.5924149Z   coeff_add
2026-09-19T08:31:46.5924493Z 
2026-09-19T08:31:46.5924837Z Hint: Omit it from the simp argument list.
2026-09-19T08:31:46.5925457Z   [apply] simp only [coeff_C_mul_X_pow]
2026-09-19T08:31:46.5925879Z 
2026-09-19T08:31:46.5926616Z Note: This linter can be disabled with `set_option linter.unusedSimpArgs false`
2026-09-19T08:31:46.5928302Z info: NLA/MF14Degree44/Mod3Columns8.lean:27:0: 'NLA.MF14Degree44.Mod3Certificate.column_table_match_40' depends on axioms: [propext, Classical.choice, Quot.sound]
2026-09-19T08:31:46.5929662Z warning: NLA/MF14Degree44/Mod3Columns8.lean:45:13: This simp argument is unused:
2026-09-19T08:31:46.5930398Z   coeff_add
2026-09-19T08:31:46.5930743Z 
2026-09-19T08:31:46.5931095Z Hint: Omit it from the simp argument list.
2026-09-19T08:31:46.5931743Z   [apply] simp only [coeff_C_mul_X_pow]
2026-09-19T08:31:46.5932193Z 
2026-09-19T08:31:46.5932707Z Note: This linter can be disabled with `set_option linter.unusedSimpArgs false`
2026-09-19T08:31:46.5934160Z info: NLA/MF14Degree44/Mod3Columns8.lean:47:0: 'NLA.MF14Degree44.Mod3Certificate.column_table_match_41' depends on axioms: [propext, Classical.choice, Quot.sound]
2026-09-19T08:31:46.5935549Z warning: NLA/MF14Degree44/Mod3Columns8.lean:65:13: This simp argument is unused:
2026-09-19T08:31:46.5936543Z   coeff_add
2026-09-19T08:31:46.5936899Z 
2026-09-19T08:31:46.5937257Z Hint: Omit it from the simp argument list.
2026-09-19T08:31:46.5937893Z   [apply] simp only [coeff_C_mul_X_pow]
2026-09-19T08:31:46.5938332Z 
2026-09-19T08:31:46.5938839Z Note: This linter can be disabled with `set_option linter.unusedSimpArgs false`
2026-09-19T08:31:46.5940198Z info: NLA/MF14Degree44/Mod3Columns8.lean:67:0: 'NLA.MF14Degree44.Mod3Certificate.column_table_match_42' depends on axioms: [propext, Classical.choice, Quot.sound]
2026-09-19T08:31:46.5941966Z info: NLA/MF14Degree44/Mod3Columns8.lean:87:0: 'NLA.MF14Degree44.Mod3Certificate.column_table_match_43' depends on axioms: [propext, Classical.choice, Quot.sound]
2026-09-19T08:31:46.5944024Z info: NLA/MF14Degree44/Mod3Columns8.lean:107:0: 'NLA.MF14Degree44.Mod3Certificate.column_table_match_44' depends on axioms: [propext, Classical.choice, Quot.sound]
2026-09-19T08:31:51.2095199Z ✔ [3601/3712] Built LeanCert.Engine.AD.Correctness (4.8s)
2026-09-19T08:31:58.2253444Z ✔ [3602/3712] Built LeanCert.Engine.TaylorModel.Expr (6.9s)
2026-09-19T08:32:03.4352598Z ℹ [3603/3713] Built NLA.MF14Degree44.Mod3Rows0 (22s)
2026-09-19T08:32:03.4354594Z info: NLA/MF14Degree44/Mod3Rows0.lean:16:0: 'NLA.MF14Degree44.Mod3Certificate.natural_inverse_row_0' depends on axioms: [propext]
2026-09-19T08:32:03.4356564Z info: NLA/MF14Degree44/Mod3Rows0.lean:25:0: 'NLA.MF14Degree44.Mod3Certificate.natural_inverse_row_1' depends on axioms: [propext]
2026-09-19T08:32:03.4358122Z info: NLA/MF14Degree44/Mod3Rows0.lean:34:0: 'NLA.MF14Degree44.Mod3Certificate.natural_inverse_row_2' depends on axioms: [propext]
2026-09-19T08:32:03.4360280Z info: NLA/MF14Degree44/Mod3Rows0.lean:43:0: 'NLA.MF14Degree44.Mod3Certificate.natural_inverse_row_3' depends on axioms: [propext]
2026-09-19T08:32:03.4361904Z info: NLA/MF14Degree44/Mod3Rows0.lean:52:0: 'NLA.MF14Degree44.Mod3Certificate.natural_inverse_row_4' depends on axioms: [propext]
2026-09-19T08:32:07.8419756Z ✔ [3604/3713] Built LeanCert.Engine.AD.Computable (4.4s)
2026-09-19T08:32:08.2424474Z ℹ [3605/3713] Built NLA.MF14Degree44.Mod3Rows1 (23s)
2026-09-19T08:32:08.2429804Z info: NLA/MF14Degree44/Mod3Rows1.lean:16:0: 'NLA.MF14Degree44.Mod3Certificate.natural_inverse_row_5' depends on axioms: [propext]
2026-09-19T08:32:08.2431407Z info: NLA/MF14Degree44/Mod3Rows1.lean:25:0: 'NLA.MF14Degree44.Mod3Certificate.natural_inverse_row_6' depends on axioms: [propext]
2026-09-19T08:32:08.2432915Z info: NLA/MF14Degree44/Mod3Rows1.lean:34:0: 'NLA.MF14Degree44.Mod3Certificate.natural_inverse_row_7' depends on axioms: [propext]
2026-09-19T08:32:08.2434408Z info: NLA/MF14Degree44/Mod3Rows1.lean:43:0: 'NLA.MF14Degree44.Mod3Certificate.natural_inverse_row_8' depends on axioms: [propext]
2026-09-19T08:32:08.2435955Z info: NLA/MF14Degree44/Mod3Rows1.lean:52:0: 'NLA.MF14Degree44.Mod3Certificate.natural_inverse_row_9' depends on axioms: [propext]
2026-09-19T08:32:09.8445304Z ℹ [3606/3714] Built NLA.MF14Degree44.Mod3Rows2 (23s)
2026-09-19T08:32:09.8447697Z info: NLA/MF14Degree44/Mod3Rows2.lean:16:0: 'NLA.MF14Degree44.Mod3Certificate.natural_inverse_row_10' depends on axioms: [propext]
2026-09-19T08:32:09.8449603Z info: NLA/MF14Degree44/Mod3Rows2.lean:25:0: 'NLA.MF14Degree44.Mod3Certificate.natural_inverse_row_11' depends on axioms: [propext]
2026-09-19T08:32:09.8451210Z info: NLA/MF14Degree44/Mod3Rows2.lean:34:0: 'NLA.MF14Degree44.Mod3Certificate.natural_inverse_row_12' depends on axioms: [propext]
2026-09-19T08:32:09.8452676Z info: NLA/MF14Degree44/Mod3Rows2.lean:43:0: 'NLA.MF14Degree44.Mod3Certificate.natural_inverse_row_13' depends on axioms: [propext]
2026-09-19T08:32:09.8454460Z info: NLA/MF14Degree44/Mod3Rows2.lean:52:0: 'NLA.MF14Degree44.Mod3Certificate.natural_inverse_row_14' depends on axioms: [propext]
2026-09-19T08:32:13.2509951Z ✔ [3607/3714] Built LeanCert.Engine.TaylorModel (3.4s)
2026-09-19T08:32:15.3527490Z ✔ [3608/3715] Built LeanCert.Engine.AD.PartialCorrectness (7.5s)
2026-09-19T08:32:19.9626142Z ✔ [3609/3715] Built LeanCert.Engine.AD.DomainChecked (4.6s)
2026-09-19T08:32:20.9622334Z ℹ [3610/3716] Built NLA.MF14Degree44.Mod3Rows3 (22s)
2026-09-19T08:32:20.9624752Z info: NLA/MF14Degree44/Mod3Rows3.lean:16:0: 'NLA.MF14Degree44.Mod3Certificate.natural_inverse_row_15' depends on axioms: [propext]
2026-09-19T08:32:20.9626912Z info: NLA/MF14Degree44/Mod3Rows3.lean:25:0: 'NLA.MF14Degree44.Mod3Certificate.natural_inverse_row_16' depends on axioms: [propext]
2026-09-19T08:32:20.9628779Z info: NLA/MF14Degree44/Mod3Rows3.lean:34:0: 'NLA.MF14Degree44.Mod3Certificate.natural_inverse_row_17' depends on axioms: [propext]
2026-09-19T08:32:20.9630483Z info: NLA/MF14Degree44/Mod3Rows3.lean:43:0: 'NLA.MF14Degree44.Mod3Certificate.natural_inverse_row_18' depends on axioms: [propext]
2026-09-19T08:32:20.9632317Z info: NLA/MF14Degree44/Mod3Rows3.lean:52:0: 'NLA.MF14Degree44.Mod3Certificate.natural_inverse_row_19' depends on axioms: [propext]
2026-09-19T08:32:29.5799986Z ℹ [3612/3723] Built NLA.MF14Degree44.Mod3Rows4 (21s)
2026-09-19T08:32:29.5802063Z info: NLA/MF14Degree44/Mod3Rows4.lean:16:0: 'NLA.MF14Degree44.Mod3Certificate.natural_inverse_row_20' depends on axioms: [propext]
2026-09-19T08:32:29.5803788Z info: NLA/MF14Degree44/Mod3Rows4.lean:25:0: 'NLA.MF14Degree44.Mod3Certificate.natural_inverse_row_21' depends on axioms: [propext]
2026-09-19T08:32:29.5805527Z info: NLA/MF14Degree44/Mod3Rows4.lean:34:0: 'NLA.MF14Degree44.Mod3Certificate.natural_inverse_row_22' depends on axioms: [propext]
2026-09-19T08:32:29.5807420Z info: NLA/MF14Degree44/Mod3Rows4.lean:43:0: 'NLA.MF14Degree44.Mod3Certificate.natural_inverse_row_23' depends on axioms: [propext]
2026-09-19T08:32:29.5809050Z info: NLA/MF14Degree44/Mod3Rows4.lean:52:0: 'NLA.MF14Degree44.Mod3Certificate.natural_inverse_row_24' depends on axioms: [propext]
2026-09-19T08:32:35.1914960Z ✔ [3613/3723] Built LeanCert.Engine.AD.Dyadic (5.6s)
2026-09-19T08:32:35.1918487Z ℹ [3614/3723] Built NLA.MF14Degree44.Mod3Rows5 (21s)
2026-09-19T08:32:35.1920372Z info: NLA/MF14Degree44/Mod3Rows5.lean:16:0: 'NLA.MF14Degree44.Mod3Certificate.natural_inverse_row_25' depends on axioms: [propext]
2026-09-19T08:32:35.1922164Z info: NLA/MF14Degree44/Mod3Rows5.lean:25:0: 'NLA.MF14Degree44.Mod3Certificate.natural_inverse_row_26' depends on axioms: [propext]
2026-09-19T08:32:35.1924008Z info: NLA/MF14Degree44/Mod3Rows5.lean:34:0: 'NLA.MF14Degree44.Mod3Certificate.natural_inverse_row_27' depends on axioms: [propext]
2026-09-19T08:32:35.1925812Z info: NLA/MF14Degree44/Mod3Rows5.lean:43:0: 'NLA.MF14Degree44.Mod3Certificate.natural_inverse_row_28' depends on axioms: [propext]
2026-09-19T08:32:35.1927877Z info: NLA/MF14Degree44/Mod3Rows5.lean:52:0: 'NLA.MF14Degree44.Mod3Certificate.natural_inverse_row_29' depends on axioms: [propext]
2026-09-19T08:32:38.9965567Z ℹ [3615/3723] Built NLA.MF14Degree44.Mod3CastBridge (3.8s)
2026-09-19T08:32:38.9967290Z info: NLA/MF14Degree44/Mod3CastBridge.lean:26:0: 'NLA.MF14Degree44.Mod3Certificate.product_entry_cast' depends on axioms: [propext, Classical.choice, Quot.sound]
2026-09-19T08:32:38.9969180Z info: NLA/MF14Degree44/Mod3CastBridge.lean:28:0: 'NLA.MF14Degree44.Mod3Certificate.matrix_entry_of_natural_residue' depends on axioms: [propext,
2026-09-19T08:32:38.9970280Z  Classical.choice,
2026-09-19T08:32:38.9970637Z  Quot.sound]
2026-09-19T08:32:41.3021832Z ℹ [3616/3723] Built NLA.MF14Degree44.Mod3Rows6 (21s)
2026-09-19T08:32:41.3026014Z info: NLA/MF14Degree44/Mod3Rows6.lean:16:0: 'NLA.MF14Degree44.Mod3Certificate.natural_inverse_row_30' depends on axioms: [propext]
2026-09-19T08:32:41.3031513Z info: NLA/MF14Degree44/Mod3Rows6.lean:25:0: 'NLA.MF14Degree44.Mod3Certificate.natural_inverse_row_31' depends on axioms: [propext]
2026-09-19T08:32:41.3033099Z info: NLA/MF14Degree44/Mod3Rows6.lean:34:0: 'NLA.MF14Degree44.Mod3Certificate.natural_inverse_row_32' depends on axioms: [propext]
2026-09-19T08:32:41.3034655Z info: NLA/MF14Degree44/Mod3Rows6.lean:43:0: 'NLA.MF14Degree44.Mod3Certificate.natural_inverse_row_33' depends on axioms: [propext]
2026-09-19T08:32:41.3036157Z info: NLA/MF14Degree44/Mod3Rows6.lean:52:0: 'NLA.MF14Degree44.Mod3Certificate.natural_inverse_row_34' depends on axioms: [propext]
2026-09-19T08:32:41.8029594Z ✔ [3617/3723] Built LeanCert.Engine.AD (2.8s)
2026-09-19T08:32:42.3027729Z ℹ [3618/3723] Built NLA.MF14Degree44.Mod3Rows7 (21s)
2026-09-19T08:32:42.3030081Z info: NLA/MF14Degree44/Mod3Rows7.lean:16:0: 'NLA.MF14Degree44.Mod3Certificate.natural_inverse_row_35' depends on axioms: [propext]
2026-09-19T08:32:42.3032064Z info: NLA/MF14Degree44/Mod3Rows7.lean:25:0: 'NLA.MF14Degree44.Mod3Certificate.natural_inverse_row_36' depends on axioms: [propext]
2026-09-19T08:32:42.3033982Z info: NLA/MF14Degree44/Mod3Rows7.lean:34:0: 'NLA.MF14Degree44.Mod3Certificate.natural_inverse_row_37' depends on axioms: [propext]
2026-09-19T08:32:42.3035888Z info: NLA/MF14Degree44/Mod3Rows7.lean:43:0: 'NLA.MF14Degree44.Mod3Certificate.natural_inverse_row_38' depends on axioms: [propext]
2026-09-19T08:32:42.3038101Z info: NLA/MF14Degree44/Mod3Rows7.lean:52:0: 'NLA.MF14Degree44.Mod3Certificate.natural_inverse_row_39' depends on axioms: [propext]
2026-09-19T08:32:46.0173417Z ✔ [3619/3723] Built LeanCert.Validity.Bounds.Smart (4.2s)
2026-09-19T08:32:46.8180747Z ✔ [3620/3723] Built LeanCert.Engine.IntervalEvalRefined (5.0s)
2026-09-19T08:32:47.1197393Z ✔ [3621/3723] Built LeanCert.Meta.ProveSupported (4.7s)
2026-09-19T08:32:50.9237385Z ✔ [3622/3723] Built LeanCert.Validity.Bounds.Bridge (4.2s)
2026-09-19T08:32:53.0302168Z ✔ [3623/3723] Built LeanCert.Meta.ProveContinuous (5.9s)
2026-09-19T08:32:53.7300862Z ✔ [3624/3723] Built LeanCert.Engine.Optimize (7.7s)
2026-09-19T08:32:56.1343609Z ✔ [3625/3723] Built LeanCert.Validity.Bounds.Basic (3.1s)
2026-09-19T08:32:57.7420245Z ℹ [3626/3723] Built NLA.MF14Degree44.Mod3Rows8 (22s)
2026-09-19T08:32:57.7423480Z info: NLA/MF14Degree44/Mod3Rows8.lean:16:0: 'NLA.MF14Degree44.Mod3Certificate.natural_inverse_row_40' depends on axioms: [propext]
2026-09-19T08:32:57.7425370Z info: NLA/MF14Degree44/Mod3Rows8.lean:25:0: 'NLA.MF14Degree44.Mod3Certificate.natural_inverse_row_41' depends on axioms: [propext]
2026-09-19T08:32:57.7427691Z info: NLA/MF14Degree44/Mod3Rows8.lean:34:0: 'NLA.MF14Degree44.Mod3Certificate.natural_inverse_row_42' depends on axioms: [propext]
2026-09-19T08:32:57.7429660Z info: NLA/MF14Degree44/Mod3Rows8.lean:43:0: 'NLA.MF14Degree44.Mod3Certificate.natural_inverse_row_43' depends on axioms: [propext]
2026-09-19T08:32:57.7431819Z info: NLA/MF14Degree44/Mod3Rows8.lean:52:0: 'NLA.MF14Degree44.Mod3Certificate.natural_inverse_row_44' depends on axioms: [propext]
2026-09-19T08:32:57.9423369Z ✔ [3627/3723] Built LeanCert.Tactic.IntervalAuto.ProveCommon (6.0s)
2026-09-19T08:33:00.8532171Z ✔ [3628/3723] Built LeanCert.Tactic.LeanCert.Bridge.ReifiedFunction (4.7s)
2026-09-19T08:33:01.0533905Z ✔ [3629/3723] Built LeanCert.Validity.Integration (7.3s)
2026-09-19T08:33:04.4783837Z ✔ [3630/3723] Built LeanCert.Engine.RootFinding.Newton (6.5s)
2026-09-19T08:33:05.7800757Z ✔ [3631/3723] Built LeanCert.Tactic.IntervalAuto.Basic (4.7s)
2026-09-19T08:33:05.9002908Z ✔ [3632/3723] Built LeanCert.Engine.Optimization.Gradient (8.2s)
2026-09-19T08:33:06.3008629Z ℹ [3633/3723] Built NLA.MF14Degree44.Mod3Certificate (5.5s)
2026-09-19T08:33:06.3011497Z info: NLA/MF14Degree44/Mod3Certificate.lean:146:0: 'NLA.MF14Degree44.integerJacobian_eq_checked_table' depends on axioms: [propext, Classical.choice, Quot.sound]
2026-09-19T08:33:06.3013747Z info: NLA/MF14Degree44/Mod3Certificate.lean:148:0: 'NLA.MF14Degree44.mod3_checked_table_inverse' depends on axioms: [propext, Classical.choice, Quot.sound]
2026-09-19T08:33:06.3015955Z info: NLA/MF14Degree44/Mod3Certificate.lean:150:0: 'NLA.MF14Degree44.integerJacobianMod3_eq_checked_table' depends on axioms: [propext, Classical.choice, Quot.sound]
2026-09-19T08:33:06.3018429Z info: NLA/MF14Degree44/Mod3Certificate.lean:152:0: 'NLA.MF14Degree44.integer_jacobian_mod3_inverse' depends on axioms: [propext, Classical.choice, Quot.sound]
2026-09-19T08:33:08.8120545Z ✔ [3634/3723] Built LeanCert.Tactic.LeanCert.Semantic.Prepare (4.4s)
2026-09-19T08:33:18.6454078Z ✔ [3635/3723] Built LeanCert.Engine.RootFinding.MVTBounds (12s)
2026-09-19T08:33:19.4467355Z ✔ [3636/3723] Built LeanCert.Tactic.LeanCert.Integral (13s)
2026-09-19T08:33:21.4520556Z ✔ [3637/3723] Built LeanCert.Engine.RootFinding.Krawczyk (12s)
2026-09-19T08:33:25.9655318Z ℹ [3638/3723] Built NLA.MF14Degree44.JacobianNonzero (7.3s)
2026-09-19T08:33:25.9658098Z info: NLA/MF14Degree44/JacobianNonzero.lean:39:0: 'NLA.MF14Degree44.integer_jacobian_det_ne_zero' depends on axioms: [propext, Classical.choice, Quot.sound]
2026-09-19T08:33:25.9660209Z info: NLA/MF14Degree44/JacobianNonzero.lean:41:0: 'NLA.MF14Degree44.complex_integer_jacobian_det_ne_zero' depends on axioms: [propext, Classical.choice, Quot.sound]
2026-09-19T08:33:30.5753063Z ✔ [3639/3723] Built LeanCert.Tactic.LeanCert.Solver.Protocol (9.1s)
2026-09-19T08:33:31.3759632Z ✔ [3640/3723] Built LeanCert.Tactic.Extension.Execute (11s)
2026-09-19T08:33:34.2989823Z ✔ [3641/3723] Built LeanCert.Engine.RootFinding.Contraction (8.3s)
2026-09-19T08:33:35.1993626Z ✔ [3642/3723] Built LeanCert.Engine.RootFinding.KrawczykCandidate (4.6s)
2026-09-19T08:33:35.2995313Z ✔ [3643/3723] Built LeanCert.Validity.Krawczyk (3.0s)
2026-09-19T08:33:38.7065376Z ✔ [3644/3723] Built LeanCert.Engine.RootFinding.Main (3.4s)
2026-09-19T08:33:38.7071318Z ✔ [3645/3723] Built LeanCert.Tactic.LeanCert.Diagnostic.Render (4.5s)
2026-09-19T08:33:39.1072652Z ✔ [3646/3723] Built LeanCert.Engine.Optimization.Global (32s)
2026-09-19T08:33:39.2099891Z ✔ [3647/3723] Built LeanCert.Tactic.Enclosure (4.0s)
2026-09-19T08:33:42.6319380Z ✔ [3648/3723] Built LeanCert.Validity.Types (3.6s)
2026-09-19T08:33:42.6325358Z ✔ [3649/3723] Built LeanCert.Engine.Optimization.Guided (3.5s)
2026-09-19T08:33:42.8337434Z ✔ [3650/3723] Built LeanCert.Engine.Search.CounterExample (3.6s)
2026-09-19T08:33:46.0448292Z ✔ [3651/3723] Built LeanCert.Validity.Bounds (6.0s)
2026-09-19T08:33:46.0450142Z ✔ [3652/3723] Built LeanCert.Engine.Optimization.BoundVerify (3.4s)
2026-09-19T08:33:50.0598846Z ✔ [3653/3723] Built LeanCert.Discovery.Find (3.0s)
2026-09-19T08:33:50.9647480Z ✔ [3654/3723] Built LeanCert.Tactic.IntervalAuto.OptBound (4.9s)
2026-09-19T08:33:52.9673059Z ✔ [3655/3723] Built LeanCert.Tactic.IntervalAuto.Multivariate (6.9s)
2026-09-19T08:33:54.0687311Z ✔ [3656/3723] Built LeanCert.Tactic.IntervalAuto.RootBound (4.0s)
2026-09-19T08:34:02.9778844Z ✔ [3657/3723] Built LeanCert.Tactic.IntervalAuto.Bound (16s)
2026-09-19T08:34:07.3874484Z ✔ [3658/3723] Built LeanCert.Tactic.IntervalAuto.Subdiv (4.4s)
2026-09-19T08:34:10.4941370Z ✔ [3659/3723] Built LeanCert.Tactic.IntervalAuto.Adaptive (7.5s)
2026-09-19T08:34:12.6958472Z ✔ [3660/3723] Built LeanCert.Tactic.IntervalAuto.PointIneq (9.7s)
2026-09-19T08:34:15.2017781Z ✔ [3661/3723] Built LeanCert.Tactic.IntervalAuto (2.5s)
2026-09-19T08:34:19.5124626Z ✔ [3662/3723] Built LeanCert.Tactic.Refute (4.4s)
2026-09-19T08:34:21.3196842Z ✔ [3663/3723] Built LeanCert.Tactic.FinSumWitness (6.2s)
2026-09-19T08:34:25.8287291Z ✔ [3664/3723] Built LeanCert.Tactic.FinSumBound (4.5s)
2026-09-19T08:34:29.0368350Z ✔ [3665/3723] Built LeanCert.Tactic.LeanCert.Semantic.Parse (3.2s)
2026-09-19T08:34:29.1369626Z ✔ [3666/3723] Built LeanCert.Tactic.Discovery (14s)
2026-09-19T08:34:32.4412404Z ✔ [3667/3723] Built LeanCert.Tactic.Krawczyk (3.3s)
2026-09-19T08:34:40.3556023Z ✔ [3668/3723] Built LeanCert.Tactic.LeanCert.Router (7.0s)
2026-09-19T08:34:42.9582713Z ✔ [3669/3723] Built LeanCert.Tactic.LeanCert (2.6s)
2026-09-19T08:34:45.5613647Z ✔ [3670/3723] Built LeanCert.Tactic (2.6s)
2026-09-19T08:34:50.2672495Z ℹ [3671/3723] Built NLA.MF14Degree44.SyzygyMiddle9 (4.7s)
2026-09-19T08:34:50.2674322Z info: NLA/MF14Degree44/SyzygyMiddle9.lean:20:0: 'NLA.MF14Degree44.syzygy_middle9_zero' depends on axioms: [propext, Classical.choice, Quot.sound]
2026-09-19T08:34:50.3673795Z ℹ [3672/3723] Built NLA.MF14Degree44.SyzygyMiddle7 (4.8s)
2026-09-19T08:34:50.3675904Z info: NLA/MF14Degree44/SyzygyMiddle7.lean:20:0: 'NLA.MF14Degree44.syzygy_middle7_zero' depends on axioms: [propext, Classical.choice, Quot.sound]
2026-09-19T08:34:50.3684033Z ℹ [3673/3723] Built NLA.MF14Degree44.SyzygyMiddle8 (4.8s)
2026-09-19T08:34:50.3685762Z info: NLA/MF14Degree44/SyzygyMiddle8.lean:20:0: 'NLA.MF14Degree44.syzygy_middle8_zero' depends on axioms: [propext, Classical.choice, Quot.sound]
2026-09-19T08:34:51.4865988Z ⚠ [3674/3723] Built NLA.MF14Degree44.SyzygyExpansion (5.9s)
2026-09-19T08:34:51.4867928Z warning: NLA/MF14Degree44/SyzygyExpansion.lean:25:72: Used `tac1 <;> tac2` where `(tac1; tac2)` would suffice
2026-09-19T08:34:51.4868676Z 
2026-09-19T08:34:51.4869131Z Note: This linter can be disabled with `set_option linter.unnecessarySeqFocus false`
2026-09-19T08:34:51.4870605Z info: NLA/MF14Degree44/SyzygyExpansion.lean:27:0: 'NLA.MF14Degree44.syzygy_polynomial_expansion' depends on axioms: [propext, Classical.choice, Quot.sound]
2026-09-19T08:34:54.7913268Z ℹ [3675/3723] Built NLA.MF14Degree44.SyzygyFactors (4.5s)
2026-09-19T08:34:54.7914507Z info: NLA/MF14Degree44/SyzygyFactors.lean:25:0: 'NLA.MF14Degree44.syzygy_third_factor' depends on axioms: [propext, Classical.choice, Quot.sound]
2026-09-19T08:34:54.7916085Z info: NLA/MF14Degree44/SyzygyFactors.lean:27:0: 'NLA.MF14Degree44.syzygy_fourth_factor' depends on axioms: [propext, Classical.choice, Quot.sound]
2026-09-19T08:34:54.7917644Z ℹ [3676/3723] Built NLA.MF14Degree44.SyzygyMiddle10 (4.5s)
2026-09-19T08:34:54.7918770Z info: NLA/MF14Degree44/SyzygyMiddle10.lean:20:0: 'NLA.MF14Degree44.syzygy_middle10_zero' depends on axioms: [propext, Classical.choice, Quot.sound]
2026-09-19T08:34:54.8918089Z ℹ [3677/3723] Built NLA.MF14Degree44.SyzygyLowPart (4.4s)
2026-09-19T08:34:54.8919344Z info: NLA/MF14Degree44/SyzygyLowPart.lean:58:0: 'NLA.MF14Degree44.lowPart6_coeff' depends on axioms: [propext, Classical.choice, Quot.sound]
2026-09-19T08:34:54.8922075Z info: NLA/MF14Degree44/SyzygyLowPart.lean:60:0: 'NLA.MF14Degree44.syzygy_low_part_high_coeff' depends on axioms: [propext, Classical.choice, Quot.sound]
2026-09-19T08:34:54.8923919Z info: NLA/MF14Degree44/SyzygyLowPart.lean:62:0: 'NLA.MF14Degree44.scaled_degenerationZ_low_coeff' depends on axioms: [propext, Classical.choice, Quot.sound]
2026-09-19T08:34:56.3935351Z ⚠ [3678/3723] Built NLA.MF14Degree44.DegenerationAtZero (4.9s)
2026-09-19T08:34:56.3937237Z warning: NLA/MF14Degree44/DegenerationAtZero.lean:21:97: Used `tac1 <;> tac2` where `(tac1; tac2)` would suffice
2026-09-19T08:34:56.3938186Z 
2026-09-19T08:34:56.3938773Z Note: This linter can be disabled with `set_option linter.unnecessarySeqFocus false`
2026-09-19T08:34:56.3940478Z info: NLA/MF14Degree44/DegenerationAtZero.lean:23:0: 'NLA.MF14Degree44.degeneration_at_zero' depends on axioms: [propext, Classical.choice, Quot.sound]
2026-09-19T08:34:59.4215579Z ℹ [3679/3723] Built NLA.MF14Degree44.PolynomialDensity (4.7s)
2026-09-19T08:34:59.4218221Z info: NLA/MF14Degree44/PolynomialDensity.lean:47:0: 'NLA.MF14Degree44.polynomial_density_of_strict_derivative' depends on axioms: [propext, Classical.choice, Quot.sound]
2026-09-19T08:34:59.6218718Z ✔ [3680/3723] Built NLA.MF14Degree44.CoefficientSmooth (4.8s)
2026-09-19T08:35:00.1213832Z ✔ [3681/3723] Built NLA.MF14Degree44.FirstDerivatives (5.3s)
2026-09-19T08:35:01.6580802Z ℹ [3682/3723] Built NLA.MF14Degree44.ThirdProductFactorization (5.3s)
2026-09-19T08:35:01.6583825Z info: NLA/MF14Degree44/ThirdProductFactorization.lean:24:0: 'NLA.MF14Degree44.third_product_factorization' depends on axioms: [propext, Classical.choice, Quot.sound]
2026-09-19T08:35:03.8632504Z ℹ [3683/3723] Built NLA.MF14Degree44.CircuitPrefix (4.4s)
2026-09-19T08:35:03.8634887Z info: NLA/MF14Degree44/CircuitPrefix.lean:78:0: 'NLA.MF14Degree44.canonical_gate_padding' depends on axioms: [propext, Classical.choice, Quot.sound]
2026-09-19T08:35:03.8637345Z info: NLA/MF14Degree44/CircuitPrefix.lean:80:0: 'NLA.MF14Degree44.prefix_gate_natDegree_bound' depends on axioms: [propext, Classical.choice, Quot.sound]
2026-09-19T08:35:03.8639478Z info: NLA/MF14Degree44/CircuitPrefix.lean:82:0: 'NLA.MF14Degree44.prefix_available_natDegree' depends on axioms: [propext, Classical.choice, Quot.sound]
2026-09-19T08:35:03.8641484Z info: NLA/MF14Degree44/CircuitPrefix.lean:84:0: 'NLA.MF14Degree44.four_prefix_full_coefficients' depends on axioms: [propext, Classical.choice, Quot.sound]
2026-09-19T08:35:06.0669622Z ⚠ [3684/3723] Built NLA.MF14Degree44.DegenerationIdentity (5.9s)
2026-09-19T08:35:06.0672447Z warning: NLA/MF14Degree44/DegenerationIdentity.lean:26:51: This simp argument is unused:
2026-09-19T08:35:06.0673469Z   map_sub
2026-09-19T08:35:06.0673866Z 
2026-09-19T08:35:06.0674278Z Hint: Omit it from the simp argument list.
2026-09-19T08:35:06.0675448Z   [apply] simp [syzygyHighPartFor, syzygy_third_factor, syzygy_fourth_factor, syzygyR5, syzygyR6, degenerationZ,
2026-09-19T08:35:06.0676894Z     map_add, map_mul, map_pow, map_ofNat, map_neg]
2026-09-19T08:35:06.0677444Z 
2026-09-19T08:35:06.0678011Z Note: This linter can be disabled with `set_option linter.unusedSimpArgs false`
2026-09-19T08:35:06.0679284Z warning: NLA/MF14Degree44/DegenerationIdentity.lean:26:60: Used `tac1 <;> tac2` where `(tac1; tac2)` would suffice
2026-09-19T08:35:06.0680164Z 
2026-09-19T08:35:06.0680724Z Note: This linter can be disabled with `set_option linter.unnecessarySeqFocus false`
2026-09-19T08:35:06.0682330Z info: NLA/MF14Degree44/DegenerationIdentity.lean:55:0: 'NLA.MF14Degree44.degeneration_high_part' depends on axioms: [propext, Classical.choice, Quot.sound]
2026-09-19T08:35:06.0684434Z info: NLA/MF14Degree44/DegenerationIdentity.lean:57:0: 'NLA.MF14Degree44.degeneration_decomposition' depends on axioms: [propext, Classical.choice, Quot.sound]
2026-09-19T08:35:06.0686666Z info: NLA/MF14Degree44/DegenerationIdentity.lean:59:0: 'NLA.MF14Degree44.degeneration_low_part' depends on axioms: [propext, Classical.choice, Quot.sound]
2026-09-19T08:35:06.0688985Z info: NLA/MF14Degree44/DegenerationIdentity.lean:61:0: 'NLA.MF14Degree44.degeneration_identity' depends on axioms: [propext, Classical.choice, Quot.sound]
2026-09-19T08:35:06.2660991Z ℹ [3685/3723] Built NLA.MF14Degree44.JacobianEquivalence (4.5s)
2026-09-19T08:35:06.2663570Z info: NLA/MF14Degree44/JacobianEquivalence.lean:74:0: 'NLA.MF14Degree44.jacobianAt_eq_toMatrix' depends on axioms: [propext, Classical.choice, Quot.sound]
2026-09-19T08:35:06.2665748Z info: NLA/MF14Degree44/JacobianEquivalence.lean:76:0: 'NLA.MF14Degree44.jacobianAt_det_eq' depends on axioms: [propext, Classical.choice, Quot.sound]
2026-09-19T08:35:06.2668134Z info: NLA/MF14Degree44/JacobianEquivalence.lean:78:0: 'NLA.MF14Degree44.derivative_equivalence_of_jacobian_det_ne_zero' depends on axioms: [propext,
2026-09-19T08:35:06.2669456Z  Classical.choice,
2026-09-19T08:35:06.2669994Z  Quot.sound]
2026-09-19T08:35:06.2671205Z info: NLA/MF14Degree44/JacobianEquivalence.lean:80:0: 'NLA.MF14Degree44.derivative_bijective_of_jacobian_det_ne_zero' depends on axioms: [propext,
2026-09-19T08:35:06.2672504Z  Classical.choice,
2026-09-19T08:35:06.2673031Z  Quot.sound]
2026-09-19T08:35:06.2674366Z info: NLA/MF14Degree44/JacobianEquivalence.lean:82:0: 'NLA.MF14Degree44.polynomial_density_of_smooth_jacobian' depends on axioms: [propext, Classical.choice, Quot.sound]
2026-09-19T08:35:07.1665539Z ⚠ [3686/3723] Built NLA.MF14Degree44.FourthDeterminantBlocks (7.5s)
2026-09-19T08:35:07.1668166Z warning: NLA/MF14Degree44/FourthDeterminantBlocks.lean:50:6: Unused tactic linter: `norm_num` does nothing
2026-09-19T08:35:07.1669136Z 
2026-09-19T08:35:07.1670043Z Note: This linter can be disabled with `set_option linter.unusedTactic false`
2026-09-19T08:35:07.1671371Z warning: NLA/MF14Degree44/FourthDeterminantBlocks.lean:50:2: Used `tac1 <;> tac2` where `(tac1; tac2)` would suffice
2026-09-19T08:35:07.1672270Z 
2026-09-19T08:35:07.1672870Z Note: This linter can be disabled with `set_option linter.unnecessarySeqFocus false`
2026-09-19T08:35:07.1674183Z warning: NLA/MF14Degree44/FourthDeterminantBlocks.lean:51:2: Used `tac1 <;> tac2` where `(tac1; tac2)` would suffice
2026-09-19T08:35:07.1675087Z 
2026-09-19T08:35:07.1675657Z Note: This linter can be disabled with `set_option linter.unnecessarySeqFocus false`
2026-09-19T08:35:07.1677532Z info: NLA/MF14Degree44/FourthDeterminantBlocks.lean:53:0: 'NLA.MF14Degree44.det_fin_add_of_lower_left_zero' depends on axioms: [propext, Classical.choice, Quot.sound]
2026-09-19T08:35:07.1679496Z info: NLA/MF14Degree44/FourthDeterminantBlocks.lean:55:0: 'NLA.MF14Degree44.fourth_core_det' depends on axioms: [propext, Classical.choice, Quot.sound]
2026-09-19T08:35:10.4719452Z ℹ [3687/3723] Built NLA.MF14Degree44.FourthSmooth (4.4s)
2026-09-19T08:35:10.4721742Z info: NLA/MF14Degree44/FourthSmooth.lean:38:0: 'NLA.MF14Degree44.fourth_polynomial_coefficients_smooth' depends on axioms: [propext, Classical.choice, Quot.sound]
2026-09-19T08:35:10.4724110Z info: NLA/MF14Degree44/FourthSmooth.lean:40:0: 'NLA.MF14Degree44.fourth_map_smooth' depends on axioms: [propext, Classical.choice, Quot.sound]
2026-09-19T08:35:16.6901435Z ℹ [3688/3723] Built NLA.MF14Degree44.CircuitSpanOperations (6.2s)
2026-09-19T08:35:16.6904149Z info: NLA/MF14Degree44/CircuitSpanOperations.lean:86:0: 'NLA.MF14Degree44.available_one' depends on axioms: [propext, Classical.choice, Quot.sound]
2026-09-19T08:35:16.6906588Z info: NLA/MF14Degree44/CircuitSpanOperations.lean:88:0: 'NLA.MF14Degree44.available_X' depends on axioms: [propext, Classical.choice, Quot.sound]
2026-09-19T08:35:16.6908788Z info: NLA/MF14Degree44/CircuitSpanOperations.lean:90:0: 'NLA.MF14Degree44.available_gate' depends on axioms: [propext, Classical.choice, Quot.sound]
2026-09-19T08:35:16.6910900Z info: NLA/MF14Degree44/CircuitSpanOperations.lean:92:0: 'NLA.MF14Degree44.polynomial_C_mul_mem' depends on axioms: [propext, Classical.choice, Quot.sound]
2026-09-19T08:35:16.6913132Z info: NLA/MF14Degree44/CircuitSpanOperations.lean:94:0: 'NLA.MF14Degree44.linearCombination_mem' depends on axioms: [propext, Classical.choice, Quot.sound]
2026-09-19T08:35:16.6915734Z info: NLA/MF14Degree44/CircuitSpanOperations.lean:96:0: 'NLA.MF14Degree44.append_product_to_prefix' depends on axioms: [propext, Classical.choice, Quot.sound]
2026-09-19T08:35:18.4917082Z ℹ [3689/3723] Built NLA.MF14Degree44.FourthJacobian (11s)
2026-09-19T08:35:18.4918460Z info: NLA/MF14Degree44/FourthJacobian.lean:81:0: 'NLA.MF14Degree44.fourth_first_jet_value' depends on axioms: [propext, Classical.choice, Quot.sound]
2026-09-19T08:35:18.4920275Z info: NLA/MF14Degree44/FourthJacobian.lean:83:0: 'NLA.MF14Degree44.fourth_first_jet_sound' depends on axioms: [propext, Classical.choice, Quot.sound]
2026-09-19T08:35:18.4922000Z info: NLA/MF14Degree44/FourthJacobian.lean:85:0: 'NLA.MF14Degree44.fourth_first_columns' depends on axioms: [propext, Classical.choice, Quot.sound]
2026-09-19T08:35:18.4923774Z info: NLA/MF14Degree44/FourthJacobian.lean:87:0: 'NLA.MF14Degree44.fourth_jacobian_identity' depends on axioms: [propext, Classical.choice, Quot.sound]
2026-09-19T08:35:22.6019878Z ℹ [3690/3723] Built NLA.MF14Degree44.FamilySmooth (18s)
2026-09-19T08:35:22.6022767Z info: NLA/MF14Degree44/FamilySmooth.lean:133:0: 'NLA.MF14Degree44.continuation_basis_coefficients_smooth' depends on axioms: [propext, Classical.choice, Quot.sound]
2026-09-19T08:35:22.6025409Z info: NLA/MF14Degree44/FamilySmooth.lean:135:0: 'NLA.MF14Degree44.continuation_polynomial_coefficients_smooth' depends on axioms: [propext,
2026-09-19T08:35:22.6027119Z  Classical.choice,
2026-09-19T08:35:22.6027782Z  Quot.sound]
2026-09-19T08:35:22.6029596Z info: NLA/MF14Degree44/FamilySmooth.lean:137:0: 'NLA.MF14Degree44.family_quad_coefficients_smooth' depends on axioms: [propext, Classical.choice, Quot.sound]
2026-09-19T08:35:22.6031956Z info: NLA/MF14Degree44/FamilySmooth.lean:139:0: 'NLA.MF14Degree44.family_polynomial_coefficients_smooth' depends on axioms: [propext, Classical.choice, Quot.sound]
2026-09-19T08:35:22.6034166Z info: NLA/MF14Degree44/FamilySmooth.lean:141:0: 'NLA.MF14Degree44.coefficient_map_smooth' depends on axioms: [propext, Classical.choice, Quot.sound]
2026-09-19T08:35:26.4048948Z ⚠ [3691/3723] Built NLA.MF14Degree44.FourthMinorCoefficients (9.7s)
2026-09-19T08:35:26.4052284Z warning: NLA/MF14Degree44/FourthMinorCoefficients.lean:21:57: Used `tac1 <;> tac2` where `(tac1; tac2)` would suffice
2026-09-19T08:35:26.4053122Z 
2026-09-19T08:35:26.4053585Z Note: This linter can be disabled with `set_option linter.unnecessarySeqFocus false`
2026-09-19T08:35:26.4054945Z warning: NLA/MF14Degree44/FourthMinorCoefficients.lean:25:11: Used `tac1 <;> tac2` where `(tac1; tac2)` would suffice
2026-09-19T08:35:26.4055736Z 
2026-09-19T08:35:26.4056159Z Note: This linter can be disabled with `set_option linter.unnecessarySeqFocus false`
2026-09-19T08:35:26.4057656Z warning: NLA/MF14Degree44/FourthMinorCoefficients.lean:30:11: Used `tac1 <;> tac2` where `(tac1; tac2)` would suffice
2026-09-19T08:35:26.4058459Z 
2026-09-19T08:35:26.4058906Z Note: This linter can be disabled with `set_option linter.unnecessarySeqFocus false`
2026-09-19T08:35:26.4060245Z warning: NLA/MF14Degree44/FourthMinorCoefficients.lean:36:49: Used `tac1 <;> tac2` where `(tac1; tac2)` would suffice
2026-09-19T08:35:26.4061022Z 
2026-09-19T08:35:26.4061913Z Note: This linter can be disabled with `set_option linter.unnecessarySeqFocus false`
2026-09-19T08:35:26.4063667Z warning: NLA/MF14Degree44/FourthMinorCoefficients.lean:45:2: Used `tac1 <;> tac2` where `(tac1; tac2)` would suffice
2026-09-19T08:35:26.4064831Z 
2026-09-19T08:35:26.4065498Z Note: This linter can be disabled with `set_option linter.unnecessarySeqFocus false`
2026-09-19T08:35:26.4067182Z warning: NLA/MF14Degree44/FourthMinorCoefficients.lean:99:4: try 'simp' instead of 'simpa'
2026-09-19T08:35:26.4068304Z 
2026-09-19T08:35:26.4068990Z Note: This linter can be disabled with `set_option linter.unnecessarySimpa false`
2026-09-19T08:35:26.4070374Z warning: NLA/MF14Degree44/FourthMinorCoefficients.lean:123:45: This simp argument is unused:
2026-09-19T08:35:26.4071840Z   coeff_X_pow
2026-09-19T08:35:26.4072290Z 
2026-09-19T08:35:26.4072753Z Hint: Omit it from the simp argument list.
2026-09-19T08:35:26.4073718Z   [apply] simp only [coeff_add, coeff_C_mul_X_pow]
2026-09-19T08:35:26.4074356Z 
2026-09-19T08:35:26.4075033Z Note: This linter can be disabled with `set_option linter.unusedSimpArgs false`
2026-09-19T08:35:26.4076643Z warning: NLA/MF14Degree44/FourthMinorCoefficients.lean:148:45: This simp argument is unused:
2026-09-19T08:35:26.4077772Z   coeff_X_pow
2026-09-19T08:35:26.4078239Z 
2026-09-19T08:35:26.4078660Z Hint: Omit it from the simp argument list.
2026-09-19T08:35:26.4079592Z   [apply] simp only [coeff_add, coeff_C_mul_X_pow]
2026-09-19T08:35:26.4080187Z 
2026-09-19T08:35:26.4080860Z Note: This linter can be disabled with `set_option linter.unusedSimpArgs false`
2026-09-19T08:35:26.4082207Z warning: NLA/MF14Degree44/FourthMinorCoefficients.lean:173:45: This simp argument is unused:
2026-09-19T08:35:26.4083351Z   coeff_X_pow
2026-09-19T08:35:26.4083780Z 
2026-09-19T08:35:26.4084268Z Hint: Omit it from the simp argument list.
2026-09-19T08:35:26.4085226Z   [apply] simp only [coeff_add, coeff_C_mul_X_pow]
2026-09-19T08:35:26.4085876Z 
2026-09-19T08:35:26.4086765Z Note: This linter can be disabled with `set_option linter.unusedSimpArgs false`
2026-09-19T08:35:26.4088209Z warning: NLA/MF14Degree44/FourthMinorCoefficients.lean:198:45: This simp argument is unused:
2026-09-19T08:35:26.4089335Z   coeff_X_pow
2026-09-19T08:35:26.4089825Z 
2026-09-19T08:35:26.4090254Z Hint: Omit it from the simp argument list.
2026-09-19T08:35:26.4091485Z   [apply] simp only [coeff_add, coeff_C_mul_X_pow]
2026-09-19T08:35:26.4092240Z 
2026-09-19T08:35:26.4092918Z Note: This linter can be disabled with `set_option linter.unusedSimpArgs false`
2026-09-19T08:35:26.4094331Z warning: NLA/MF14Degree44/FourthMinorCoefficients.lean:223:45: This simp argument is unused:
2026-09-19T08:35:26.4095560Z   coeff_X_pow
2026-09-19T08:35:26.4106983Z 
2026-09-19T08:35:26.4107489Z Hint: Omit it from the simp argument list.
2026-09-19T08:35:26.4108538Z   [apply] simp only [coeff_add, coeff_C_mul_X_pow]
2026-09-19T08:35:26.4109215Z 
2026-09-19T08:35:26.4109923Z Note: This linter can be disabled with `set_option linter.unusedSimpArgs false`
2026-09-19T08:35:26.4111412Z warning: NLA/MF14Degree44/FourthMinorCoefficients.lean:120:8: Unused tactic linter: `ring` does nothing
2026-09-19T08:35:26.4112410Z 
2026-09-19T08:35:26.4113115Z Note: This linter can be disabled with `set_option linter.unusedTactic false`
2026-09-19T08:35:26.4114604Z warning: NLA/MF14Degree44/FourthMinorCoefficients.lean:125:8: Unused tactic linter: `ring` does nothing
2026-09-19T08:35:26.4115654Z 
2026-09-19T08:35:26.4116252Z Note: This linter can be disabled with `set_option linter.unusedTactic false`
2026-09-19T08:35:26.4117877Z warning: NLA/MF14Degree44/FourthMinorCoefficients.lean:130:8: Unused tactic linter: `ring` does nothing
2026-09-19T08:35:26.4118826Z 
2026-09-19T08:35:26.4119433Z Note: This linter can be disabled with `set_option linter.unusedTactic false`
2026-09-19T08:35:26.4120756Z warning: NLA/MF14Degree44/FourthMinorCoefficients.lean:135:8: Unused tactic linter: `ring` does nothing
2026-09-19T08:35:26.4121698Z 
2026-09-19T08:35:26.4122317Z Note: This linter can be disabled with `set_option linter.unusedTactic false`
2026-09-19T08:35:26.4123711Z warning: NLA/MF14Degree44/FourthMinorCoefficients.lean:140:8: Unused tactic linter: `ring` does nothing
2026-09-19T08:35:26.4124705Z 
2026-09-19T08:35:26.4125364Z Note: This linter can be disabled with `set_option linter.unusedTactic false`
2026-09-19T08:35:26.4127165Z warning: NLA/MF14Degree44/FourthMinorCoefficients.lean:145:8: Unused tactic linter: `ring` does nothing
2026-09-19T08:35:26.4128214Z 
2026-09-19T08:35:26.4128839Z Note: This linter can be disabled with `set_option linter.unusedTactic false`
2026-09-19T08:35:26.4130246Z warning: NLA/MF14Degree44/FourthMinorCoefficients.lean:150:8: Unused tactic linter: `ring` does nothing
2026-09-19T08:35:26.4131307Z 
2026-09-19T08:35:26.4131936Z Note: This linter can be disabled with `set_option linter.unusedTactic false`
2026-09-19T08:35:26.4133663Z warning: NLA/MF14Degree44/FourthMinorCoefficients.lean:155:8: Unused tactic linter: `ring` does nothing
2026-09-19T08:35:26.4134695Z 
2026-09-19T08:35:26.4135484Z Note: This linter can be disabled with `set_option linter.unusedTactic false`
2026-09-19T08:35:26.4137474Z warning: NLA/MF14Degree44/FourthMinorCoefficients.lean:160:8: Unused tactic linter: `ring` does nothing
2026-09-19T08:35:26.4138594Z 
2026-09-19T08:35:26.4139250Z Note: This linter can be disabled with `set_option linter.unusedTactic false`
2026-09-19T08:35:26.4140731Z warning: NLA/MF14Degree44/FourthMinorCoefficients.lean:165:8: Unused tactic linter: `ring` does nothing
2026-09-19T08:35:26.4141675Z 
2026-09-19T08:35:26.4142408Z Note: This linter can be disabled with `set_option linter.unusedTactic false`
2026-09-19T08:35:26.4143873Z warning: NLA/MF14Degree44/FourthMinorCoefficients.lean:170:8: Unused tactic linter: `ring` does nothing
2026-09-19T08:35:26.4144885Z 
2026-09-19T08:35:26.4145578Z Note: This linter can be disabled with `set_option linter.unusedTactic false`
2026-09-19T08:35:26.4147329Z warning: NLA/MF14Degree44/FourthMinorCoefficients.lean:175:8: Unused tactic linter: `ring` does nothing
2026-09-19T08:35:26.4148415Z 
2026-09-19T08:35:26.4149124Z Note: This linter can be disabled with `set_option linter.unusedTactic false`
2026-09-19T08:35:26.4150575Z warning: NLA/MF14Degree44/FourthMinorCoefficients.lean:180:8: Unused tactic linter: `ring` does nothing
2026-09-19T08:35:26.4151574Z 
2026-09-19T08:35:26.4152557Z Note: This linter can be disabled with `set_option linter.unusedTactic false`
2026-09-19T08:35:26.4154092Z warning: NLA/MF14Degree44/FourthMinorCoefficients.lean:185:8: Unused tactic linter: `ring` does nothing
2026-09-19T08:35:26.4155142Z 
2026-09-19T08:35:26.4155842Z Note: This linter can be disabled with `set_option linter.unusedTactic false`
2026-09-19T08:35:26.4157564Z warning: NLA/MF14Degree44/FourthMinorCoefficients.lean:190:8: Unused tactic linter: `ring` does nothing
2026-09-19T08:35:26.4158583Z 
2026-09-19T08:35:26.4159268Z Note: This linter can be disabled with `set_option linter.unusedTactic false`
2026-09-19T08:35:26.4160702Z warning: NLA/MF14Degree44/FourthMinorCoefficients.lean:195:8: Unused tactic linter: `ring` does nothing
2026-09-19T08:35:26.4161682Z 
2026-09-19T08:35:26.4162285Z Note: This linter can be disabled with `set_option linter.unusedTactic false`
2026-09-19T08:35:26.4163619Z warning: NLA/MF14Degree44/FourthMinorCoefficients.lean:200:8: Unused tactic linter: `ring` does nothing
2026-09-19T08:35:26.4164575Z 
2026-09-19T08:35:26.4165181Z Note: This linter can be disabled with `set_option linter.unusedTactic false`
2026-09-19T08:35:26.4166717Z warning: NLA/MF14Degree44/FourthMinorCoefficients.lean:205:8: Unused tactic linter: `ring` does nothing
2026-09-19T08:35:26.4167617Z 
2026-09-19T08:35:26.4168259Z Note: This linter can be disabled with `set_option linter.unusedTactic false`
2026-09-19T08:35:26.4169657Z warning: NLA/MF14Degree44/FourthMinorCoefficients.lean:210:8: Unused tactic linter: `ring` does nothing
2026-09-19T08:35:26.4170600Z 
2026-09-19T08:35:26.4171222Z Note: This linter can be disabled with `set_option linter.unusedTactic false`
2026-09-19T08:35:26.4172545Z warning: NLA/MF14Degree44/FourthMinorCoefficients.lean:215:8: Unused tactic linter: `ring` does nothing
2026-09-19T08:35:26.4186885Z 
2026-09-19T08:35:26.4187601Z Note: This linter can be disabled with `set_option linter.unusedTactic false`
2026-09-19T08:35:26.4189004Z warning: NLA/MF14Degree44/FourthMinorCoefficients.lean:220:8: Unused tactic linter: `ring` does nothing
2026-09-19T08:35:26.4189999Z 
2026-09-19T08:35:26.4190618Z Note: This linter can be disabled with `set_option linter.unusedTactic false`
2026-09-19T08:35:26.4192056Z warning: NLA/MF14Degree44/FourthMinorCoefficients.lean:225:8: Unused tactic linter: `ring` does nothing
2026-09-19T08:35:26.4193049Z 
2026-09-19T08:35:26.4193656Z Note: This linter can be disabled with `set_option linter.unusedTactic false`
2026-09-19T08:35:26.4195379Z warning: NLA/MF14Degree44/FourthMinorCoefficients.lean:230:8: Unused tactic linter: `ring` does nothing
2026-09-19T08:35:26.4196584Z 
2026-09-19T08:35:26.4197213Z Note: This linter can be disabled with `set_option linter.unusedTactic false`
2026-09-19T08:35:26.4198586Z warning: NLA/MF14Degree44/FourthMinorCoefficients.lean:235:8: Unused tactic linter: `ring` does nothing
2026-09-19T08:35:26.4199575Z 
2026-09-19T08:35:26.4200181Z Note: This linter can be disabled with `set_option linter.unusedTactic false`
2026-09-19T08:35:26.4201569Z warning: NLA/MF14Degree44/FourthMinorCoefficients.lean:240:8: Unused tactic linter: `ring` does nothing
2026-09-19T08:35:26.4202628Z 
2026-09-19T08:35:26.4203246Z Note: This linter can be disabled with `set_option linter.unusedTactic false`
2026-09-19T08:35:26.4204509Z warning: NLA/MF14Degree44/FourthMinorCoefficients.lean:120:8: this tactic is never executed
2026-09-19T08:35:26.4205371Z 
2026-09-19T08:35:26.4205985Z Note: This linter can be disabled with `set_option linter.unreachableTactic false`
2026-09-19T08:35:26.4207485Z warning: NLA/MF14Degree44/FourthMinorCoefficients.lean:125:8: this tactic is never executed
2026-09-19T08:35:26.4208380Z 
2026-09-19T08:35:26.4208997Z Note: This linter can be disabled with `set_option linter.unreachableTactic false`
2026-09-19T08:35:26.4210359Z warning: NLA/MF14Degree44/FourthMinorCoefficients.lean:130:8: this tactic is never executed
2026-09-19T08:35:26.4211268Z 
2026-09-19T08:35:26.4211898Z Note: This linter can be disabled with `set_option linter.unreachableTactic false`
2026-09-19T08:35:26.4213455Z warning: NLA/MF14Degree44/FourthMinorCoefficients.lean:135:8: this tactic is never executed
2026-09-19T08:35:26.4214329Z 
2026-09-19T08:35:26.4214995Z Note: This linter can be disabled with `set_option linter.unreachableTactic false`
2026-09-19T08:35:26.4216270Z warning: NLA/MF14Degree44/FourthMinorCoefficients.lean:140:8: this tactic is never executed
2026-09-19T08:35:26.4217336Z 
2026-09-19T08:35:26.4218059Z Note: This linter can be disabled with `set_option linter.unreachableTactic false`
2026-09-19T08:35:26.4219441Z warning: NLA/MF14Degree44/FourthMinorCoefficients.lean:145:8: this tactic is never executed
2026-09-19T08:35:26.4220304Z 
2026-09-19T08:35:26.4220914Z Note: This linter can be disabled with `set_option linter.unreachableTactic false`
2026-09-19T08:35:26.4222177Z warning: NLA/MF14Degree44/FourthMinorCoefficients.lean:150:8: this tactic is never executed
2026-09-19T08:35:26.4222976Z 
2026-09-19T08:35:26.4223715Z Note: This linter can be disabled with `set_option linter.unreachableTactic false`
2026-09-19T08:35:26.4224994Z warning: NLA/MF14Degree44/FourthMinorCoefficients.lean:155:8: this tactic is never executed
2026-09-19T08:35:26.4225872Z 
2026-09-19T08:35:26.4226700Z Note: This linter can be disabled with `set_option linter.unreachableTactic false`
2026-09-19T08:35:26.4228021Z warning: NLA/MF14Degree44/FourthMinorCoefficients.lean:160:8: this tactic is never executed
2026-09-19T08:35:26.4228929Z 
2026-09-19T08:35:26.4229519Z Note: This linter can be disabled with `set_option linter.unreachableTactic false`
2026-09-19T08:35:26.4230775Z warning: NLA/MF14Degree44/FourthMinorCoefficients.lean:165:8: this tactic is never executed
2026-09-19T08:35:26.4231666Z 
2026-09-19T08:35:26.4232264Z Note: This linter can be disabled with `set_option linter.unreachableTactic false`
2026-09-19T08:35:26.4233534Z warning: NLA/MF14Degree44/FourthMinorCoefficients.lean:170:8: this tactic is never executed
2026-09-19T08:35:26.4234391Z 
2026-09-19T08:35:26.4235053Z Note: This linter can be disabled with `set_option linter.unreachableTactic false`
2026-09-19T08:35:26.4236581Z warning: NLA/MF14Degree44/FourthMinorCoefficients.lean:175:8: this tactic is never executed
2026-09-19T08:35:26.4237440Z 
2026-09-19T08:35:26.4238067Z Note: This linter can be disabled with `set_option linter.unreachableTactic false`
2026-09-19T08:35:26.4239342Z warning: NLA/MF14Degree44/FourthMinorCoefficients.lean:180:8: this tactic is never executed
2026-09-19T08:35:26.4240400Z 
2026-09-19T08:35:26.4240991Z Note: This linter can be disabled with `set_option linter.unreachableTactic false`
2026-09-19T08:35:26.4242259Z warning: NLA/MF14Degree44/FourthMinorCoefficients.lean:185:8: this tactic is never executed
2026-09-19T08:35:26.4243090Z 
2026-09-19T08:35:26.4243690Z Note: This linter can be disabled with `set_option linter.unreachableTactic false`
2026-09-19T08:35:26.4244942Z warning: NLA/MF14Degree44/FourthMinorCoefficients.lean:190:8: this tactic is never executed
2026-09-19T08:35:26.4245752Z 
2026-09-19T08:35:26.4246569Z Note: This linter can be disabled with `set_option linter.unreachableTactic false`
2026-09-19T08:35:26.4247834Z warning: NLA/MF14Degree44/FourthMinorCoefficients.lean:195:8: this tactic is never executed
2026-09-19T08:35:26.4248670Z 
2026-09-19T08:35:26.4249261Z Note: This linter can be disabled with `set_option linter.unreachableTactic false`
2026-09-19T08:35:26.4250503Z warning: NLA/MF14Degree44/FourthMinorCoefficients.lean:200:8: this tactic is never executed
2026-09-19T08:35:26.4251346Z 
2026-09-19T08:35:26.4251926Z Note: This linter can be disabled with `set_option linter.unreachableTactic false`
2026-09-19T08:35:26.4253138Z warning: NLA/MF14Degree44/FourthMinorCoefficients.lean:205:8: this tactic is never executed
2026-09-19T08:35:26.4253981Z 
2026-09-19T08:35:26.4254561Z Note: This linter can be disabled with `set_option linter.unreachableTactic false`
2026-09-19T08:35:26.4255764Z warning: NLA/MF14Degree44/FourthMinorCoefficients.lean:210:8: this tactic is never executed
2026-09-19T08:35:26.4256818Z 
2026-09-19T08:35:26.4257637Z Note: This linter can be disabled with `set_option linter.unreachableTactic false`
2026-09-19T08:35:26.4258919Z warning: NLA/MF14Degree44/FourthMinorCoefficients.lean:215:8: this tactic is never executed
2026-09-19T08:35:26.4259748Z 
2026-09-19T08:35:26.4260331Z Note: This linter can be disabled with `set_option linter.unreachableTactic false`
2026-09-19T08:35:26.4261539Z warning: NLA/MF14Degree44/FourthMinorCoefficients.lean:220:8: this tactic is never executed
2026-09-19T08:35:26.4262573Z 
2026-09-19T08:35:26.4263160Z Note: This linter can be disabled with `set_option linter.unreachableTactic false`
2026-09-19T08:35:26.4277686Z warning: NLA/MF14Degree44/FourthMinorCoefficients.lean:225:8: this tactic is never executed
2026-09-19T08:35:26.4278560Z 
2026-09-19T08:35:26.4279168Z Note: This linter can be disabled with `set_option linter.unreachableTactic false`
2026-09-19T08:35:26.4280451Z warning: NLA/MF14Degree44/FourthMinorCoefficients.lean:230:8: this tactic is never executed
2026-09-19T08:35:26.4281307Z 
2026-09-19T08:35:26.4281929Z Note: This linter can be disabled with `set_option linter.unreachableTactic false`
2026-09-19T08:35:26.4283193Z warning: NLA/MF14Degree44/FourthMinorCoefficients.lean:235:8: this tactic is never executed
2026-09-19T08:35:26.4284048Z 
2026-09-19T08:35:26.4284650Z Note: This linter can be disabled with `set_option linter.unreachableTactic false`
2026-09-19T08:35:26.4285900Z warning: NLA/MF14Degree44/FourthMinorCoefficients.lean:240:8: this tactic is never executed
2026-09-19T08:35:26.4287054Z 
2026-09-19T08:35:26.4287670Z Note: This linter can be disabled with `set_option linter.unreachableTactic false`
2026-09-19T08:35:26.4289098Z warning: NLA/MF14Degree44/FourthMinorCoefficients.lean:119:4: Used `tac1 <;> tac2` where `(tac1; tac2)` would suffice
2026-09-19T08:35:26.4290058Z 
2026-09-19T08:35:26.4290669Z Note: This linter can be disabled with `set_option linter.unnecessarySeqFocus false`
2026-09-19T08:35:26.4292094Z warning: NLA/MF14Degree44/FourthMinorCoefficients.lean:124:4: Used `tac1 <;> tac2` where `(tac1; tac2)` would suffice
2026-09-19T08:35:26.4293048Z 
2026-09-19T08:35:26.4293662Z Note: This linter can be disabled with `set_option linter.unnecessarySeqFocus false`
2026-09-19T08:35:26.4295061Z warning: NLA/MF14Degree44/FourthMinorCoefficients.lean:129:4: Used `tac1 <;> tac2` where `(tac1; tac2)` would suffice
2026-09-19T08:35:26.4296000Z 
2026-09-19T08:35:26.4297226Z Note: This linter can be disabled with `set_option linter.unnecessarySeqFocus false`
2026-09-19T08:35:26.4298643Z warning: NLA/MF14Degree44/FourthMinorCoefficients.lean:134:4: Used `tac1 <;> tac2` where `(tac1; tac2)` would suffice
2026-09-19T08:35:26.4316764Z 
2026-09-19T08:35:26.4317497Z Note: This linter can be disabled with `set_option linter.unnecessarySeqFocus false`
2026-09-19T08:35:26.4318945Z warning: NLA/MF14Degree44/FourthMinorCoefficients.lean:139:4: Used `tac1 <;> tac2` where `(tac1; tac2)` would suffice
2026-09-19T08:35:26.4319916Z 
2026-09-19T08:35:26.4320559Z Note: This linter can be disabled with `set_option linter.unnecessarySeqFocus false`
2026-09-19T08:35:26.4321976Z warning: NLA/MF14Degree44/FourthMinorCoefficients.lean:144:4: Used `tac1 <;> tac2` where `(tac1; tac2)` would suffice
2026-09-19T08:35:26.4322930Z 
2026-09-19T08:35:26.4323540Z Note: This linter can be disabled with `set_option linter.unnecessarySeqFocus false`
2026-09-19T08:35:26.4325009Z warning: NLA/MF14Degree44/FourthMinorCoefficients.lean:149:4: Used `tac1 <;> tac2` where `(tac1; tac2)` would suffice
2026-09-19T08:35:26.4326124Z 
2026-09-19T08:35:26.4327056Z Note: This linter can be disabled with `set_option linter.unnecessarySeqFocus false`
2026-09-19T08:35:26.4328476Z warning: NLA/MF14Degree44/FourthMinorCoefficients.lean:154:4: Used `tac1 <;> tac2` where `(tac1; tac2)` would suffice
2026-09-19T08:35:26.4329468Z 
2026-09-19T08:35:26.4330085Z Note: This linter can be disabled with `set_option linter.unnecessarySeqFocus false`
2026-09-19T08:35:26.4331805Z warning: NLA/MF14Degree44/FourthMinorCoefficients.lean:159:4: Used `tac1 <;> tac2` where `(tac1; tac2)` would suffice
2026-09-19T08:35:26.4332846Z 
2026-09-19T08:35:26.4333460Z Note: This linter can be disabled with `set_option linter.unnecessarySeqFocus false`
2026-09-19T08:35:26.4334837Z warning: NLA/MF14Degree44/FourthMinorCoefficients.lean:164:4: Used `tac1 <;> tac2` where `(tac1; tac2)` would suffice
2026-09-19T08:35:26.4335789Z 
2026-09-19T08:35:26.4336703Z Note: This linter can be disabled with `set_option linter.unnecessarySeqFocus false`
2026-09-19T08:35:26.4338157Z warning: NLA/MF14Degree44/FourthMinorCoefficients.lean:169:4: Used `tac1 <;> tac2` where `(tac1; tac2)` would suffice
2026-09-19T08:35:26.4339114Z 
2026-09-19T08:35:26.4339731Z Note: This linter can be disabled with `set_option linter.unnecessarySeqFocus false`
2026-09-19T08:35:26.4341115Z warning: NLA/MF14Degree44/FourthMinorCoefficients.lean:174:4: Used `tac1 <;> tac2` where `(tac1; tac2)` would suffice
2026-09-19T08:35:26.4342043Z 
2026-09-19T08:35:26.4342658Z Note: This linter can be disabled with `set_option linter.unnecessarySeqFocus false`
2026-09-19T08:35:26.4344066Z warning: NLA/MF14Degree44/FourthMinorCoefficients.lean:179:4: Used `tac1 <;> tac2` where `(tac1; tac2)` would suffice
2026-09-19T08:35:26.4344992Z 
2026-09-19T08:35:26.4345590Z Note: This linter can be disabled with `set_option linter.unnecessarySeqFocus false`
2026-09-19T08:35:26.4347186Z warning: NLA/MF14Degree44/FourthMinorCoefficients.lean:184:4: Used `tac1 <;> tac2` where `(tac1; tac2)` would suffice
2026-09-19T08:35:26.4348174Z 
2026-09-19T08:35:26.4348792Z Note: This linter can be disabled with `set_option linter.unnecessarySeqFocus false`
2026-09-19T08:35:26.4350159Z warning: NLA/MF14Degree44/FourthMinorCoefficients.lean:189:4: Used `tac1 <;> tac2` where `(tac1; tac2)` would suffice
2026-09-19T08:35:26.4351071Z 
2026-09-19T08:35:26.4351665Z Note: This linter can be disabled with `set_option linter.unnecessarySeqFocus false`
2026-09-19T08:35:26.4353067Z warning: NLA/MF14Degree44/FourthMinorCoefficients.lean:194:4: Used `tac1 <;> tac2` where `(tac1; tac2)` would suffice
2026-09-19T08:35:26.4353978Z 
2026-09-19T08:35:26.4354577Z Note: This linter can be disabled with `set_option linter.unnecessarySeqFocus false`
2026-09-19T08:35:26.4355927Z warning: NLA/MF14Degree44/FourthMinorCoefficients.lean:199:4: Used `tac1 <;> tac2` where `(tac1; tac2)` would suffice
2026-09-19T08:35:26.4357120Z 
2026-09-19T08:35:26.4357726Z Note: This linter can be disabled with `set_option linter.unnecessarySeqFocus false`
2026-09-19T08:35:26.4359425Z warning: NLA/MF14Degree44/FourthMinorCoefficients.lean:204:4: Used `tac1 <;> tac2` where `(tac1; tac2)` would suffice
2026-09-19T08:35:26.4366813Z 
2026-09-19T08:35:26.4367472Z Note: This linter can be disabled with `set_option linter.unnecessarySeqFocus false`
2026-09-19T08:35:26.4368903Z warning: NLA/MF14Degree44/FourthMinorCoefficients.lean:209:4: Used `tac1 <;> tac2` where `(tac1; tac2)` would suffice
2026-09-19T08:35:26.4369880Z 
2026-09-19T08:35:26.4370508Z Note: This linter can be disabled with `set_option linter.unnecessarySeqFocus false`
2026-09-19T08:35:26.4371956Z warning: NLA/MF14Degree44/FourthMinorCoefficients.lean:214:4: Used `tac1 <;> tac2` where `(tac1; tac2)` would suffice
2026-09-19T08:35:26.4372955Z 
2026-09-19T08:35:26.4373667Z Note: This linter can be disabled with `set_option linter.unnecessarySeqFocus false`
2026-09-19T08:35:26.4375087Z warning: NLA/MF14Degree44/FourthMinorCoefficients.lean:219:4: Used `tac1 <;> tac2` where `(tac1; tac2)` would suffice
2026-09-19T08:35:26.4376063Z 
2026-09-19T08:35:26.4376949Z Note: This linter can be disabled with `set_option linter.unnecessarySeqFocus false`
2026-09-19T08:35:26.4378393Z warning: NLA/MF14Degree44/FourthMinorCoefficients.lean:224:4: Used `tac1 <;> tac2` where `(tac1; tac2)` would suffice
2026-09-19T08:35:26.4379429Z 
2026-09-19T08:35:26.4380087Z Note: This linter can be disabled with `set_option linter.unnecessarySeqFocus false`
2026-09-19T08:35:26.4381923Z warning: NLA/MF14Degree44/FourthMinorCoefficients.lean:229:4: Used `tac1 <;> tac2` where `(tac1; tac2)` would suffice
2026-09-19T08:35:26.4396903Z 
2026-09-19T08:35:26.4397641Z Note: This linter can be disabled with `set_option linter.unnecessarySeqFocus false`
2026-09-19T08:35:26.4399249Z warning: NLA/MF14Degree44/FourthMinorCoefficients.lean:234:4: Used `tac1 <;> tac2` where `(tac1; tac2)` would suffice
2026-09-19T08:35:26.4400286Z 
2026-09-19T08:35:26.4400922Z Note: This linter can be disabled with `set_option linter.unnecessarySeqFocus false`
2026-09-19T08:35:26.4402406Z warning: NLA/MF14Degree44/FourthMinorCoefficients.lean:239:4: Used `tac1 <;> tac2` where `(tac1; tac2)` would suffice
2026-09-19T08:35:26.4403316Z 
2026-09-19T08:35:26.4403909Z Note: This linter can be disabled with `set_option linter.unnecessarySeqFocus false`
2026-09-19T08:35:26.4405541Z info: NLA/MF14Degree44/FourthMinorCoefficients.lean:242:0: 'NLA.MF14Degree44.fourth_R_expansion' depends on axioms: [propext, Classical.choice, Quot.sound]
2026-09-19T08:35:26.4407963Z info: NLA/MF14Degree44/FourthMinorCoefficients.lean:244:0: 'NLA.MF14Degree44.fourth_middle_column_degree' depends on axioms: [propext, Classical.choice, Quot.sound]
2026-09-19T08:35:26.4410176Z info: NLA/MF14Degree44/FourthMinorCoefficients.lean:246:0: 'NLA.MF14Degree44.fourth_tail_column_degree' depends on axioms: [propext, Classical.choice, Quot.sound]
2026-09-19T08:35:26.4412455Z info: NLA/MF14Degree44/FourthMinorCoefficients.lean:248:0: 'NLA.MF14Degree44.fourth_tail_diagonal' depends on axioms: [propext, Classical.choice, Quot.sound]
2026-09-19T08:35:26.4439031Z info: NLA/MF14Degree44/FourthMinorCoefficients.lean:250:0: 'NLA.MF14Degree44.fourth_core_matrix' depends on axioms: [propext, Classical.choice, Quot.sound]
2026-09-19T08:35:29.7156213Z ℹ [3692/3723] Built NLA.MF14Degree44.ProductSpan (11s)
2026-09-19T08:35:29.7158888Z info: NLA/MF14Degree44/ProductSpan.lean:61:0: 'NLA.MF14Degree44.product_span_basis_mem' depends on axioms: [propext, Classical.choice, Quot.sound]
2026-09-19T08:35:29.7161005Z info: NLA/MF14Degree44/ProductSpan.lean:63:0: 'NLA.MF14Degree44.product_span_monomial_mem' depends on axioms: [propext, Classical.choice, Quot.sound]
2026-09-19T08:35:29.7162855Z info: NLA/MF14Degree44/ProductSpan.lean:65:0: 'NLA.MF14Degree44.syzygy_basis_mem' depends on axioms: [propext, Classical.choice, Quot.sound]
2026-09-19T08:35:29.7164662Z info: NLA/MF14Degree44/ProductSpan.lean:67:0: 'NLA.MF14Degree44.degeneration_E_mem' depends on axioms: [propext, Classical.choice, Quot.sound]
2026-09-19T08:35:29.7167110Z info: NLA/MF14Degree44/ProductSpan.lean:69:0: 'NLA.MF14Degree44.low_part6_mem' depends on axioms: [propext, Classical.choice, Quot.sound]
2026-09-19T08:35:29.7168921Z info: NLA/MF14Degree44/ProductSpan.lean:71:0: 'NLA.MF14Degree44.degeneration_in_span' depends on axioms: [propext, Classical.choice, Quot.sound]
2026-09-19T08:35:31.5159937Z ℹ [3693/3723] Built NLA.MF14Degree44.ThreeProductTuple (5.1s)
2026-09-19T08:35:31.5162203Z info: NLA/MF14Degree44/ThreeProductTuple.lean:85:0: 'NLA.MF14Degree44.three_product_tuple' depends on axioms: [propext, Classical.choice, Quot.sound]
2026-09-19T08:35:34.2212107Z ℹ [3694/3723] Built NLA.MF14Degree44.SpanCoordinates (4.5s)
2026-09-19T08:35:34.2214614Z info: NLA/MF14Degree44/SpanCoordinates.lean:67:0: 'NLA.MF14Degree44.span_representation' depends on axioms: [propext, Classical.choice, Quot.sound]
2026-09-19T08:35:34.2216975Z info: NLA/MF14Degree44/SpanCoordinates.lean:69:0: 'NLA.MF14Degree44.basis_coefficient_mulVec' depends on axioms: [propext, Classical.choice, Quot.sound]
2026-09-19T08:35:34.2219072Z info: NLA/MF14Degree44/SpanCoordinates.lean:71:0: 'NLA.MF14Degree44.coefficient_span_bijective' depends on axioms: [propext, Classical.choice, Quot.sound]
2026-09-19T08:35:36.8314584Z ⚠ [3695/3723] Built NLA.MF14Degree44.FourthMinorBlocks (5.4s)
2026-09-19T08:35:36.8315750Z warning: NLA/MF14Degree44/FourthMinorBlocks.lean:57:2: Used `tac1 <;> tac2` where `(tac1; tac2)` would suffice
2026-09-19T08:35:36.8316884Z 
2026-09-19T08:35:36.8317943Z Note: This linter can be disabled with `set_option linter.unnecessarySeqFocus false`
2026-09-19T08:35:36.8319149Z warning: NLA/MF14Degree44/FourthMinorBlocks.lean:66:28: Used `tac1 <;> tac2` where `(tac1; tac2)` would suffice
2026-09-19T08:35:36.8319939Z 
2026-09-19T08:35:36.8320473Z Note: This linter can be disabled with `set_option linter.unnecessarySeqFocus false`
2026-09-19T08:35:36.8321806Z info: NLA/MF14Degree44/FourthMinorBlocks.lean:68:0: 'NLA.MF14Degree44.fourth_first_block' depends on axioms: [propext, Classical.choice, Quot.sound]
2026-09-19T08:35:36.8323487Z info: NLA/MF14Degree44/FourthMinorBlocks.lean:70:0: 'NLA.MF14Degree44.fourth_first_lower_zero' depends on axioms: [propext, Classical.choice, Quot.sound]
2026-09-19T08:35:36.8325157Z info: NLA/MF14Degree44/FourthMinorBlocks.lean:72:0: 'NLA.MF14Degree44.fourth_middle_lower_zero' depends on axioms: [propext, Classical.choice, Quot.sound]
2026-09-19T08:35:36.8327084Z info: NLA/MF14Degree44/FourthMinorBlocks.lean:74:0: 'NLA.MF14Degree44.fourth_tail_upper_triangular' depends on axioms: [propext, Classical.choice, Quot.sound]
2026-09-19T08:35:36.8328760Z info: NLA/MF14Degree44/FourthMinorBlocks.lean:76:0: 'NLA.MF14Degree44.fourth_tail_det' depends on axioms: [propext, Classical.choice, Quot.sound]
2026-09-19T08:35:37.3323472Z ℹ [3696/3723] Built NLA.MF14Degree44.FamilyFirstJet (31s)
2026-09-19T08:35:37.3325183Z info: NLA/MF14Degree44/FamilyFirstJet.lean:202:0: 'NLA.MF14Degree44.family_first_jet_value' depends on axioms: [propext, Classical.choice, Quot.sound]
2026-09-19T08:35:37.3327701Z info: NLA/MF14Degree44/FamilyFirstJet.lean:204:0: 'NLA.MF14Degree44.family_first_jet_sound' depends on axioms: [propext, Classical.choice, Quot.sound]
2026-09-19T08:35:37.3329925Z info: NLA/MF14Degree44/FamilyFirstJet.lean:206:0: 'NLA.MF14Degree44.coefficient_jacobian_eq_first_jet' depends on axioms: [propext, Classical.choice, Quot.sound]
2026-09-19T08:35:39.6341056Z ⚠ [3697/3723] Built NLA.MF14Degree44.BasisDegreeData (5.4s)
2026-09-19T08:35:39.6343076Z warning: NLA/MF14Degree44/BasisDegreeData.lean:61:4: try 'simp' instead of 'simpa'
2026-09-19T08:35:39.6344052Z 
2026-09-19T08:35:39.6344752Z Note: This linter can be disabled with `set_option linter.unnecessarySimpa false`
2026-09-19T08:35:39.6346797Z info: NLA/MF14Degree44/BasisDegreeData.lean:71:0: 'NLA.MF14Degree44.product_span_basis_degree_le' depends on axioms: [propext, Classical.choice, Quot.sound]
2026-09-19T08:35:39.6349051Z info: NLA/MF14Degree44/BasisDegreeData.lean:73:0: 'NLA.MF14Degree44.product_span_basis_diagonal' depends on axioms: [propext, Classical.choice, Quot.sound]
2026-09-19T08:35:42.6405185Z ℹ [3698/3723] Built NLA.MF14Degree44.ContinuationCircuit (20s)
2026-09-19T08:35:42.6407435Z info: NLA/MF14Degree44/ContinuationCircuit.lean:123:0: 'NLA.MF14Degree44.continuation_actual_output' depends on axioms: [propext, Classical.choice, Quot.sound]
2026-09-19T08:35:43.0410000Z ℹ [3699/3723] Built NLA.MF14Degree44.MonicBorderPath (6.2s)
2026-09-19T08:35:43.0412121Z info: NLA/MF14Degree44/MonicBorderPath.lean:92:0: 'NLA.MF14Degree44.monic_border_path_mem' depends on axioms: [propext, Classical.choice, Quot.sound]
2026-09-19T08:35:43.0414029Z info: NLA/MF14Degree44/MonicBorderPath.lean:94:0: 'NLA.MF14Degree44.monic_border_path_at_zero' depends on axioms: [propext, Classical.choice, Quot.sound]
2026-09-19T08:35:43.0415962Z info: NLA/MF14Degree44/MonicBorderPath.lean:96:0: 'NLA.MF14Degree44.moving_border_path_at_zero' depends on axioms: [propext, Classical.choice, Quot.sound]
2026-09-19T08:35:43.8425067Z ℹ [3700/3723] Built NLA.MF14Degree44.FourthSpanMembership (6.5s)
2026-09-19T08:35:43.8427918Z info: NLA/MF14Degree44/FourthSpanMembership.lean:145:0: 'NLA.MF14Degree44.third_input_basis_products_mem' depends on axioms: [propext, Classical.choice, Quot.sound]
2026-09-19T08:35:43.8430155Z info: NLA/MF14Degree44/FourthSpanMembership.lean:147:0: 'NLA.MF14Degree44.third_input_span_product_mem' depends on axioms: [propext, Classical.choice, Quot.sound]
2026-09-19T08:35:43.8432325Z info: NLA/MF14Degree44/FourthSpanMembership.lean:149:0: 'NLA.MF14Degree44.fourth_polynomial_operands' depends on axioms: [propext, Classical.choice, Quot.sound]
2026-09-19T08:35:43.8434570Z info: NLA/MF14Degree44/FourthSpanMembership.lean:151:0: 'NLA.MF14Degree44.fourth_polynomial_mem_product_span' depends on axioms: [propext, Classical.choice, Quot.sound]
2026-09-19T08:35:44.5431353Z ℹ [3701/3723] Built NLA.MF14Degree44.SpanReconstruction (4.9s)
2026-09-19T08:35:44.5433712Z info: NLA/MF14Degree44/SpanReconstruction.lean:41:0: 'NLA.MF14Degree44.span_reconstruct_coordinates' depends on axioms: [propext, Classical.choice, Quot.sound]
2026-09-19T08:35:44.5435921Z info: NLA/MF14Degree44/SpanReconstruction.lean:43:0: 'NLA.MF14Degree44.span_reconstruct_coefficient_polynomial' depends on axioms: [propext, Classical.choice, Quot.sound]
2026-09-19T08:35:46.7476830Z ℹ [3702/3723] Built NLA.MF14Degree44.FourthMinorIdentity (4.1s)
2026-09-19T08:35:46.7479200Z info: NLA/MF14Degree44/FourthMinorIdentity.lean:31:0: 'NLA.MF14Degree44.fourth_minor_identity' depends on axioms: [propext, Classical.choice, Quot.sound]
2026-09-19T08:36:14.2871678Z ⚠ [3703/3723] Built NLA.MF14Degree44.SeedFirstColumns8 (31s)
2026-09-19T08:36:14.2877813Z warning: NLA/MF14Degree44/SeedFirstColumns8.lean:25:6: Unused tactic linter: `ring` does nothing
2026-09-19T08:36:14.2878710Z 
2026-09-19T08:36:14.2879337Z Note: This linter can be disabled with `set_option linter.unusedTactic false`
2026-09-19T08:36:14.2880627Z warning: NLA/MF14Degree44/SeedFirstColumns8.lean:25:6: this tactic is never executed
2026-09-19T08:36:14.2881299Z 
2026-09-19T08:36:14.2881760Z Note: This linter can be disabled with `set_option linter.unreachableTactic false`
2026-09-19T08:36:14.2883220Z info: NLA/MF14Degree44/SeedFirstColumns8.lean:27:0: 'NLA.MF14Degree44.seed_first_column_40' depends on axioms: [propext, Classical.choice, Quot.sound]
2026-09-19T08:36:14.2884777Z warning: NLA/MF14Degree44/SeedFirstColumns8.lean:37:6: Unused tactic linter: `ring` does nothing
2026-09-19T08:36:14.2885441Z 
2026-09-19T08:36:14.2885874Z Note: This linter can be disabled with `set_option linter.unusedTactic false`
2026-09-19T08:36:14.2887130Z warning: NLA/MF14Degree44/SeedFirstColumns8.lean:37:6: this tactic is never executed
2026-09-19T08:36:14.2887761Z 
2026-09-19T08:36:14.2888216Z Note: This linter can be disabled with `set_option linter.unreachableTactic false`
2026-09-19T08:36:14.2889699Z info: NLA/MF14Degree44/SeedFirstColumns8.lean:39:0: 'NLA.MF14Degree44.seed_first_column_41' depends on axioms: [propext, Classical.choice, Quot.sound]
2026-09-19T08:36:14.2891765Z warning: NLA/MF14Degree44/SeedFirstColumns8.lean:49:2: Used `tac1 <;> tac2` where `(tac1; tac2)` would suffice
2026-09-19T08:36:14.2892522Z 
2026-09-19T08:36:14.2893002Z Note: This linter can be disabled with `set_option linter.unnecessarySeqFocus false`
2026-09-19T08:36:14.2894517Z info: NLA/MF14Degree44/SeedFirstColumns8.lean:51:0: 'NLA.MF14Degree44.seed_first_column_42' depends on axioms: [propext, Classical.choice, Quot.sound]
2026-09-19T08:36:14.2896126Z warning: NLA/MF14Degree44/SeedFirstColumns8.lean:61:2: Used `tac1 <;> tac2` where `(tac1; tac2)` would suffice
2026-09-19T08:36:14.2897146Z 
2026-09-19T08:36:14.2897600Z Note: This linter can be disabled with `set_option linter.unnecessarySeqFocus false`
2026-09-19T08:36:14.2898979Z info: NLA/MF14Degree44/SeedFirstColumns8.lean:63:0: 'NLA.MF14Degree44.seed_first_column_43' depends on axioms: [propext, Classical.choice, Quot.sound]
2026-09-19T08:36:14.2900521Z warning: NLA/MF14Degree44/SeedFirstColumns8.lean:73:2: Used `tac1 <;> tac2` where `(tac1; tac2)` would suffice
2026-09-19T08:36:14.2901254Z 
2026-09-19T08:36:14.2901713Z Note: This linter can be disabled with `set_option linter.unnecessarySeqFocus false`
2026-09-19T08:36:14.2903133Z info: NLA/MF14Degree44/SeedFirstColumns8.lean:75:0: 'NLA.MF14Degree44.seed_first_column_44' depends on axioms: [propext, Classical.choice, Quot.sound]
2026-09-19T08:36:15.3891459Z ⚠ [3704/3723] Built NLA.MF14Degree44.SeedFirstColumns7 (31s)
2026-09-19T08:36:15.3893414Z warning: NLA/MF14Degree44/SeedFirstColumns7.lean:25:2: Used `tac1 <;> tac2` where `(tac1; tac2)` would suffice
2026-09-19T08:36:15.3894243Z 
2026-09-19T08:36:15.3894724Z Note: This linter can be disabled with `set_option linter.unnecessarySeqFocus false`
2026-09-19T08:36:15.3896229Z info: NLA/MF14Degree44/SeedFirstColumns7.lean:27:0: 'NLA.MF14Degree44.seed_first_column_35' depends on axioms: [propext, Classical.choice, Quot.sound]
2026-09-19T08:36:15.3898282Z warning: NLA/MF14Degree44/SeedFirstColumns7.lean:37:6: Unused tactic linter: `ring` does nothing
2026-09-19T08:36:15.3899028Z 
2026-09-19T08:36:15.3899449Z Note: This linter can be disabled with `set_option linter.unusedTactic false`
2026-09-19T08:36:15.3900492Z warning: NLA/MF14Degree44/SeedFirstColumns7.lean:37:6: this tactic is never executed
2026-09-19T08:36:15.3901112Z 
2026-09-19T08:36:15.3901565Z Note: This linter can be disabled with `set_option linter.unreachableTactic false`
2026-09-19T08:36:15.3903040Z info: NLA/MF14Degree44/SeedFirstColumns7.lean:39:0: 'NLA.MF14Degree44.seed_first_column_36' depends on axioms: [propext, Classical.choice, Quot.sound]
2026-09-19T08:36:15.3904584Z warning: NLA/MF14Degree44/SeedFirstColumns7.lean:49:6: Unused tactic linter: `ring` does nothing
2026-09-19T08:36:15.3905293Z 
2026-09-19T08:36:15.3905715Z Note: This linter can be disabled with `set_option linter.unusedTactic false`
2026-09-19T08:36:15.3907006Z warning: NLA/MF14Degree44/SeedFirstColumns7.lean:49:6: this tactic is never executed
2026-09-19T08:36:15.3907665Z 
2026-09-19T08:36:15.3908105Z Note: This linter can be disabled with `set_option linter.unreachableTactic false`
2026-09-19T08:36:15.3909549Z info: NLA/MF14Degree44/SeedFirstColumns7.lean:51:0: 'NLA.MF14Degree44.seed_first_column_37' depends on axioms: [propext, Classical.choice, Quot.sound]
2026-09-19T08:36:15.3911127Z warning: NLA/MF14Degree44/SeedFirstColumns7.lean:61:6: Unused tactic linter: `ring` does nothing
2026-09-19T08:36:15.3911818Z 
2026-09-19T08:36:15.3912228Z Note: This linter can be disabled with `set_option linter.unusedTactic false`
2026-09-19T08:36:15.3913240Z warning: NLA/MF14Degree44/SeedFirstColumns7.lean:61:6: this tactic is never executed
2026-09-19T08:36:15.3913875Z 
2026-09-19T08:36:15.3914322Z Note: This linter can be disabled with `set_option linter.unreachableTactic false`
2026-09-19T08:36:15.3915778Z info: NLA/MF14Degree44/SeedFirstColumns7.lean:63:0: 'NLA.MF14Degree44.seed_first_column_38' depends on axioms: [propext, Classical.choice, Quot.sound]
2026-09-19T08:36:15.3918110Z warning: NLA/MF14Degree44/SeedFirstColumns7.lean:73:6: Unused tactic linter: `ring` does nothing
2026-09-19T08:36:15.3918816Z 
2026-09-19T08:36:15.3919240Z Note: This linter can be disabled with `set_option linter.unusedTactic false`
2026-09-19T08:36:15.3920251Z warning: NLA/MF14Degree44/SeedFirstColumns7.lean:73:6: this tactic is never executed
2026-09-19T08:36:15.3920879Z 
2026-09-19T08:36:15.3921321Z Note: This linter can be disabled with `set_option linter.unreachableTactic false`
2026-09-19T08:36:15.3922747Z info: NLA/MF14Degree44/SeedFirstColumns7.lean:75:0: 'NLA.MF14Degree44.seed_first_column_39' depends on axioms: [propext, Classical.choice, Quot.sound]
2026-09-19T08:36:16.7921501Z ⚠ [3705/3723] Built NLA.MF14Degree44.SeedFirstColumns6 (32s)
2026-09-19T08:36:16.7923551Z warning: NLA/MF14Degree44/SeedFirstColumns6.lean:25:15: Unused tactic linter: `simp` does nothing
2026-09-19T08:36:16.7924179Z 
2026-09-19T08:36:16.7924719Z Note: This linter can be disabled with `set_option linter.unusedTactic false`
2026-09-19T08:36:16.7925928Z warning: NLA/MF14Degree44/SeedFirstColumns6.lean:25:15: this tactic is never executed
2026-09-19T08:36:16.7927126Z 
2026-09-19T08:36:16.7927737Z Note: This linter can be disabled with `set_option linter.unreachableTactic false`
2026-09-19T08:36:16.7928989Z warning: NLA/MF14Degree44/SeedFirstColumns6.lean:25:2: Used `tac1 <;> tac2` where `(tac1; tac2)` would suffice
2026-09-19T08:36:16.7929842Z 
2026-09-19T08:36:16.7930427Z Note: This linter can be disabled with `set_option linter.unnecessarySeqFocus false`
2026-09-19T08:36:16.7932236Z info: NLA/MF14Degree44/SeedFirstColumns6.lean:27:0: 'NLA.MF14Degree44.seed_first_column_30' depends on axioms: [propext, Classical.choice, Quot.sound]
2026-09-19T08:36:16.7933832Z warning: NLA/MF14Degree44/SeedFirstColumns6.lean:37:15: Unused tactic linter: `simp` does nothing
2026-09-19T08:36:16.7934631Z 
2026-09-19T08:36:16.7935181Z Note: This linter can be disabled with `set_option linter.unusedTactic false`
2026-09-19T08:36:16.7936277Z warning: NLA/MF14Degree44/SeedFirstColumns6.lean:37:15: this tactic is never executed
2026-09-19T08:36:16.7937293Z 
2026-09-19T08:36:16.7937868Z Note: This linter can be disabled with `set_option linter.unreachableTactic false`
2026-09-19T08:36:16.7939174Z warning: NLA/MF14Degree44/SeedFirstColumns6.lean:37:2: Used `tac1 <;> tac2` where `(tac1; tac2)` would suffice
2026-09-19T08:36:16.7940021Z 
2026-09-19T08:36:16.7940607Z Note: This linter can be disabled with `set_option linter.unnecessarySeqFocus false`
2026-09-19T08:36:16.7942122Z info: NLA/MF14Degree44/SeedFirstColumns6.lean:39:0: 'NLA.MF14Degree44.seed_first_column_31' depends on axioms: [propext, Classical.choice, Quot.sound]
2026-09-19T08:36:16.7943477Z info: NLA/MF14Degree44/SeedFirstColumns6.lean:49:6: Try this:
2026-09-19T08:36:16.7944214Z   [apply] ring_nf
2026-09-19T08:36:16.7944711Z   
2026-09-19T08:36:16.7945486Z   The `ring` tactic failed to close the goal. Use `ring_nf` to obtain a normal form.
2026-09-19T08:36:16.7946288Z     
2026-09-19T08:36:16.7947962Z   Note that `ring` works primarily in *commutative* rings. If you have a noncommutative ring, abelian group or module, consider using `noncomm_ring`, `abel` or `module` instead.
2026-09-19T08:36:16.7949694Z warning: NLA/MF14Degree44/SeedFirstColumns6.lean:49:2: Used `tac1 <;> tac2` where `(tac1; tac2)` would suffice
2026-09-19T08:36:16.7950547Z 
2026-09-19T08:36:16.7951127Z Note: This linter can be disabled with `set_option linter.unnecessarySeqFocus false`
2026-09-19T08:36:16.7952389Z warning: NLA/MF14Degree44/SeedFirstColumns6.lean:49:11: Used `tac1 <;> tac2` where `(tac1; tac2)` would suffice
2026-09-19T08:36:16.7953244Z 
2026-09-19T08:36:16.7953832Z Note: This linter can be disabled with `set_option linter.unnecessarySeqFocus false`
2026-09-19T08:36:16.7955295Z info: NLA/MF14Degree44/SeedFirstColumns6.lean:51:0: 'NLA.MF14Degree44.seed_first_column_32' depends on axioms: [propext, Classical.choice, Quot.sound]
2026-09-19T08:36:16.7957167Z warning: NLA/MF14Degree44/SeedFirstColumns6.lean:61:15: Unused tactic linter: `simp` does nothing
2026-09-19T08:36:16.7958398Z 
2026-09-19T08:36:16.7958961Z Note: This linter can be disabled with `set_option linter.unusedTactic false`
2026-09-19T08:36:16.7960051Z warning: NLA/MF14Degree44/SeedFirstColumns6.lean:61:15: this tactic is never executed
2026-09-19T08:36:16.7960792Z 
2026-09-19T08:36:16.7961377Z Note: This linter can be disabled with `set_option linter.unreachableTactic false`
2026-09-19T08:36:16.7962557Z warning: NLA/MF14Degree44/SeedFirstColumns6.lean:61:2: Used `tac1 <;> tac2` where `(tac1; tac2)` would suffice
2026-09-19T08:36:16.7963469Z 
2026-09-19T08:36:16.7964116Z Note: This linter can be disabled with `set_option linter.unnecessarySeqFocus false`
2026-09-19T08:36:16.7965765Z info: NLA/MF14Degree44/SeedFirstColumns6.lean:63:0: 'NLA.MF14Degree44.seed_first_column_33' depends on axioms: [propext, Classical.choice, Quot.sound]
2026-09-19T08:36:16.7967566Z warning: NLA/MF14Degree44/SeedFirstColumns6.lean:73:15: Unused tactic linter: `simp` does nothing
2026-09-19T08:36:16.7968392Z 
2026-09-19T08:36:16.7968944Z Note: This linter can be disabled with `set_option linter.unusedTactic false`
2026-09-19T08:36:16.7970033Z warning: NLA/MF14Degree44/SeedFirstColumns6.lean:73:15: this tactic is never executed
2026-09-19T08:36:16.7970772Z 
2026-09-19T08:36:16.7971332Z Note: This linter can be disabled with `set_option linter.unreachableTactic false`
2026-09-19T08:36:16.7972568Z warning: NLA/MF14Degree44/SeedFirstColumns6.lean:73:2: Used `tac1 <;> tac2` where `(tac1; tac2)` would suffice
2026-09-19T08:36:16.7973398Z 
2026-09-19T08:36:16.7974192Z Note: This linter can be disabled with `set_option linter.unnecessarySeqFocus false`
2026-09-19T08:36:16.7975783Z info: NLA/MF14Degree44/SeedFirstColumns6.lean:75:0: 'NLA.MF14Degree44.seed_first_column_34' depends on axioms: [propext, Classical.choice, Quot.sound]
2026-09-19T08:36:18.5945326Z ⚠ [3706/3723] Built NLA.MF14Degree44.SeedFirstColumns5 (31s)
2026-09-19T08:36:18.5948402Z warning: NLA/MF14Degree44/SeedFirstColumns5.lean:25:2: Used `tac1 <;> tac2` where `(tac1; tac2)` would suffice
2026-09-19T08:36:18.5949273Z 
2026-09-19T08:36:18.5949829Z Note: This linter can be disabled with `set_option linter.unnecessarySeqFocus false`
2026-09-19T08:36:18.5951392Z info: NLA/MF14Degree44/SeedFirstColumns5.lean:27:0: 'NLA.MF14Degree44.seed_first_column_25' depends on axioms: [propext, Classical.choice, Quot.sound]
2026-09-19T08:36:18.5953059Z warning: NLA/MF14Degree44/SeedFirstColumns5.lean:37:2: Used `tac1 <;> tac2` where `(tac1; tac2)` would suffice
2026-09-19T08:36:18.5953923Z 
2026-09-19T08:36:18.5954521Z Note: This linter can be disabled with `set_option linter.unnecessarySeqFocus false`
2026-09-19T08:36:18.5956018Z info: NLA/MF14Degree44/SeedFirstColumns5.lean:39:0: 'NLA.MF14Degree44.seed_first_column_26' depends on axioms: [propext, Classical.choice, Quot.sound]
2026-09-19T08:36:18.5957909Z warning: NLA/MF14Degree44/SeedFirstColumns5.lean:49:2: Used `tac1 <;> tac2` where `(tac1; tac2)` would suffice
2026-09-19T08:36:18.5958710Z 
2026-09-19T08:36:18.5959262Z Note: This linter can be disabled with `set_option linter.unnecessarySeqFocus false`
2026-09-19T08:36:18.5960734Z info: NLA/MF14Degree44/SeedFirstColumns5.lean:51:0: 'NLA.MF14Degree44.seed_first_column_27' depends on axioms: [propext, Classical.choice, Quot.sound]
2026-09-19T08:36:18.5962328Z warning: NLA/MF14Degree44/SeedFirstColumns5.lean:61:2: Used `tac1 <;> tac2` where `(tac1; tac2)` would suffice
2026-09-19T08:36:18.5963104Z 
2026-09-19T08:36:18.5963637Z Note: This linter can be disabled with `set_option linter.unnecessarySeqFocus false`
2026-09-19T08:36:18.5965197Z info: NLA/MF14Degree44/SeedFirstColumns5.lean:63:0: 'NLA.MF14Degree44.seed_first_column_28' depends on axioms: [propext, Classical.choice, Quot.sound]
2026-09-19T08:36:18.5967001Z warning: NLA/MF14Degree44/SeedFirstColumns5.lean:73:2: Used `tac1 <;> tac2` where `(tac1; tac2)` would suffice
2026-09-19T08:36:18.5967797Z 
2026-09-19T08:36:18.5968347Z Note: This linter can be disabled with `set_option linter.unnecessarySeqFocus false`
2026-09-19T08:36:18.5970124Z info: NLA/MF14Degree44/SeedFirstColumns5.lean:75:0: 'NLA.MF14Degree44.seed_first_column_29' depends on axioms: [propext, Classical.choice, Quot.sound]
2026-09-19T08:36:46.6385693Z ⚠ [3707/3723] Built NLA.MF14Degree44.SeedFirstColumns4 (32s)
2026-09-19T08:36:46.6387267Z warning: NLA/MF14Degree44/SeedFirstColumns4.lean:25:2: Used `tac1 <;> tac2` where `(tac1; tac2)` would suffice
2026-09-19T08:36:46.6388361Z 
2026-09-19T08:36:46.6389387Z Note: This linter can be disabled with `set_option linter.unnecessarySeqFocus false`
2026-09-19T08:36:46.6391253Z info: NLA/MF14Degree44/SeedFirstColumns4.lean:27:0: 'NLA.MF14Degree44.seed_first_column_20' depends on axioms: [propext, Classical.choice, Quot.sound]
2026-09-19T08:36:46.6393236Z warning: NLA/MF14Degree44/SeedFirstColumns4.lean:37:2: Used `tac1 <;> tac2` where `(tac1; tac2)` would suffice
2026-09-19T08:36:46.6394259Z 
2026-09-19T08:36:46.6394980Z Note: This linter can be disabled with `set_option linter.unnecessarySeqFocus false`
2026-09-19T08:36:46.6397084Z info: NLA/MF14Degree44/SeedFirstColumns4.lean:39:0: 'NLA.MF14Degree44.seed_first_column_21' depends on axioms: [propext, Classical.choice, Quot.sound]
2026-09-19T08:36:46.6399024Z warning: NLA/MF14Degree44/SeedFirstColumns4.lean:49:2: Used `tac1 <;> tac2` where `(tac1; tac2)` would suffice
2026-09-19T08:36:46.6400105Z 
2026-09-19T08:36:46.6400812Z Note: This linter can be disabled with `set_option linter.unnecessarySeqFocus false`
2026-09-19T08:36:46.6402953Z info: NLA/MF14Degree44/SeedFirstColumns4.lean:51:0: 'NLA.MF14Degree44.seed_first_column_22' depends on axioms: [propext, Classical.choice, Quot.sound]
2026-09-19T08:36:46.6404881Z warning: NLA/MF14Degree44/SeedFirstColumns4.lean:61:2: Used `tac1 <;> tac2` where `(tac1; tac2)` would suffice
2026-09-19T08:36:46.6405967Z 
2026-09-19T08:36:46.6406934Z Note: This linter can be disabled with `set_option linter.unnecessarySeqFocus false`
2026-09-19T08:36:46.6408759Z info: NLA/MF14Degree44/SeedFirstColumns4.lean:63:0: 'NLA.MF14Degree44.seed_first_column_23' depends on axioms: [propext, Classical.choice, Quot.sound]
2026-09-19T08:36:46.6410720Z warning: NLA/MF14Degree44/SeedFirstColumns4.lean:73:2: Used `tac1 <;> tac2` where `(tac1; tac2)` would suffice
2026-09-19T08:36:46.6411766Z 
2026-09-19T08:36:46.6412477Z Note: This linter can be disabled with `set_option linter.unnecessarySeqFocus false`
2026-09-19T08:36:46.6414213Z info: NLA/MF14Degree44/SeedFirstColumns4.lean:75:0: 'NLA.MF14Degree44.seed_first_column_24' depends on axioms: [propext, Classical.choice, Quot.sound]
2026-09-19T08:36:47.4402957Z ⚠ [3708/3723] Built NLA.MF14Degree44.SeedFirstColumns3 (32s)
2026-09-19T08:36:47.4404590Z warning: NLA/MF14Degree44/SeedFirstColumns3.lean:25:2: Used `tac1 <;> tac2` where `(tac1; tac2)` would suffice
2026-09-19T08:36:47.4405735Z 
2026-09-19T08:36:47.4406916Z Note: This linter can be disabled with `set_option linter.unnecessarySeqFocus false`
2026-09-19T08:36:47.4408844Z info: NLA/MF14Degree44/SeedFirstColumns3.lean:27:0: 'NLA.MF14Degree44.seed_first_column_15' depends on axioms: [propext, Classical.choice, Quot.sound]
2026-09-19T08:36:47.4410766Z warning: NLA/MF14Degree44/SeedFirstColumns3.lean:37:2: Used `tac1 <;> tac2` where `(tac1; tac2)` would suffice
2026-09-19T08:36:47.4411730Z 
2026-09-19T08:36:47.4412403Z Note: This linter can be disabled with `set_option linter.unnecessarySeqFocus false`
2026-09-19T08:36:47.4414098Z info: NLA/MF14Degree44/SeedFirstColumns3.lean:39:0: 'NLA.MF14Degree44.seed_first_column_16' depends on axioms: [propext, Classical.choice, Quot.sound]
2026-09-19T08:36:47.4415959Z warning: NLA/MF14Degree44/SeedFirstColumns3.lean:49:2: Used `tac1 <;> tac2` where `(tac1; tac2)` would suffice
2026-09-19T08:36:47.4417228Z 
2026-09-19T08:36:47.4417908Z Note: This linter can be disabled with `set_option linter.unnecessarySeqFocus false`
2026-09-19T08:36:47.4419709Z info: NLA/MF14Degree44/SeedFirstColumns3.lean:51:0: 'NLA.MF14Degree44.seed_first_column_17' depends on axioms: [propext, Classical.choice, Quot.sound]
2026-09-19T08:36:47.4422023Z warning: NLA/MF14Degree44/SeedFirstColumns3.lean:61:2: Used `tac1 <;> tac2` where `(tac1; tac2)` would suffice
2026-09-19T08:36:47.4422902Z 
2026-09-19T08:36:47.4423471Z Note: This linter can be disabled with `set_option linter.unnecessarySeqFocus false`
2026-09-19T08:36:47.4424892Z info: NLA/MF14Degree44/SeedFirstColumns3.lean:63:0: 'NLA.MF14Degree44.seed_first_column_18' depends on axioms: [propext, Classical.choice, Quot.sound]
2026-09-19T08:36:47.4426718Z warning: NLA/MF14Degree44/SeedFirstColumns3.lean:73:2: Used `tac1 <;> tac2` where `(tac1; tac2)` would suffice
2026-09-19T08:36:47.4427608Z 
2026-09-19T08:36:47.4428210Z Note: This linter can be disabled with `set_option linter.unnecessarySeqFocus false`
2026-09-19T08:36:47.4429872Z info: NLA/MF14Degree44/SeedFirstColumns3.lean:75:0: 'NLA.MF14Degree44.seed_first_column_19' depends on axioms: [propext, Classical.choice, Quot.sound]
2026-09-19T08:36:48.9430614Z ⚠ [3709/3723] Built NLA.MF14Degree44.SeedFirstColumns2 (32s)
2026-09-19T08:36:48.9432362Z warning: NLA/MF14Degree44/SeedFirstColumns2.lean:25:2: Used `tac1 <;> tac2` where `(tac1; tac2)` would suffice
2026-09-19T08:36:48.9433547Z 
2026-09-19T08:36:48.9434331Z Note: This linter can be disabled with `set_option linter.unnecessarySeqFocus false`
2026-09-19T08:36:48.9436135Z info: NLA/MF14Degree44/SeedFirstColumns2.lean:27:0: 'NLA.MF14Degree44.seed_first_column_10' depends on axioms: [propext, Classical.choice, Quot.sound]
2026-09-19T08:36:48.9438329Z warning: NLA/MF14Degree44/SeedFirstColumns2.lean:37:2: Used `tac1 <;> tac2` where `(tac1; tac2)` would suffice
2026-09-19T08:36:48.9439775Z 
2026-09-19T08:36:48.9440551Z Note: This linter can be disabled with `set_option linter.unnecessarySeqFocus false`
2026-09-19T08:36:48.9442326Z info: NLA/MF14Degree44/SeedFirstColumns2.lean:39:0: 'NLA.MF14Degree44.seed_first_column_11' depends on axioms: [propext, Classical.choice, Quot.sound]
2026-09-19T08:36:48.9444145Z warning: NLA/MF14Degree44/SeedFirstColumns2.lean:49:2: Used `tac1 <;> tac2` where `(tac1; tac2)` would suffice
2026-09-19T08:36:48.9445129Z 
2026-09-19T08:36:48.9445805Z Note: This linter can be disabled with `set_option linter.unnecessarySeqFocus false`
2026-09-19T08:36:48.9447768Z info: NLA/MF14Degree44/SeedFirstColumns2.lean:51:0: 'NLA.MF14Degree44.seed_first_column_12' depends on axioms: [propext, Classical.choice, Quot.sound]
2026-09-19T08:36:48.9449601Z warning: NLA/MF14Degree44/SeedFirstColumns2.lean:61:2: Used `tac1 <;> tac2` where `(tac1; tac2)` would suffice
2026-09-19T08:36:48.9450477Z 
2026-09-19T08:36:48.9451047Z Note: This linter can be disabled with `set_option linter.unnecessarySeqFocus false`
2026-09-19T08:36:48.9452674Z info: NLA/MF14Degree44/SeedFirstColumns2.lean:63:0: 'NLA.MF14Degree44.seed_first_column_13' depends on axioms: [propext, Classical.choice, Quot.sound]
2026-09-19T08:36:48.9454563Z warning: NLA/MF14Degree44/SeedFirstColumns2.lean:73:2: Used `tac1 <;> tac2` where `(tac1; tac2)` would suffice
2026-09-19T08:36:48.9455569Z 
2026-09-19T08:36:48.9456272Z Note: This linter can be disabled with `set_option linter.unnecessarySeqFocus false`
2026-09-19T08:36:48.9458586Z info: NLA/MF14Degree44/SeedFirstColumns2.lean:75:0: 'NLA.MF14Degree44.seed_first_column_14' depends on axioms: [propext, Classical.choice, Quot.sound]
2026-09-19T08:36:50.8464625Z ⚠ [3710/3723] Built NLA.MF14Degree44.SeedFirstColumns1 (32s)
2026-09-19T08:36:50.8466027Z warning: NLA/MF14Degree44/SeedFirstColumns1.lean:25:2: Used `tac1 <;> tac2` where `(tac1; tac2)` would suffice
2026-09-19T08:36:50.8467225Z 
2026-09-19T08:36:50.8467869Z Note: This linter can be disabled with `set_option linter.unnecessarySeqFocus false`
2026-09-19T08:36:50.8469438Z info: NLA/MF14Degree44/SeedFirstColumns1.lean:27:0: 'NLA.MF14Degree44.seed_first_column_5' depends on axioms: [propext, Classical.choice, Quot.sound]
2026-09-19T08:36:50.8471039Z warning: NLA/MF14Degree44/SeedFirstColumns1.lean:37:2: Used `tac1 <;> tac2` where `(tac1; tac2)` would suffice
2026-09-19T08:36:50.8471873Z 
2026-09-19T08:36:50.8472447Z Note: This linter can be disabled with `set_option linter.unnecessarySeqFocus false`
2026-09-19T08:36:50.8474235Z info: NLA/MF14Degree44/SeedFirstColumns1.lean:39:0: 'NLA.MF14Degree44.seed_first_column_6' depends on axioms: [propext, Classical.choice, Quot.sound]
2026-09-19T08:36:50.8475858Z warning: NLA/MF14Degree44/SeedFirstColumns1.lean:49:2: Used `tac1 <;> tac2` where `(tac1; tac2)` would suffice
2026-09-19T08:36:50.8476921Z 
2026-09-19T08:36:50.8477507Z Note: This linter can be disabled with `set_option linter.unnecessarySeqFocus false`
2026-09-19T08:36:50.8478965Z info: NLA/MF14Degree44/SeedFirstColumns1.lean:51:0: 'NLA.MF14Degree44.seed_first_column_7' depends on axioms: [propext, Classical.choice, Quot.sound]
2026-09-19T08:36:50.8480590Z warning: NLA/MF14Degree44/SeedFirstColumns1.lean:61:2: Used `tac1 <;> tac2` where `(tac1; tac2)` would suffice
2026-09-19T08:36:50.8481426Z 
2026-09-19T08:36:50.8482004Z Note: This linter can be disabled with `set_option linter.unnecessarySeqFocus false`
2026-09-19T08:36:50.8483514Z info: NLA/MF14Degree44/SeedFirstColumns1.lean:63:0: 'NLA.MF14Degree44.seed_first_column_8' depends on axioms: [propext, Classical.choice, Quot.sound]
2026-09-19T08:36:50.8485100Z warning: NLA/MF14Degree44/SeedFirstColumns1.lean:73:2: Used `tac1 <;> tac2` where `(tac1; tac2)` would suffice
2026-09-19T08:36:50.8485956Z 
2026-09-19T08:36:50.8486769Z Note: This linter can be disabled with `set_option linter.unnecessarySeqFocus false`
2026-09-19T08:36:50.8488327Z info: NLA/MF14Degree44/SeedFirstColumns1.lean:75:0: 'NLA.MF14Degree44.seed_first_column_9' depends on axioms: [propext, Classical.choice, Quot.sound]
2026-09-19T08:36:53.2491644Z ℹ [3711/3723] Built NLA.MF14Degree44.ContinuationClosure (4.3s)
2026-09-19T08:36:53.2494037Z info: NLA/MF14Degree44/ContinuationClosure.lean:47:0: 'NLA.MF14Degree44.continuation_closure_transfer' depends on axioms: [propext, Classical.choice, Quot.sound]
2026-09-19T08:36:56.3533787Z ℹ [3712/3723] Built NLA.MF14Degree44.BorderPathContinuity (5.4s)
2026-09-19T08:36:56.3536799Z info: NLA/MF14Degree44/BorderPathContinuity.lean:107:0: 'NLA.MF14Degree44.CoefficientsContinuous.mul' depends on axioms: [propext, Classical.choice, Quot.sound]
2026-09-19T08:36:56.3539439Z info: NLA/MF14Degree44/BorderPathContinuity.lean:109:0: 'NLA.MF14Degree44.degenerationZ_coefficients_continuous' depends on axioms: [propext, Classical.choice, Quot.sound]
2026-09-19T08:36:56.3542020Z info: NLA/MF14Degree44/BorderPathContinuity.lean:111:0: 'NLA.MF14Degree44.monic_border_path_coefficients_continuous' depends on axioms: [propext, Classical.choice, Quot.sound]
2026-09-19T08:36:56.3544535Z info: NLA/MF14Degree44/BorderPathContinuity.lean:113:0: 'NLA.MF14Degree44.moving_border_path_continuous' depends on axioms: [propext, Classical.choice, Quot.sound]
2026-09-19T08:36:58.2551590Z ⚠ [3713/3723] Built NLA.MF14Degree44.SpanBasisCoordinates (5.0s)
2026-09-19T08:36:58.2554108Z warning: NLA/MF14Degree44/SpanBasisCoordinates.lean:32:2: Used `tac1 <;> tac2` where `(tac1; tac2)` would suffice
2026-09-19T08:36:58.2555280Z 
2026-09-19T08:36:58.2555976Z Note: This linter can be disabled with `set_option linter.unnecessarySeqFocus false`
2026-09-19T08:36:58.2557836Z info: NLA/MF14Degree44/SpanBasisCoordinates.lean:45:0: 'NLA.MF14Degree44.fourth_rows_strictMono' depends on axioms: [propext]
2026-09-19T08:36:58.2560032Z info: NLA/MF14Degree44/SpanBasisCoordinates.lean:47:0: 'NLA.MF14Degree44.product_basis_matrix_upper' depends on axioms: [propext, Classical.choice, Quot.sound]
2026-09-19T08:36:58.2562397Z info: NLA/MF14Degree44/SpanBasisCoordinates.lean:49:0: 'NLA.MF14Degree44.product_basis_matrix_det' depends on axioms: [propext, Classical.choice, Quot.sound]
2026-09-19T08:36:58.2564761Z info: NLA/MF14Degree44/SpanBasisCoordinates.lean:51:0: 'NLA.MF14Degree44.fourth_span_coordinates' depends on axioms: [propext, Classical.choice, Quot.sound]
2026-09-19T08:37:01.4591391Z ℹ [3714/3723] Built NLA.MF14Degree44.FourthActualCircuit (5.2s)
2026-09-19T08:37:01.4608816Z info: NLA/MF14Degree44/FourthActualCircuit.lean:36:0: 'NLA.MF14Degree44.fourth_actual_joint' depends on axioms: [propext, Classical.choice, Quot.sound]
2026-09-19T08:37:02.4637024Z ⚠ [3715/3723] Built NLA.MF14Degree44.SeedFirstPilot (15s)
2026-09-19T08:37:02.4637923Z warning: NLA/MF14Degree44/SeedFirstPilot.lean:25:2: Used `tac1 <;> tac2` where `(tac1; tac2)` would suffice
2026-09-19T08:37:02.4638596Z 
2026-09-19T08:37:02.4639277Z Note: This linter can be disabled with `set_option linter.unnecessarySeqFocus false`
2026-09-19T08:37:02.4640697Z info: NLA/MF14Degree44/SeedFirstPilot.lean:27:0: 'NLA.MF14Degree44.seed_first_column_0' depends on axioms: [propext, Classical.choice, Quot.sound]
2026-09-19T08:37:02.4642218Z warning: NLA/MF14Degree44/SeedFirstPilot.lean:37:2: Used `tac1 <;> tac2` where `(tac1; tac2)` would suffice
2026-09-19T08:37:02.4642906Z 
2026-09-19T08:37:02.4643338Z Note: This linter can be disabled with `set_option linter.unnecessarySeqFocus false`
2026-09-19T08:37:02.4644706Z info: NLA/MF14Degree44/SeedFirstPilot.lean:39:0: 'NLA.MF14Degree44.seed_first_column_1' depends on axioms: [propext, Classical.choice, Quot.sound]
2026-09-19T08:37:02.8643933Z ⚠ [3716/3723] Built NLA.MF14Degree44.BorderLimit (4.6s)
2026-09-19T08:37:02.8645283Z warning: NLA/MF14Degree44/BorderLimit.lean:23:33: `Set.mem_setOf_eq` has been deprecated: Use `Set.mem_ofPred_eq` instead
2026-09-19T08:37:02.8647331Z info: NLA/MF14Degree44/BorderLimit.lean:58:0: 'NLA.MF14Degree44.joint_four_closure_isClosed' depends on axioms: [propext, Classical.choice, Quot.sound]
2026-09-19T08:37:02.8649732Z info: NLA/MF14Degree44/BorderLimit.lean:60:0: 'NLA.MF14Degree44.monic_border_joint_closure_of_fourth' depends on axioms: [propext, Classical.choice, Quot.sound]
2026-09-19T08:37:04.9667741Z ℹ [3717/3723] Built NLA.MF14Degree44.FourthJointClosure (3.5s)
2026-09-19T08:37:04.9669077Z info: NLA/MF14Degree44/FourthJointClosure.lean:87:0: 'NLA.MF14Degree44.reconstructed_moving_coordinate_polynomial' depends on axioms: [propext, Classical.choice, Quot.sound]
2026-09-19T08:37:04.9670564Z info: NLA/MF14Degree44/FourthJointClosure.lean:89:0: 'NLA.MF14Degree44.fourth_product_joint_closure' depends on axioms: [propext, Classical.choice, Quot.sound]
2026-09-19T08:37:05.2670925Z ⚠ [3718/3723] Built NLA.MF14Degree44.SeedFirstColumns0 (18s)
2026-09-19T08:37:05.2672020Z warning: NLA/MF14Degree44/SeedFirstColumns0.lean:25:2: Used `tac1 <;> tac2` where `(tac1; tac2)` would suffice
2026-09-19T08:37:05.2672731Z 
2026-09-19T08:37:05.2673164Z Note: This linter can be disabled with `set_option linter.unnecessarySeqFocus false`
2026-09-19T08:37:05.2674577Z info: NLA/MF14Degree44/SeedFirstColumns0.lean:27:0: 'NLA.MF14Degree44.seed_first_column_2' depends on axioms: [propext, Classical.choice, Quot.sound]
2026-09-19T08:37:05.2676075Z warning: NLA/MF14Degree44/SeedFirstColumns0.lean:37:2: Used `tac1 <;> tac2` where `(tac1; tac2)` would suffice
2026-09-19T08:37:05.2677024Z 
2026-09-19T08:37:05.2677457Z Note: This linter can be disabled with `set_option linter.unnecessarySeqFocus false`
2026-09-19T08:37:05.2678857Z info: NLA/MF14Degree44/SeedFirstColumns0.lean:39:0: 'NLA.MF14Degree44.seed_first_column_3' depends on axioms: [propext, Classical.choice, Quot.sound]
2026-09-19T08:37:05.2680376Z warning: NLA/MF14Degree44/SeedFirstColumns0.lean:49:2: Used `tac1 <;> tac2` where `(tac1; tac2)` would suffice
2026-09-19T08:37:05.2681064Z 
2026-09-19T08:37:05.2681483Z Note: This linter can be disabled with `set_option linter.unnecessarySeqFocus false`
2026-09-19T08:37:05.2682848Z info: NLA/MF14Degree44/SeedFirstColumns0.lean:51:0: 'NLA.MF14Degree44.seed_first_column_4' depends on axioms: [propext, Classical.choice, Quot.sound]
2026-09-19T08:37:08.2704917Z ℹ [3719/3723] Built NLA.MF14Degree44.SeedFirstColumns (2.0s)
2026-09-19T08:37:08.2707404Z info: NLA/MF14Degree44/SeedFirstColumns.lean:68:0: 'NLA.MF14Degree44.seed_first_columns' depends on axioms: [propext, Classical.choice, Quot.sound]
2026-09-19T08:37:10.8735963Z ℹ [3720/3723] Built NLA.MF14Degree44.JacobianIdentity (2.7s)
2026-09-19T08:37:10.8737390Z info: NLA/MF14Degree44/JacobianIdentity.lean:36:0: 'NLA.MF14Degree44.coefficient_jacobian_identity' depends on axioms: [propext, Classical.choice, Quot.sound]
2026-09-19T08:37:10.8739053Z info: NLA/MF14Degree44/JacobianIdentity.lean:38:0: 'NLA.MF14Degree44.coefficient_derivative_bijective' depends on axioms: [propext, Classical.choice, Quot.sound]
2026-09-19T08:37:13.6759462Z ℹ [3721/3723] Built NLA.MF14Degree44.FinalClosure (2.8s)
2026-09-19T08:37:13.6760747Z info: NLA/MF14Degree44/FinalClosure.lean:70:0: 'NLA.MF14Degree44.quad_reconstruction_of_degree' depends on axioms: [propext, Classical.choice, Quot.sound]
2026-09-19T08:37:13.6762473Z info: NLA/MF14Degree44/FinalClosure.lean:72:0: 'NLA.MF14Degree44.border_quad_natDegree' depends on axioms: [propext, Classical.choice, Quot.sound]
2026-09-19T08:37:13.6764105Z info: NLA/MF14Degree44/FinalClosure.lean:74:0: 'NLA.MF14Degree44.monic_border_joint_closure' depends on axioms: [propext, Classical.choice, Quot.sound]
2026-09-19T08:37:13.6765740Z info: NLA/MF14Degree44/FinalClosure.lean:76:0: 'NLA.MF14Degree44.family_image_mem_closure' depends on axioms: [propext, Classical.choice, Quot.sound]
2026-09-19T08:37:13.6767600Z info: NLA/MF14Degree44/FinalClosure.lean:78:0: 'NLA.MF14Degree44.degree44_coverage' depends on axioms: [propext, Classical.choice, Quot.sound]
2026-09-19T08:37:13.6769194Z info: NLA/MF14Degree44/FinalClosure.lean:80:0: 'NLA.MF14Degree44.original_equality_false' depends on axioms: [propext, Classical.choice, Quot.sound]
2026-09-19T08:37:16.2781119Z ℹ [3722/3723] Built Solution (2.5s)
2026-09-19T08:37:16.2782310Z info: Solution.lean:12:0: 'NLA.MF14Degree44.canonical_gate_padding' depends on axioms: [propext, Classical.choice, Quot.sound]
2026-09-19T08:37:16.2783512Z info: Solution.lean:15:0: 'NLA.MF14Degree44.four_prefix_full_coefficients' depends on axioms: [propext, Classical.choice, Quot.sound]
2026-09-19T08:37:16.2785183Z info: Solution.lean:18:0: 'NLA.MF14Degree44.three_product_tuple' depends on axioms: [propext, Classical.choice, Quot.sound]
2026-09-19T08:37:16.2787216Z info: Solution.lean:21:0: 'NLA.MF14Degree44.good_border_parameters_eventually' depends on axioms: [propext, Classical.choice, Quot.sound]
2026-09-19T08:37:16.2789095Z info: Solution.lean:24:0: 'NLA.MF14Degree44.fourth_span_coordinates' depends on axioms: [propext, Classical.choice, Quot.sound]
2026-09-19T08:37:16.2790053Z info: Solution.lean:27:0: 'NLA.MF14Degree44.fourth_map_smooth' depends on axioms: [propext, Classical.choice, Quot.sound]
2026-09-19T08:37:16.2790960Z info: Solution.lean:30:0: 'NLA.MF14Degree44.fourth_jacobian_identity' depends on axioms: [propext, Classical.choice, Quot.sound]
2026-09-19T08:37:16.2792447Z info: Solution.lean:33:0: 'NLA.MF14Degree44.fourth_minor_identity' depends on axioms: [propext, Classical.choice, Quot.sound]
2026-09-19T08:37:16.2794001Z info: Solution.lean:36:0: 'NLA.MF14Degree44.fourth_product_joint_closure' depends on axioms: [propext, Classical.choice, Quot.sound]
2026-09-19T08:37:16.2795267Z info: Solution.lean:39:0: 'NLA.MF14Degree44.polynomial_density_of_strict_derivative' depends on axioms: [propext, Classical.choice, Quot.sound]
2026-09-19T08:37:16.2796239Z info: Solution.lean:42:0: 'NLA.MF14Degree44.degeneration_identity' depends on axioms: [propext, Classical.choice, Quot.sound]
2026-09-19T08:37:16.2817787Z info: Solution.lean:45:0: 'NLA.MF14Degree44.degeneration_at_zero' depends on axioms: [propext, Classical.choice, Quot.sound]
2026-09-19T08:37:16.2818996Z info: Solution.lean:48:0: 'NLA.MF14Degree44.degeneration_in_span' depends on axioms: [propext, Classical.choice, Quot.sound]
2026-09-19T08:37:16.2820245Z info: Solution.lean:51:0: 'NLA.MF14Degree44.monic_border_joint_closure' depends on axioms: [propext, Classical.choice, Quot.sound]
2026-09-19T08:37:16.2821406Z info: Solution.lean:54:0: 'NLA.MF14Degree44.continuation_actual_output' depends on axioms: [propext, Classical.choice, Quot.sound]
2026-09-19T08:37:16.2822567Z info: Solution.lean:57:0: 'NLA.MF14Degree44.continuation_degree_bound' depends on axioms: [propext, Classical.choice, Quot.sound]
2026-09-19T08:37:16.2823742Z info: Solution.lean:60:0: 'NLA.MF14Degree44.continuation_closure_transfer' depends on axioms: [propext, Classical.choice, Quot.sound]
2026-09-19T08:37:16.2825302Z info: Solution.lean:63:0: 'NLA.MF14Degree44.family_image_mem_closure' depends on axioms: [propext, Classical.choice, Quot.sound]
2026-09-19T08:37:16.2826714Z info: Solution.lean:66:0: 'NLA.MF14Degree44.family_degree_and_full_vector' depends on axioms: [propext, Classical.choice, Quot.sound]
2026-09-19T08:37:16.2827879Z info: Solution.lean:69:0: 'NLA.MF14Degree44.coefficient_map_smooth' depends on axioms: [propext, Classical.choice, Quot.sound]
2026-09-19T08:37:16.2829048Z info: Solution.lean:72:0: 'NLA.MF14Degree44.coefficient_jacobian_identity' depends on axioms: [propext, Classical.choice, Quot.sound]
2026-09-19T08:37:16.2830235Z info: Solution.lean:75:0: 'NLA.MF14Degree44.integer_jacobian_mod3_inverse' depends on axioms: [propext, Classical.choice, Quot.sound]
2026-09-19T08:37:16.2831442Z info: Solution.lean:78:0: 'NLA.MF14Degree44.coefficient_derivative_bijective' depends on axioms: [propext, Classical.choice, Quot.sound]
2026-09-19T08:37:16.2832604Z info: Solution.lean:81:0: 'NLA.MF14Degree44.degree44_coverage' depends on axioms: [propext, Classical.choice, Quot.sound]
2026-09-19T08:37:16.2833709Z info: Solution.lean:84:0: 'NLA.MF14Degree44.original_equality_false' depends on axioms: [propext, Classical.choice, Quot.sound]
2026-09-19T08:37:16.2972108Z Build completed successfully (3723 jobs).
2026-09-19T08:37:54.0111511Z Exporting #[Quot, Quot.mk, Quot.lift, Quot.ind, NLA.MF14Degree44.canonical_gate_padding, NLA.MF14Degree44.four_prefix_full_coefficients, NLA.MF14Degree44.three_product_tuple, NLA.MF14Degree44.good_border_parameters_eventually, NLA.MF14Degree44.fourth_span_coordinates, NLA.MF14Degree44.fourth_map_smooth, NLA.MF14Degree44.fourth_jacobian_identity, NLA.MF14Degree44.fourth_minor_identity, NLA.MF14Degree44.fourth_product_joint_closure, NLA.MF14Degree44.polynomial_density_of_strict_derivative, NLA.MF14Degree44.degeneration_identity, NLA.MF14Degree44.degeneration_at_zero, NLA.MF14Degree44.degeneration_in_span, NLA.MF14Degree44.monic_border_joint_closure, NLA.MF14Degree44.continuation_actual_output, NLA.MF14Degree44.continuation_degree_bound, NLA.MF14Degree44.continuation_closure_transfer, NLA.MF14Degree44.family_image_mem_closure, NLA.MF14Degree44.family_degree_and_full_vector, NLA.MF14Degree44.coefficient_map_smooth, NLA.MF14Degree44.coefficient_jacobian_identity, NLA.MF14Degree44.integer_jacobian_mod3_inverse, NLA.MF14Degree44.coefficient_derivative_bijective, NLA.MF14Degree44.degree44_coverage, NLA.MF14Degree44.original_equality_false, propext, Classical.choice, Quot.sound, Nat.add, Nat.sub, Nat.mul, Nat.pow, Nat.gcd, Nat.div, Nat.mod, Nat.beq, Nat.ble, Nat.land, Nat.lor, Nat.xor, Nat.shiftLeft, Nat.shiftRight, String.ofList, Char.ofNat, List, eagerReduce, Nat, String, String.mk, Char, optParam, autoParam, semiOutParam, outParam] from Solution
2026-09-19T08:37:54.0118480Z uncaught exception: Challenge and solution theorem statement do not match: 'NLA.MF14Degree44.integer_jacobian_mod3_inverse'
2026-09-19T08:37:59.4647513Z Lean verification precondition/check failed: verification phase failed: /home/runner/work/_temp/nla-lean-tools/logs/verify-20260919T082654Z-4176/comparator.log (exit 1, expected 0; required markers ('Lean default kernel accepts the solution', 'Your solution is okay!'))
2026-09-19T08:37:59.4783903Z ##[error]Process completed with exit code 2.
2026-09-19T08:37:59.4882204Z Node 20 is being deprecated. This workflow is running with Node 24 by default. If you need to temporarily use Node 20, you can set the ACTIONS_ALLOW_USE_UNSECURE_NODE_VERSION=true environment variable. For more information see: https://github.blog/changelog/2025-09-19-deprecation-of-node-20-on-github-actions-runners/
2026-09-19T08:37:59.4883623Z ##[group]Run actions/upload-artifact@ea165f8d65b6e75b540449e92b4886f43607fa02
2026-09-19T08:37:59.4884006Z with:
2026-09-19T08:37:59.4884193Z   name: lean-MF-14
2026-09-19T08:37:59.4884451Z   path: /home/runner/work/_temp/nla-lean-tools/logs/
2026-09-19T08:37:59.4884953Z   if-no-files-found: warn
2026-09-19T08:37:59.4885180Z   compression-level: 6
2026-09-19T08:37:59.4885393Z   overwrite: false
2026-09-19T08:37:59.4885605Z   include-hidden-files: false
2026-09-19T08:37:59.4885828Z env:
2026-09-19T08:37:59.4886006Z   GOTOOLCHAIN: local
2026-09-19T08:37:59.4886220Z   XDG_RUNTIME_DIR: /run/user/1001
2026-09-19T08:37:59.4886868Z   DBUS_SESSION_BUS_ADDRESS: unix:path=/run/user/1001/bus
2026-09-19T08:37:59.4887174Z ##[endgroup]
2026-09-19T08:37:59.7943322Z (node:8298) [DEP0040] DeprecationWarning: The `punycode` module is deprecated. Please use a userland alternative instead.
2026-09-19T08:37:59.7944616Z (Use `node --trace-deprecation ...` to show where the warning was created)
2026-09-19T08:37:59.8050021Z With the provided path, there will be 12 files uploaded
2026-09-19T08:37:59.8057199Z Artifact name is valid!
2026-09-19T08:37:59.8057706Z Root directory input is valid!
2026-09-19T08:38:00.0413881Z Beginning upload of artifact content to blob storage
2026-09-19T08:38:00.0903495Z (node:8298) [DEP0169] DeprecationWarning: `url.parse()` behavior is not standardized and prone to errors that have security implications. Use the WHATWG URL API instead. CVEs are not issued for `url.parse()` vulnerabilities.
2026-09-19T08:38:00.1364507Z Uploaded bytes 19652
2026-09-19T08:38:00.1589638Z Finished uploading artifact content to blob storage!
2026-09-19T08:38:00.1590709Z SHA256 digest of uploaded artifact zip is 6cf2591d87b66a17fb98d884496c11616758e4ec93303ee06927f6f35b4c74da
2026-09-19T08:38:00.1593478Z Finalizing artifact upload
2026-09-19T08:38:00.3580219Z Artifact lean-MF-14.zip successfully finalized. Artifact ID 10580509887
2026-09-19T08:38:00.3581652Z Artifact lean-MF-14 has been successfully uploaded! Final size is 19652 bytes. Artifact ID is 10580509887
2026-09-19T08:38:00.3587891Z Artifact download URL: https://github.com/ajt60gaibb/OpenProblemsInNLA/actions/runs/35431941636/artifacts/10580509887
2026-09-19T08:38:00.3806118Z Node 20 is being deprecated. This workflow is running with Node 24 by default. If you need to temporarily use Node 20, you can set the ACTIONS_ALLOW_USE_UNSECURE_NODE_VERSION=true environment variable. For more information see: https://github.blog/changelog/2025-09-19-deprecation-of-node-20-on-github-actions-runners/
2026-09-19T08:38:00.3807722Z Post job cleanup.
2026-09-19T08:38:00.4723432Z [command]/usr/bin/git version
2026-09-19T08:38:00.4771369Z git version 2.55.0
2026-09-19T08:38:00.4810540Z Temporarily overriding HOME='/home/runner/work/_temp/73dd7c70-bc0d-450e-b87a-b17ae684eb15' before making global git config changes
2026-09-19T08:38:00.4811836Z Adding repository directory to the temporary git global config as a safe directory
2026-09-19T08:38:00.4816932Z [command]/usr/bin/git config --global --add safe.directory /home/runner/work/OpenProblemsInNLA/OpenProblemsInNLA
2026-09-19T08:38:00.4856126Z [command]/usr/bin/git config --local --name-only --get-regexp core\.sshCommand
2026-09-19T08:38:00.4901054Z [command]/usr/bin/git submodule foreach --recursive sh -c "git config --local --name-only --get-regexp 'core\.sshCommand' && git config --local --unset-all 'core.sshCommand' || :"
2026-09-19T08:38:00.5327772Z [command]/usr/bin/git config --local --name-only --get-regexp http\.https\:\/\/github\.com\/\.extraheader
2026-09-19T08:38:00.5343155Z [command]/usr/bin/git submodule foreach --recursive sh -c "git config --local --name-only --get-regexp 'http\.https\:\/\/github\.com\/\.extraheader' && git config --local --unset-all 'http.https://github.com/.extraheader' || :"
2026-09-19T08:38:00.5653077Z [command]/usr/bin/git config --local --name-only --get-regexp ^includeIf\.gitdir:
2026-09-19T08:38:00.5696673Z [command]/usr/bin/git submodule foreach --recursive git config --local --show-origin --name-only --get-regexp remote.origin.url
2026-09-19T08:38:00.6178550Z Cleaning up orphan processes
2026-09-19T08:38:00.6575945Z ##[warning]Node.js 20 is deprecated. The following actions target Node.js 20 but are being forced to run on Node.js 24: actions/checkout@11d5960a326750d5838078e36cf38b85af677262, actions/upload-artifact@ea165f8d65b6e75b540449e92b4886f43607fa02. For more information see: https://github.blog/changelog/2025-09-19-deprecation-of-node-20-on-github-actions-runners/
