2026-09-18T06:33:07.7661165Z Current runner version: '2.337.0'
2026-09-18T06:33:07.7687928Z ##[group]Runner Image Provisioner
2026-09-18T06:33:07.7688837Z Hosted Compute Agent
2026-09-18T06:33:07.7689413Z Version: 20260828.587
2026-09-18T06:33:07.7690154Z Commit: abac92662cab4cc7352de4f9f9d2e2419aad9c29
2026-09-18T06:33:07.7690888Z Build Date: 2026-08-28T16:44:25Z
2026-09-18T06:33:07.7691595Z Worker ID: {37cb5263-8340-43c2-b8c4-bf8bc7cefb28}
2026-09-18T06:33:07.7692326Z Azure Region: northcentralus
2026-09-18T06:33:07.7692938Z ##[endgroup]
2026-09-18T06:33:07.7694830Z ##[group]Operating System
2026-09-18T06:33:07.7695485Z Ubuntu
2026-09-18T06:33:07.7696733Z 24.04.5
2026-09-18T06:33:07.7697312Z LTS
2026-09-18T06:33:07.7697819Z ##[endgroup]
2026-09-18T06:33:07.7698458Z ##[group]Runner Image
2026-09-18T06:33:07.7699076Z Image: ubuntu-24.04
2026-09-18T06:33:07.7699625Z Version: 20260907.300.1
2026-09-18T06:33:07.7700953Z Included Software: https://github.com/actions/runner-images/blob/ubuntu24/20260907.300/images/ubuntu/Ubuntu2404-Readme.md
2026-09-18T06:33:07.7702577Z Image Release: https://github.com/actions/runner-images/releases/tag/ubuntu24%2F20260907.300
2026-09-18T06:33:07.7703539Z ##[endgroup]
2026-09-18T06:33:07.7704682Z ##[group]GITHUB_TOKEN Permissions
2026-09-18T06:33:07.7707087Z Contents: read
2026-09-18T06:33:07.7707720Z Metadata: read
2026-09-18T06:33:07.7708384Z ##[endgroup]
2026-09-18T06:33:07.7711023Z Secret source: Actions
2026-09-18T06:33:07.7712088Z Cache mode: write
2026-09-18T06:33:07.7713045Z Prepare workflow directory
2026-09-18T06:33:07.8075152Z Prepare all required actions
2026-09-18T06:33:07.8128115Z Getting action download info
2026-09-18T06:33:08.0729609Z Download action repository 'actions/checkout@11d5960a326750d5838078e36cf38b85af677262' (SHA:11d5960a326750d5838078e36cf38b85af677262)
2026-09-18T06:33:08.1920501Z Download action repository 'actions/setup-go@924ae3a1cded613372ab5595356fb5720e22ba16' (SHA:924ae3a1cded613372ab5595356fb5720e22ba16)
2026-09-18T06:33:08.5511710Z Download action repository 'leanprover/lean-action@96e06131c0e9943c780388fd166f55d1e2fa0433' (SHA:96e06131c0e9943c780388fd166f55d1e2fa0433)
2026-09-18T06:33:08.7303159Z Download action repository 'actions/upload-artifact@ea165f8d65b6e75b540449e92b4886f43607fa02' (SHA:ea165f8d65b6e75b540449e92b4886f43607fa02)
2026-09-18T06:33:08.9690399Z Getting action download info
2026-09-18T06:33:09.0743799Z Download action repository 'actions/cache@v5' (SHA:caa296126883cff596d87d8935842f9db880ef25)
2026-09-18T06:33:09.2770687Z Complete job name: verify (MF-18, matrix-functions-and-stability/MF-18/lean)
2026-09-18T06:33:09.3795454Z Node 20 is being deprecated. This workflow is running with Node 24 by default. If you need to temporarily use Node 20, you can set the ACTIONS_ALLOW_USE_UNSECURE_NODE_VERSION=true environment variable. For more information see: https://github.blog/changelog/2025-09-19-deprecation-of-node-20-on-github-actions-runners/
2026-09-18T06:33:09.3807469Z ##[group]Run actions/checkout@11d5960a326750d5838078e36cf38b85af677262
2026-09-18T06:33:09.3808969Z with:
2026-09-18T06:33:09.3809682Z   persist-credentials: false
2026-09-18T06:33:09.3810607Z   repository: sgstepaniants/OpenProblemsInNLA
2026-09-18T06:33:09.3820124Z   token: ***
2026-09-18T06:33:09.3820835Z   ssh-strict: true
2026-09-18T06:33:09.3821524Z   ssh-user: git
2026-09-18T06:33:09.3822189Z   clean: true
2026-09-18T06:33:09.3822910Z   sparse-checkout-cone-mode: true
2026-09-18T06:33:09.3823777Z   fetch-depth: 1
2026-09-18T06:33:09.3824465Z   fetch-tags: false
2026-09-18T06:33:09.3825174Z   show-progress: true
2026-09-18T06:33:09.3825962Z   lfs: false
2026-09-18T06:33:09.3826796Z   submodules: false
2026-09-18T06:33:09.3827519Z   set-safe-directory: true
2026-09-18T06:33:09.3828363Z   allow-unsafe-pr-checkout: false
2026-09-18T06:33:09.3829756Z ##[endgroup]
2026-09-18T06:33:09.4921897Z Syncing repository: sgstepaniants/OpenProblemsInNLA
2026-09-18T06:33:09.4925798Z ##[group]Getting Git version info
2026-09-18T06:33:09.4928386Z Working directory is '/home/runner/work/OpenProblemsInNLA/OpenProblemsInNLA'
2026-09-18T06:33:09.4932319Z [command]/usr/bin/git version
2026-09-18T06:33:09.5018262Z git version 2.55.0
2026-09-18T06:33:09.5036806Z ##[endgroup]
2026-09-18T06:33:09.5052291Z Temporarily overriding HOME='/home/runner/work/_temp/22b68d89-75f9-46a1-bfdd-5d8c9ec0edad' before making global git config changes
2026-09-18T06:33:09.5056899Z Adding repository directory to the temporary git global config as a safe directory
2026-09-18T06:33:09.5060059Z [command]/usr/bin/git config --global --add safe.directory /home/runner/work/OpenProblemsInNLA/OpenProblemsInNLA
2026-09-18T06:33:09.5126619Z Deleting the contents of '/home/runner/work/OpenProblemsInNLA/OpenProblemsInNLA'
2026-09-18T06:33:09.5134166Z ##[group]Initializing the repository
2026-09-18T06:33:09.5140907Z [command]/usr/bin/git init /home/runner/work/OpenProblemsInNLA/OpenProblemsInNLA
2026-09-18T06:33:09.5286858Z hint: Using 'master' as the name for the initial branch. This default branch name
2026-09-18T06:33:09.5289824Z hint: will change to "main" in Git 3.0. To configure the initial branch name
2026-09-18T06:33:09.5292564Z hint: to use in all of your new repositories, which will suppress this warning,
2026-09-18T06:33:09.5294647Z hint: call:
2026-09-18T06:33:09.5295656Z hint:
2026-09-18T06:33:09.5297221Z hint: 	git config --global init.defaultBranch <name>
2026-09-18T06:33:09.5298860Z hint:
2026-09-18T06:33:09.5300428Z hint: Names commonly chosen instead of 'master' are 'main', 'trunk' and
2026-09-18T06:33:09.5303103Z hint: 'development'. The just-created branch can be renamed via this command:
2026-09-18T06:33:09.5305079Z hint:
2026-09-18T06:33:09.5305753Z hint: 	git branch -m <name>
2026-09-18T06:33:09.5306905Z hint:
2026-09-18T06:33:09.5308130Z hint: Disable this message with "git config set advice.defaultBranchName false"
2026-09-18T06:33:09.5311683Z Initialized empty Git repository in /home/runner/work/OpenProblemsInNLA/OpenProblemsInNLA/.git/
2026-09-18T06:33:09.5317164Z [command]/usr/bin/git remote add origin https://github.com/sgstepaniants/OpenProblemsInNLA
2026-09-18T06:33:09.5359883Z ##[endgroup]
2026-09-18T06:33:09.5361925Z ##[group]Disabling automatic garbage collection
2026-09-18T06:33:09.5363842Z [command]/usr/bin/git config --local gc.auto 0
2026-09-18T06:33:09.5419216Z ##[endgroup]
2026-09-18T06:33:09.5421221Z ##[group]Setting up auth
2026-09-18T06:33:09.5423342Z [command]/usr/bin/git config --local --name-only --get-regexp core\.sshCommand
2026-09-18T06:33:09.5453914Z [command]/usr/bin/git submodule foreach --recursive sh -c "git config --local --name-only --get-regexp 'core\.sshCommand' && git config --local --unset-all 'core.sshCommand' || :"
2026-09-18T06:33:09.5881232Z [command]/usr/bin/git config --local --name-only --get-regexp http\.https\:\/\/github\.com\/\.extraheader
2026-09-18T06:33:09.5925273Z [command]/usr/bin/git submodule foreach --recursive sh -c "git config --local --name-only --get-regexp 'http\.https\:\/\/github\.com\/\.extraheader' && git config --local --unset-all 'http.https://github.com/.extraheader' || :"
2026-09-18T06:33:09.6165992Z [command]/usr/bin/git config --local --name-only --get-regexp ^includeIf\.gitdir:
2026-09-18T06:33:09.6205275Z [command]/usr/bin/git submodule foreach --recursive git config --local --show-origin --name-only --get-regexp remote.origin.url
2026-09-18T06:33:09.6440840Z [command]/usr/bin/git config --local http.https://github.com/.extraheader AUTHORIZATION: basic ***
2026-09-18T06:33:09.6485010Z ##[endgroup]
2026-09-18T06:33:09.6486545Z ##[group]Fetching the repository
2026-09-18T06:33:09.6497124Z [command]/usr/bin/git -c protocol.version=2 fetch --no-tags --prune --no-recurse-submodules --depth=1 origin +0d3a658789510d3cdd14729f22165219f7e7eaf8:refs/remotes/origin/codex/lean-mf18-verification
2026-09-18T06:33:19.2713194Z From https://github.com/sgstepaniants/OpenProblemsInNLA
2026-09-18T06:33:19.2715718Z  * [new ref]           0d3a658789510d3cdd14729f22165219f7e7eaf8 -> origin/codex/lean-mf18-verification
2026-09-18T06:33:19.2719576Z ##[endgroup]
2026-09-18T06:33:19.2720454Z ##[group]Determining the checkout info
2026-09-18T06:33:19.2722564Z ##[endgroup]
2026-09-18T06:33:19.2729265Z [command]/usr/bin/git sparse-checkout disable
2026-09-18T06:33:19.2793597Z [command]/usr/bin/git config --local --unset-all extensions.worktreeConfig
2026-09-18T06:33:19.2829707Z ##[group]Checking out the ref
2026-09-18T06:33:19.2834951Z [command]/usr/bin/git checkout --progress --force -B codex/lean-mf18-verification refs/remotes/origin/codex/lean-mf18-verification
2026-09-18T06:33:20.4042967Z Updating files:  32% (12161/37345)
2026-09-18T06:33:20.4292638Z Updating files:  33% (12324/37345)
2026-09-18T06:33:20.4453744Z Updating files:  34% (12698/37345)
2026-09-18T06:33:20.4600814Z Updating files:  35% (13071/37345)
2026-09-18T06:33:20.4843675Z Updating files:  36% (13445/37345)
2026-09-18T06:33:20.5065950Z Updating files:  37% (13818/37345)
2026-09-18T06:33:20.5234325Z Updating files:  38% (14192/37345)
2026-09-18T06:33:20.5427428Z Updating files:  39% (14565/37345)
2026-09-18T06:33:20.5675234Z Updating files:  40% (14938/37345)
2026-09-18T06:33:20.6323634Z Updating files:  41% (15312/37345)
2026-09-18T06:33:20.6551741Z Updating files:  42% (15685/37345)
2026-09-18T06:33:20.6807755Z Updating files:  43% (16059/37345)
2026-09-18T06:33:20.7037723Z Updating files:  44% (16432/37345)
2026-09-18T06:33:20.7275106Z Updating files:  45% (16806/37345)
2026-09-18T06:33:20.7617943Z Updating files:  46% (17179/37345)
2026-09-18T06:33:20.7909583Z Updating files:  47% (17553/37345)
2026-09-18T06:33:20.8162690Z Updating files:  48% (17926/37345)
2026-09-18T06:33:20.8426888Z Updating files:  49% (18300/37345)
2026-09-18T06:33:20.8716536Z Updating files:  50% (18673/37345)
2026-09-18T06:33:20.9113701Z Updating files:  51% (19046/37345)
2026-09-18T06:33:20.9412809Z Updating files:  52% (19420/37345)
2026-09-18T06:33:20.9730243Z Updating files:  53% (19793/37345)
2026-09-18T06:33:21.0007425Z Updating files:  54% (20167/37345)
2026-09-18T06:33:21.0226972Z Updating files:  55% (20540/37345)
2026-09-18T06:33:21.0534286Z Updating files:  56% (20914/37345)
2026-09-18T06:33:21.0765856Z Updating files:  57% (21287/37345)
2026-09-18T06:33:21.1027998Z Updating files:  58% (21661/37345)
2026-09-18T06:33:21.1271023Z Updating files:  59% (22034/37345)
2026-09-18T06:33:21.1559119Z Updating files:  60% (22407/37345)
2026-09-18T06:33:21.1857811Z Updating files:  61% (22781/37345)
2026-09-18T06:33:21.2165213Z Updating files:  62% (23154/37345)
2026-09-18T06:33:21.2492585Z Updating files:  63% (23528/37345)
2026-09-18T06:33:21.2714002Z Updating files:  64% (23901/37345)
2026-09-18T06:33:21.2937442Z Updating files:  65% (24275/37345)
2026-09-18T06:33:21.3162102Z Updating files:  66% (24648/37345)
2026-09-18T06:33:21.3280721Z Updating files:  67% (25022/37345)
2026-09-18T06:33:21.3364948Z Updating files:  67% (25229/37345)
2026-09-18T06:33:21.3630381Z Updating files:  68% (25395/37345)
2026-09-18T06:33:21.3895512Z Updating files:  69% (25769/37345)
2026-09-18T06:33:21.4204881Z Updating files:  70% (26142/37345)
2026-09-18T06:33:21.4428666Z Updating files:  71% (26515/37345)
2026-09-18T06:33:21.4634353Z Updating files:  72% (26889/37345)
2026-09-18T06:33:21.4850539Z Updating files:  73% (27262/37345)
2026-09-18T06:33:21.5095777Z Updating files:  74% (27636/37345)
2026-09-18T06:33:21.5276637Z Updating files:  75% (28009/37345)
2026-09-18T06:33:21.5554091Z Updating files:  76% (28383/37345)
2026-09-18T06:33:21.5825475Z Updating files:  77% (28756/37345)
2026-09-18T06:33:21.6021719Z Updating files:  78% (29130/37345)
2026-09-18T06:33:21.6265448Z Updating files:  79% (29503/37345)
2026-09-18T06:33:21.6499872Z Updating files:  80% (29876/37345)
2026-09-18T06:33:21.6710554Z Updating files:  81% (30250/37345)
2026-09-18T06:33:21.6976507Z Updating files:  82% (30623/37345)
2026-09-18T06:33:21.7381908Z Updating files:  83% (30997/37345)
2026-09-18T06:33:21.7657478Z Updating files:  84% (31370/37345)
2026-09-18T06:33:21.8162409Z Updating files:  85% (31744/37345)
2026-09-18T06:33:21.9697775Z Updating files:  86% (32117/37345)
2026-09-18T06:33:22.0162980Z Updating files:  87% (32491/37345)
2026-09-18T06:33:22.1515478Z Updating files:  88% (32864/37345)
2026-09-18T06:33:22.2169152Z Updating files:  89% (33238/37345)
2026-09-18T06:33:22.2635003Z Updating files:  90% (33611/37345)
2026-09-18T06:33:22.3281918Z Updating files:  91% (33984/37345)
2026-09-18T06:33:22.3460111Z Updating files:  91% (34221/37345)
2026-09-18T06:33:22.4152441Z Updating files:  92% (34358/37345)
2026-09-18T06:33:22.4966845Z Updating files:  93% (34731/37345)
2026-09-18T06:33:22.5323706Z Updating files:  94% (35105/37345)
2026-09-18T06:33:22.5675082Z Updating files:  95% (35478/37345)
2026-09-18T06:33:22.5971455Z Updating files:  96% (35852/37345)
2026-09-18T06:33:22.6237683Z Updating files:  97% (36225/37345)
2026-09-18T06:33:22.6472624Z Updating files:  98% (36599/37345)
2026-09-18T06:33:22.6701945Z Updating files:  99% (36972/37345)
2026-09-18T06:33:22.6702652Z Updating files: 100% (37345/37345)
2026-09-18T06:33:22.6703257Z Updating files: 100% (37345/37345), done.
2026-09-18T06:33:22.7181013Z Switched to a new branch 'codex/lean-mf18-verification'
2026-09-18T06:33:22.7187364Z branch 'codex/lean-mf18-verification' set up to track 'origin/codex/lean-mf18-verification'.
2026-09-18T06:33:22.7295961Z ##[endgroup]
2026-09-18T06:33:22.7355586Z [command]/usr/bin/git log -1 --format=%H
2026-09-18T06:33:22.7387216Z 0d3a658789510d3cdd14729f22165219f7e7eaf8
2026-09-18T06:33:22.7399724Z ##[group]Removing auth
2026-09-18T06:33:22.7405188Z [command]/usr/bin/git config --local --name-only --get-regexp core\.sshCommand
2026-09-18T06:33:22.7442737Z [command]/usr/bin/git submodule foreach --recursive sh -c "git config --local --name-only --get-regexp 'core\.sshCommand' && git config --local --unset-all 'core.sshCommand' || :"
2026-09-18T06:33:22.7720159Z [command]/usr/bin/git config --local --name-only --get-regexp http\.https\:\/\/github\.com\/\.extraheader
2026-09-18T06:33:22.7755066Z http.https://github.com/.extraheader
2026-09-18T06:33:22.7773774Z [command]/usr/bin/git config --local --unset-all http.https://github.com/.extraheader
2026-09-18T06:33:22.7804633Z [command]/usr/bin/git submodule foreach --recursive sh -c "git config --local --name-only --get-regexp 'http\.https\:\/\/github\.com\/\.extraheader' && git config --local --unset-all 'http.https://github.com/.extraheader' || :"
2026-09-18T06:33:22.8077020Z [command]/usr/bin/git config --local --name-only --get-regexp ^includeIf\.gitdir:
2026-09-18T06:33:22.8117943Z [command]/usr/bin/git submodule foreach --recursive git config --local --show-origin --name-only --get-regexp remote.origin.url
2026-09-18T06:33:22.8391846Z ##[endgroup]
2026-09-18T06:33:22.8613461Z ##[group]Run python3 -m pip install -r tools/lean/requirements.txt
2026-09-18T06:33:22.8614049Z [36;1mpython3 -m pip install -r tools/lean/requirements.txt[0m
2026-09-18T06:33:22.8614508Z [36;1mpython3 tools/lean/validate_manifest.py "$LEAN_PROJECT"[0m
2026-09-18T06:33:22.8658001Z shell: /usr/bin/bash -e {0}
2026-09-18T06:33:22.8658287Z env:
2026-09-18T06:33:22.8658572Z   LEAN_PROJECT: matrix-functions-and-stability/MF-18/lean
2026-09-18T06:33:22.8658939Z ##[endgroup]
2026-09-18T06:33:23.3474427Z Defaulting to user installation because normal site-packages is not writeable
2026-09-18T06:33:23.8330354Z Collecting PyYAML==6.0.3 (from -r tools/lean/requirements.txt (line 1))
2026-09-18T06:33:23.8634986Z   Downloading pyyaml-6.0.3-cp312-cp312-manylinux2014_x86_64.manylinux_2_17_x86_64.manylinux_2_28_x86_64.whl.metadata (2.4 kB)
2026-09-18T06:33:23.9010574Z Collecting jsonschema==4.26.0 (from -r tools/lean/requirements.txt (line 2))
2026-09-18T06:33:23.9051223Z   Downloading jsonschema-4.26.0-py3-none-any.whl.metadata (7.6 kB)
2026-09-18T06:33:23.9230979Z Requirement already satisfied: attrs>=22.2.0 in /usr/lib/python3/dist-packages (from jsonschema==4.26.0->-r tools/lean/requirements.txt (line 2)) (23.2.0)
2026-09-18T06:33:23.9414358Z Collecting jsonschema-specifications>=2023.03.6 (from jsonschema==4.26.0->-r tools/lean/requirements.txt (line 2))
2026-09-18T06:33:23.9446912Z   Downloading jsonschema_specifications-2025.9.1-py3-none-any.whl.metadata (2.9 kB)
2026-09-18T06:33:23.9834397Z Collecting referencing>=0.28.4 (from jsonschema==4.26.0->-r tools/lean/requirements.txt (line 2))
2026-09-18T06:33:23.9870357Z   Downloading referencing-0.37.0-py3-none-any.whl.metadata (2.8 kB)
2026-09-18T06:33:24.3051665Z Collecting rpds-py>=0.25.0 (from jsonschema==4.26.0->-r tools/lean/requirements.txt (line 2))
2026-09-18T06:33:24.3088070Z   Downloading rpds_py-2026.6.3-cp312-cp312-manylinux_2_17_x86_64.manylinux2014_x86_64.whl.metadata (4.1 kB)
2026-09-18T06:33:24.3485638Z Requirement already satisfied: typing-extensions>=4.4.0 in /usr/lib/python3/dist-packages (from referencing>=0.28.4->jsonschema==4.26.0->-r tools/lean/requirements.txt (line 2)) (4.10.0)
2026-09-18T06:33:24.3550484Z Downloading pyyaml-6.0.3-cp312-cp312-manylinux2014_x86_64.manylinux_2_17_x86_64.manylinux_2_28_x86_64.whl (807 kB)
2026-09-18T06:33:24.3753578Z    ━━━━━━━━━━━━━━━━━━━━━━━━━━━━━━━━━━━━━━━━ 807.9/807.9 kB 45.3 MB/s eta 0:00:00
2026-09-18T06:33:24.3785685Z Downloading jsonschema-4.26.0-py3-none-any.whl (90 kB)
2026-09-18T06:33:24.3830217Z    ━━━━━━━━━━━━━━━━━━━━━━━━━━━━━━━━━━━━━━━━ 90.6/90.6 kB 31.9 MB/s eta 0:00:00
2026-09-18T06:33:24.3863516Z Downloading jsonschema_specifications-2025.9.1-py3-none-any.whl (18 kB)
2026-09-18T06:33:24.3914659Z Downloading referencing-0.37.0-py3-none-any.whl (26 kB)
2026-09-18T06:33:24.3967034Z Downloading rpds_py-2026.6.3-cp312-cp312-manylinux_2_17_x86_64.manylinux2014_x86_64.whl (366 kB)
2026-09-18T06:33:24.4090869Z    ━━━━━━━━━━━━━━━━━━━━━━━━━━━━━━━━━━━━━━━━ 366.2/366.2 kB 34.3 MB/s eta 0:00:00
2026-09-18T06:33:24.7097683Z Installing collected packages: rpds-py, PyYAML, referencing, jsonschema-specifications, jsonschema
2026-09-18T06:33:24.8842009Z Successfully installed PyYAML-6.0.3 jsonschema-4.26.0 jsonschema-specifications-2025.9.1 referencing-0.37.0 rpds-py-2026.6.3
2026-09-18T06:33:25.2515596Z Manifest schema and comparator coverage: PASS (25 declarations)
2026-09-18T06:33:25.2758056Z ##[group]Run actions/setup-go@924ae3a1cded613372ab5595356fb5720e22ba16
2026-09-18T06:33:25.2758498Z with:
2026-09-18T06:33:25.2758704Z   go-version: 1.27.1
2026-09-18T06:33:25.2758924Z   cache: false
2026-09-18T06:33:25.2759132Z   check-latest: false
2026-09-18T06:33:25.2761715Z   token: ***
2026-09-18T06:33:25.2761921Z ##[endgroup]
2026-09-18T06:33:25.4054895Z Setup go version spec 1.27.1
2026-09-18T06:33:25.4068462Z Attempting to download 1.27.1...
2026-09-18T06:33:25.9883913Z matching 1.27.1...
2026-09-18T06:33:25.9912557Z Acquiring 1.27.1 from https://github.com/actions/go-versions/releases/download/1.27.1-33583469715/go-1.27.1-linux-x64.tar.gz
2026-09-18T06:33:26.4585413Z Extracting Go...
2026-09-18T06:33:26.4706568Z [command]/usr/bin/tar xz --warning=no-unknown-keyword --overwrite -C /home/runner/work/_temp/3caef5fb-f093-459d-81b4-12ac737149cb -f /home/runner/work/_temp/65f6fe27-5d1f-4743-b87c-ca18d987154c
2026-09-18T06:33:28.1922344Z Successfully extracted go to /home/runner/work/_temp/3caef5fb-f093-459d-81b4-12ac737149cb
2026-09-18T06:33:28.1922931Z Adding to the cache ...
2026-09-18T06:33:36.0509592Z Successfully cached go to /opt/hostedtoolcache/go/1.27.1/x64
2026-09-18T06:33:36.0512054Z Added go to the path
2026-09-18T06:33:36.0514316Z Successfully set up Go version 1.27.1
2026-09-18T06:33:36.0764720Z go version go1.27.1 linux/amd64
2026-09-18T06:33:36.0765070Z 
2026-09-18T06:33:36.0765590Z ##[group]go env
2026-09-18T06:33:36.2269859Z AR='ar'
2026-09-18T06:33:36.2270226Z CC='gcc'
2026-09-18T06:33:36.2270565Z CGO_CFLAGS='-O2 -g'
2026-09-18T06:33:36.2270950Z CGO_CPPFLAGS=''
2026-09-18T06:33:36.2271313Z CGO_CXXFLAGS='-O2 -g'
2026-09-18T06:33:36.2271696Z CGO_ENABLED='1'
2026-09-18T06:33:36.2272039Z CGO_FFLAGS='-O2 -g'
2026-09-18T06:33:36.2272391Z CGO_LDFLAGS='-O2 -g'
2026-09-18T06:33:36.2272734Z CXX='g++'
2026-09-18T06:33:36.2273054Z GCCGO='gccgo'
2026-09-18T06:33:36.2273386Z GO111MODULE=''
2026-09-18T06:33:36.2273715Z GOAMD64='v1'
2026-09-18T06:33:36.2274097Z GOARCH='amd64'
2026-09-18T06:33:36.2274464Z GOAUTH='netrc'
2026-09-18T06:33:36.2275165Z GOBIN='/home/runner/go/bin'
2026-09-18T06:33:36.2275657Z GOCACHE='/home/runner/.cache/go-build'
2026-09-18T06:33:36.2276394Z GOCACHEPROG=''
2026-09-18T06:33:36.2276741Z GODEBUG=''
2026-09-18T06:33:36.2277097Z GOENV='/home/runner/.config/go/env'
2026-09-18T06:33:36.2277532Z GOEXE=''
2026-09-18T06:33:36.2277848Z GOEXPERIMENT=''
2026-09-18T06:33:36.2278188Z GOFIPS140='off'
2026-09-18T06:33:36.2278509Z GOFLAGS=''
2026-09-18T06:33:36.2279655Z GOGCCFLAGS='-fPIC -m64 -pthread -Wl,--no-gc-sections -fmessage-length=0 -ffile-prefix-map=/tmp/go-build752242940=/tmp/go-build -gno-record-gcc-switches'
2026-09-18T06:33:36.2280849Z GOHOSTARCH='amd64'
2026-09-18T06:33:36.2281204Z GOHOSTOS='linux'
2026-09-18T06:33:36.2281543Z GOINSECURE=''
2026-09-18T06:33:36.2281880Z GOMOD='/dev/null'
2026-09-18T06:33:36.2282264Z GOMODCACHE='/home/runner/go/pkg/mod'
2026-09-18T06:33:36.2282712Z GONOPROXY=''
2026-09-18T06:33:36.2283034Z GONOSUMDB=''
2026-09-18T06:33:36.2283363Z GOOS='linux'
2026-09-18T06:33:36.2283699Z GOPACKAGESDRIVER=''
2026-09-18T06:33:36.2284084Z GOPATH='/home/runner/go'
2026-09-18T06:33:36.2284493Z GOPRIVATE=''
2026-09-18T06:33:36.2284914Z GOPROXY='https://proxy.golang.org,direct'
2026-09-18T06:33:36.2285477Z GOROOT='/opt/hostedtoolcache/go/1.27.1/x64'
2026-09-18T06:33:36.2286002Z GOSUMDB='sum.golang.org'
2026-09-18T06:33:36.2286613Z GOTELEMETRY='local'
2026-09-18T06:33:36.2287065Z GOTELEMETRYDIR='/home/runner/.config/go/telemetry'
2026-09-18T06:33:36.2287592Z GOTMPDIR=''
2026-09-18T06:33:36.2287924Z GOTOOLCHAIN='local'
2026-09-18T06:33:36.2288476Z GOTOOLDIR='/opt/hostedtoolcache/go/1.27.1/x64/pkg/tool/linux_amd64'
2026-09-18T06:33:36.2289096Z GOVCS=''
2026-09-18T06:33:36.2289416Z GOVERSION='go1.27.1'
2026-09-18T06:33:36.2289768Z GOWORK=''
2026-09-18T06:33:36.2290102Z PKG_CONFIG='pkg-config'
2026-09-18T06:33:36.2290352Z 
2026-09-18T06:33:36.2290911Z ##[endgroup]
2026-09-18T06:33:36.2723450Z ##[group]Run leanprover/lean-action@96e06131c0e9943c780388fd166f55d1e2fa0433
2026-09-18T06:33:36.2723900Z with:
2026-09-18T06:33:36.2724239Z   lake-package-directory: matrix-functions-and-stability/MF-18/lean
2026-09-18T06:33:36.2724624Z   auto-config: false
2026-09-18T06:33:36.2724836Z   build: false
2026-09-18T06:33:36.2725028Z   test: false
2026-09-18T06:33:36.2725218Z   lint: false
2026-09-18T06:33:36.2725415Z   use-mathlib-cache: false
2026-09-18T06:33:36.2725651Z   use-github-cache: false
2026-09-18T06:33:36.2725875Z   mk_all-check: false
2026-09-18T06:33:36.2726408Z   check-reservoir-eligibility: false
2026-09-18T06:33:36.2726682Z   leanchecker: false
2026-09-18T06:33:36.2726942Z   lean4checker: false
2026-09-18T06:33:36.2727207Z   nanoda: false
2026-09-18T06:33:36.2727421Z   nanoda-allow-sorry: true
2026-09-18T06:33:36.2727651Z   axiom-audit: false
2026-09-18T06:33:36.2727928Z   axiom-audit-allow: propext,Classical.choice,Quot.sound
2026-09-18T06:33:36.2728342Z   reinstall-transient-toolchain: false
2026-09-18T06:33:36.2728609Z env:
2026-09-18T06:33:36.2728788Z   GOTOOLCHAIN: local
2026-09-18T06:33:36.2728991Z ##[endgroup]
2026-09-18T06:33:36.2805328Z ##[start-action display=install elan;id=__leanprover_lean-action.__run]
2026-09-18T06:33:36.2831724Z ##[group]Run : Install Elan
2026-09-18T06:33:36.2832027Z [36;1m: Install Elan[0m
2026-09-18T06:33:36.2832313Z [36;1m${GITHUB_ACTION_PATH}/scripts/install_elan.sh[0m
2026-09-18T06:33:36.2873750Z shell: /usr/bin/bash --noprofile --norc -e -o pipefail {0}
2026-09-18T06:33:36.2874112Z env:
2026-09-18T06:33:36.2874351Z   GOTOOLCHAIN: local
2026-09-18T06:33:36.2874578Z ##[endgroup]
2026-09-18T06:33:36.2985054Z ##[group]Elan Installation Output
2026-09-18T06:33:36.3482230Z info: downloading installer
2026-09-18T06:33:36.9778998Z info: downloading https://releases.lean-lang.org/lean4/v4.33.1/lean-4.33.1-linux.tar.zst
2026-09-18T06:33:39.6963973Z info: installing /home/runner/.elan/toolchains/leanprover--lean4---v4.33.1
2026-09-18T06:33:46.9965137Z Lean (version 4.33.1, x86_64-unknown-linux-gnu, commit 819816b2e0a3bf405af45ae5c7af2491d8f5bee6, Release)
2026-09-18T06:33:47.0416903Z Lake version 5.0.0-src+819816b (Lean version 4.33.1)
2026-09-18T06:33:47.0472722Z ##[endgroup]
2026-09-18T06:33:47.0473343Z 
2026-09-18T06:33:47.0491849Z ##[end-action id=__leanprover_lean-action.__run;outcome=success;conclusion=success;duration_ms=10768]
2026-09-18T06:33:47.0499011Z ##[start-action display=configure `lean-action`;id=__leanprover_lean-action.config]
2026-09-18T06:33:47.0520013Z ##[group]Run : Configure Lean Action
2026-09-18T06:33:47.0520365Z [36;1m: Configure Lean Action[0m
2026-09-18T06:33:47.0520671Z [36;1m${GITHUB_ACTION_PATH}/scripts/config.sh[0m
2026-09-18T06:33:47.0559329Z shell: /usr/bin/bash --noprofile --norc -e -o pipefail {0}
2026-09-18T06:33:47.0559679Z env:
2026-09-18T06:33:47.0559885Z   GOTOOLCHAIN: local
2026-09-18T06:33:47.0560114Z   AUTO_CONFIG: false
2026-09-18T06:33:47.0560326Z   BUILD: false
2026-09-18T06:33:47.0560540Z   TEST: false
2026-09-18T06:33:47.0560728Z   LINT: false
2026-09-18T06:33:47.0560917Z ##[endgroup]
2026-09-18T06:33:47.0914335Z ##[group]Configure lean-action
2026-09-18T06:33:47.0968835Z ##[end-action id=__leanprover_lean-action.config;outcome=success;conclusion=success;duration_ms=46]
2026-09-18T06:33:47.0973792Z ##[start-action display=reinstall transient toolchain;id=__leanprover_lean-action.__run_2]
2026-09-18T06:33:47.0980355Z ##[end-action id=__leanprover_lean-action.__run_2;outcome=skipped;conclusion=skipped;duration_ms=0]
2026-09-18T06:33:47.0983292Z ##[start-action display=ensure all files are imported;id=__leanprover_lean-action.mk_all]
2026-09-18T06:33:47.0987300Z ##[end-action id=__leanprover_lean-action.mk_all;outcome=skipped;conclusion=skipped;duration_ms=0]
2026-09-18T06:33:47.0989271Z ##[start-action display=Run actions/cache/restore@v5;id=__leanprover_lean-action.__actions_cache]
2026-09-18T06:33:47.0992913Z ##[end-action id=__leanprover_lean-action.__actions_cache;outcome=skipped;conclusion=skipped;duration_ms=0]
2026-09-18T06:33:47.0994842Z ##[start-action display=detect mathlib;id=__leanprover_lean-action.detect-mathlib]
2026-09-18T06:33:47.0998669Z ##[end-action id=__leanprover_lean-action.detect-mathlib;outcome=skipped;conclusion=skipped;duration_ms=0]
2026-09-18T06:33:47.1000563Z ##[start-action display=get mathlib cache;id=__leanprover_lean-action.__run_3]
2026-09-18T06:33:47.1017240Z ##[end-action id=__leanprover_lean-action.__run_3;outcome=skipped;conclusion=skipped;duration_ms=0]
2026-09-18T06:33:47.1044629Z ##[start-action display=build sgstepaniants/OpenProblemsInNLA;id=__leanprover_lean-action.build]
2026-09-18T06:33:47.1049472Z ##[end-action id=__leanprover_lean-action.build;outcome=skipped;conclusion=skipped;duration_ms=0]
2026-09-18T06:33:47.1051433Z ##[start-action display=Run actions/cache/save@v5;id=__leanprover_lean-action.__actions_cache_2]
2026-09-18T06:33:47.1054884Z ##[end-action id=__leanprover_lean-action.__actions_cache_2;outcome=skipped;conclusion=skipped;duration_ms=0]
2026-09-18T06:33:47.1058804Z ##[start-action display=test sgstepaniants/OpenProblemsInNLA;id=__leanprover_lean-action.test]
2026-09-18T06:33:47.1063086Z ##[end-action id=__leanprover_lean-action.test;outcome=skipped;conclusion=skipped;duration_ms=0]
2026-09-18T06:33:47.1065902Z ##[start-action display=lint sgstepaniants/OpenProblemsInNLA;id=__leanprover_lean-action.lint]
2026-09-18T06:33:47.1070787Z ##[end-action id=__leanprover_lean-action.lint;outcome=skipped;conclusion=skipped;duration_ms=0]
2026-09-18T06:33:47.1072674Z ##[start-action display=check reservoir eligibility;id=__leanprover_lean-action.__run_4]
2026-09-18T06:33:47.1076350Z ##[end-action id=__leanprover_lean-action.__run_4;outcome=skipped;conclusion=skipped;duration_ms=0]
2026-09-18T06:33:47.1079177Z ##[start-action display=check environment with leanchecker;id=__leanprover_lean-action.__run_5]
2026-09-18T06:33:47.1083684Z ##[end-action id=__leanprover_lean-action.__run_5;outcome=skipped;conclusion=skipped;duration_ms=0]
2026-09-18T06:33:47.1086314Z ##[start-action display=check environment with nanoda;id=__leanprover_lean-action.nanoda]
2026-09-18T06:33:47.1089715Z ##[end-action id=__leanprover_lean-action.nanoda;outcome=skipped;conclusion=skipped;duration_ms=0]
2026-09-18T06:33:47.1092409Z ##[start-action display=audit axioms with axiom-audit;id=__leanprover_lean-action.axiom-audit]
2026-09-18T06:33:47.1095650Z ##[end-action id=__leanprover_lean-action.axiom-audit;outcome=skipped;conclusion=skipped;duration_ms=0]
2026-09-18T06:33:47.1148502Z ##[group]Run sudo apt-get update
2026-09-18T06:33:47.1148858Z [36;1msudo apt-get update[0m
2026-09-18T06:33:47.1149186Z [36;1msudo apt-get install -y bubblewrap dbus-user-session[0m
2026-09-18T06:33:47.1149645Z [36;1msudo sysctl -w kernel.apparmor_restrict_unprivileged_userns=0[0m
2026-09-18T06:33:47.1150056Z [36;1msudo loginctl enable-linger "$(id -un)"[0m
2026-09-18T06:33:47.1150409Z [36;1msudo systemctl start "user@$(id -u).service"[0m
2026-09-18T06:33:47.1150803Z [36;1mecho "XDG_RUNTIME_DIR=/run/user/$(id -u)" >> "$GITHUB_ENV"[0m
2026-09-18T06:33:47.1151320Z [36;1mecho "DBUS_SESSION_BUS_ADDRESS=unix:path=/run/user/$(id -u)/bus" >> "$GITHUB_ENV"[0m
2026-09-18T06:33:47.1187750Z shell: /usr/bin/bash -e {0}
2026-09-18T06:33:47.1187999Z env:
2026-09-18T06:33:47.1188197Z   GOTOOLCHAIN: local
2026-09-18T06:33:47.1188415Z ##[endgroup]
2026-09-18T06:33:47.3003477Z Get:1 file:/etc/apt/apt-mirrors.txt Mirrorlist [144 B]
2026-09-18T06:33:47.3223972Z Get:6 https://packages.microsoft.com/ubuntu/24.04/prod noble InRelease [3600 B]
2026-09-18T06:33:47.3420762Z Hit:2 http://azure.archive.ubuntu.com/ubuntu noble InRelease
2026-09-18T06:33:47.3441989Z Get:3 http://azure.archive.ubuntu.com/ubuntu noble-updates InRelease [126 kB]
2026-09-18T06:33:47.3467291Z Get:4 http://azure.archive.ubuntu.com/ubuntu noble-backports InRelease [126 kB]
2026-09-18T06:33:47.3504696Z Get:5 http://azure.archive.ubuntu.com/ubuntu noble-security InRelease [126 kB]
2026-09-18T06:33:47.3661837Z Get:7 https://dl.google.com/linux/chrome-stable/deb stable InRelease [2548 B]
2026-09-18T06:33:47.4138879Z Get:8 https://packages.microsoft.com/ubuntu/24.04/prod noble/main amd64 Packages [476 kB]
2026-09-18T06:33:47.4339662Z Get:9 https://packages.microsoft.com/ubuntu/24.04/prod noble/main arm64 Packages [427 kB]
2026-09-18T06:33:47.5303438Z Get:10 http://azure.archive.ubuntu.com/ubuntu noble-updates/main amd64 Packages [1275 kB]
2026-09-18T06:33:47.5401007Z Get:11 http://azure.archive.ubuntu.com/ubuntu noble-updates/main Translation-en [294 kB]
2026-09-18T06:33:47.5417613Z Get:12 http://azure.archive.ubuntu.com/ubuntu noble-updates/main amd64 Components [181 kB]
2026-09-18T06:33:47.5432845Z Get:13 http://azure.archive.ubuntu.com/ubuntu noble-updates/universe amd64 Packages [1689 kB]
2026-09-18T06:33:47.5588286Z Get:14 http://azure.archive.ubuntu.com/ubuntu noble-updates/universe Translation-en [338 kB]
2026-09-18T06:33:47.5590871Z Get:15 http://azure.archive.ubuntu.com/ubuntu noble-updates/universe amd64 Components [388 kB]
2026-09-18T06:33:47.5652711Z Get:16 http://azure.archive.ubuntu.com/ubuntu noble-updates/restricted amd64 Packages [1580 kB]
2026-09-18T06:33:47.5764627Z Get:17 http://azure.archive.ubuntu.com/ubuntu noble-updates/restricted Translation-en [359 kB]
2026-09-18T06:33:47.5798655Z Get:18 http://azure.archive.ubuntu.com/ubuntu noble-updates/multiverse amd64 Packages [45.7 kB]
2026-09-18T06:33:47.5818153Z Get:19 http://azure.archive.ubuntu.com/ubuntu noble-updates/multiverse Translation-en [13.1 kB]
2026-09-18T06:33:47.6266776Z Get:20 http://azure.archive.ubuntu.com/ubuntu noble-updates/multiverse amd64 Components [940 B]
2026-09-18T06:33:47.6292468Z Get:21 http://azure.archive.ubuntu.com/ubuntu noble-backports/main amd64 Components [5748 B]
2026-09-18T06:33:47.6299932Z Get:22 http://azure.archive.ubuntu.com/ubuntu noble-backports/universe amd64 Components [12.6 kB]
2026-09-18T06:33:47.6542614Z Get:23 http://azure.archive.ubuntu.com/ubuntu noble-security/main amd64 Packages [1009 kB]
2026-09-18T06:33:47.6617953Z Get:24 http://azure.archive.ubuntu.com/ubuntu noble-security/main Translation-en [214 kB]
2026-09-18T06:33:47.6627172Z Get:25 http://azure.archive.ubuntu.com/ubuntu noble-security/main amd64 Components [46.4 kB]
2026-09-18T06:33:47.6644775Z Get:26 http://azure.archive.ubuntu.com/ubuntu noble-security/universe amd64 Packages [1208 kB]
2026-09-18T06:33:47.6718737Z Get:27 http://azure.archive.ubuntu.com/ubuntu noble-security/universe Translation-en [243 kB]
2026-09-18T06:33:47.6747394Z Get:28 http://azure.archive.ubuntu.com/ubuntu noble-security/universe amd64 Components [76.2 kB]
2026-09-18T06:33:47.6765672Z Get:29 http://azure.archive.ubuntu.com/ubuntu noble-security/restricted amd64 Packages [1449 kB]
2026-09-18T06:33:47.6847682Z Get:30 http://azure.archive.ubuntu.com/ubuntu noble-security/restricted Translation-en [336 kB]
2026-09-18T06:33:47.6910617Z Get:31 http://azure.archive.ubuntu.com/ubuntu noble-security/multiverse Translation-en [11.3 kB]
2026-09-18T06:33:47.7317938Z Get:32 https://dl.google.com/linux/chrome-stable/deb stable/main amd64 Packages [1408 B]
2026-09-18T06:33:52.5096614Z Fetched 12.1 MB in 1s (8648 kB/s)
2026-09-18T06:33:53.4241280Z Reading package lists...
2026-09-18T06:33:53.4568076Z Reading package lists...
2026-09-18T06:33:53.6830745Z Building dependency tree...
2026-09-18T06:33:53.6837987Z Reading state information...
2026-09-18T06:33:53.8871323Z dbus-user-session is already the newest version (1.14.10-4ubuntu4.1).
2026-09-18T06:33:53.8871931Z dbus-user-session set to manually installed.
2026-09-18T06:33:53.8872605Z The following NEW packages will be installed:
2026-09-18T06:33:53.8882529Z   bubblewrap
2026-09-18T06:33:53.9097061Z 0 upgraded, 1 newly installed, 0 to remove and 73 not upgraded.
2026-09-18T06:33:53.9097890Z Need to get 50.4 kB of archives.
2026-09-18T06:33:53.9098586Z After this operation, 133 kB of additional disk space will be used.
2026-09-18T06:33:53.9099459Z Get:1 file:/etc/apt/apt-mirrors.txt Mirrorlist [144 B]
2026-09-18T06:33:53.9493676Z Get:2 http://azure.archive.ubuntu.com/ubuntu noble-updates/main amd64 bubblewrap amd64 0.9.0-1ubuntu0.3 [50.4 kB]
2026-09-18T06:33:54.2569777Z Fetched 50.4 kB in 0s (958 kB/s)
2026-09-18T06:33:54.4949614Z Selecting previously unselected package bubblewrap.
2026-09-18T06:33:55.0390961Z (Reading database ... 
2026-09-18T06:33:55.0391550Z (Reading database ... 5%
2026-09-18T06:33:55.0392156Z (Reading database ... 10%
2026-09-18T06:33:55.0392718Z (Reading database ... 15%
2026-09-18T06:33:55.0393080Z (Reading database ... 20%
2026-09-18T06:33:55.0393439Z (Reading database ... 25%
2026-09-18T06:33:55.0393765Z (Reading database ... 30%
2026-09-18T06:33:55.0394107Z (Reading database ... 35%
2026-09-18T06:33:55.0394431Z (Reading database ... 40%
2026-09-18T06:33:55.0394770Z (Reading database ... 45%
2026-09-18T06:33:55.0395097Z (Reading database ... 50%
2026-09-18T06:33:55.1494654Z (Reading database ... 55%
2026-09-18T06:33:55.8034337Z (Reading database ... 60%
2026-09-18T06:33:55.9438273Z (Reading database ... 65%
2026-09-18T06:33:56.1520092Z (Reading database ... 70%
2026-09-18T06:33:56.3026693Z (Reading database ... 75%
2026-09-18T06:33:56.4577921Z (Reading database ... 80%
2026-09-18T06:33:56.6057784Z (Reading database ... 85%
2026-09-18T06:33:56.7487669Z (Reading database ... 90%
2026-09-18T06:33:56.9111284Z (Reading database ... 95%
2026-09-18T06:33:56.9112005Z (Reading database ... 100%
2026-09-18T06:33:56.9112916Z (Reading database ... 201818 files and directories currently installed.)
2026-09-18T06:33:56.9158256Z Preparing to unpack .../bubblewrap_0.9.0-1ubuntu0.3_amd64.deb ...
2026-09-18T06:33:56.9189022Z Unpacking bubblewrap (0.9.0-1ubuntu0.3) ...
2026-09-18T06:33:56.9650022Z Setting up bubblewrap (0.9.0-1ubuntu0.3) ...
2026-09-18T06:33:56.9701981Z Processing triggers for man-db (2.12.0-4build2) ...
2026-09-18T06:33:56.9723678Z Not building database; man-db/auto-update is not 'true'.
2026-09-18T06:33:57.6396921Z 
2026-09-18T06:33:57.6397484Z Running kernel seems to be up-to-date.
2026-09-18T06:33:57.6397873Z 
2026-09-18T06:33:57.6398073Z No services need to be restarted.
2026-09-18T06:33:57.6398365Z 
2026-09-18T06:33:57.6398570Z No containers need to be restarted.
2026-09-18T06:33:57.6398878Z 
2026-09-18T06:33:57.6399530Z No user sessions are running outdated binaries.
2026-09-18T06:33:57.6399913Z 
2026-09-18T06:33:57.6400290Z No VM guests are running outdated hypervisor (qemu) binaries on this host.
2026-09-18T06:33:58.7839209Z kernel.apparmor_restrict_unprivileged_userns = 0
2026-09-18T06:33:58.8159596Z ##[group]Run ulimit -n 65536
2026-09-18T06:33:58.8159912Z [36;1mulimit -n 65536[0m
2026-09-18T06:33:58.8160237Z [36;1mtools/lean/bootstrap.sh "$RUNNER_TEMP/nla-lean-tools"[0m
2026-09-18T06:33:58.8160713Z [36;1mtools/lean/verify.sh "$LEAN_PROJECT" "$RUNNER_TEMP/nla-lean-tools"[0m
2026-09-18T06:33:58.8197474Z shell: /usr/bin/bash -e {0}
2026-09-18T06:33:58.8197738Z env:
2026-09-18T06:33:58.8197934Z   GOTOOLCHAIN: local
2026-09-18T06:33:58.8198174Z   XDG_RUNTIME_DIR: /run/user/1001
2026-09-18T06:33:58.8198491Z   DBUS_SESSION_BUS_ADDRESS: unix:path=/run/user/1001/bus
2026-09-18T06:33:58.8198889Z   LEAN_PROJECT: matrix-functions-and-stability/MF-18/lean
2026-09-18T06:33:58.8199631Z ##[endgroup]
2026-09-18T06:33:59.7019071Z Running elan toolchain install leanprover/lean4:v4.33.1
2026-09-18T06:33:59.7020241Z Log: /home/runner/work/_temp/nla-lean-tools/logs/bootstrap/elan.log
2026-09-18T06:33:59.7039848Z info: toolchain 'leanprover/lean4:v4.33.1' is already installed
2026-09-18T06:33:59.7944549Z Running go build -mod=readonly -buildvcs=false -o /home/runner/work/_temp/nla-lean-tools/.tools/bin/landrun ./cmd/landrun
2026-09-18T06:33:59.7945841Z Log: /home/runner/work/_temp/nla-lean-tools/logs/bootstrap/landrun-build.log
2026-09-18T06:33:59.8003176Z go: downloading github.com/urfave/cli/v3 v3.6.2
2026-09-18T06:33:59.8161708Z go: downloading github.com/landlock-lsm/go-landlock v0.9.0
2026-09-18T06:33:59.8809034Z go: downloading golang.org/x/sys v0.40.0
2026-09-18T06:33:59.8811346Z go: downloading kernel.org/pub/linux/libs/security/libcap/psx v1.2.77
2026-09-18T06:34:09.3466755Z Running lake build lean4export comparator
2026-09-18T06:34:09.3467465Z Log: /home/runner/work/_temp/nla-lean-tools/logs/bootstrap/comparator-build.log
2026-09-18T06:34:09.8903834Z ✔ [3/20] Built Comparator.Util (440ms)
2026-09-18T06:34:10.0897645Z ✔ [4/20] Built Comparator.Util:c.o (234ms)
2026-09-18T06:34:11.4977951Z ✔ [5/20] Built Export.Parse (2.1s)
2026-09-18T06:34:12.2979180Z ✔ [6/20] Built Comparator.Axioms (723ms)
2026-09-18T06:34:12.7984303Z ✔ [7/20] Built Comparator.Axioms:c.o (532ms)
2026-09-18T06:34:12.8987794Z ✔ [8/20] Built Export (3.4s)
2026-09-18T06:34:13.2007695Z ✔ [9/20] Built Comparator.Compare (947ms)
2026-09-18T06:34:13.9017591Z ✔ [10/20] Built Comparator.Compare:c.o (673ms)
2026-09-18T06:34:14.4037586Z ✔ [11/20] Built Main (1.6s)
2026-09-18T06:34:14.4067494Z ✔ [12/20] Built Comparator (515ms)
2026-09-18T06:34:14.5027916Z ✔ [13/20] Built Comparator:c.o (94ms)
2026-09-18T06:34:14.8052320Z ✔ [14/20] Built Main:c.o (371ms)
2026-09-18T06:34:16.9093827Z ✔ [15/20] Built Main (2.4s)
2026-09-18T06:34:17.0099138Z ✔ [16/20] Built Export.Parse:c.o (5.5s)
2026-09-18T06:34:17.2101264Z ✔ [17/20] Built Export:c.o (4.4s)
2026-09-18T06:34:18.2212367Z ✔ [18/20] Built Main:c.o (1.3s)
2026-09-18T06:34:18.3213497Z ✔ [19/20] Built lean4export:exe (1.1s)
2026-09-18T06:34:19.0220816Z ✔ [20/20] Built comparator:exe (751ms)
2026-09-18T06:34:19.0227376Z Build completed successfully (20 jobs).
2026-09-18T06:34:19.3162497Z Tools built; isolation and checker controls run during verify. Receipt: /home/runner/work/_temp/nla-lean-tools/bootstrap.json
2026-09-18T06:34:19.7286606Z Running /usr/bin/timeout --kill-after=5s 45s systemd-run -p RuntimeMaxSec=40 --user --quiet --wait --pipe --collect -p 'RestrictAddressFamilies=~AF_UNIX' --working-directory /home/runner/work/_temp/nla-lean-tools /usr/bin/env -i PATH=/home/runner/.elan/toolchains/leanprover--lean4---v4.33.1/bin:/home/runner/.elan/bin:/home/runner/go/bin:/opt/hostedtoolcache/go/1.27.1/x64/bin:/snap/bin:/home/runner/.local/bin:/opt/pipx_bin:/home/runner/.cargo/bin:/home/runner/.config/composer/vendor/bin:/usr/local/.ghcup/bin:/home/runner/.dotnet/tools:/usr/local/sbin:/usr/local/bin:/usr/sbin:/usr/bin:/sbin:/bin:/usr/games:/usr/local/games:/snap/bin HOME=/home/runner LANG=C.UTF-8 XDG_RUNTIME_DIR=/run/user/1001 DBUS_SESSION_BUS_ADDRESS=unix:path=/run/user/1001/bus GIT_TERMINAL_PROMPT=0 GIT_CONFIG_NOSYSTEM=1 GIT_CONFIG_GLOBAL=/dev/null COMPARATOR_BIN=/home/runner/work/_temp/nla-lean-tools/.tools/comparator/.lake/build/bin/comparator COMPARATOR_LEAN4EXPORT=/home/runner/work/_temp/nla-lean-tools/.tools/lean4export/.lake/build/bin/lean4export COMPARATOR_LANDRUN=/home/runner/work/_temp/nla-lean-tools/scripts/strict_landrun.py XDG_CACHE_HOME=/home/runner/work/_temp/nla-lean-tools/.tools/cache TMPDIR=/home/runner/work/_temp/nla-lean-tools/.verification-tmp /usr/bin/true
2026-09-18T06:34:19.7292452Z Log: /home/runner/work/_temp/nla-lean-tools/logs/verify-20260918T063419Z-4159/user-service.log
2026-09-18T06:34:19.7793740Z Running python3 /home/runner/work/_temp/nla-lean-tools/reproduction/checks/sandbox_probe_ci.py
2026-09-18T06:34:19.7794717Z Log: /home/runner/work/_temp/nla-lean-tools/logs/verify-20260918T063419Z-4159/sandbox.log
2026-09-18T06:34:19.8140086Z START sandbox mode: build
2026-09-18T06:34:19.9080888Z START sandbox mode: export
2026-09-18T06:34:19.9958789Z START sandbox negative case: unknown option
2026-09-18T06:34:20.0369873Z START sandbox negative case: unexpected --rw
2026-09-18T06:34:20.0802661Z START sandbox negative case: unexpected --rwx
2026-09-18T06:34:20.1234681Z START sandbox negative case: relative --rwx
2026-09-18T06:34:20.1643183Z MODE build: exit=0
2026-09-18T06:34:20.1644341Z Running as unit: run-u2.service; invocation ID: a34fe992e71a4fd79ff4439db321cabf
2026-09-18T06:34:20.1645271Z PASS outside .lake write-open: denied errno=30
2026-09-18T06:34:20.1645980Z PASS outside .lake truncate: denied errno=30
2026-09-18T06:34:20.1647360Z PASS outside .lake read-only truncate-open: denied errno=30
2026-09-18T06:34:20.1648349Z PASS symlink from .lake to outside write: denied errno=30
2026-09-18T06:34:20.1649334Z PASS outside .lake creation: denied errno=30
2026-09-18T06:34:20.1650094Z PASS build .lake write: allowed
2026-09-18T06:34:20.1650780Z PASS user namespace: private
2026-09-18T06:34:20.1651568Z PASS pid namespace: private
2026-09-18T06:34:20.1652227Z PASS mnt namespace: private
2026-09-18T06:34:20.1652832Z PASS net namespace: private
2026-09-18T06:34:20.1653303Z PASS ipc namespace: private
2026-09-18T06:34:20.1653723Z PASS uts namespace: private
2026-09-18T06:34:20.1654302Z PASS host parent: absent from private /proc
2026-09-18T06:34:20.1654842Z PASS host parent signal lookup: denied errno=3
2026-09-18T06:34:20.1655409Z PASS host loopback listener: unreachable errno=13
2026-09-18T06:34:20.1655875Z PASS AF_UNIX socket creation: denied errno=97
2026-09-18T06:34:20.1656648Z PASS effective capabilities: none
2026-09-18T06:34:20.1657103Z PASS no_new_privs: set
2026-09-18T06:34:20.1657439Z Sandbox UID: 1001
2026-09-18T06:34:20.1657792Z PASS nested namespace write attempt: rejected exit=1
2026-09-18T06:34:20.1658314Z bwrap: setting up uid map: Permission denied
2026-09-18T06:34:20.1658799Z Finished with result: success
2026-09-18T06:34:20.1659260Z Main processes terminated with: code=exited/status=0
2026-09-18T06:34:20.1659675Z Service runtime: 77ms
2026-09-18T06:34:20.1659984Z CPU time consumed: 77ms
2026-09-18T06:34:20.1660378Z Memory peak: 512.0K
2026-09-18T06:34:20.1660737Z Memory swap peak: 0B
2026-09-18T06:34:20.1660922Z 
2026-09-18T06:34:20.1661089Z MODE export: exit=0
2026-09-18T06:34:20.1661565Z Running as unit: run-u3.service; invocation ID: 2f8b9a37353641ec82f0056a6d7dc10c
2026-09-18T06:34:20.1662113Z PASS outside .lake write-open: denied errno=30
2026-09-18T06:34:20.1662693Z PASS outside .lake truncate: denied errno=30
2026-09-18T06:34:20.1663218Z PASS outside .lake read-only truncate-open: denied errno=30
2026-09-18T06:34:20.1663756Z PASS symlink from .lake to outside write: denied errno=30
2026-09-18T06:34:20.1664231Z PASS outside .lake creation: denied errno=30
2026-09-18T06:34:20.1664649Z PASS export .lake write-open: denied errno=30
2026-09-18T06:34:20.1665135Z PASS export .lake truncate: denied errno=30
2026-09-18T06:34:20.1665841Z PASS user namespace: private
2026-09-18T06:34:20.1666525Z PASS pid namespace: private
2026-09-18T06:34:20.1667065Z PASS mnt namespace: private
2026-09-18T06:34:20.1667408Z PASS net namespace: private
2026-09-18T06:34:20.1667985Z PASS ipc namespace: private
2026-09-18T06:34:20.1668404Z PASS uts namespace: private
2026-09-18T06:34:20.1668760Z PASS host parent: absent from private /proc
2026-09-18T06:34:20.1669267Z PASS host parent signal lookup: denied errno=3
2026-09-18T06:34:20.1669714Z PASS host loopback listener: unreachable errno=13
2026-09-18T06:34:20.1670119Z PASS AF_UNIX socket creation: denied errno=97
2026-09-18T06:34:20.1670436Z PASS effective capabilities: none
2026-09-18T06:34:20.1670698Z PASS no_new_privs: set
2026-09-18T06:34:20.1670918Z Sandbox UID: 1001
2026-09-18T06:34:20.1671178Z PASS nested namespace write attempt: rejected exit=1
2026-09-18T06:34:20.1671525Z bwrap: setting up uid map: Permission denied
2026-09-18T06:34:20.1671823Z Finished with result: success
2026-09-18T06:34:20.1672128Z Main processes terminated with: code=exited/status=0
2026-09-18T06:34:20.1672434Z Service runtime: 75ms
2026-09-18T06:34:20.1672656Z CPU time consumed: 76ms
2026-09-18T06:34:20.1672881Z Memory peak: 256.0K
2026-09-18T06:34:20.1673100Z Memory swap peak: 0B
2026-09-18T06:34:20.1673237Z 
2026-09-18T06:34:20.1673341Z NEGATIVE unknown option: exit=2
2026-09-18T06:34:20.1673732Z Running as unit: run-u4.service; invocation ID: 1c5ea8c188f244bd95e8402b70e85a5e
2026-09-18T06:34:20.1674346Z strict Comparator sandbox: unsupported Comparator Landrun option: --unrestricted-filesystem
2026-09-18T06:34:20.1674838Z Finished with result: exit-code
2026-09-18T06:34:20.1675143Z Main processes terminated with: code=exited/status=2
2026-09-18T06:34:20.1675459Z Service runtime: 28ms
2026-09-18T06:34:20.1675682Z CPU time consumed: 28ms
2026-09-18T06:34:20.1675904Z Memory peak: 256.0K
2026-09-18T06:34:20.1676458Z Memory swap peak: 0B
2026-09-18T06:34:20.1676637Z 
2026-09-18T06:34:20.1676752Z NEGATIVE unexpected --rw: exit=2
2026-09-18T06:34:20.1677171Z Running as unit: run-u5.service; invocation ID: fb1ca1b411f041a2915da3f3f86fb1c6
2026-09-18T06:34:20.1677699Z strict Comparator sandbox: only private /dev may be passed with --rw
2026-09-18T06:34:20.1678090Z Finished with result: exit-code
2026-09-18T06:34:20.1678402Z Main processes terminated with: code=exited/status=2
2026-09-18T06:34:20.1678721Z Service runtime: 27ms
2026-09-18T06:34:20.1678943Z CPU time consumed: 27ms
2026-09-18T06:34:20.1679166Z Memory peak: 256.0K
2026-09-18T06:34:20.1679379Z Memory swap peak: 0B
2026-09-18T06:34:20.1679512Z 
2026-09-18T06:34:20.1679620Z NEGATIVE unexpected --rwx: exit=2
2026-09-18T06:34:20.1680021Z Running as unit: run-u6.service; invocation ID: dc89fc9bbc824766992413cce2bd1b98
2026-09-18T06:34:20.1680561Z strict Comparator sandbox: only this project's existing .lake may be writable
2026-09-18T06:34:20.1680968Z Finished with result: exit-code
2026-09-18T06:34:20.1681274Z Main processes terminated with: code=exited/status=2
2026-09-18T06:34:20.1681588Z Service runtime: 28ms
2026-09-18T06:34:20.1681811Z CPU time consumed: 27ms
2026-09-18T06:34:20.1682032Z Memory peak: 256.0K
2026-09-18T06:34:20.1682249Z Memory swap peak: 0B
2026-09-18T06:34:20.1682369Z 
2026-09-18T06:34:20.1682479Z NEGATIVE relative --rwx: exit=2
2026-09-18T06:34:20.1682857Z Running as unit: run-u7.service; invocation ID: 3c588b7a79a740e99aa00af4c3b8fa28
2026-09-18T06:34:20.1683383Z strict Comparator sandbox: only this project's existing .lake may be writable
2026-09-18T06:34:20.1683790Z Finished with result: exit-code
2026-09-18T06:34:20.1684080Z Main processes terminated with: code=exited/status=2
2026-09-18T06:34:20.1684392Z Service runtime: 28ms
2026-09-18T06:34:20.1684610Z CPU time consumed: 28ms
2026-09-18T06:34:20.1684830Z Memory peak: 532.0K
2026-09-18T06:34:20.1685046Z Memory swap peak: 0B
2026-09-18T06:34:20.1685168Z 
2026-09-18T06:34:20.1685422Z Outer and export fixture contents unchanged; only designated build fixture written.
2026-09-18T06:34:20.1708777Z Running bash /home/runner/work/_temp/nla-lean-tools/reproduction/checks/run_replay.sh
2026-09-18T06:34:20.1709990Z Log: /home/runner/work/_temp/nla-lean-tools/logs/verify-20260918T063419Z-4159/kernel-controls.log
2026-09-18T06:34:20.2341582Z Replay probe: RestrictAddressFamilies=~AF_UNIX (deny AF_UNIX sockets).
2026-09-18T06:34:20.2968663Z Lean (version 4.33.1, x86_64-unknown-linux-gnu, Release)
2026-09-18T06:34:20.3448048Z /home/runner/.elan/toolchains/leanprover--lean4---v4.33.1/lib/lean/Init.olean
2026-09-18T06:34:20.3449358Z /home/runner/.elan/toolchains/leanprover--lean4---v4.33.1/lib/lean/Init.olean
2026-09-18T06:34:20.3450506Z /home/runner/work/_temp/nla-lean-tools/.tools/comparator/.lake/build/lib/lean/Main.olean
2026-09-18T06:34:21.6965799Z Trusted base fixture: 11 constants
2026-09-18T06:34:21.6967902Z BEGIN honest_with_inductives_and_quotients
2026-09-18T06:34:21.6968255Z Running Lean default kernel on solution.
2026-09-18T06:34:21.6968567Z Lean default kernel accepts the solution
2026-09-18T06:34:21.6968947Z RETURN honest_with_inductives_and_quotients: accepted
2026-09-18T06:34:21.6969284Z BEGIN invalid_raw_proof
2026-09-18T06:34:21.6969535Z Running Lean default kernel on solution.
2026-09-18T06:34:21.6969826Z Lean default kernel rejects the solution
2026-09-18T06:34:21.6970324Z RETURN invalid_raw_proof: rejected: while replaying declaration 'PinnedReplayProbe.invalid':
2026-09-18T06:34:21.6970932Z (kernel) declaration type mismatch, 'PinnedReplayProbe.invalid' has type
2026-09-18T06:34:21.6971324Z   True
2026-09-18T06:34:21.6971536Z but it is expected to have type
2026-09-18T06:34:21.6971786Z   False
2026-09-18T06:34:21.6971996Z BEGIN quotient_postcheck_mismatch
2026-09-18T06:34:21.6972274Z Running Lean default kernel on solution.
2026-09-18T06:34:21.6972577Z Lean default kernel accepts the solution
2026-09-18T06:34:21.6972878Z Quotient post-check rejects the solution
2026-09-18T06:34:21.6973325Z RETURN quotient_postcheck_mismatch: rejected: Quotient constant mismatch on: Quot.lift
2026-09-18T06:34:21.6973909Z PASS: all three actual Comparator.runBuiltinKernel cases behaved as required
2026-09-18T06:34:21.7905184Z Running python3 /home/runner/work/_temp/nla-lean-tools/reproduction/checks/comparator_regressions.py
2026-09-18T06:34:21.7906439Z Log: /home/runner/work/_temp/nla-lean-tools/logs/verify-20260918T063419Z-4159/comparator-controls.log
2026-09-18T06:34:21.8230430Z Comparator regressions: RestrictAddressFamilies=~AF_UNIX; .tools/env.sh selects the real strict sandbox.
2026-09-18T06:34:21.8239723Z 
2026-09-18T06:34:21.8239909Z CASE simple_match
2026-09-18T06:34:23.9715459Z info: ComparatorRegression: no previous manifest, creating one from scratch
2026-09-18T06:34:23.9716557Z info: toolchain not updated; already up-to-date
2026-09-18T06:34:23.9717087Z Building Challenge
2026-09-18T06:34:23.9717822Z ⚠ [2/3] Built Challenge (238ms)
2026-09-18T06:34:23.9718410Z warning: Challenge.lean:1:8: declaration uses `sorry`
2026-09-18T06:34:23.9719285Z Build completed successfully (3 jobs).
2026-09-18T06:34:23.9721848Z Exporting #[Quot, Quot.mk, Quot.lift, Quot.ind, comm, propext, Quot.sound, Classical.choice, Nat.add, Nat.sub, Nat.mul, Nat.pow, Nat.gcd, Nat.div, Nat.mod, Nat.beq, Nat.ble, Nat.land, Nat.lor, Nat.xor, Nat.shiftLeft, Nat.shiftRight, String.ofList, Char.ofNat, List, eagerReduce, Nat, String, String.mk, Char, optParam, autoParam, semiOutParam, outParam] from Challenge
2026-09-18T06:34:23.9723745Z Building Solution
2026-09-18T06:34:23.9724064Z ✔ [2/3] Built Solution (242ms)
2026-09-18T06:34:23.9724343Z Build completed successfully (3 jobs).
2026-09-18T06:34:23.9727704Z Exporting #[Quot, Quot.mk, Quot.lift, Quot.ind, comm, propext, Quot.sound, Classical.choice, Nat.add, Nat.sub, Nat.mul, Nat.pow, Nat.gcd, Nat.div, Nat.mod, Nat.beq, Nat.ble, Nat.land, Nat.lor, Nat.xor, Nat.shiftLeft, Nat.shiftRight, String.ofList, Char.ofNat, List, eagerReduce, Nat, String, String.mk, Char, optParam, autoParam, semiOutParam, outParam] from Solution
2026-09-18T06:34:23.9730124Z Running Lean default kernel on solution.
2026-09-18T06:34:23.9730968Z Lean default kernel accepts the solution
2026-09-18T06:34:23.9731361Z Your solution is okay!
2026-09-18T06:34:23.9731741Z PASS simple_match: exit 0, expected 0; required phase: Your solution is okay!
2026-09-18T06:34:23.9732072Z 
2026-09-18T06:34:23.9732320Z CASE simple_mismatch
2026-09-18T06:34:25.8776710Z info: ComparatorRegression: no previous manifest, creating one from scratch
2026-09-18T06:34:25.8777614Z info: toolchain not updated; already up-to-date
2026-09-18T06:34:25.8778147Z Building Challenge
2026-09-18T06:34:25.8778826Z ⚠ [2/3] Built Challenge (234ms)
2026-09-18T06:34:25.8779365Z warning: Challenge.lean:1:8: declaration uses `sorry`
2026-09-18T06:34:25.8779952Z Build completed successfully (3 jobs).
2026-09-18T06:34:25.8782163Z Exporting #[Quot, Quot.mk, Quot.lift, Quot.ind, comm, propext, Quot.sound, Classical.choice, Nat.add, Nat.sub, Nat.mul, Nat.pow, Nat.gcd, Nat.div, Nat.mod, Nat.beq, Nat.ble, Nat.land, Nat.lor, Nat.xor, Nat.shiftLeft, Nat.shiftRight, String.ofList, Char.ofNat, List, eagerReduce, Nat, String, String.mk, Char, optParam, autoParam, semiOutParam, outParam] from Challenge
2026-09-18T06:34:25.8783750Z Building Solution
2026-09-18T06:34:25.8784308Z ✔ [2/3] Built Solution (226ms)
2026-09-18T06:34:25.8784876Z Build completed successfully (3 jobs).
2026-09-18T06:34:25.8787719Z Exporting #[Quot, Quot.mk, Quot.lift, Quot.ind, comm, propext, Quot.sound, Classical.choice, Nat.add, Nat.sub, Nat.mul, Nat.pow, Nat.gcd, Nat.div, Nat.mod, Nat.beq, Nat.ble, Nat.land, Nat.lor, Nat.xor, Nat.shiftLeft, Nat.shiftRight, String.ofList, Char.ofNat, List, eagerReduce, Nat, String, String.mk, Char, optParam, autoParam, semiOutParam, outParam] from Solution
2026-09-18T06:34:25.8789938Z uncaught exception: Challenge and solution constant kind don't match: 'comm'
2026-09-18T06:34:25.8790616Z PASS simple_mismatch: exit 1, expected 1; required phase: Challenge and solution constant kind don't match: 'comm'
2026-09-18T06:34:25.8791061Z 
2026-09-18T06:34:25.8791167Z CASE simple_axiom_issue
2026-09-18T06:34:27.8375734Z info: ComparatorRegression: no previous manifest, creating one from scratch
2026-09-18T06:34:27.8377900Z info: toolchain not updated; already up-to-date
2026-09-18T06:34:27.8378816Z Building Challenge
2026-09-18T06:34:27.8379584Z ⚠ [2/3] Built Challenge (242ms)
2026-09-18T06:34:27.8380119Z warning: Challenge.lean:1:8: declaration uses `sorry`
2026-09-18T06:34:27.8380704Z Build completed successfully (3 jobs).
2026-09-18T06:34:27.8383217Z Exporting #[Quot, Quot.mk, Quot.lift, Quot.ind, comm, propext, Quot.sound, Classical.choice, Nat.add, Nat.sub, Nat.mul, Nat.pow, Nat.gcd, Nat.div, Nat.mod, Nat.beq, Nat.ble, Nat.land, Nat.lor, Nat.xor, Nat.shiftLeft, Nat.shiftRight, String.ofList, Char.ofNat, List, eagerReduce, Nat, String, String.mk, Char, optParam, autoParam, semiOutParam, outParam] from Challenge
2026-09-18T06:34:27.8385449Z Building Solution
2026-09-18T06:34:27.8386285Z ✔ [2/3] Built Solution (244ms)
2026-09-18T06:34:27.8386787Z Build completed successfully (3 jobs).
2026-09-18T06:34:27.8388964Z Exporting #[Quot, Quot.mk, Quot.lift, Quot.ind, comm, propext, Quot.sound, Classical.choice, Nat.add, Nat.sub, Nat.mul, Nat.pow, Nat.gcd, Nat.div, Nat.mod, Nat.beq, Nat.ble, Nat.land, Nat.lor, Nat.xor, Nat.shiftLeft, Nat.shiftRight, String.ofList, Char.ofNat, List, eagerReduce, Nat, String, String.mk, Char, optParam, autoParam, semiOutParam, outParam] from Solution
2026-09-18T06:34:27.8391086Z uncaught exception: Illegal axiom detected: 'helper'
2026-09-18T06:34:27.8391859Z PASS simple_axiom_issue: exit 1, expected 1; required phase: Illegal axiom detected: 'helper'
2026-09-18T06:34:27.8392537Z 
2026-09-18T06:34:27.8392721Z CASE simple_kind_mismatch
2026-09-18T06:34:29.7753661Z info: ComparatorRegression: no previous manifest, creating one from scratch
2026-09-18T06:34:29.7754464Z info: toolchain not updated; already up-to-date
2026-09-18T06:34:29.7754795Z Building Challenge
2026-09-18T06:34:29.7755294Z ⚠ [2/3] Built Challenge (239ms)
2026-09-18T06:34:29.7755623Z warning: Challenge.lean:1:8: declaration uses `sorry`
2026-09-18T06:34:29.7756926Z Build completed successfully (3 jobs).
2026-09-18T06:34:29.7758573Z Exporting #[Quot, Quot.mk, Quot.lift, Quot.ind, comm, propext, Quot.sound, Classical.choice, Nat.add, Nat.sub, Nat.mul, Nat.pow, Nat.gcd, Nat.div, Nat.mod, Nat.beq, Nat.ble, Nat.land, Nat.lor, Nat.xor, Nat.shiftLeft, Nat.shiftRight, String.ofList, Char.ofNat, List, eagerReduce, Nat, String, String.mk, Char, optParam, autoParam, semiOutParam, outParam] from Challenge
2026-09-18T06:34:29.7759969Z Building Solution
2026-09-18T06:34:29.7760282Z ✔ [2/3] Built Solution (251ms)
2026-09-18T06:34:29.7760692Z Build completed successfully (3 jobs).
2026-09-18T06:34:29.7762317Z Exporting #[Quot, Quot.mk, Quot.lift, Quot.ind, comm, propext, Quot.sound, Classical.choice, Nat.add, Nat.sub, Nat.mul, Nat.pow, Nat.gcd, Nat.div, Nat.mod, Nat.beq, Nat.ble, Nat.land, Nat.lor, Nat.xor, Nat.shiftLeft, Nat.shiftRight, String.ofList, Char.ofNat, List, eagerReduce, Nat, String, String.mk, Char, optParam, autoParam, semiOutParam, outParam] from Solution
2026-09-18T06:34:29.7763734Z uncaught exception: Illegal axiom detected: 'helper'
2026-09-18T06:34:29.7764278Z PASS simple_kind_mismatch: exit 1, expected 1; required phase: Illegal axiom detected: 'helper'
2026-09-18T06:34:29.7764670Z 
2026-09-18T06:34:29.7764769Z CASE type_mismatch
2026-09-18T06:34:31.7096671Z info: ComparatorRegression: no previous manifest, creating one from scratch
2026-09-18T06:34:31.7097466Z info: toolchain not updated; already up-to-date
2026-09-18T06:34:31.7097792Z Building Challenge
2026-09-18T06:34:31.7098264Z ✔ [2/3] Built Challenge (243ms)
2026-09-18T06:34:31.7098548Z Build completed successfully (3 jobs).
2026-09-18T06:34:31.7099981Z Exporting #[Quot, Quot.mk, Quot.lift, Quot.ind, checked, propext, Quot.sound, Classical.choice, Nat.add, Nat.sub, Nat.mul, Nat.pow, Nat.gcd, Nat.div, Nat.mod, Nat.beq, Nat.ble, Nat.land, Nat.lor, Nat.xor, Nat.shiftLeft, Nat.shiftRight, String.ofList, Char.ofNat, List, eagerReduce, Nat, String, String.mk, Char, optParam, autoParam, semiOutParam, outParam] from Challenge
2026-09-18T06:34:31.7101369Z Building Solution
2026-09-18T06:34:31.7101635Z ✔ [2/3] Built Solution (245ms)
2026-09-18T06:34:31.7101908Z Build completed successfully (3 jobs).
2026-09-18T06:34:31.7103351Z Exporting #[Quot, Quot.mk, Quot.lift, Quot.ind, checked, propext, Quot.sound, Classical.choice, Nat.add, Nat.sub, Nat.mul, Nat.pow, Nat.gcd, Nat.div, Nat.mod, Nat.beq, Nat.ble, Nat.land, Nat.lor, Nat.xor, Nat.shiftLeft, Nat.shiftRight, String.ofList, Char.ofNat, List, eagerReduce, Nat, String, String.mk, Char, optParam, autoParam, semiOutParam, outParam] from Solution
2026-09-18T06:34:31.7104875Z uncaught exception: Challenge and solution theorem statement do not match: 'checked'
2026-09-18T06:34:31.7105618Z PASS type_mismatch: exit 1, expected 1; required phase: Challenge and solution theorem statement do not match: 'checked'
2026-09-18T06:34:31.7135110Z PASS: all five Comparator regressions
2026-09-18T06:34:31.7216601Z Running systemd-run --user --quiet --wait --pipe --collect -p 'RestrictAddressFamilies=~AF_UNIX' --working-directory /home/runner/work/_temp/nla-lean-tools/.verification-tmp/nla-axiom-kvv1ifll /usr/bin/env -i PATH=/home/runner/.elan/toolchains/leanprover--lean4---v4.33.1/bin:/home/runner/.elan/bin:/home/runner/go/bin:/opt/hostedtoolcache/go/1.27.1/x64/bin:/snap/bin:/home/runner/.local/bin:/opt/pipx_bin:/home/runner/.cargo/bin:/home/runner/.config/composer/vendor/bin:/usr/local/.ghcup/bin:/home/runner/.dotnet/tools:/usr/local/sbin:/usr/local/bin:/usr/sbin:/usr/bin:/sbin:/bin:/usr/games:/usr/local/games:/snap/bin HOME=/home/runner LANG=C.UTF-8 XDG_RUNTIME_DIR=/run/user/1001 DBUS_SESSION_BUS_ADDRESS=unix:path=/run/user/1001/bus GIT_TERMINAL_PROMPT=0 GIT_CONFIG_NOSYSTEM=1 GIT_CONFIG_GLOBAL=/dev/null COMPARATOR_BIN=/home/runner/work/_temp/nla-lean-tools/.tools/comparator/.lake/build/bin/comparator COMPARATOR_LEAN4EXPORT=/home/runner/work/_temp/nla-lean-tools/.tools/lean4export/.lake/build/bin/lean4export COMPARATOR_LANDRUN=/home/runner/work/_temp/nla-lean-tools/scripts/strict_landrun.py XDG_CACHE_HOME=/home/runner/work/_temp/nla-lean-tools/.tools/cache TMPDIR=/home/runner/work/_temp/nla-lean-tools/.verification-tmp lake env /home/runner/work/_temp/nla-lean-tools/.tools/comparator/.lake/build/bin/comparator comparator.json
2026-09-18T06:34:31.7226434Z Log: /home/runner/work/_temp/nla-lean-tools/logs/verify-20260918T063419Z-4159/negative-sorry.log
2026-09-18T06:34:31.8204224Z info: NlaAxiomFixture: no previous manifest, creating one from scratch
2026-09-18T06:34:31.8204837Z info: toolchain not updated; already up-to-date
2026-09-18T06:34:31.9093049Z Building Challenge
2026-09-18T06:34:32.9087899Z ✔ [2/3] Built Challenge (875ms)
2026-09-18T06:34:32.9091537Z Build completed successfully (3 jobs).
2026-09-18T06:34:33.9322803Z Exporting #[Quot, Quot.mk, Quot.lift, Quot.ind, checked, Classical.choice, Quot.sound, propext, Nat.add, Nat.sub, Nat.mul, Nat.pow, Nat.gcd, Nat.div, Nat.mod, Nat.beq, Nat.ble, Nat.land, Nat.lor, Nat.xor, Nat.shiftLeft, Nat.shiftRight, String.ofList, Char.ofNat, List, eagerReduce, Nat, String, String.mk, Char, optParam, autoParam, semiOutParam, outParam] from Challenge
2026-09-18T06:34:33.9324614Z Building Solution
2026-09-18T06:34:34.9443317Z ⚠ [2/3] Built Solution (854ms)
2026-09-18T06:34:34.9443964Z warning: Solution.lean:2:8: declaration uses `sorry`
2026-09-18T06:34:34.9448207Z Build completed successfully (3 jobs).
2026-09-18T06:34:36.0096638Z Exporting #[Quot, Quot.mk, Quot.lift, Quot.ind, checked, Classical.choice, Quot.sound, propext, Nat.add, Nat.sub, Nat.mul, Nat.pow, Nat.gcd, Nat.div, Nat.mod, Nat.beq, Nat.ble, Nat.land, Nat.lor, Nat.xor, Nat.shiftLeft, Nat.shiftRight, String.ofList, Char.ofNat, List, eagerReduce, Nat, String, String.mk, Char, optParam, autoParam, semiOutParam, outParam] from Solution
2026-09-18T06:34:36.0099205Z uncaught exception: Illegal axiom detected: 'sorryAx'
2026-09-18T06:34:36.0208625Z Running systemd-run --user --quiet --wait --pipe --collect -p 'RestrictAddressFamilies=~AF_UNIX' --working-directory /home/runner/work/_temp/nla-lean-tools/.verification-tmp/nla-axiom-lkl8cz6e /usr/bin/env -i PATH=/home/runner/.elan/toolchains/leanprover--lean4---v4.33.1/bin:/home/runner/.elan/bin:/home/runner/go/bin:/opt/hostedtoolcache/go/1.27.1/x64/bin:/snap/bin:/home/runner/.local/bin:/opt/pipx_bin:/home/runner/.cargo/bin:/home/runner/.config/composer/vendor/bin:/usr/local/.ghcup/bin:/home/runner/.dotnet/tools:/usr/local/sbin:/usr/local/bin:/usr/sbin:/usr/bin:/sbin:/bin:/usr/games:/usr/local/games:/snap/bin HOME=/home/runner LANG=C.UTF-8 XDG_RUNTIME_DIR=/run/user/1001 DBUS_SESSION_BUS_ADDRESS=unix:path=/run/user/1001/bus GIT_TERMINAL_PROMPT=0 GIT_CONFIG_NOSYSTEM=1 GIT_CONFIG_GLOBAL=/dev/null COMPARATOR_BIN=/home/runner/work/_temp/nla-lean-tools/.tools/comparator/.lake/build/bin/comparator COMPARATOR_LEAN4EXPORT=/home/runner/work/_temp/nla-lean-tools/.tools/lean4export/.lake/build/bin/lean4export COMPARATOR_LANDRUN=/home/runner/work/_temp/nla-lean-tools/scripts/strict_landrun.py XDG_CACHE_HOME=/home/runner/work/_temp/nla-lean-tools/.tools/cache TMPDIR=/home/runner/work/_temp/nla-lean-tools/.verification-tmp lake env /home/runner/work/_temp/nla-lean-tools/.tools/comparator/.lake/build/bin/comparator comparator.json
2026-09-18T06:34:36.0214217Z Log: /home/runner/work/_temp/nla-lean-tools/logs/verify-20260918T063419Z-4159/negative-native.log
2026-09-18T06:34:36.0809171Z info: NlaAxiomFixture: no previous manifest, creating one from scratch
2026-09-18T06:34:36.0809890Z info: toolchain not updated; already up-to-date
2026-09-18T06:34:36.1570261Z Building Challenge
2026-09-18T06:34:37.1569426Z ✔ [2/3] Built Challenge (861ms)
2026-09-18T06:34:37.1573171Z Build completed successfully (3 jobs).
2026-09-18T06:34:38.1615427Z Exporting #[Quot, Quot.mk, Quot.lift, Quot.ind, checked, Classical.choice, Quot.sound, propext, Nat.add, Nat.sub, Nat.mul, Nat.pow, Nat.gcd, Nat.div, Nat.mod, Nat.beq, Nat.ble, Nat.land, Nat.lor, Nat.xor, Nat.shiftLeft, Nat.shiftRight, String.ofList, Char.ofNat, List, eagerReduce, Nat, String, String.mk, Char, optParam, autoParam, semiOutParam, outParam] from Challenge
2026-09-18T06:34:38.1617688Z Building Solution
2026-09-18T06:34:39.1670043Z ✔ [2/3] Built Solution (861ms)
2026-09-18T06:34:39.1673714Z Build completed successfully (3 jobs).
2026-09-18T06:34:40.2497164Z Exporting #[Quot, Quot.mk, Quot.lift, Quot.ind, checked, Classical.choice, Quot.sound, propext, Nat.add, Nat.sub, Nat.mul, Nat.pow, Nat.gcd, Nat.div, Nat.mod, Nat.beq, Nat.ble, Nat.land, Nat.lor, Nat.xor, Nat.shiftLeft, Nat.shiftRight, String.ofList, Char.ofNat, List, eagerReduce, Nat, String, String.mk, Char, optParam, autoParam, semiOutParam, outParam] from Solution
2026-09-18T06:34:40.2499946Z uncaught exception: Illegal axiom detected: 'checked._native.native_decide.ax_1_1'
2026-09-18T06:34:40.6828784Z Running lake env true
2026-09-18T06:34:40.6829723Z Log: /home/runner/work/_temp/nla-lean-tools/logs/verify-20260918T063419Z-4159/dependencies.log
2026-09-18T06:34:40.7223905Z info: leancert: cloning https://github.com/alerad/leancert
2026-09-18T06:34:41.5965697Z info: leancert: checking out revision '621a43d7cf21f87872392a01e874f2f1dbddc926'
2026-09-18T06:34:41.6321236Z info: mathlib: cloning https://github.com/leanprover-community/mathlib4.git
2026-09-18T06:35:12.4915343Z info: mathlib: checking out revision '0df444a360eaa60ab8c11dca51a86af692955474'
2026-09-18T06:35:14.5538606Z info: plausible: cloning https://github.com/leanprover-community/plausible
2026-09-18T06:35:14.8662994Z info: plausible: checking out revision 'b7eb3304aeae834b12dda98993a37f6a41f6f0bb'
2026-09-18T06:35:14.8797549Z info: LeanSearchClient: cloning https://github.com/leanprover-community/LeanSearchClient
2026-09-18T06:35:15.2124337Z info: LeanSearchClient: checking out revision '5f4d51b81cbd3f6b32b156bfad9056621a040404'
2026-09-18T06:35:15.2263493Z info: importGraph: cloning https://github.com/leanprover-community/import-graph
2026-09-18T06:35:15.6072174Z info: importGraph: checking out revision '16f02aa7642864af59f1ff0e384a015994db9118'
2026-09-18T06:35:15.6242577Z info: proofwidgets: cloning https://github.com/leanprover-community/ProofWidgets4
2026-09-18T06:35:16.2936360Z info: proofwidgets: checking out revision '4be2e3d5087eeb272cf5a8853b8f9dd025ef5957'
2026-09-18T06:35:16.9682969Z info: aesop: cloning https://github.com/leanprover-community/aesop
2026-09-18T06:35:17.7559546Z info: aesop: checking out revision '3448c0bcc5ce01b2d1546e483ec3620e32df3d0e'
2026-09-18T06:35:17.7758360Z info: Qq: cloning https://github.com/leanprover-community/quote4
2026-09-18T06:35:18.1520122Z info: Qq: checking out revision '92c15be17b7caf78c2ad767ec40f89052d908d81'
2026-09-18T06:35:18.1658960Z info: batteries: cloning https://github.com/leanprover-community/batteries
2026-09-18T06:35:20.5942634Z info: batteries: checking out revision '4488d40d070b9700d4d5a6aa342f0d40c31b2a2d'
2026-09-18T06:35:20.6218117Z info: Cli: cloning https://github.com/leanprover/lean4-cli
2026-09-18T06:35:20.9924061Z info: Cli: checking out revision '6130a47896ce867c6a4a55373441e59e565bad0f'
2026-09-18T06:35:21.1168743Z Running lake exe cache get
2026-09-18T06:35:21.1172129Z Log: /home/runner/work/_temp/nla-lean-tools/logs/verify-20260918T063419Z-4159/mathlib-cache.log
2026-09-18T06:35:22.4018136Z ✔ [2/26] Built Cache.Cli (409ms)
2026-09-18T06:35:22.4047315Z ✔ [3/26] Built Cache.Lean (452ms)
2026-09-18T06:35:22.5989226Z ✔ [6/26] Built Cache.Cli:c.o (208ms)
2026-09-18T06:35:22.6989984Z ✔ [7/26] Built Cache.Lean:c.o (291ms)
2026-09-18T06:35:22.9013189Z ✔ [8/26] Built Cache.Infra (551ms)
2026-09-18T06:35:23.2014784Z ✔ [9/26] Built Cache.Infra:c.o (263ms)
2026-09-18T06:35:23.5030039Z ✔ [10/26] Built Batteries.Tactic.OpenPrivate (1.1s)
2026-09-18T06:35:25.0085261Z ✔ [11/26] Built Cache.IO (1.6s)
2026-09-18T06:35:25.0086557Z ✔ [12/26] Built Batteries.Tactic.OpenPrivate:c.o (1.5s)
2026-09-18T06:35:25.9101659Z ✔ [13/26] Built Cache.Hashing (866ms)
2026-09-18T06:35:26.6115482Z ✔ [14/26] Built Cache.Hashing:c.o (684ms)
2026-09-18T06:35:26.9118823Z ✔ [15/26] Built Cache.IO:c.o (1.8s)
2026-09-18T06:35:28.2132666Z ✔ [16/26] Built Cache.Requests (2.3s)
2026-09-18T06:35:28.9168000Z ✔ [17/26] Built Cache.Marker (674ms)
2026-09-18T06:35:29.1152831Z ✔ [18/26] Built Cache.Marker:c.o (192ms)
2026-09-18T06:35:29.8187657Z ✔ [19/26] Built Cache.Query (847ms)
2026-09-18T06:35:30.1174012Z ✔ [20/26] Built Cache.Query:c.o (352ms)
2026-09-18T06:35:30.7207765Z ✔ [21/26] Built Cache.Warning (904ms)
2026-09-18T06:35:31.1190455Z ✔ [22/26] Built Cache.Warning:c.o (441ms)
2026-09-18T06:35:31.7197601Z ✔ [23/26] Built Cache.Requests:c.o (3.4s)
2026-09-18T06:35:32.1192734Z ✔ [24/26] Built Cache.Main (1.4s)
2026-09-18T06:35:33.1206799Z ✔ [25/26] Built Cache.Main:c.o (1.0s)
2026-09-18T06:35:33.9205697Z ✔ [26/26] Built cache:exe (765ms)
2026-09-18T06:35:36.7961062Z Current branch: HEAD
2026-09-18T06:35:36.7961673Z Using cache from origin: (some leanprover-community/mathlib4)
2026-09-18T06:35:36.7962971Z Attempting to download 8690 file(s) from leanprover-community/mathlib4 cache at https://lakecache.blob.core.windows.net/mathlib4-master
2026-09-18T06:35:37.9571885Z 
2026-09-18T06:35:38.0589984Z Downloaded: 1 file(s) [attempted 1/8690 = 0%, 15 KB/s], Decompressed: 0
2026-09-18T06:35:38.1593518Z Downloaded: 140 file(s) [attempted 140/8690 = 1%, 3118 KB/s], Decompressed: 9
2026-09-18T06:35:38.2654139Z Downloaded: 321 file(s) [attempted 321/8690 = 3%, 4026 KB/s], Decompressed: 40
2026-09-18T06:35:38.3668608Z Downloaded: 463 file(s) [attempted 463/8690 = 5%, 262 KB/s], Decompressed: 40
2026-09-18T06:35:38.4665547Z Downloaded: 623 file(s) [attempted 623/8690 = 7%, 1636 KB/s], Decompressed: 40
2026-09-18T06:35:38.5675244Z Downloaded: 783 file(s) [attempted 783/8690 = 9%, 3252 KB/s], Decompressed: 40
2026-09-18T06:35:38.6684168Z Downloaded: 960 file(s) [attempted 960/8690 = 11%, 230 KB/s], Decompressed: 40
2026-09-18T06:35:38.7687633Z Downloaded: 1104 file(s) [attempted 1104/8690 = 12%, 3946 KB/s], Decompressed: 40
2026-09-18T06:35:38.8757829Z Downloaded: 1280 file(s) [attempted 1280/8690 = 14%, 4334 KB/s], Decompressed: 209
2026-09-18T06:35:38.9742619Z Downloaded: 1449 file(s) [attempted 1449/8690 = 16%, 4640 KB/s], Decompressed: 209
2026-09-18T06:35:39.0801412Z Downloaded: 1594 file(s) [attempted 1594/8690 = 18%, 789 KB/s], Decompressed: 209
2026-09-18T06:35:39.1873671Z Downloaded: 1778 file(s) [attempted 1778/8690 = 20%, 702 KB/s], Decompressed: 209
2026-09-18T06:35:39.2867484Z Downloaded: 1929 file(s) [attempted 1929/8690 = 22%, 3246 KB/s], Decompressed: 209
2026-09-18T06:35:39.3848087Z Downloaded: 2121 file(s) [attempted 2121/8690 = 24%, 2249 KB/s], Decompressed: 209
2026-09-18T06:35:39.4852735Z Downloaded: 2294 file(s) [attempted 2294/8690 = 26%, 2615 KB/s], Decompressed: 209
2026-09-18T06:35:39.6087404Z Downloaded: 2421 file(s) [attempted 2421/8690 = 27%, 1166 KB/s], Decompressed: 209
2026-09-18T06:35:39.7085675Z Downloaded: 2560 file(s) [attempted 2560/8690 = 29%, 1327 KB/s], Decompressed: 209
2026-09-18T06:35:39.8102587Z Downloaded: 2711 file(s) [attempted 2711/8690 = 31%, 344 KB/s], Decompressed: 209
2026-09-18T06:35:39.9147483Z Downloaded: 2863 file(s) [attempted 2863/8690 = 32%, 1256 KB/s], Decompressed: 209
2026-09-18T06:35:40.0167713Z Downloaded: 3011 file(s) [attempted 3011/8690 = 34%, 4427 KB/s], Decompressed: 209
2026-09-18T06:35:40.1257858Z Downloaded: 3155 file(s) [attempted 3155/8690 = 36%, 928 KB/s], Decompressed: 209
2026-09-18T06:35:40.2260061Z Downloaded: 3317 file(s) [attempted 3317/8690 = 38%, 1019 KB/s], Decompressed: 209
2026-09-18T06:35:40.3287591Z Downloaded: 3477 file(s) [attempted 3477/8690 = 40%, 3030 KB/s], Decompressed: 209
2026-09-18T06:35:40.4275583Z Downloaded: 3646 file(s) [attempted 3646/8690 = 41%, 1328 KB/s], Decompressed: 209
2026-09-18T06:35:40.5289149Z Downloaded: 3815 file(s) [attempted 3815/8690 = 43%, 4460 KB/s], Decompressed: 209
2026-09-18T06:35:40.6307619Z Downloaded: 3978 file(s) [attempted 3978/8690 = 45%, 1389 KB/s], Decompressed: 209
2026-09-18T06:35:40.7303064Z Downloaded: 4143 file(s) [attempted 4143/8690 = 47%, 450 KB/s], Decompressed: 209
2026-09-18T06:35:40.8397792Z Downloaded: 4312 file(s) [attempted 4312/8690 = 49%, 436 KB/s], Decompressed: 209
2026-09-18T06:35:40.9360210Z Downloaded: 4488 file(s) [attempted 4488/8690 = 51%, 1407 KB/s], Decompressed: 209
2026-09-18T06:35:41.0359225Z Downloaded: 4683 file(s) [attempted 4683/8690 = 53%, 530 KB/s], Decompressed: 209
2026-09-18T06:35:41.1372447Z Downloaded: 4843 file(s) [attempted 4843/8690 = 55%, 9352 KB/s], Decompressed: 209
2026-09-18T06:35:41.2378009Z Downloaded: 5010 file(s) [attempted 5010/8690 = 57%, 422 KB/s], Decompressed: 209
2026-09-18T06:35:41.3401461Z Downloaded: 5206 file(s) [attempted 5206/8690 = 59%, 17303 KB/s], Decompressed: 209
2026-09-18T06:35:41.4399880Z Downloaded: 5354 file(s) [attempted 5354/8690 = 61%, 1269 KB/s], Decompressed: 209
2026-09-18T06:35:41.5400500Z Downloaded: 5511 file(s) [attempted 5511/8690 = 63%, 5933 KB/s], Decompressed: 209
2026-09-18T06:35:41.6627580Z Downloaded: 5706 file(s) [attempted 5706/8690 = 65%, 519 KB/s], Decompressed: 209
2026-09-18T06:35:41.7697713Z Downloaded: 5873 file(s) [attempted 5873/8690 = 67%, 2906 KB/s], Decompressed: 209
2026-09-18T06:35:41.8654163Z Downloaded: 6047 file(s) [attempted 6047/8690 = 69%, 3674 KB/s], Decompressed: 209
2026-09-18T06:35:41.9685774Z Downloaded: 6207 file(s) [attempted 6207/8690 = 71%, 3680 KB/s], Decompressed: 209
2026-09-18T06:35:42.0806387Z Downloaded: 6372 file(s) [attempted 6372/8690 = 73%, 4026 KB/s], Decompressed: 209
2026-09-18T06:35:42.1947665Z Downloaded: 6479 file(s) [attempted 6479/8690 = 74%, 2027 KB/s], Decompressed: 209
2026-09-18T06:35:42.2985610Z Downloaded: 6635 file(s) [attempted 6635/8690 = 76%, 11079 KB/s], Decompressed: 209
2026-09-18T06:35:42.4001911Z Downloaded: 6788 file(s) [attempted 6788/8690 = 78%, 1575 KB/s], Decompressed: 209
2026-09-18T06:35:42.5131136Z Downloaded: 6932 file(s) [attempted 6932/8690 = 79%, 295 KB/s], Decompressed: 209
2026-09-18T06:35:42.6114001Z Downloaded: 7072 file(s) [attempted 7072/8690 = 81%, 2963 KB/s], Decompressed: 209
2026-09-18T06:35:42.7110247Z Downloaded: 7241 file(s) [attempted 7241/8690 = 83%, 5001 KB/s], Decompressed: 209
2026-09-18T06:35:42.8127584Z Downloaded: 7413 file(s) [attempted 7413/8690 = 85%, 400 KB/s], Decompressed: 209
2026-09-18T06:35:42.9164160Z Downloaded: 7545 file(s) [attempted 7545/8690 = 86%, 3683 KB/s], Decompressed: 209
2026-09-18T06:35:43.0121072Z Downloaded: 7712 file(s) [attempted 7712/8690 = 88%, 2992 KB/s], Decompressed: 1268
2026-09-18T06:35:43.1121465Z Downloaded: 7911 file(s) [attempted 7911/8690 = 91%, 400 KB/s], Decompressed: 1268
2026-09-18T06:35:43.2177965Z Downloaded: 8087 file(s) [attempted 8087/8690 = 93%, 500 KB/s], Decompressed: 1268
2026-09-18T06:35:43.3139310Z Downloaded: 8215 file(s) [attempted 8215/8690 = 94%, 1373 KB/s], Decompressed: 1268
2026-09-18T06:35:43.4167686Z Downloaded: 8391 file(s) [attempted 8391/8690 = 96%, 460 KB/s], Decompressed: 1268
2026-09-18T06:35:43.5777849Z Downloaded: 8565 file(s) [attempted 8565/8690 = 98%, 2251 KB/s], Decompressed: 1268
2026-09-18T06:35:43.5818184Z Downloaded: 8690 file(s) [attempted 8690/8690 = 100%, 2052 KB/s], Decompressed: 1268
2026-09-18T06:35:43.5821416Z Downloaded: 8690 file(s) [attempted 8690/8690 = 100%, 2052 KB/s], Decompressed: 1268
2026-09-18T06:36:07.6316524Z Decompressed 8690 file(s)
2026-09-18T06:36:07.6316917Z Already decompressed 8690 file(s)
2026-09-18T06:36:07.7135688Z Running systemd-run --user --quiet --wait --pipe --collect -p 'RestrictAddressFamilies=~AF_UNIX' --working-directory /home/runner/work/_temp/nla-lean-tools/.verification-tmp/nla-fresh-proof-76_er667/project /usr/bin/env -i PATH=/home/runner/.elan/toolchains/leanprover--lean4---v4.33.1/bin:/home/runner/.elan/bin:/home/runner/go/bin:/opt/hostedtoolcache/go/1.27.1/x64/bin:/snap/bin:/home/runner/.local/bin:/opt/pipx_bin:/home/runner/.cargo/bin:/home/runner/.config/composer/vendor/bin:/usr/local/.ghcup/bin:/home/runner/.dotnet/tools:/usr/local/sbin:/usr/local/bin:/usr/sbin:/usr/bin:/sbin:/bin:/usr/games:/usr/local/games:/snap/bin HOME=/home/runner LANG=C.UTF-8 XDG_RUNTIME_DIR=/run/user/1001 DBUS_SESSION_BUS_ADDRESS=unix:path=/run/user/1001/bus GIT_TERMINAL_PROMPT=0 GIT_CONFIG_NOSYSTEM=1 GIT_CONFIG_GLOBAL=/dev/null COMPARATOR_BIN=/home/runner/work/_temp/nla-lean-tools/.tools/comparator/.lake/build/bin/comparator COMPARATOR_LEAN4EXPORT=/home/runner/work/_temp/nla-lean-tools/.tools/lean4export/.lake/build/bin/lean4export COMPARATOR_LANDRUN=/home/runner/work/_temp/nla-lean-tools/scripts/strict_landrun.py XDG_CACHE_HOME=/home/runner/work/_temp/nla-lean-tools/.tools/cache TMPDIR=/home/runner/work/_temp/nla-lean-tools/.verification-tmp lake env /home/runner/work/_temp/nla-lean-tools/.tools/comparator/.lake/build/bin/comparator comparator.json
2026-09-18T06:36:07.7143271Z Log: /home/runner/work/_temp/nla-lean-tools/logs/verify-20260918T063419Z-4159/comparator.log
2026-09-18T06:36:08.6237866Z Building Challenge
2026-09-18T06:36:13.0724058Z ✔ [2961/2963] Built NLA.MF18.Definitions (2.4s)
2026-09-18T06:36:15.5754627Z ⚠ [2962/2963] Built Challenge (2.4s)
2026-09-18T06:36:15.5755703Z warning: Challenge.lean:13:8: declaration uses `sorry`
2026-09-18T06:36:15.5757320Z warning: Challenge.lean:16:8: declaration uses `sorry`
2026-09-18T06:36:15.5758382Z warning: Challenge.lean:20:8: declaration uses `sorry`
2026-09-18T06:36:15.5760519Z warning: Challenge.lean:24:8: declaration uses `sorry`
2026-09-18T06:36:15.5762287Z warning: Challenge.lean:28:8: declaration uses `sorry`
2026-09-18T06:36:15.5763470Z warning: Challenge.lean:33:8: declaration uses `sorry`
2026-09-18T06:36:15.5764621Z warning: Challenge.lean:39:8: declaration uses `sorry`
2026-09-18T06:36:15.5765494Z warning: Challenge.lean:46:8: declaration uses `sorry`
2026-09-18T06:36:15.5766672Z warning: Challenge.lean:51:8: declaration uses `sorry`
2026-09-18T06:36:15.5767451Z warning: Challenge.lean:58:8: declaration uses `sorry`
2026-09-18T06:36:15.5768217Z warning: Challenge.lean:65:8: declaration uses `sorry`
2026-09-18T06:36:15.5769143Z warning: Challenge.lean:72:8: declaration uses `sorry`
2026-09-18T06:36:15.5769662Z warning: Challenge.lean:79:8: declaration uses `sorry`
2026-09-18T06:36:15.5770161Z warning: Challenge.lean:86:8: declaration uses `sorry`
2026-09-18T06:36:15.5770676Z warning: Challenge.lean:91:8: declaration uses `sorry`
2026-09-18T06:36:15.5771175Z warning: Challenge.lean:97:8: declaration uses `sorry`
2026-09-18T06:36:15.5771683Z warning: Challenge.lean:105:8: declaration uses `sorry`
2026-09-18T06:36:15.5772213Z warning: Challenge.lean:114:8: declaration uses `sorry`
2026-09-18T06:36:15.5772727Z warning: Challenge.lean:122:8: declaration uses `sorry`
2026-09-18T06:36:15.5773229Z warning: Challenge.lean:131:8: declaration uses `sorry`
2026-09-18T06:36:15.5773734Z warning: Challenge.lean:139:8: declaration uses `sorry`
2026-09-18T06:36:15.5774404Z warning: Challenge.lean:143:8: declaration uses `sorry`
2026-09-18T06:36:15.5775168Z warning: Challenge.lean:148:8: declaration uses `sorry`
2026-09-18T06:36:15.5775678Z warning: Challenge.lean:156:8: declaration uses `sorry`
2026-09-18T06:36:15.5776429Z warning: Challenge.lean:163:8: declaration uses `sorry`
2026-09-18T06:36:15.5923384Z Build completed successfully (2963 jobs).
2026-09-18T06:36:21.9649575Z Exporting #[Quot, Quot.mk, Quot.lift, Quot.ind, NLA.MF18.certified_half, NLA.MF18.stability_semantics, NLA.MF18.pencil_evaluation, NLA.MF18.pencil_degree_bound, NLA.MF18.positive_average_and_sign, NLA.MF18.homotopy_boundary_nonvanishing, NLA.MF18.cayley_degree_and_count, NLA.MF18.cayley_boundary_transfer, NLA.MF18.monic_half_plane_count_homotopy, NLA.MF18.bounded_degree_disk_count_homotopy, NLA.MF18.regularized_root_count, NLA.MF18.solution_factorization, NLA.MF18.complementary_stability, NLA.MF18.closed_disk_stability_limit, NLA.MF18.limiting_equation_and_spectra, NLA.MF18.reciprocal_count_identity, NLA.MF18.selected_spectrum_count, NLA.MF18.stein_identity, NLA.MF18.simple_unit_root_pairing, NLA.MF18.generalized_stein_pairing, NLA.MF18.stable_space_dimension, NLA.MF18.stable_space_in_kernel, NLA.MF18.stein_rank_lower_bound, NLA.MF18.full_complex_rank, NLA.MF18.canonical_full_complex_rank, propext, Quot.sound, Classical.choice, Nat.add, Nat.sub, Nat.mul, Nat.pow, Nat.gcd, Nat.div, Nat.mod, Nat.beq, Nat.ble, Nat.land, Nat.lor, Nat.xor, Nat.shiftLeft, Nat.shiftRight, String.ofList, Char.ofNat, List, eagerReduce, Nat, String, String.mk, Char, optParam, autoParam, semiOutParam, outParam] from Challenge
2026-09-18T06:36:21.9656335Z Building Solution
2026-09-18T06:36:28.9788184Z ℹ [2964/2979] Built NLA.MF18.RootEnumeration (4.7s)
2026-09-18T06:36:28.9789972Z info: NLA/MF18/RootEnumeration.lean:63:0: 'NLA.MF18.exists_roots_enumeration' depends on axioms: [propext, Classical.choice, Quot.sound]
2026-09-18T06:36:28.9792207Z info: NLA/MF18/RootEnumeration.lean:64:0: 'NLA.MF18.monic_eq_prod_root_enumeration' depends on axioms: [propext, Classical.choice, Quot.sound]
2026-09-18T06:36:28.9794512Z info: NLA/MF18/RootEnumeration.lean:65:0: 'NLA.MF18.halfPlane_count_root_enumeration' depends on axioms: [propext, Classical.choice, Quot.sound]
2026-09-18T06:36:28.9796963Z info: NLA/MF18/RootEnumeration.lean:66:0: 'NLA.MF18.monic_root_norm_bound' depends on axioms: [propext, Classical.choice, Quot.sound]
2026-09-18T06:36:29.1785488Z ℹ [2965/2980] Built NLA.MF18.PencilAlgebra (4.9s)
2026-09-18T06:36:29.1787575Z info: NLA/MF18/PencilAlgebra.lean:84:0: 'NLA.MF18.pencil_evaluation' depends on axioms: [propext, Classical.choice, Quot.sound]
2026-09-18T06:36:29.1789475Z info: NLA/MF18/PencilAlgebra.lean:85:0: 'NLA.MF18.pencil_degree_bound' depends on axioms: [propext, Classical.choice, Quot.sound]
2026-09-18T06:36:29.1791584Z info: NLA/MF18/PencilAlgebra.lean:86:0: 'NLA.MF18.pencil_factorization' depends on axioms: [propext, Classical.choice, Quot.sound]
2026-09-18T06:36:29.1793486Z info: NLA/MF18/PencilAlgebra.lean:87:0: 'NLA.MF18.solution_factorization' depends on axioms: [propext, Classical.choice, Quot.sound]
2026-09-18T06:36:29.1800175Z ℹ [2966/2980] Built NLA.MF18.CoefficientContinuity (4.0s)
2026-09-18T06:36:29.1802386Z info: NLA/MF18/CoefficientContinuity.lean:92:0: 'NLA.MF18.matrixDet_coeffContinuousOn' depends on axioms: [propext, Classical.choice, Quot.sound]
2026-09-18T06:36:30.0807783Z ⚠ [2967/2980] Built NLA.MF18.CayleyAlgebra (5.9s)
2026-09-18T06:36:30.0810670Z warning: NLA/MF18/CayleyAlgebra.lean:27:17: Used `tac1 <;> tac2` where `(tac1; tac2)` would suffice
2026-09-18T06:36:30.0811729Z 
2026-09-18T06:36:30.0812420Z Note: This linter can be disabled with `set_option linter.unnecessarySeqFocus false`
2026-09-18T06:36:30.0813661Z warning: NLA/MF18/CayleyAlgebra.lean:33:30: this tactic is never executed
2026-09-18T06:36:30.0814422Z 
2026-09-18T06:36:30.0815054Z Note: This linter can be disabled with `set_option linter.unreachableTactic false`
2026-09-18T06:36:30.0818396Z warning: NLA/MF18/CayleyAlgebra.lean:33:30: Unused tactic linter: `omega` does nothing
2026-09-18T06:36:30.0819309Z 
2026-09-18T06:36:30.0819939Z Note: This linter can be disabled with `set_option linter.unusedTactic false`
2026-09-18T06:36:30.0821526Z info: NLA/MF18/CayleyAlgebra.lean:86:0: 'NLA.MF18.cayley_natDegree_le' depends on axioms: [propext, Classical.choice, Quot.sound]
2026-09-18T06:36:30.0823478Z info: NLA/MF18/CayleyAlgebra.lean:87:0: 'NLA.MF18.cayley_coeff_grade' depends on axioms: [propext, Classical.choice, Quot.sound]
2026-09-18T06:36:30.0825305Z info: NLA/MF18/CayleyAlgebra.lean:88:0: 'NLA.MF18.cayley_eval' depends on axioms: [propext, Classical.choice, Quot.sound]
2026-09-18T06:36:30.0827472Z info: NLA/MF18/CayleyAlgebra.lean:89:0: 'NLA.MF18.monicCayley_monic_and_degree' depends on axioms: [propext, Classical.choice, Quot.sound]
2026-09-18T06:36:32.9924140Z ⚠ [2969/2980] Built NLA.MF18.SolutionPolynomial (3.8s)
2026-09-18T06:36:32.9926551Z warning: NLA/MF18/SolutionPolynomial.lean:97:2: Try `simp at hmem` instead of `simpa using hmem`
2026-09-18T06:36:32.9927519Z 
2026-09-18T06:36:32.9928183Z Note: This linter can be disabled with `set_option linter.unnecessarySimpa false`
2026-09-18T06:36:32.9929738Z info: NLA/MF18/SolutionPolynomial.lean:99:0: 'NLA.MF18.pencil_polynomial_factorization' depends on axioms: [propext, Classical.choice, Quot.sound]
2026-09-18T06:36:32.9931638Z info: NLA/MF18/SolutionPolynomial.lean:100:0: 'NLA.MF18.solution_polynomial_factorization' depends on axioms: [propext, Classical.choice, Quot.sound]
2026-09-18T06:36:32.9934027Z info: NLA/MF18/SolutionPolynomial.lean:101:0: 'NLA.MF18.strictStable_disk_count' depends on axioms: [propext, Classical.choice, Quot.sound]
2026-09-18T06:36:32.9941952Z ℹ [2970/2980] Built NLA.MF18.RootProductLimits (4.1s)
2026-09-18T06:36:32.9943842Z info: NLA/MF18/RootProductLimits.lean:83:0: 'NLA.MF18.eval_tendsto_of_coeff_tendsto' depends on axioms: [propext, Classical.choice, Quot.sound]
2026-09-18T06:36:32.9945697Z info: NLA/MF18/RootProductLimits.lean:84:0: 'NLA.MF18.product_limit_of_coeff_limit' depends on axioms: [propext, Classical.choice, Quot.sound]
2026-09-18T06:36:32.9947781Z info: NLA/MF18/RootProductLimits.lean:85:0: 'NLA.MF18.roots_of_prod_root_enumeration' depends on axioms: [propext, Classical.choice, Quot.sound]
2026-09-18T06:36:32.9953494Z info: NLA/MF18/RootProductLimits.lean:86:0: 'NLA.MF18.eventually_halfPlane_index_count_eq' depends on axioms: [propext, Classical.choice, Quot.sound]
2026-09-18T06:36:33.2926638Z ℹ [2971/2980] Built NLA.MF18.ReflectionAlgebra (4.0s)
2026-09-18T06:36:33.2928881Z info: NLA/MF18/ReflectionAlgebra.lean:101:0: 'NLA.MF18.unregularized_reflection' depends on axioms: [propext, Classical.choice, Quot.sound]
2026-09-18T06:36:33.9293928Z ⚠ [2972/2980] Built NLA.MF18.CayleyBoundary (3.9s)
2026-09-18T06:36:33.9296694Z warning: NLA/MF18/CayleyBoundary.lean:21:2: Try `simp at hre` instead of `simpa using hre`
2026-09-18T06:36:33.9297729Z 
2026-09-18T06:36:33.9298401Z Note: This linter can be disabled with `set_option linter.unnecessarySimpa false`
2026-09-18T06:36:33.9299957Z info: NLA/MF18/CayleyBoundary.lean:55:0: 'NLA.MF18.axis_cayley_norm' depends on axioms: [propext, Classical.choice, Quot.sound]
2026-09-18T06:36:33.9301811Z info: NLA/MF18/CayleyBoundary.lean:56:0: 'NLA.MF18.inverse_cayley_re_pos_iff' depends on axioms: [propext, Classical.choice, Quot.sound]
2026-09-18T06:36:33.9303738Z info: NLA/MF18/CayleyBoundary.lean:57:0: 'NLA.MF18.cayley_boundary_transfer' depends on axioms: [propext, Classical.choice, Quot.sound]
2026-09-18T06:36:36.6403675Z ⚠ [2973/3019] Built NLA.MF18.WeakComplement (3.7s)
2026-09-18T06:36:36.6405596Z warning: NLA/MF18/WeakComplement.lean:34:21: Used `tac1 <;> tac2` where `(tac1; tac2)` would suffice
2026-09-18T06:36:36.6406879Z 
2026-09-18T06:36:36.6407600Z Note: This linter can be disabled with `set_option linter.unnecessarySeqFocus false`
2026-09-18T06:36:36.6409473Z info: NLA/MF18/WeakComplement.lean:53:0: 'NLA.MF18.weak_complementary_disk_count' depends on axioms: [propext, Classical.choice, Quot.sound]
2026-09-18T06:36:36.6418564Z ℹ [2974/3019] Built NLA.MF18.RootCountLimits (3.6s)
2026-09-18T06:36:36.6420669Z info: NLA/MF18/RootCountLimits.lean:88:0: 'NLA.MF18.root_enumerations_uniformly_bounded' depends on axioms: [propext, Classical.choice, Quot.sound]
2026-09-18T06:36:36.6422951Z info: NLA/MF18/RootCountLimits.lean:89:0: 'NLA.MF18.halfPlane_count_eventually_of_coeff_tendsto' depends on axioms: [propext, Classical.choice, Quot.sound]
2026-09-18T06:36:37.6414981Z ⚠ [3010/3019] Built NLA.MF18.ReflectedRoots (4.4s)
2026-09-18T06:36:37.6416305Z warning: NLA/MF18/ReflectedRoots.lean:78:2: Try `simp at he` instead of `simpa using he`
2026-09-18T06:36:37.6417281Z 
2026-09-18T06:36:37.6418038Z Note: This linter can be disabled with `set_option linter.unnecessarySimpa false`
2026-09-18T06:36:37.6419252Z warning: NLA/MF18/ReflectedRoots.lean:91:20: Used `tac1 <;> tac2` where `(tac1; tac2)` would suffice
2026-09-18T06:36:37.6420063Z 
2026-09-18T06:36:37.6420762Z Note: This linter can be disabled with `set_option linter.unnecessarySeqFocus false`
2026-09-18T06:36:37.6422117Z warning: NLA/MF18/ReflectedRoots.lean:128:4: Try `simp at hqeval` instead of `simpa using hqeval`
2026-09-18T06:36:37.6422940Z 
2026-09-18T06:36:37.6423699Z Note: This linter can be disabled with `set_option linter.unnecessarySimpa false`
2026-09-18T06:36:37.6425158Z info: NLA/MF18/ReflectedRoots.lean:160:0: 'NLA.MF18.reflected_zero_and_disk_count' depends on axioms: [propext, Classical.choice, Quot.sound]
2026-09-18T06:36:38.0422198Z ⚠ [3011/3053] Built NLA.MF18.CayleyCount (4.1s)
2026-09-18T06:36:38.0423410Z warning: NLA/MF18/CayleyCount.lean:27:23: Used `tac1 <;> tac2` where `(tac1; tac2)` would suffice
2026-09-18T06:36:38.0424608Z 
2026-09-18T06:36:38.0425254Z Note: This linter can be disabled with `set_option linter.unnecessarySeqFocus false`
2026-09-18T06:36:38.0427045Z info: NLA/MF18/CayleyCount.lean:117:0: 'NLA.MF18.monicCayley_factorization' depends on axioms: [propext, Classical.choice, Quot.sound]
2026-09-18T06:36:38.0428849Z info: NLA/MF18/CayleyCount.lean:118:0: 'NLA.MF18.cayley_degree_and_count' depends on axioms: [propext, Classical.choice, Quot.sound]
2026-09-18T06:36:40.2471095Z ℹ [3040/3054] Built NLA.MF18.HalfPlaneHomotopy (3.7s)
2026-09-18T06:36:40.2472592Z info: NLA/MF18/HalfPlaneHomotopy.lean:41:0: 'NLA.MF18.monic_half_plane_count_homotopy' depends on axioms: [propext, Classical.choice, Quot.sound]
2026-09-18T06:36:40.2474038Z ✔ [3041/3054] Built LeanCert.Core.Interval (3.6s)
2026-09-18T06:36:41.4550081Z ℹ [3042/3080] Built NLA.MF18.ReciprocalCount (3.7s)
2026-09-18T06:36:41.4551878Z info: NLA/MF18/ReciprocalCount.lean:85:0: 'NLA.MF18.reciprocal_count_identity' depends on axioms: [propext, Classical.choice, Quot.sound]
2026-09-18T06:36:44.4613786Z ℹ [3062/3096] Built NLA.MF18.DiskHomotopy (4.2s)
2026-09-18T06:36:44.4616268Z info: NLA/MF18/DiskHomotopy.lean:53:0: 'NLA.MF18.monicCayley_coeffContinuousOn' depends on axioms: [propext, Classical.choice, Quot.sound]
2026-09-18T06:36:44.4618415Z info: NLA/MF18/DiskHomotopy.lean:54:0: 'NLA.MF18.bounded_degree_disk_count_homotopy' depends on axioms: [propext, Classical.choice, Quot.sound]
2026-09-18T06:36:44.7715100Z ✔ [3065/3097] Built LeanCert.Core.Expr (6.7s)
2026-09-18T06:36:46.3749641Z ✔ [3066/3097] Built LeanCert.Core.DerivativeIntervals (4.9s)
2026-09-18T06:36:51.6867469Z ✔ [3067/3097] Built LeanCert.Core.IntervalRat.Basic (11s)
2026-09-18T06:36:52.2900517Z ✔ [3068/3097] Built LeanCert.Contrib.Sinc (7.8s)
2026-09-18T06:36:52.6912478Z ✔ [3069/3097] Built LeanCert.Core.Support (6.3s)
2026-09-18T06:36:52.8912824Z ✔ [3070/3097] Built LeanCert.Core.IntervalRat.LogReduction (8.1s)
2026-09-18T06:36:56.8037679Z ✔ [3071/3097] Built LeanCert.Engine.Eval.Result (4.2s)
2026-09-18T06:36:57.0037806Z ✔ [3072/3097] Built LeanCert.Meta.Numeral (5.3s)
2026-09-18T06:36:57.9141764Z ✔ [3073/3104] Built LeanCert.Core.TrigReduction (5.1s)
2026-09-18T06:37:02.2236563Z ✔ [3074/3104] Built LeanCert.Core.Taylor (9.0s)
2026-09-18T06:37:03.1269021Z ✔ [3075/3104] Built LeanCert.Tactic.IntervalAuto.Extract (5.1s)
2026-09-18T06:37:03.2261297Z ✔ [3076/3104] Built LeanCert.Tactic.IntervalAuto.Types (6.2s)
2026-09-18T06:37:03.8267020Z ✔ [3077/3108] Built LeanCert.Core.IntervalRat.Transcendental (6.0s)
2026-09-18T06:37:08.1358901Z ✔ [3078/3108] Built LeanCert.Core.Dyadic (5.1s)
2026-09-18T06:37:08.1364259Z ✔ [3079/3108] Built LeanCert.Tactic.Verification (4.9s)
2026-09-18T06:37:10.4434742Z ✔ [3080/3109] Built LeanCert.Meta.ToExpr (8.2s)
2026-09-18T06:37:12.9613069Z ✔ [3081/3109] Built LeanCert.Tactic.LeanCert.Bridge.Environment (4.8s)
2026-09-18T06:37:14.1633944Z ✔ [3082/3109] Built LeanCert.Tactic.NumericalRefinement (1.2s)
2026-09-18T06:37:15.2660484Z ✔ [3083/3173] Built LeanCert.Tactic.IntervalAuto.Norm (7.2s)
2026-09-18T06:37:21.1918453Z ✔ [3108/3187] Built LeanCert.Tactic.LeanCert.Normalize (6.9s)
2026-09-18T06:37:21.2926420Z ✔ [3110/3191] Built LeanCert.Tactic.VecUtil (5.0s)
2026-09-18T06:37:21.9935720Z ✔ [3111/3191] Built LeanCert.Tactic.IntervalAuto.Parse (11s)
2026-09-18T06:37:24.2049242Z ✔ [3112/3191] Built LeanCert.Tactic.BridgeNative (2.2s)
2026-09-18T06:37:24.5051730Z ✔ [3113/3257] Built LeanCert.Tactic.FinSumExpand (3.2s)
2026-09-18T06:37:25.5071795Z ✔ [3594/3675] Built LeanCert.Tactic.FinsetParse (4.4s)
2026-09-18T06:37:27.4172221Z ✔ [3595/3679] Built LeanCert.Tactic.LeanCert.Semantic.Domain (1.9s)
2026-09-18T06:37:28.3194831Z ✔ [3596/3682] Built LeanCert.Tactic.IntervalAuto.Diagnostic (4.0s)
2026-09-18T06:37:28.8212055Z ✔ [3597/3682] Built LeanCert.Validity.Eventual (3.8s)
2026-09-18T06:37:30.2231889Z ✔ [3598/3682] Built LeanCert.Tactic.LeanCert.Semantic.Goal (2.7s)
2026-09-18T06:37:30.4232277Z ✔ [3599/3686] Built LeanCert.Tactic.VecSimp (2.2s)
2026-09-18T06:37:30.7234925Z ✔ [3600/3686] Built LeanCert.Core.IntervalRat.Taylor (26s)
2026-09-18T06:37:32.1246237Z ✔ [3601/3687] Built LeanCert.Tactic.LeanCert.Semantic.Parse.Comparison (1.9s)
2026-09-18T06:37:33.8292779Z ✔ [3602/3689] Built LeanCert.Core.IntervalReal (3.1s)
2026-09-18T06:37:33.8298937Z ✔ [3603/3689] Built LeanCert.Tactic.Extension.Protocol (3.4s)
2026-09-18T06:37:35.3345180Z ✔ [3604/3690] Built LeanCert.Tactic.EventualBound (6.5s)
2026-09-18T06:37:35.8340433Z ✔ [3605/3690] Built LeanCert.Core.IntervalRat.TrigReduced (3.8s)
2026-09-18T06:37:37.7353371Z ✔ [3606/3690] Built LeanCert.Tactic.LeanCert.Diagnostic.Evidence (3.9s)
2026-09-18T06:37:37.9445084Z ✔ [3607/3690] Built LeanCert.Tactic.LeanCert.Semantic.Parse.Bound (4.1s)
2026-09-18T06:37:39.1538073Z ✔ [3608/3690] Built LeanCert.Tactic.Extension.Registry (3.9s)
2026-09-18T06:37:42.7644686Z ✔ [3609/3690] Built LeanCert.Tactic.LeanCert.Config (3.6s)
2026-09-18T06:37:45.8779242Z ✔ [3610/3694] Built LeanCert.Core.IntervalRealEndpoints (7.0s)
2026-09-18T06:37:46.1790991Z ✔ [3611/3694] Built LeanCert.Engine.Affine.Basic (10s)
2026-09-18T06:37:49.4816321Z ✔ [3612/3696] Built LeanCert.Core.IntervalDyadic (11s)
2026-09-18T06:37:50.3821620Z ✔ [3613/3702] Built LeanCert.Engine.Algebra.QPoly (7.5s)
2026-09-18T06:37:54.7979717Z ✔ [3614/3702] Built LeanCert.Engine.Affine.Nonlinear (8.6s)
2026-09-18T06:37:56.9025691Z ✔ [3615/3708] Built LeanCert.Engine.Algebra.QPolyIntegral (6.5s)
2026-09-18T06:37:57.3029551Z ✔ [3616/3712] Built LeanCert.Core.DyadicCell (7.8s)
2026-09-18T06:37:57.5020500Z ✔ [3617/3712] Built LeanCert.Engine.Eval.Core (11s)
2026-09-18T06:37:58.5042511Z ✔ [3618/3712] Built LeanCert.Engine.FloatEval (3.7s)
2026-09-18T06:38:00.1069380Z ✔ [3619/3716] Built LeanCert.Tactic.Extension.Command (3.2s)
2026-09-18T06:38:00.7120724Z ✔ [3620/3720] Built LeanCert.Core.DyadicFrontier (3.4s)
2026-09-18T06:38:01.1134311Z ℹ [3623/3720] Built NLA.MF18.PairingAlgebra (3.6s)
2026-09-18T06:38:01.1136843Z info: NLA/MF18/PairingAlgebra.lean:60:0: 'NLA.MF18.hermitian_add_imaginary_posDef_det_ne_zero' depends on axioms: [propext, Classical.choice, Quot.sound]
2026-09-18T06:38:03.6380520Z ✔ [3624/3721] Built LeanCert.Tactic.Extension (3.5s)
2026-09-18T06:38:03.7388746Z ✔ [3625/3722] Built LeanCert.Engine.Eval.Extended (5.2s)
2026-09-18T06:38:04.8411959Z ℹ [3626/3726] Built NLA.MF18.StabilityLimits (4.2s)
2026-09-18T06:38:04.8416521Z info: NLA/MF18/StabilityLimits.lean:67:0: 'NLA.MF18.closed_disk_stability_limit' depends on axioms: [propext, Classical.choice, Quot.sound]
2026-09-18T06:38:05.4439579Z ⚠ [3628/3731] Built NLA.MF18.SteinIdentity (4.4s)
2026-09-18T06:38:05.4442567Z warning: NLA/MF18/SteinIdentity.lean:24:10: This simp argument is unused:
2026-09-18T06:38:05.4443554Z   Complex.star_def
2026-09-18T06:38:05.4444096Z 
2026-09-18T06:38:05.4444638Z Hint: Omit it from the simp argument list.
2026-09-18T06:38:05.4445208Z   [apply] simp [mul_neg]
2026-09-18T06:38:05.4445468Z 
2026-09-18T06:38:05.4445873Z Note: This linter can be disabled with `set_option linter.unusedSimpArgs false`
2026-09-18T06:38:05.4447088Z warning: NLA/MF18/SteinIdentity.lean:24:28: This simp argument is unused:
2026-09-18T06:38:05.4447782Z   mul_neg
2026-09-18T06:38:05.4447963Z 
2026-09-18T06:38:05.4448173Z Hint: Omit it from the simp argument list.
2026-09-18T06:38:05.4448716Z   [apply] simp [Complex.star_def]
2026-09-18T06:38:05.4449003Z 
2026-09-18T06:38:05.4449393Z Note: This linter can be disabled with `set_option linter.unusedSimpArgs false`
2026-09-18T06:38:05.4450598Z info: NLA/MF18/SteinIdentity.lean:65:0: 'NLA.MF18.stein_identity' depends on axioms: [propext, Classical.choice, Quot.sound]
2026-09-18T06:38:07.0535171Z ℹ [3629/3731] Built NLA.MF18.PairingVectors (3.5s)
2026-09-18T06:38:07.0536588Z info: NLA/MF18/PairingVectors.lean:45:0: 'NLA.MF18.pairing_conjugate_transform' depends on axioms: [propext, Classical.choice, Quot.sound]
2026-09-18T06:38:07.1538609Z ✔ [3630/3731] Built LeanCert.Engine.Bounds.Lemmas (3.5s)
2026-09-18T06:38:09.0558025Z ℹ [3631/3731] Built NLA.MF18.StabilitySemantics (3.6s)
2026-09-18T06:38:09.0561023Z info: NLA/MF18/StabilitySemantics.lean:40:0: 'NLA.MF18.stability_semantics' depends on axioms: [propext, Classical.choice, Quot.sound]
2026-09-18T06:38:09.1560890Z ℹ [3632/3731] Built NLA.MF18.StableDimension (4.3s)
2026-09-18T06:38:09.1563217Z info: NLA/MF18/StableDimension.lean:79:0: 'NLA.MF18.stable_space_dimension' depends on axioms: [propext, Classical.choice, Quot.sound]
2026-09-18T06:38:10.4602656Z ℹ [3633/3731] Built NLA.MF18.UnregularizedFactorization (3.3s)
2026-09-18T06:38:10.4604857Z info: NLA/MF18/UnregularizedFactorization.lean:83:0: 'NLA.MF18.simple_root_factor_separation' depends on axioms: [propext, Classical.choice, Quot.sound]
2026-09-18T06:38:10.5617571Z ℹ [3634/3731] Built NLA.MF18.GeneralizedStein (3.6s)
2026-09-18T06:38:10.5640046Z info: NLA/MF18/GeneralizedStein.lean:65:0: 'NLA.MF18.generalized_stein_pairing' depends on axioms: [propext, Classical.choice, Quot.sound]
2026-09-18T06:38:12.0659249Z ✔ [3635/3731] Built LeanCert.Engine.IntervalEval (2.0s)
2026-09-18T06:38:14.0741266Z ⚠ [3636/3731] Built NLA.MF18.UnitPencilKernel (3.6s)
2026-09-18T06:38:14.0743503Z warning: NLA/MF18/UnitPencilKernel.lean:23:4: Try `simp at hlam` instead of `simpa using hlam`
2026-09-18T06:38:14.0744354Z 
2026-09-18T06:38:14.0745051Z Note: This linter can be disabled with `set_option linter.unnecessarySimpa false`
2026-09-18T06:38:14.0746537Z warning: NLA/MF18/UnitPencilKernel.lean:34:23: Used `tac1 <;> tac2` where `(tac1; tac2)` would suffice
2026-09-18T06:38:14.0747449Z 
2026-09-18T06:38:14.0748135Z Note: This linter can be disabled with `set_option linter.unnecessarySeqFocus false`
2026-09-18T06:38:14.0749639Z info: NLA/MF18/UnitPencilKernel.lean:45:0: 'NLA.MF18.unit_pencil_left_pairing_zero' depends on axioms: [propext, Classical.choice, Quot.sound]
2026-09-18T06:38:14.5783361Z ⚠ [3637/3731] Built NLA.MF18.SteinRankLower (3.0s)
2026-09-18T06:38:14.5785409Z warning: NLA/MF18/SteinRankLower.lean:28:4: Try `simp at hlam` instead of `simpa using hlam`
2026-09-18T06:38:14.5808553Z 
2026-09-18T06:38:14.5809381Z Note: This linter can be disabled with `set_option linter.unnecessarySimpa false`
2026-09-18T06:38:14.5810946Z info: NLA/MF18/SteinRankLower.lean:105:0: 'NLA.MF18.stein_rank_lower_bound' depends on axioms: [propext, Classical.choice, Quot.sound]
2026-09-18T06:38:14.6753237Z ⚠ [3638/3731] Built NLA.MF18.StableKernel (4.1s)
2026-09-18T06:38:14.6755320Z warning: NLA/MF18/StableKernel.lean:67:4: Try this: intro μ w hw
2026-09-18T06:38:14.6756901Z warning: NLA/MF18/StableKernel.lean:45:2: Try this: intro hlam v hv
2026-09-18T06:38:14.6758552Z info: NLA/MF18/StableKernel.lean:90:0: 'NLA.MF18.stable_space_in_kernel' depends on axioms: [propext, Classical.choice, Quot.sound]
2026-09-18T06:38:17.1787343Z ✔ [3639/3731] Built LeanCert.Engine.Affine.Transcendental (5.2s)
2026-09-18T06:38:18.5826846Z ✔ [3640/3731] Built LeanCert.Validity.Bounds.Core (3.9s)
2026-09-18T06:38:18.5832875Z ✔ [3641/3731] Built LeanCert.Validity.Bounds.Checked (3.0s)
2026-09-18T06:38:23.4009883Z ✔ [3642/3731] Built LeanCert.Engine.IntervalEvalDyadic (9.4s)
2026-09-18T06:38:23.6021205Z ✔ [3643/3731] Built LeanCert.Engine.Optimization.Box (5.1s)
2026-09-18T06:38:24.8088275Z ✔ [3644/3731] Built LeanCert.Engine.RootFinding.Basic (7.6s)
2026-09-18T06:38:27.4232168Z ✔ [3645/3731] Built LeanCert.Engine.AD.Basic (3.7s)
2026-09-18T06:38:27.5293504Z ✔ [3646/3731] Built LeanCert.Engine.Integrate (8.0s)
2026-09-18T06:38:30.0405064Z ℹ [3647/3731] Built NLA.MF18.SimpleEigenfunctional (5.2s)
2026-09-18T06:38:30.0408032Z info: NLA/MF18/SimpleEigenfunctional.lean:69:0: 'NLA.MF18.simple_eigenfunctional_nonzero' depends on axioms: [propext, Classical.choice, Quot.sound]
2026-09-18T06:38:34.9535733Z ✔ [3648/3731] Built LeanCert.Engine.FinSumDyadic (7.4s)
2026-09-18T06:38:35.9550644Z ✔ [3649/3731] Built LeanCert.Engine.TaylorModel.Core (12s)
2026-09-18T06:38:35.9556384Z ✔ [3650/3731] Built LeanCert.Validity.DyadicBounds (5.9s)
2026-09-18T06:38:37.2667555Z ✔ [3651/3731] Built LeanCert.Engine.IntervalEvalAffine (9.9s)
2026-09-18T06:38:38.9736750Z ✔ [3652/3731] Built LeanCert.Engine.Search.Heuristic (4.1s)
2026-09-18T06:38:41.4759834Z ⚠ [3653/3731] Built NLA.MF18.SimpleUnitPairing (4.2s)
2026-09-18T06:38:41.4762053Z warning: NLA/MF18/SimpleUnitPairing.lean:74:4: Try `simp at hlam` instead of `simpa using hlam`
2026-09-18T06:38:41.4762885Z 
2026-09-18T06:38:41.4763462Z Note: This linter can be disabled with `set_option linter.unnecessarySimpa false`
2026-09-18T06:38:41.4764600Z warning: NLA/MF18/SimpleUnitPairing.lean:81:27: this tactic is never executed
2026-09-18T06:38:41.4765295Z 
2026-09-18T06:38:41.4765851Z Note: This linter can be disabled with `set_option linter.unreachableTactic false`
2026-09-18T06:38:41.4767318Z warning: NLA/MF18/SimpleUnitPairing.lean:81:27: Unused tactic linter: `ring` does nothing
2026-09-18T06:38:41.4768131Z 
2026-09-18T06:38:41.4768657Z Note: This linter can be disabled with `set_option linter.unusedTactic false`
2026-09-18T06:38:41.4770153Z info: NLA/MF18/SimpleUnitPairing.lean:94:0: 'NLA.MF18.simple_unit_root_pairing' depends on axioms: [propext, Classical.choice, Quot.sound]
2026-09-18T06:38:41.8769291Z ✔ [3654/3731] Built LeanCert.Engine.AD.Transcendental (5.9s)
2026-09-18T06:38:42.6826489Z ✔ [3655/3731] Built LeanCert.Engine.RootFinding.Bisection (6.8s)
2026-09-18T06:38:43.2822604Z ✔ [3656/3731] Built LeanCert.Engine.WitnessSum (4.3s)
2026-09-18T06:38:45.3874432Z ✔ [3657/3731] Built LeanCert.Engine.TaylorModel.Special (3.6s)
2026-09-18T06:38:46.1890997Z ✔ [3658/3731] Built LeanCert.Engine.TaylorModel.Integral (4.7s)
2026-09-18T06:38:55.2215992Z ✔ [3659/3731] Built LeanCert.Engine.Affine.Environment (9.1s)
2026-09-18T06:38:55.6226955Z ✔ [3660/3731] Built LeanCert.Engine.TaylorModel.ExpLog (12s)
2026-09-18T06:38:59.1286034Z ✔ [3661/3731] Built LeanCert.Engine.AD.Eval (3.9s)
2026-09-18T06:39:00.1318086Z ✔ [3662/3731] Built LeanCert.Engine.TaylorModel.Hyperbolic (17s)
2026-09-18T06:39:00.7327637Z ✔ [3663/3731] Built LeanCert.Engine.TaylorModel.Trig (15s)
2026-09-18T06:39:02.4401571Z ✔ [3664/3731] Built LeanCert.Engine.AD.Correctness (3.4s)
2026-09-18T06:39:03.2448561Z ✔ [3665/3731] Built LeanCert.Engine.TaylorModel.Functions (2.6s)
2026-09-18T06:39:07.0564997Z ✔ [3666/3731] Built LeanCert.Engine.AD.Computable (4.5s)
2026-09-18T06:39:09.7655899Z ✔ [3667/3731] Built LeanCert.Engine.TaylorModel.Expr (6.5s)
2026-09-18T06:39:10.6689242Z ✔ [3668/3731] Built LeanCert.Engine.AD.PartialCorrectness (8.2s)
2026-09-18T06:39:11.1686940Z ✔ [3669/3731] Built LeanCert.Engine.AD.DomainChecked (4.2s)
2026-09-18T06:39:12.1691266Z ✔ [3670/3731] Built LeanCert.Engine.TaylorModel (2.4s)
2026-09-18T06:39:14.5722877Z ✔ [3671/3731] Built LeanCert.Engine.AD.Dyadic (3.4s)
2026-09-18T06:39:16.5758112Z ✔ [3672/3731] Built LeanCert.Engine.AD (1.0s)
2026-09-18T06:39:20.9912304Z ✔ [3673/3731] Built LeanCert.Validity.Bounds.Smart (4.4s)
2026-09-18T06:39:21.7952014Z ✔ [3674/3731] Built LeanCert.Engine.IntervalEvalRefined (5.2s)
2026-09-18T06:39:21.8951119Z ✔ [3675/3731] Built LeanCert.Meta.ProveSupported (5.3s)
2026-09-18T06:39:25.3010241Z ✔ [3676/3731] Built LeanCert.Engine.Optimize (8.7s)
2026-09-18T06:39:25.5010866Z ✔ [3677/3731] Built LeanCert.Validity.Bounds.Bridge (4.5s)
2026-09-18T06:39:28.3055155Z ✔ [3678/3731] Built LeanCert.Meta.ProveContinuous (6.4s)
2026-09-18T06:39:29.7101974Z ✔ [3679/3731] Built LeanCert.Tactic.IntervalAuto.ProveCommon (7.8s)
2026-09-18T06:39:32.4206645Z ✔ [3680/3731] Built LeanCert.Engine.RootFinding.Newton (6.9s)
2026-09-18T06:39:32.6211664Z ✔ [3681/3731] Built LeanCert.Validity.Bounds.Basic (4.3s)
2026-09-18T06:39:33.9229553Z ✔ [3682/3731] Built LeanCert.Engine.Optimization.Gradient (8.6s)
2026-09-18T06:39:36.7304815Z ✔ [3683/3731] Built LeanCert.Tactic.LeanCert.Bridge.ReifiedFunction (4.3s)
2026-09-18T06:39:37.0310116Z ✔ [3684/3731] Built LeanCert.Tactic.IntervalAuto.Basic (4.3s)
2026-09-18T06:39:38.1325729Z ✔ [3685/3731] Built LeanCert.Validity.Integration (8.4s)
2026-09-18T06:39:47.0642435Z ✔ [3686/3731] Built LeanCert.Engine.RootFinding.MVTBounds (13s)
2026-09-18T06:39:47.2645142Z ✔ [3687/3731] Built LeanCert.Tactic.LeanCert.Semantic.Prepare (9.2s)
2026-09-18T06:39:48.3660350Z ✔ [3688/3731] Built LeanCert.Engine.RootFinding.Krawczyk (11s)
2026-09-18T06:39:58.8887465Z ✔ [3689/3731] Built LeanCert.Engine.RootFinding.Contraction (11s)
2026-09-18T06:40:01.5935820Z ✔ [3690/3731] Built LeanCert.Tactic.LeanCert.Integral (14s)
2026-09-18T06:40:02.0934892Z ✔ [3691/3731] Built LeanCert.Tactic.Extension.Execute (13s)
2026-09-18T06:40:05.9027208Z ✔ [3692/3731] Built LeanCert.Validity.Krawczyk (3.8s)
2026-09-18T06:40:07.0042476Z ✔ [3693/3731] Built LeanCert.Engine.RootFinding.KrawczykCandidate (5.4s)
2026-09-18T06:40:07.2047370Z ✔ [3694/3731] Built LeanCert.Tactic.LeanCert.Solver.Protocol (8.3s)
2026-09-18T06:40:09.3139838Z ✔ [3695/3731] Built LeanCert.Engine.RootFinding.Main (3.4s)
2026-09-18T06:40:11.1166805Z ✔ [3696/3731] Built LeanCert.Tactic.Enclosure (4.2s)
2026-09-18T06:40:11.4188199Z ✔ [3697/3731] Built LeanCert.Engine.Optimization.Global (34s)
2026-09-18T06:40:11.4191928Z ✔ [3698/3731] Built LeanCert.Tactic.LeanCert.Diagnostic.Render (4.2s)
2026-09-18T06:40:15.3359567Z ✔ [3699/3731] Built LeanCert.Engine.Search.CounterExample (3.0s)
2026-09-18T06:40:15.3364994Z ✔ [3700/3731] Built LeanCert.Validity.Types (3.9s)
2026-09-18T06:40:15.9369796Z ✔ [3701/3731] Built LeanCert.Engine.Optimization.BoundVerify (4.5s)
2026-09-18T06:40:18.5405257Z ✔ [3702/3731] Built LeanCert.Engine.Optimization.Guided (3.3s)
2026-09-18T06:40:18.9409498Z ✔ [3703/3731] Built LeanCert.Validity.Bounds (7.5s)
2026-09-18T06:40:23.1513035Z ✔ [3704/3731] Built LeanCert.Discovery.Find (4.3s)
2026-09-18T06:40:24.0525394Z ✔ [3705/3731] Built LeanCert.Tactic.IntervalAuto.OptBound (5.1s)
2026-09-18T06:40:26.8572504Z ✔ [3706/3731] Built LeanCert.Tactic.IntervalAuto.Multivariate (8.0s)
2026-09-18T06:40:27.5572898Z ✔ [3707/3731] Built LeanCert.Tactic.IntervalAuto.RootBound (4.4s)
2026-09-18T06:40:37.6664251Z ✔ [3708/3731] Built LeanCert.Tactic.IntervalAuto.Bound (18s)
2026-09-18T06:40:42.3735710Z ✔ [3709/3731] Built LeanCert.Tactic.IntervalAuto.Subdiv (4.7s)
2026-09-18T06:40:45.8792961Z ✔ [3710/3731] Built LeanCert.Tactic.IntervalAuto.Adaptive (8.2s)
2026-09-18T06:40:48.3825066Z ✔ [3711/3731] Built LeanCert.Tactic.IntervalAuto.PointIneq (10s)
2026-09-18T06:40:50.9835953Z ✔ [3712/3731] Built LeanCert.Tactic.IntervalAuto (2.6s)
2026-09-18T06:40:55.3914617Z ✔ [3713/3731] Built LeanCert.Tactic.Refute (4.4s)
2026-09-18T06:40:57.2965359Z ✔ [3714/3731] Built LeanCert.Tactic.FinSumWitness (6.3s)
2026-09-18T06:41:02.0085233Z ✔ [3715/3731] Built LeanCert.Tactic.FinSumBound (4.7s)
2026-09-18T06:41:05.3131095Z ✔ [3716/3731] Built LeanCert.Tactic.LeanCert.Semantic.Parse (3.3s)
2026-09-18T06:41:06.0147760Z ✔ [3717/3731] Built LeanCert.Tactic.Discovery (14s)
2026-09-18T06:41:08.9174323Z ✔ [3718/3731] Built LeanCert.Tactic.Krawczyk (3.5s)
2026-09-18T06:41:17.5299989Z ✔ [3719/3731] Built LeanCert.Tactic.LeanCert.Router (8.7s)
2026-09-18T06:41:20.2323205Z ✔ [3720/3731] Built LeanCert.Tactic.LeanCert (2.7s)
2026-09-18T06:41:22.9348356Z ✔ [3721/3731] Built LeanCert.Tactic (2.7s)
2026-09-18T06:41:25.9387925Z ℹ [3722/3731] Built NLA.MF18.Numerical (3.0s)
2026-09-18T06:41:25.9389323Z info: NLA/MF18/Numerical.lean:24:0: 'NLA.MF18.certified_half' depends on axioms: [propext, Classical.choice, Quot.sound]
2026-09-18T06:41:29.2423621Z ⚠ [3723/3731] Built NLA.MF18.Positivity (3.3s)
2026-09-18T06:41:29.2424502Z warning: NLA/MF18/Positivity.lean:29:88: Used `tac1 <;> tac2` where `(tac1; tac2)` would suffice
2026-09-18T06:41:29.2425119Z 
2026-09-18T06:41:29.2425536Z Note: This linter can be disabled with `set_option linter.unnecessarySeqFocus false`
2026-09-18T06:41:29.2426850Z info: NLA/MF18/Positivity.lean:38:0: 'NLA.MF18.positive_average_and_sign' depends on axioms: [propext, Classical.choice, Quot.sound]
2026-09-18T06:41:32.4462892Z ⚠ [3724/3731] Built NLA.MF18.BoundaryNonvanishing (3.2s)
2026-09-18T06:41:32.4464358Z warning: NLA/MF18/BoundaryNonvanishing.lean:29:4: Try `simp at hlam` instead of `simpa using hlam`
2026-09-18T06:41:32.4465058Z 
2026-09-18T06:41:32.4465491Z Note: This linter can be disabled with `set_option linter.unnecessarySimpa false`
2026-09-18T06:41:32.4467126Z warning: NLA/MF18/BoundaryNonvanishing.lean:23:26: Variable name `hP` is not explicitly referenced.
2026-09-18T06:41:32.4467843Z 
2026-09-18T06:41:32.4468651Z Hint: The binding can be removed (if unused) or named `_` (if used implicitly). Alternatively, prefix the name with `_` to silence this warning:
2026-09-18T06:41:32.4469712Z   [apply] _hP
2026-09-18T06:41:32.4469908Z 
2026-09-18T06:41:32.4470319Z Note: This linter can be disabled with `set_option linter.unusedVariables false`
2026-09-18T06:41:32.4471430Z warning: NLA/MF18/BoundaryNonvanishing.lean:54:23: Used `tac1 <;> tac2` where `(tac1; tac2)` would suffice
2026-09-18T06:41:32.4472139Z 
2026-09-18T06:41:32.4472566Z Note: This linter can be disabled with `set_option linter.unnecessarySeqFocus false`
2026-09-18T06:41:32.4474041Z info: NLA/MF18/BoundaryNonvanishing.lean:58:0: 'NLA.MF18.homotopy_boundary_nonvanishing' depends on axioms: [propext, Classical.choice, Quot.sound]
2026-09-18T06:41:35.5503132Z ℹ [3725/3731] Built NLA.MF18.RegularizedCount (3.1s)
2026-09-18T06:41:35.5504429Z info: NLA/MF18/RegularizedCount.lean:112:0: 'NLA.MF18.homotopy_coeffContinuousOn' depends on axioms: [propext, Classical.choice, Quot.sound]
2026-09-18T06:41:35.5505797Z info: NLA/MF18/RegularizedCount.lean:113:0: 'NLA.MF18.homotopy_zero_disk_count' depends on axioms: [propext, Classical.choice, Quot.sound]
2026-09-18T06:41:35.5507527Z info: NLA/MF18/RegularizedCount.lean:114:0: 'NLA.MF18.regularized_root_count' depends on axioms: [propext, Classical.choice, Quot.sound]
2026-09-18T06:41:38.5540996Z ⚠ [3726/3731] Built NLA.MF18.ComplementaryStability (2.0s)
2026-09-18T06:41:38.5542347Z warning: NLA/MF18/ComplementaryStability.lean:61:23: Used `tac1 <;> tac2` where `(tac1; tac2)` would suffice
2026-09-18T06:41:38.5543421Z 
2026-09-18T06:41:38.5544049Z Note: This linter can be disabled with `set_option linter.unnecessarySeqFocus false`
2026-09-18T06:41:38.5546333Z info: NLA/MF18/ComplementaryStability.lean:65:0: 'NLA.MF18.complementary_stability' depends on axioms: [propext, Classical.choice, Quot.sound]
2026-09-18T06:41:41.7579353Z ℹ [3727/3731] Built NLA.MF18.LimitingEquation (3.2s)
2026-09-18T06:41:41.7580973Z info: NLA/MF18/LimitingEquation.lean:71:0: 'NLA.MF18.limiting_equation_and_spectra' depends on axioms: [propext, Classical.choice, Quot.sound]
2026-09-18T06:41:44.8600145Z ℹ [3728/3731] Built NLA.MF18.SelectedCount (3.1s)
2026-09-18T06:41:44.8601054Z info: NLA/MF18/SelectedCount.lean:78:0: 'NLA.MF18.selected_spectrum_count' depends on axioms: [propext, Classical.choice, Quot.sound]
2026-09-18T06:41:47.8637312Z ⚠ [3729/3731] Built NLA.MF18.CanonicalRank (3.0s)
2026-09-18T06:41:47.8638087Z warning: NLA/MF18/CanonicalRank.lean:73:5: Variable name `hunique` is not explicitly referenced.
2026-09-18T06:41:47.8638626Z 
2026-09-18T06:41:47.8639242Z Hint: The binding can be removed (if unused) or named `_` (if used implicitly). Alternatively, prefix the name with `_` to silence this warning:
2026-09-18T06:41:47.8640061Z   [apply] _hunique
2026-09-18T06:41:47.8640236Z 
2026-09-18T06:41:47.8640559Z Note: This linter can be disabled with `set_option linter.unusedVariables false`
2026-09-18T06:41:47.8641534Z info: NLA/MF18/CanonicalRank.lean:79:0: 'NLA.MF18.full_complex_rank' depends on axioms: [propext, Classical.choice, Quot.sound]
2026-09-18T06:41:47.8642756Z info: NLA/MF18/CanonicalRank.lean:80:0: 'NLA.MF18.canonical_full_complex_rank' depends on axioms: [propext, Classical.choice, Quot.sound]
2026-09-18T06:41:50.7674089Z ℹ [3730/3731] Built Solution (2.8s)
2026-09-18T06:41:50.7675234Z info: Solution.lean:18:0: 'NLA.MF18.certified_half' depends on axioms: [propext, Classical.choice, Quot.sound]
2026-09-18T06:41:50.7677192Z info: Solution.lean:20:0: 'NLA.MF18.stability_semantics' depends on axioms: [propext, Classical.choice, Quot.sound]
2026-09-18T06:41:50.7679124Z info: Solution.lean:22:0: 'NLA.MF18.pencil_evaluation' depends on axioms: [propext, Classical.choice, Quot.sound]
2026-09-18T06:41:50.7680558Z info: Solution.lean:24:0: 'NLA.MF18.pencil_degree_bound' depends on axioms: [propext, Classical.choice, Quot.sound]
2026-09-18T06:41:50.7681990Z info: Solution.lean:26:0: 'NLA.MF18.positive_average_and_sign' depends on axioms: [propext, Classical.choice, Quot.sound]
2026-09-18T06:41:50.7683044Z info: Solution.lean:28:0: 'NLA.MF18.homotopy_boundary_nonvanishing' depends on axioms: [propext, Classical.choice, Quot.sound]
2026-09-18T06:41:50.7684070Z info: Solution.lean:30:0: 'NLA.MF18.cayley_degree_and_count' depends on axioms: [propext, Classical.choice, Quot.sound]
2026-09-18T06:41:50.7685059Z info: Solution.lean:32:0: 'NLA.MF18.cayley_boundary_transfer' depends on axioms: [propext, Classical.choice, Quot.sound]
2026-09-18T06:41:50.7686266Z info: Solution.lean:34:0: 'NLA.MF18.monic_half_plane_count_homotopy' depends on axioms: [propext, Classical.choice, Quot.sound]
2026-09-18T06:41:50.7687374Z info: Solution.lean:36:0: 'NLA.MF18.bounded_degree_disk_count_homotopy' depends on axioms: [propext, Classical.choice, Quot.sound]
2026-09-18T06:41:50.7688470Z info: Solution.lean:38:0: 'NLA.MF18.regularized_root_count' depends on axioms: [propext, Classical.choice, Quot.sound]
2026-09-18T06:41:50.7689844Z info: Solution.lean:40:0: 'NLA.MF18.solution_factorization' depends on axioms: [propext, Classical.choice, Quot.sound]
2026-09-18T06:41:50.7691372Z info: Solution.lean:42:0: 'NLA.MF18.complementary_stability' depends on axioms: [propext, Classical.choice, Quot.sound]
2026-09-18T06:41:50.7693053Z info: Solution.lean:44:0: 'NLA.MF18.closed_disk_stability_limit' depends on axioms: [propext, Classical.choice, Quot.sound]
2026-09-18T06:41:50.7694332Z info: Solution.lean:46:0: 'NLA.MF18.limiting_equation_and_spectra' depends on axioms: [propext, Classical.choice, Quot.sound]
2026-09-18T06:41:50.7695548Z info: Solution.lean:48:0: 'NLA.MF18.reciprocal_count_identity' depends on axioms: [propext, Classical.choice, Quot.sound]
2026-09-18T06:41:50.7697024Z info: Solution.lean:50:0: 'NLA.MF18.selected_spectrum_count' depends on axioms: [propext, Classical.choice, Quot.sound]
2026-09-18T06:41:50.7698103Z info: Solution.lean:52:0: 'NLA.MF18.stein_identity' depends on axioms: [propext, Classical.choice, Quot.sound]
2026-09-18T06:41:50.7699165Z info: Solution.lean:54:0: 'NLA.MF18.simple_unit_root_pairing' depends on axioms: [propext, Classical.choice, Quot.sound]
2026-09-18T06:41:50.7700283Z info: Solution.lean:56:0: 'NLA.MF18.generalized_stein_pairing' depends on axioms: [propext, Classical.choice, Quot.sound]
2026-09-18T06:41:50.7701386Z info: Solution.lean:58:0: 'NLA.MF18.stable_space_dimension' depends on axioms: [propext, Classical.choice, Quot.sound]
2026-09-18T06:41:50.7702468Z info: Solution.lean:60:0: 'NLA.MF18.stable_space_in_kernel' depends on axioms: [propext, Classical.choice, Quot.sound]
2026-09-18T06:41:50.7703543Z info: Solution.lean:62:0: 'NLA.MF18.stein_rank_lower_bound' depends on axioms: [propext, Classical.choice, Quot.sound]
2026-09-18T06:41:50.7704615Z info: Solution.lean:64:0: 'NLA.MF18.full_complex_rank' depends on axioms: [propext, Classical.choice, Quot.sound]
2026-09-18T06:41:50.7705708Z info: Solution.lean:66:0: 'NLA.MF18.canonical_full_complex_rank' depends on axioms: [propext, Classical.choice, Quot.sound]
2026-09-18T06:41:50.7820319Z Build completed successfully (3731 jobs).
2026-09-18T06:43:53.3235053Z Exporting #[Quot, Quot.mk, Quot.lift, Quot.ind, NLA.MF18.certified_half, NLA.MF18.stability_semantics, NLA.MF18.pencil_evaluation, NLA.MF18.pencil_degree_bound, NLA.MF18.positive_average_and_sign, NLA.MF18.homotopy_boundary_nonvanishing, NLA.MF18.cayley_degree_and_count, NLA.MF18.cayley_boundary_transfer, NLA.MF18.monic_half_plane_count_homotopy, NLA.MF18.bounded_degree_disk_count_homotopy, NLA.MF18.regularized_root_count, NLA.MF18.solution_factorization, NLA.MF18.complementary_stability, NLA.MF18.closed_disk_stability_limit, NLA.MF18.limiting_equation_and_spectra, NLA.MF18.reciprocal_count_identity, NLA.MF18.selected_spectrum_count, NLA.MF18.stein_identity, NLA.MF18.simple_unit_root_pairing, NLA.MF18.generalized_stein_pairing, NLA.MF18.stable_space_dimension, NLA.MF18.stable_space_in_kernel, NLA.MF18.stein_rank_lower_bound, NLA.MF18.full_complex_rank, NLA.MF18.canonical_full_complex_rank, propext, Quot.sound, Classical.choice, Nat.add, Nat.sub, Nat.mul, Nat.pow, Nat.gcd, Nat.div, Nat.mod, Nat.beq, Nat.ble, Nat.land, Nat.lor, Nat.xor, Nat.shiftLeft, Nat.shiftRight, String.ofList, Char.ofNat, List, eagerReduce, Nat, String, String.mk, Char, optParam, autoParam, semiOutParam, outParam] from Solution
2026-09-18T06:43:53.3240425Z Running Lean default kernel on solution.
2026-09-18T06:43:53.3240765Z Lean default kernel accepts the solution
2026-09-18T06:43:53.3241059Z Your solution is okay!
2026-09-18T06:43:58.8453876Z PASS: fresh Comparator run and all controls. Evidence: /home/runner/work/_temp/nla-lean-tools/logs/verify-20260918T063419Z-4159
2026-09-18T06:43:58.8676452Z Node 20 is being deprecated. This workflow is running with Node 24 by default. If you need to temporarily use Node 20, you can set the ACTIONS_ALLOW_USE_UNSECURE_NODE_VERSION=true environment variable. For more information see: https://github.blog/changelog/2025-09-19-deprecation-of-node-20-on-github-actions-runners/
2026-09-18T06:43:58.8678325Z ##[group]Run actions/upload-artifact@ea165f8d65b6e75b540449e92b4886f43607fa02
2026-09-18T06:43:58.8678821Z with:
2026-09-18T06:43:58.8679095Z   name: lean-MF-18
2026-09-18T06:43:58.8679388Z   path: /home/runner/work/_temp/nla-lean-tools/logs/
2026-09-18T06:43:58.8679836Z   if-no-files-found: warn
2026-09-18T06:43:58.8680116Z   compression-level: 6
2026-09-18T06:43:58.8680415Z   overwrite: false
2026-09-18T06:43:58.8680680Z   include-hidden-files: false
2026-09-18T06:43:58.8680957Z env:
2026-09-18T06:43:58.8681229Z   GOTOOLCHAIN: local
2026-09-18T06:43:58.8681455Z   XDG_RUNTIME_DIR: /run/user/1001
2026-09-18T06:43:58.8681928Z   DBUS_SESSION_BUS_ADDRESS: unix:path=/run/user/1001/bus
2026-09-18T06:43:58.8682328Z ##[endgroup]
2026-09-18T06:43:59.2721965Z (node:7827) [DEP0040] DeprecationWarning: The `punycode` module is deprecated. Please use a userland alternative instead.
2026-09-18T06:43:59.2723342Z (Use `node --trace-deprecation ...` to show where the warning was created)
2026-09-18T06:43:59.2832830Z With the provided path, there will be 13 files uploaded
2026-09-18T06:43:59.2839517Z Artifact name is valid!
2026-09-18T06:43:59.2840004Z Root directory input is valid!
2026-09-18T06:43:59.5368800Z Beginning upload of artifact content to blob storage
2026-09-18T06:43:59.5907265Z (node:7827) [DEP0169] DeprecationWarning: `url.parse()` behavior is not standardized and prone to errors that have security implications. Use the WHATWG URL API instead. CVEs are not issued for `url.parse()` vulnerabilities.
2026-09-18T06:43:59.7260754Z Uploaded bytes 27505
2026-09-18T06:43:59.7599642Z Finished uploading artifact content to blob storage!
2026-09-18T06:43:59.7601455Z SHA256 digest of uploaded artifact zip is 3acd67339797de461be65197d27bf1a3e8d541b176bdc5c850bc66bc2ea7f618
2026-09-18T06:43:59.7602826Z Finalizing artifact upload
2026-09-18T06:44:00.0226975Z Artifact lean-MF-18.zip successfully finalized. Artifact ID 10535990681
2026-09-18T06:44:00.0228430Z Artifact lean-MF-18 has been successfully uploaded! Final size is 27505 bytes. Artifact ID is 10535990681
2026-09-18T06:44:00.0235062Z Artifact download URL: https://github.com/sgstepaniants/OpenProblemsInNLA/actions/runs/35315336123/artifacts/10535990681
2026-09-18T06:44:00.0422436Z Post job cleanup.
2026-09-18T06:44:00.1953974Z Node 20 is being deprecated. This workflow is running with Node 24 by default. If you need to temporarily use Node 20, you can set the ACTIONS_ALLOW_USE_UNSECURE_NODE_VERSION=true environment variable. For more information see: https://github.blog/changelog/2025-09-19-deprecation-of-node-20-on-github-actions-runners/
2026-09-18T06:44:00.1956431Z Post job cleanup.
2026-09-18T06:44:00.3009912Z [command]/usr/bin/git version
2026-09-18T06:44:00.3066885Z git version 2.55.0
2026-09-18T06:44:00.3115676Z Temporarily overriding HOME='/home/runner/work/_temp/a38543b2-cc05-474a-8116-c1c510d9c82e' before making global git config changes
2026-09-18T06:44:00.3118073Z Adding repository directory to the temporary git global config as a safe directory
2026-09-18T06:44:00.3125698Z [command]/usr/bin/git config --global --add safe.directory /home/runner/work/OpenProblemsInNLA/OpenProblemsInNLA
2026-09-18T06:44:00.3177732Z [command]/usr/bin/git config --local --name-only --get-regexp core\.sshCommand
2026-09-18T06:44:00.3231294Z [command]/usr/bin/git submodule foreach --recursive sh -c "git config --local --name-only --get-regexp 'core\.sshCommand' && git config --local --unset-all 'core.sshCommand' || :"
2026-09-18T06:44:00.3678694Z [command]/usr/bin/git config --local --name-only --get-regexp http\.https\:\/\/github\.com\/\.extraheader
2026-09-18T06:44:00.3726979Z [command]/usr/bin/git submodule foreach --recursive sh -c "git config --local --name-only --get-regexp 'http\.https\:\/\/github\.com\/\.extraheader' && git config --local --unset-all 'http.https://github.com/.extraheader' || :"
2026-09-18T06:44:00.4029711Z [command]/usr/bin/git config --local --name-only --get-regexp ^includeIf\.gitdir:
2026-09-18T06:44:00.4072302Z [command]/usr/bin/git submodule foreach --recursive git config --local --show-origin --name-only --get-regexp remote.origin.url
2026-09-18T06:44:00.4491810Z Cleaning up orphan processes
2026-09-18T06:44:00.5073848Z ##[warning]Node.js 20 is deprecated. The following actions target Node.js 20 but are being forced to run on Node.js 24: actions/checkout@11d5960a326750d5838078e36cf38b85af677262, actions/upload-artifact@ea165f8d65b6e75b540449e92b4886f43607fa02. For more information see: https://github.blog/changelog/2025-09-19-deprecation-of-node-20-on-github-actions-runners/
