2026-09-19T08:25:25.1311892Z Current runner version: '2.337.0'
2026-09-19T08:25:25.1329686Z ##[group]Runner Image Provisioner
2026-09-19T08:25:25.1330369Z Hosted Compute Agent
2026-09-19T08:25:25.1330970Z Version: 20260828.587
2026-09-19T08:25:25.1331467Z Commit: abac92662cab4cc7352de4f9f9d2e2419aad9c29
2026-09-19T08:25:25.1331970Z Build Date: 2026-08-28T16:44:25Z
2026-09-19T08:25:25.1332433Z Worker ID: {7c760e3d-7701-414c-8e52-e4003eb23489}
2026-09-19T08:25:25.1332929Z Azure Region: centralus
2026-09-19T08:25:25.1333333Z ##[endgroup]
2026-09-19T08:25:25.1334562Z ##[group]Operating System
2026-09-19T08:25:25.1335273Z Ubuntu
2026-09-19T08:25:25.1335700Z 24.04.5
2026-09-19T08:25:25.1336047Z LTS
2026-09-19T08:25:25.1336434Z ##[endgroup]
2026-09-19T08:25:25.1336803Z ##[group]Runner Image
2026-09-19T08:25:25.1337190Z Image: ubuntu-24.04
2026-09-19T08:25:25.1337610Z Version: 20260907.300.1
2026-09-19T08:25:25.1338479Z Included Software: https://github.com/actions/runner-images/blob/ubuntu24/20260907.300/images/ubuntu/Ubuntu2404-Readme.md
2026-09-19T08:25:25.1339525Z Image Release: https://github.com/actions/runner-images/releases/tag/ubuntu24%2F20260907.300
2026-09-19T08:25:25.1340143Z ##[endgroup]
2026-09-19T08:25:25.1340911Z ##[group]GITHUB_TOKEN Permissions
2026-09-19T08:25:25.1342721Z Contents: read
2026-09-19T08:25:25.1343156Z Metadata: read
2026-09-19T08:25:25.1343526Z ##[endgroup]
2026-09-19T08:25:25.1345381Z Secret source: Actions
2026-09-19T08:25:25.1346071Z Cache mode: write
2026-09-19T08:25:25.1346555Z Prepare workflow directory
2026-09-19T08:25:25.1603458Z Prepare all required actions
2026-09-19T08:25:25.1644448Z Getting action download info
2026-09-19T08:25:25.4523479Z Download action repository 'actions/checkout@11d5960a326750d5838078e36cf38b85af677262' (SHA:11d5960a326750d5838078e36cf38b85af677262)
2026-09-19T08:25:25.6795029Z Download action repository 'actions/setup-go@924ae3a1cded613372ab5595356fb5720e22ba16' (SHA:924ae3a1cded613372ab5595356fb5720e22ba16)
2026-09-19T08:25:26.2512492Z Download action repository 'leanprover/lean-action@96e06131c0e9943c780388fd166f55d1e2fa0433' (SHA:96e06131c0e9943c780388fd166f55d1e2fa0433)
2026-09-19T08:25:26.4760549Z Download action repository 'actions/upload-artifact@ea165f8d65b6e75b540449e92b4886f43607fa02' (SHA:ea165f8d65b6e75b540449e92b4886f43607fa02)
2026-09-19T08:25:26.7071212Z Getting action download info
2026-09-19T08:25:26.8501702Z Download action repository 'actions/cache@v5' (SHA:caa296126883cff596d87d8935842f9db880ef25)
2026-09-19T08:25:27.4458111Z Complete job name: verify (MF-14, matrix-functions-and-stability/MF-14/lean)
2026-09-19T08:25:27.5059657Z Node 20 is being deprecated. This workflow is running with Node 24 by default. If you need to temporarily use Node 20, you can set the ACTIONS_ALLOW_USE_UNSECURE_NODE_VERSION=true environment variable. For more information see: https://github.blog/changelog/2025-09-19-deprecation-of-node-20-on-github-actions-runners/
2026-09-19T08:25:27.5067911Z ##[group]Run actions/checkout@11d5960a326750d5838078e36cf38b85af677262
2026-09-19T08:25:27.5069169Z with:
2026-09-19T08:25:27.5069839Z   persist-credentials: false
2026-09-19T08:25:27.5070716Z   repository: sgstepaniants/OpenProblemsInNLA
2026-09-19T08:25:27.5076150Z   token: ***
2026-09-19T08:25:27.5076818Z   ssh-strict: true
2026-09-19T08:25:27.5077480Z   ssh-user: git
2026-09-19T08:25:27.5078135Z   clean: true
2026-09-19T08:25:27.5078873Z   sparse-checkout-cone-mode: true
2026-09-19T08:25:27.5079654Z   fetch-depth: 1
2026-09-19T08:25:27.5080301Z   fetch-tags: false
2026-09-19T08:25:27.5080978Z   show-progress: true
2026-09-19T08:25:27.5081749Z   lfs: false
2026-09-19T08:25:27.5082392Z   submodules: false
2026-09-19T08:25:27.5083226Z   set-safe-directory: true
2026-09-19T08:25:27.5084162Z   allow-unsafe-pr-checkout: false
2026-09-19T08:25:27.5085148Z ##[endgroup]
2026-09-19T08:25:27.5827369Z Syncing repository: sgstepaniants/OpenProblemsInNLA
2026-09-19T08:25:27.5829374Z ##[group]Getting Git version info
2026-09-19T08:25:27.5830624Z Working directory is '/home/runner/work/OpenProblemsInNLA/OpenProblemsInNLA'
2026-09-19T08:25:27.5832505Z [command]/usr/bin/git version
2026-09-19T08:25:27.6046095Z git version 2.55.0
2026-09-19T08:25:27.6061483Z ##[endgroup]
2026-09-19T08:25:27.6074794Z Temporarily overriding HOME='/home/runner/work/_temp/bbdd8445-5ed8-4846-865a-42ca836d0dc2' before making global git config changes
2026-09-19T08:25:27.6077291Z Adding repository directory to the temporary git global config as a safe directory
2026-09-19T08:25:27.6079576Z [command]/usr/bin/git config --global --add safe.directory /home/runner/work/OpenProblemsInNLA/OpenProblemsInNLA
2026-09-19T08:25:27.6129426Z Deleting the contents of '/home/runner/work/OpenProblemsInNLA/OpenProblemsInNLA'
2026-09-19T08:25:27.6131606Z ##[group]Initializing the repository
2026-09-19T08:25:27.6132960Z [command]/usr/bin/git init /home/runner/work/OpenProblemsInNLA/OpenProblemsInNLA
2026-09-19T08:25:27.6235970Z hint: Using 'master' as the name for the initial branch. This default branch name
2026-09-19T08:25:27.6237958Z hint: will change to "main" in Git 3.0. To configure the initial branch name
2026-09-19T08:25:27.6239797Z hint: to use in all of your new repositories, which will suppress this warning,
2026-09-19T08:25:27.6241294Z hint: call:
2026-09-19T08:25:27.6242122Z hint:
2026-09-19T08:25:27.6243193Z hint: 	git config --global init.defaultBranch <name>
2026-09-19T08:25:27.6244532Z hint:
2026-09-19T08:25:27.6245682Z hint: Names commonly chosen instead of 'master' are 'main', 'trunk' and
2026-09-19T08:25:27.6247567Z hint: 'development'. The just-created branch can be renamed via this command:
2026-09-19T08:25:27.6248924Z hint:
2026-09-19T08:25:27.6249865Z hint: 	git branch -m <name>
2026-09-19T08:25:27.6250945Z hint:
2026-09-19T08:25:27.6251864Z hint: Disable this message with "git config set advice.defaultBranchName false"
2026-09-19T08:25:27.6253367Z Initialized empty Git repository in /home/runner/work/OpenProblemsInNLA/OpenProblemsInNLA/.git/
2026-09-19T08:25:27.6256528Z [command]/usr/bin/git remote add origin https://github.com/sgstepaniants/OpenProblemsInNLA
2026-09-19T08:25:27.6317677Z ##[endgroup]
2026-09-19T08:25:27.6319623Z ##[group]Disabling automatic garbage collection
2026-09-19T08:25:27.6320774Z [command]/usr/bin/git config --local gc.auto 0
2026-09-19T08:25:27.6342022Z ##[endgroup]
2026-09-19T08:25:27.6343167Z ##[group]Setting up auth
2026-09-19T08:25:27.6347904Z [command]/usr/bin/git config --local --name-only --get-regexp core\.sshCommand
2026-09-19T08:25:27.6375202Z [command]/usr/bin/git submodule foreach --recursive sh -c "git config --local --name-only --get-regexp 'core\.sshCommand' && git config --local --unset-all 'core.sshCommand' || :"
2026-09-19T08:25:27.6638517Z [command]/usr/bin/git config --local --name-only --get-regexp http\.https\:\/\/github\.com\/\.extraheader
2026-09-19T08:25:27.6660834Z [command]/usr/bin/git submodule foreach --recursive sh -c "git config --local --name-only --get-regexp 'http\.https\:\/\/github\.com\/\.extraheader' && git config --local --unset-all 'http.https://github.com/.extraheader' || :"
2026-09-19T08:25:27.6801150Z [command]/usr/bin/git config --local --name-only --get-regexp ^includeIf\.gitdir:
2026-09-19T08:25:27.6823658Z [command]/usr/bin/git submodule foreach --recursive git config --local --show-origin --name-only --get-regexp remote.origin.url
2026-09-19T08:25:27.6962767Z [command]/usr/bin/git config --local http.https://github.com/.extraheader AUTHORIZATION: basic ***
2026-09-19T08:25:27.7907580Z ##[endgroup]
2026-09-19T08:25:27.7908798Z ##[group]Fetching the repository
2026-09-19T08:25:27.7915522Z [command]/usr/bin/git -c protocol.version=2 fetch --no-tags --prune --no-recurse-submodules --depth=1 origin +fe4bbee26cc79f06587c803c5c902164c1e02e8e:refs/remotes/origin/codex/lean-mf14-degree44-20260919
2026-09-19T08:25:38.8625926Z From https://github.com/sgstepaniants/OpenProblemsInNLA
2026-09-19T08:25:38.8627387Z  * [new ref]           fe4bbee26cc79f06587c803c5c902164c1e02e8e -> origin/codex/lean-mf14-degree44-20260919
2026-09-19T08:25:38.8629310Z ##[endgroup]
2026-09-19T08:25:38.8629816Z ##[group]Determining the checkout info
2026-09-19T08:25:38.8630721Z ##[endgroup]
2026-09-19T08:25:38.8643387Z [command]/usr/bin/git sparse-checkout disable
2026-09-19T08:25:38.8681807Z [command]/usr/bin/git config --local --unset-all extensions.worktreeConfig
2026-09-19T08:25:38.8706164Z ##[group]Checking out the ref
2026-09-19T08:25:38.8710679Z [command]/usr/bin/git checkout --progress --force -B codex/lean-mf14-degree44-20260919 refs/remotes/origin/codex/lean-mf14-degree44-20260919
2026-09-19T08:25:40.2795447Z Updating files:  48% (18925/39364)
2026-09-19T08:25:40.2951161Z Updating files:  49% (19289/39364)
2026-09-19T08:25:40.3136102Z Updating files:  50% (19682/39364)
2026-09-19T08:25:40.3248648Z Updating files:  51% (20076/39364)
2026-09-19T08:25:40.3455786Z Updating files:  52% (20470/39364)
2026-09-19T08:25:40.3638313Z Updating files:  53% (20863/39364)
2026-09-19T08:25:40.3792716Z Updating files:  54% (21257/39364)
2026-09-19T08:25:40.3939088Z Updating files:  55% (21651/39364)
2026-09-19T08:25:40.4133886Z Updating files:  56% (22044/39364)
2026-09-19T08:25:40.4274352Z Updating files:  57% (22438/39364)
2026-09-19T08:25:40.4423700Z Updating files:  58% (22832/39364)
2026-09-19T08:25:40.4577168Z Updating files:  59% (23225/39364)
2026-09-19T08:25:40.4787136Z Updating files:  60% (23619/39364)
2026-09-19T08:25:40.4939552Z Updating files:  61% (24013/39364)
2026-09-19T08:25:40.5135970Z Updating files:  62% (24406/39364)
2026-09-19T08:25:40.5294781Z Updating files:  63% (24800/39364)
2026-09-19T08:25:40.5418753Z Updating files:  64% (25193/39364)
2026-09-19T08:25:40.5532655Z Updating files:  65% (25587/39364)
2026-09-19T08:25:40.5658782Z Updating files:  66% (25981/39364)
2026-09-19T08:25:40.5753917Z Updating files:  67% (26374/39364)
2026-09-19T08:25:40.5880703Z Updating files:  68% (26768/39364)
2026-09-19T08:25:40.6127678Z Updating files:  69% (27162/39364)
2026-09-19T08:25:40.6329887Z Updating files:  70% (27555/39364)
2026-09-19T08:25:40.6492034Z Updating files:  71% (27949/39364)
2026-09-19T08:25:40.6653327Z Updating files:  72% (28343/39364)
2026-09-19T08:25:40.6759747Z Updating files:  73% (28736/39364)
2026-09-19T08:25:40.6906171Z Updating files:  74% (29130/39364)
2026-09-19T08:25:40.7034714Z Updating files:  75% (29523/39364)
2026-09-19T08:25:40.7117729Z Updating files:  76% (29917/39364)
2026-09-19T08:25:40.7262571Z Updating files:  77% (30311/39364)
2026-09-19T08:25:40.7434078Z Updating files:  78% (30704/39364)
2026-09-19T08:25:40.7532661Z Updating files:  79% (31098/39364)
2026-09-19T08:25:40.7660268Z Updating files:  80% (31492/39364)
2026-09-19T08:25:40.7793787Z Updating files:  81% (31885/39364)
2026-09-19T08:25:40.7892281Z Updating files:  82% (32279/39364)
2026-09-19T08:25:40.8052487Z Updating files:  83% (32673/39364)
2026-09-19T08:25:40.8327461Z Updating files:  84% (33066/39364)
2026-09-19T08:25:40.8581385Z Updating files:  85% (33460/39364)
2026-09-19T08:25:40.9944995Z Updating files:  86% (33854/39364)
2026-09-19T08:25:41.0015361Z Updating files:  86% (34217/39364)
2026-09-19T08:25:41.0437575Z Updating files:  87% (34247/39364)
2026-09-19T08:25:41.0862701Z Updating files:  88% (34641/39364)
2026-09-19T08:25:41.2193038Z Updating files:  89% (35034/39364)
2026-09-19T08:25:41.2505134Z Updating files:  90% (35428/39364)
2026-09-19T08:25:41.3168036Z Updating files:  91% (35822/39364)
2026-09-19T08:25:41.3735191Z Updating files:  92% (36215/39364)
2026-09-19T08:25:41.4503556Z Updating files:  93% (36609/39364)
2026-09-19T08:25:41.4757662Z Updating files:  94% (37003/39364)
2026-09-19T08:25:41.4937756Z Updating files:  95% (37396/39364)
2026-09-19T08:25:41.6489949Z Updating files:  96% (37790/39364)
2026-09-19T08:25:41.6671430Z Updating files:  97% (38184/39364)
2026-09-19T08:25:41.6815076Z Updating files:  98% (38577/39364)
2026-09-19T08:25:41.6940765Z Updating files:  99% (38971/39364)
2026-09-19T08:25:41.6941123Z Updating files: 100% (39364/39364)
2026-09-19T08:25:41.6941443Z Updating files: 100% (39364/39364), done.
2026-09-19T08:25:41.7296586Z Switched to a new branch 'codex/lean-mf14-degree44-20260919'
2026-09-19T08:25:41.7299189Z branch 'codex/lean-mf14-degree44-20260919' set up to track 'origin/codex/lean-mf14-degree44-20260919'.
2026-09-19T08:25:41.7351460Z ##[endgroup]
2026-09-19T08:25:41.7388381Z [command]/usr/bin/git log -1 --format=%H
2026-09-19T08:25:41.7406944Z fe4bbee26cc79f06587c803c5c902164c1e02e8e
2026-09-19T08:25:41.7415152Z ##[group]Removing auth
2026-09-19T08:25:41.7417884Z [command]/usr/bin/git config --local --name-only --get-regexp core\.sshCommand
2026-09-19T08:25:41.7446559Z [command]/usr/bin/git submodule foreach --recursive sh -c "git config --local --name-only --get-regexp 'core\.sshCommand' && git config --local --unset-all 'core.sshCommand' || :"
2026-09-19T08:25:41.7636185Z [command]/usr/bin/git config --local --name-only --get-regexp http\.https\:\/\/github\.com\/\.extraheader
2026-09-19T08:25:41.7660185Z http.https://github.com/.extraheader
2026-09-19T08:25:41.7665640Z [command]/usr/bin/git config --local --unset-all http.https://github.com/.extraheader
2026-09-19T08:25:41.7686821Z [command]/usr/bin/git submodule foreach --recursive sh -c "git config --local --name-only --get-regexp 'http\.https\:\/\/github\.com\/\.extraheader' && git config --local --unset-all 'http.https://github.com/.extraheader' || :"
2026-09-19T08:25:41.7859521Z [command]/usr/bin/git config --local --name-only --get-regexp ^includeIf\.gitdir:
2026-09-19T08:25:41.7879433Z [command]/usr/bin/git submodule foreach --recursive git config --local --show-origin --name-only --get-regexp remote.origin.url
2026-09-19T08:25:41.8060481Z ##[endgroup]
2026-09-19T08:25:41.8210954Z ##[group]Run python3 -m pip install -r tools/lean/requirements.txt
2026-09-19T08:25:41.8211535Z [36;1mpython3 -m pip install -r tools/lean/requirements.txt[0m
2026-09-19T08:25:41.8212009Z [36;1mpython3 tools/lean/validate_manifest.py "$LEAN_PROJECT"[0m
2026-09-19T08:25:41.8235433Z shell: /usr/bin/bash -e {0}
2026-09-19T08:25:41.8235701Z env:
2026-09-19T08:25:41.8235996Z   LEAN_PROJECT: matrix-functions-and-stability/MF-14/lean
2026-09-19T08:25:41.8236322Z ##[endgroup]
2026-09-19T08:25:44.0686243Z Defaulting to user installation because normal site-packages is not writeable
2026-09-19T08:25:45.5363319Z Collecting PyYAML==6.0.3 (from -r tools/lean/requirements.txt (line 1))
2026-09-19T08:25:45.6159607Z   Downloading pyyaml-6.0.3-cp312-cp312-manylinux2014_x86_64.manylinux_2_17_x86_64.manylinux_2_28_x86_64.whl.metadata (2.4 kB)
2026-09-19T08:25:45.6522935Z Collecting jsonschema==4.26.0 (from -r tools/lean/requirements.txt (line 2))
2026-09-19T08:25:45.6673755Z   Downloading jsonschema-4.26.0-py3-none-any.whl.metadata (7.6 kB)
2026-09-19T08:25:45.7012116Z Requirement already satisfied: attrs>=22.2.0 in /usr/lib/python3/dist-packages (from jsonschema==4.26.0->-r tools/lean/requirements.txt (line 2)) (23.2.0)
2026-09-19T08:25:45.7259596Z Collecting jsonschema-specifications>=2023.03.6 (from jsonschema==4.26.0->-r tools/lean/requirements.txt (line 2))
2026-09-19T08:25:45.7411604Z   Downloading jsonschema_specifications-2025.9.1-py3-none-any.whl.metadata (2.9 kB)
2026-09-19T08:25:45.7825977Z Collecting referencing>=0.28.4 (from jsonschema==4.26.0->-r tools/lean/requirements.txt (line 2))
2026-09-19T08:25:45.7977667Z   Downloading referencing-0.37.0-py3-none-any.whl.metadata (2.8 kB)
2026-09-19T08:25:46.1628907Z Collecting rpds-py>=0.25.0 (from jsonschema==4.26.0->-r tools/lean/requirements.txt (line 2))
2026-09-19T08:25:46.1785122Z   Downloading rpds_py-2026.6.3-cp312-cp312-manylinux_2_17_x86_64.manylinux2014_x86_64.whl.metadata (4.1 kB)
2026-09-19T08:25:46.2500243Z Requirement already satisfied: typing-extensions>=4.4.0 in /usr/lib/python3/dist-packages (from referencing>=0.28.4->jsonschema==4.26.0->-r tools/lean/requirements.txt (line 2)) (4.10.0)
2026-09-19T08:25:46.2675965Z Downloading pyyaml-6.0.3-cp312-cp312-manylinux2014_x86_64.manylinux_2_17_x86_64.manylinux_2_28_x86_64.whl (807 kB)
2026-09-19T08:25:46.4037613Z    ━━━━━━━━━━━━━━━━━━━━━━━━━━━━━━━━━━━━━━━━ 807.9/807.9 kB 6.0 MB/s eta 0:00:00
2026-09-19T08:25:46.4193079Z Downloading jsonschema-4.26.0-py3-none-any.whl (90 kB)
2026-09-19T08:25:46.4234442Z    ━━━━━━━━━━━━━━━━━━━━━━━━━━━━━━━━━━━━━━━━ 90.6/90.6 kB 30.4 MB/s eta 0:00:00
2026-09-19T08:25:46.4387460Z Downloading jsonschema_specifications-2025.9.1-py3-none-any.whl (18 kB)
2026-09-19T08:25:46.4825801Z Downloading referencing-0.37.0-py3-none-any.whl (26 kB)
2026-09-19T08:25:46.6130205Z Downloading rpds_py-2026.6.3-cp312-cp312-manylinux_2_17_x86_64.manylinux2014_x86_64.whl (366 kB)
2026-09-19T08:25:46.6204329Z    ━━━━━━━━━━━━━━━━━━━━━━━━━━━━━━━━━━━━━━━━ 366.2/366.2 kB 60.9 MB/s eta 0:00:00
2026-09-19T08:25:47.0834552Z Installing collected packages: rpds-py, PyYAML, referencing, jsonschema-specifications, jsonschema
2026-09-19T08:25:47.5784572Z Successfully installed PyYAML-6.0.3 jsonschema-4.26.0 jsonschema-specifications-2025.9.1 referencing-0.37.0 rpds-py-2026.6.3
2026-09-19T08:25:47.7986172Z Manifest schema and comparator coverage: PASS (25 declarations)
2026-09-19T08:25:47.8182650Z ##[group]Run actions/setup-go@924ae3a1cded613372ab5595356fb5720e22ba16
2026-09-19T08:25:47.8183012Z with:
2026-09-19T08:25:47.8183248Z   go-version: 1.27.1
2026-09-19T08:25:47.8183538Z   cache: false
2026-09-19T08:25:47.8183754Z   check-latest: false
2026-09-19T08:25:47.8185749Z   token: ***
2026-09-19T08:25:47.8185970Z ##[endgroup]
2026-09-19T08:25:47.9121222Z Setup go version spec 1.27.1
2026-09-19T08:25:47.9130826Z Attempting to download 1.27.1...
2026-09-19T08:25:48.6817811Z matching 1.27.1...
2026-09-19T08:25:48.6837282Z Acquiring 1.27.1 from https://github.com/actions/go-versions/releases/download/1.27.1-33583469715/go-1.27.1-linux-x64.tar.gz
2026-09-19T08:25:49.1608836Z Extracting Go...
2026-09-19T08:25:49.1682118Z [command]/usr/bin/tar xz --warning=no-unknown-keyword --overwrite -C /home/runner/work/_temp/5a832009-1a96-4b9a-aa69-7425bc53e0b9 -f /home/runner/work/_temp/fe983a22-ffee-47d7-bba8-8a698a8263f1
2026-09-19T08:25:50.4571752Z Successfully extracted go to /home/runner/work/_temp/5a832009-1a96-4b9a-aa69-7425bc53e0b9
2026-09-19T08:25:50.4572365Z Adding to the cache ...
2026-09-19T08:25:57.0703093Z Successfully cached go to /opt/hostedtoolcache/go/1.27.1/x64
2026-09-19T08:25:57.0704195Z Added go to the path
2026-09-19T08:25:57.0705534Z Successfully set up Go version 1.27.1
2026-09-19T08:25:57.0866332Z go version go1.27.1 linux/amd64
2026-09-19T08:25:57.0866522Z 
2026-09-19T08:25:57.0866951Z ##[group]go env
2026-09-19T08:25:57.2358865Z AR='ar'
2026-09-19T08:25:57.2359288Z CC='gcc'
2026-09-19T08:25:57.2359567Z CGO_CFLAGS='-O2 -g'
2026-09-19T08:25:57.2359886Z CGO_CPPFLAGS=''
2026-09-19T08:25:57.2360131Z CGO_CXXFLAGS='-O2 -g'
2026-09-19T08:25:57.2360399Z CGO_ENABLED='1'
2026-09-19T08:25:57.2360652Z CGO_FFLAGS='-O2 -g'
2026-09-19T08:25:57.2360846Z CGO_LDFLAGS='-O2 -g'
2026-09-19T08:25:57.2361087Z CXX='g++'
2026-09-19T08:25:57.2361275Z GCCGO='gccgo'
2026-09-19T08:25:57.2361471Z GO111MODULE=''
2026-09-19T08:25:57.2361670Z GOAMD64='v1'
2026-09-19T08:25:57.2361840Z GOARCH='amd64'
2026-09-19T08:25:57.2362121Z GOAUTH='netrc'
2026-09-19T08:25:57.2362342Z GOBIN='/home/runner/go/bin'
2026-09-19T08:25:57.2362618Z GOCACHE='/home/runner/.cache/go-build'
2026-09-19T08:25:57.2362885Z GOCACHEPROG=''
2026-09-19T08:25:57.2363110Z GODEBUG=''
2026-09-19T08:25:57.2363339Z GOENV='/home/runner/.config/go/env'
2026-09-19T08:25:57.2363589Z GOEXE=''
2026-09-19T08:25:57.2363774Z GOEXPERIMENT=''
2026-09-19T08:25:57.2364137Z GOFIPS140='off'
2026-09-19T08:25:57.2364350Z GOFLAGS=''
2026-09-19T08:25:57.2364896Z GOGCCFLAGS='-fPIC -m64 -pthread -Wl,--no-gc-sections -fmessage-length=0 -ffile-prefix-map=/tmp/go-build3862077587=/tmp/go-build -gno-record-gcc-switches'
2026-09-19T08:25:57.2365374Z GOHOSTARCH='amd64'
2026-09-19T08:25:57.2365556Z GOHOSTOS='linux'
2026-09-19T08:25:57.2365794Z GOINSECURE=''
2026-09-19T08:25:57.2365995Z GOMOD='/dev/null'
2026-09-19T08:25:57.2366256Z GOMODCACHE='/home/runner/go/pkg/mod'
2026-09-19T08:25:57.2366494Z GONOPROXY=''
2026-09-19T08:25:57.2366679Z GONOSUMDB=''
2026-09-19T08:25:57.2366922Z GOOS='linux'
2026-09-19T08:25:57.2367126Z GOPACKAGESDRIVER=''
2026-09-19T08:25:57.2367565Z GOPATH='/home/runner/go'
2026-09-19T08:25:57.2367875Z GOPRIVATE=''
2026-09-19T08:25:57.2368126Z GOPROXY='https://proxy.golang.org,direct'
2026-09-19T08:25:57.2368457Z GOROOT='/opt/hostedtoolcache/go/1.27.1/x64'
2026-09-19T08:25:57.2368713Z GOSUMDB='sum.golang.org'
2026-09-19T08:25:57.2368930Z GOTELEMETRY='local'
2026-09-19T08:25:57.2369177Z GOTELEMETRYDIR='/home/runner/.config/go/telemetry'
2026-09-19T08:25:57.2369447Z GOTMPDIR=''
2026-09-19T08:25:57.2369644Z GOTOOLCHAIN='local'
2026-09-19T08:25:57.2369911Z GOTOOLDIR='/opt/hostedtoolcache/go/1.27.1/x64/pkg/tool/linux_amd64'
2026-09-19T08:25:57.2370178Z GOVCS=''
2026-09-19T08:25:57.2370389Z GOVERSION='go1.27.1'
2026-09-19T08:25:57.2370585Z GOWORK=''
2026-09-19T08:25:57.2370829Z PKG_CONFIG='pkg-config'
2026-09-19T08:25:57.2370948Z 
2026-09-19T08:25:57.2371286Z ##[endgroup]
2026-09-19T08:25:57.2623273Z ##[group]Run leanprover/lean-action@96e06131c0e9943c780388fd166f55d1e2fa0433
2026-09-19T08:25:57.2623706Z with:
2026-09-19T08:25:57.2624339Z   lake-package-directory: matrix-functions-and-stability/MF-14/lean
2026-09-19T08:25:57.2624815Z   auto-config: false
2026-09-19T08:25:57.2625074Z   build: false
2026-09-19T08:25:57.2625293Z   test: false
2026-09-19T08:25:57.2625538Z   lint: false
2026-09-19T08:25:57.2625776Z   use-mathlib-cache: false
2026-09-19T08:25:57.2626036Z   use-github-cache: false
2026-09-19T08:25:57.2626307Z   mk_all-check: false
2026-09-19T08:25:57.2626561Z   check-reservoir-eligibility: false
2026-09-19T08:25:57.2626884Z   leanchecker: false
2026-09-19T08:25:57.2627111Z   lean4checker: false
2026-09-19T08:25:57.2627335Z   nanoda: false
2026-09-19T08:25:57.2627587Z   nanoda-allow-sorry: true
2026-09-19T08:25:57.2627834Z   axiom-audit: false
2026-09-19T08:25:57.2628125Z   axiom-audit-allow: propext,Classical.choice,Quot.sound
2026-09-19T08:25:57.2628538Z   reinstall-transient-toolchain: false
2026-09-19T08:25:57.2628811Z env:
2026-09-19T08:25:57.2629036Z   GOTOOLCHAIN: local
2026-09-19T08:25:57.2629242Z ##[endgroup]
2026-09-19T08:25:57.2686547Z ##[start-action display=install elan;id=__leanprover_lean-action.__run]
2026-09-19T08:25:57.2706391Z ##[group]Run : Install Elan
2026-09-19T08:25:57.2706718Z [36;1m: Install Elan[0m
2026-09-19T08:25:57.2706969Z [36;1m${GITHUB_ACTION_PATH}/scripts/install_elan.sh[0m
2026-09-19T08:25:57.2728602Z shell: /usr/bin/bash --noprofile --norc -e -o pipefail {0}
2026-09-19T08:25:57.2728965Z env:
2026-09-19T08:25:57.2729178Z   GOTOOLCHAIN: local
2026-09-19T08:25:57.2729393Z ##[endgroup]
2026-09-19T08:25:57.2781954Z ##[group]Elan Installation Output
2026-09-19T08:25:57.4207555Z info: downloading installer
2026-09-19T08:25:58.8016609Z info: downloading https://releases.lean-lang.org/lean4/v4.33.1/lean-4.33.1-linux.tar.zst
2026-09-19T08:26:05.0433057Z info: installing /home/runner/.elan/toolchains/leanprover--lean4---v4.33.1
2026-09-19T08:26:15.4840559Z Lean (version 4.33.1, x86_64-unknown-linux-gnu, commit 819816b2e0a3bf405af45ae5c7af2491d8f5bee6, Release)
2026-09-19T08:26:15.5163391Z Lake version 5.0.0-src+819816b (Lean version 4.33.1)
2026-09-19T08:26:15.5180171Z ##[endgroup]
2026-09-19T08:26:15.5180476Z 
2026-09-19T08:26:15.5199191Z ##[end-action id=__leanprover_lean-action.__run;outcome=success;conclusion=success;duration_ms=18251]
2026-09-19T08:26:15.5204170Z ##[start-action display=configure `lean-action`;id=__leanprover_lean-action.config]
2026-09-19T08:26:15.5217834Z ##[group]Run : Configure Lean Action
2026-09-19T08:26:15.5218132Z [36;1m: Configure Lean Action[0m
2026-09-19T08:26:15.5218420Z [36;1m${GITHUB_ACTION_PATH}/scripts/config.sh[0m
2026-09-19T08:26:15.5239601Z shell: /usr/bin/bash --noprofile --norc -e -o pipefail {0}
2026-09-19T08:26:15.5239906Z env:
2026-09-19T08:26:15.5240148Z   GOTOOLCHAIN: local
2026-09-19T08:26:15.5240377Z   AUTO_CONFIG: false
2026-09-19T08:26:15.5240619Z   BUILD: false
2026-09-19T08:26:15.5240855Z   TEST: false
2026-09-19T08:26:15.5241051Z   LINT: false
2026-09-19T08:26:15.5241234Z ##[endgroup]
2026-09-19T08:26:15.5385121Z ##[group]Configure lean-action
2026-09-19T08:26:15.5424539Z ##[end-action id=__leanprover_lean-action.config;outcome=success;conclusion=success;duration_ms=21]
2026-09-19T08:26:15.5428965Z ##[start-action display=reinstall transient toolchain;id=__leanprover_lean-action.__run_2]
2026-09-19T08:26:15.5434594Z ##[end-action id=__leanprover_lean-action.__run_2;outcome=skipped;conclusion=skipped;duration_ms=0]
2026-09-19T08:26:15.5437299Z ##[start-action display=ensure all files are imported;id=__leanprover_lean-action.mk_all]
2026-09-19T08:26:15.5441175Z ##[end-action id=__leanprover_lean-action.mk_all;outcome=skipped;conclusion=skipped;duration_ms=0]
2026-09-19T08:26:15.5442827Z ##[start-action display=Run actions/cache/restore@v5;id=__leanprover_lean-action.__actions_cache]
2026-09-19T08:26:15.5446738Z ##[end-action id=__leanprover_lean-action.__actions_cache;outcome=skipped;conclusion=skipped;duration_ms=0]
2026-09-19T08:26:15.5448361Z ##[start-action display=detect mathlib;id=__leanprover_lean-action.detect-mathlib]
2026-09-19T08:26:15.5451397Z ##[end-action id=__leanprover_lean-action.detect-mathlib;outcome=skipped;conclusion=skipped;duration_ms=0]
2026-09-19T08:26:15.5452869Z ##[start-action display=get mathlib cache;id=__leanprover_lean-action.__run_3]
2026-09-19T08:26:15.5467131Z ##[end-action id=__leanprover_lean-action.__run_3;outcome=skipped;conclusion=skipped;duration_ms=0]
2026-09-19T08:26:15.5487234Z ##[start-action display=build sgstepaniants/OpenProblemsInNLA;id=__leanprover_lean-action.build]
2026-09-19T08:26:15.5491676Z ##[end-action id=__leanprover_lean-action.build;outcome=skipped;conclusion=skipped;duration_ms=0]
2026-09-19T08:26:15.5493332Z ##[start-action display=Run actions/cache/save@v5;id=__leanprover_lean-action.__actions_cache_2]
2026-09-19T08:26:15.5496861Z ##[end-action id=__leanprover_lean-action.__actions_cache_2;outcome=skipped;conclusion=skipped;duration_ms=0]
2026-09-19T08:26:15.5499816Z ##[start-action display=test sgstepaniants/OpenProblemsInNLA;id=__leanprover_lean-action.test]
2026-09-19T08:26:15.5503740Z ##[end-action id=__leanprover_lean-action.test;outcome=skipped;conclusion=skipped;duration_ms=0]
2026-09-19T08:26:15.5506253Z ##[start-action display=lint sgstepaniants/OpenProblemsInNLA;id=__leanprover_lean-action.lint]
2026-09-19T08:26:15.5510122Z ##[end-action id=__leanprover_lean-action.lint;outcome=skipped;conclusion=skipped;duration_ms=0]
2026-09-19T08:26:15.5511591Z ##[start-action display=check reservoir eligibility;id=__leanprover_lean-action.__run_4]
2026-09-19T08:26:15.5515069Z ##[end-action id=__leanprover_lean-action.__run_4;outcome=skipped;conclusion=skipped;duration_ms=0]
2026-09-19T08:26:15.5517263Z ##[start-action display=check environment with leanchecker;id=__leanprover_lean-action.__run_5]
2026-09-19T08:26:15.5521562Z ##[end-action id=__leanprover_lean-action.__run_5;outcome=skipped;conclusion=skipped;duration_ms=0]
2026-09-19T08:26:15.5523295Z ##[start-action display=check environment with nanoda;id=__leanprover_lean-action.nanoda]
2026-09-19T08:26:15.5526704Z ##[end-action id=__leanprover_lean-action.nanoda;outcome=skipped;conclusion=skipped;duration_ms=0]
2026-09-19T08:26:15.5528629Z ##[start-action display=audit axioms with axiom-audit;id=__leanprover_lean-action.axiom-audit]
2026-09-19T08:26:15.5531473Z ##[end-action id=__leanprover_lean-action.axiom-audit;outcome=skipped;conclusion=skipped;duration_ms=0]
2026-09-19T08:26:15.5574337Z ##[group]Run sudo apt-get update
2026-09-19T08:26:15.5574621Z [36;1msudo apt-get update[0m
2026-09-19T08:26:15.5574971Z [36;1msudo apt-get install -y bubblewrap dbus-user-session[0m
2026-09-19T08:26:15.5575329Z [36;1msudo sysctl -w kernel.apparmor_restrict_unprivileged_userns=0[0m
2026-09-19T08:26:15.5575687Z [36;1msudo loginctl enable-linger "$(id -un)"[0m
2026-09-19T08:26:15.5575984Z [36;1msudo systemctl start "user@$(id -u).service"[0m
2026-09-19T08:26:15.5576280Z [36;1mecho "XDG_RUNTIME_DIR=/run/user/$(id -u)" >> "$GITHUB_ENV"[0m
2026-09-19T08:26:15.5576689Z [36;1mecho "DBUS_SESSION_BUS_ADDRESS=unix:path=/run/user/$(id -u)/bus" >> "$GITHUB_ENV"[0m
2026-09-19T08:26:15.5592239Z shell: /usr/bin/bash -e {0}
2026-09-19T08:26:15.5592484Z env:
2026-09-19T08:26:15.5592753Z   GOTOOLCHAIN: local
2026-09-19T08:26:15.5592971Z ##[endgroup]
2026-09-19T08:26:15.7892983Z Get:1 file:/etc/apt/apt-mirrors.txt Mirrorlist [144 B]
2026-09-19T08:26:15.8525247Z Hit:2 http://azure.archive.ubuntu.com/ubuntu noble InRelease
2026-09-19T08:26:15.8526013Z Get:6 https://packages.microsoft.com/ubuntu/24.04/prod noble InRelease [3600 B]
2026-09-19T08:26:15.8533476Z Get:3 http://azure.archive.ubuntu.com/ubuntu noble-updates InRelease [126 kB]
2026-09-19T08:26:15.8572408Z Get:4 http://azure.archive.ubuntu.com/ubuntu noble-backports InRelease [126 kB]
2026-09-19T08:26:16.0782782Z Get:5 http://azure.archive.ubuntu.com/ubuntu noble-security InRelease [126 kB]
2026-09-19T08:26:16.0791622Z Get:7 https://dl.google.com/linux/chrome-stable/deb stable InRelease [2548 B]
2026-09-19T08:26:16.2406995Z Get:8 http://azure.archive.ubuntu.com/ubuntu noble-updates/main amd64 Packages [1275 kB]
2026-09-19T08:26:16.2636165Z Get:9 http://azure.archive.ubuntu.com/ubuntu noble-updates/main Translation-en [294 kB]
2026-09-19T08:26:16.2752171Z Get:10 http://azure.archive.ubuntu.com/ubuntu noble-updates/main amd64 Components [180 kB]
2026-09-19T08:26:16.2759414Z Get:19 https://packages.microsoft.com/ubuntu/24.04/prod noble/main arm64 Packages [429 kB]
2026-09-19T08:26:16.3067749Z Get:11 http://azure.archive.ubuntu.com/ubuntu noble-updates/universe amd64 Packages [1689 kB]
2026-09-19T08:26:16.3352659Z Get:12 http://azure.archive.ubuntu.com/ubuntu noble-updates/universe Translation-en [338 kB]
2026-09-19T08:26:16.3398312Z Get:34 https://packages.microsoft.com/ubuntu/24.04/prod noble/main amd64 Packages [478 kB]
2026-09-19T08:26:16.3639147Z Get:13 http://azure.archive.ubuntu.com/ubuntu noble-updates/universe amd64 Components [388 kB]
2026-09-19T08:26:16.4043119Z Get:35 https://dl.google.com/linux/chrome-stable/deb stable/main amd64 Packages [1408 B]
2026-09-19T08:26:16.4279351Z Get:14 http://azure.archive.ubuntu.com/ubuntu noble-updates/restricted amd64 Packages [1580 kB]
2026-09-19T08:26:16.4462403Z Get:15 http://azure.archive.ubuntu.com/ubuntu noble-updates/restricted Translation-en [359 kB]
2026-09-19T08:26:16.5294885Z Get:16 http://azure.archive.ubuntu.com/ubuntu noble-updates/multiverse amd64 Packages [45.7 kB]
2026-09-19T08:26:16.5376961Z Get:17 http://azure.archive.ubuntu.com/ubuntu noble-updates/multiverse Translation-en [13.1 kB]
2026-09-19T08:26:16.5928571Z Get:18 http://azure.archive.ubuntu.com/ubuntu noble-updates/multiverse amd64 Components [940 B]
2026-09-19T08:26:16.6475497Z Get:20 http://azure.archive.ubuntu.com/ubuntu noble-backports/main amd64 Packages [65.9 kB]
2026-09-19T08:26:16.6556785Z Get:21 http://azure.archive.ubuntu.com/ubuntu noble-backports/main amd64 Components [5764 B]
2026-09-19T08:26:16.6743026Z Get:22 http://azure.archive.ubuntu.com/ubuntu noble-backports/universe amd64 Packages [34.6 kB]
2026-09-19T08:26:16.7685250Z Get:23 http://azure.archive.ubuntu.com/ubuntu noble-backports/universe Translation-en [18.7 kB]
2026-09-19T08:26:16.7782261Z Get:24 http://azure.archive.ubuntu.com/ubuntu noble-backports/universe amd64 Components [12.6 kB]
2026-09-19T08:26:16.7791041Z Get:25 http://azure.archive.ubuntu.com/ubuntu noble-security/main amd64 Packages [1009 kB]
2026-09-19T08:26:16.8166135Z Get:26 http://azure.archive.ubuntu.com/ubuntu noble-security/main Translation-en [214 kB]
2026-09-19T08:26:16.8824440Z Get:27 http://azure.archive.ubuntu.com/ubuntu noble-security/main amd64 Components [46.3 kB]
2026-09-19T08:26:16.8833886Z Get:28 http://azure.archive.ubuntu.com/ubuntu noble-security/universe amd64 Packages [1208 kB]
2026-09-19T08:26:16.9726365Z Get:29 http://azure.archive.ubuntu.com/ubuntu noble-security/universe Translation-en [243 kB]
2026-09-19T08:26:17.0087600Z Get:30 http://azure.archive.ubuntu.com/ubuntu noble-security/universe amd64 Components [76.2 kB]
2026-09-19T08:26:17.0598176Z Get:31 http://azure.archive.ubuntu.com/ubuntu noble-security/restricted amd64 Packages [1449 kB]
2026-09-19T08:26:17.1182709Z Get:32 http://azure.archive.ubuntu.com/ubuntu noble-security/restricted Translation-en [336 kB]
2026-09-19T08:26:17.2129685Z Get:33 http://azure.archive.ubuntu.com/ubuntu noble-security/multiverse Translation-en [11.3 kB]
2026-09-19T08:26:23.4829791Z Fetched 12.2 MB in 1s (8216 kB/s)
2026-09-19T08:26:24.1058134Z Reading package lists...
2026-09-19T08:26:24.1312459Z Reading package lists...
2026-09-19T08:26:24.2556545Z Building dependency tree...
2026-09-19T08:26:24.2563826Z Reading state information...
2026-09-19T08:26:24.4851392Z dbus-user-session is already the newest version (1.14.10-4ubuntu4.1).
2026-09-19T08:26:24.4851832Z dbus-user-session set to manually installed.
2026-09-19T08:26:24.4852190Z The following NEW packages will be installed:
2026-09-19T08:26:24.4859204Z   bubblewrap
2026-09-19T08:26:24.4997607Z 0 upgraded, 1 newly installed, 0 to remove and 73 not upgraded.
2026-09-19T08:26:24.4998341Z Need to get 50.4 kB of archives.
2026-09-19T08:26:24.4998774Z After this operation, 133 kB of additional disk space will be used.
2026-09-19T08:26:24.4999308Z Get:1 file:/etc/apt/apt-mirrors.txt Mirrorlist [144 B]
2026-09-19T08:26:24.5610208Z Get:2 http://azure.archive.ubuntu.com/ubuntu noble-updates/main amd64 bubblewrap amd64 0.9.0-1ubuntu0.3 [50.4 kB]
2026-09-19T08:26:24.7824474Z Fetched 50.4 kB in 0s (703 kB/s)
2026-09-19T08:26:24.8486249Z Selecting previously unselected package bubblewrap.
2026-09-19T08:26:24.8678702Z (Reading database ... 
2026-09-19T08:26:24.8679021Z (Reading database ... 5%
2026-09-19T08:26:24.8679297Z (Reading database ... 10%
2026-09-19T08:26:24.8679759Z (Reading database ... 15%
2026-09-19T08:26:24.8680065Z (Reading database ... 20%
2026-09-19T08:26:24.8680401Z (Reading database ... 25%
2026-09-19T08:26:24.8680700Z (Reading database ... 30%
2026-09-19T08:26:24.8680983Z (Reading database ... 35%
2026-09-19T08:26:24.8681350Z (Reading database ... 40%
2026-09-19T08:26:24.8681652Z (Reading database ... 45%
2026-09-19T08:26:24.8682645Z (Reading database ... 50%
2026-09-19T08:26:24.8729374Z (Reading database ... 55%
2026-09-19T08:26:25.0900039Z (Reading database ... 60%
2026-09-19T08:26:25.3326412Z (Reading database ... 65%
2026-09-19T08:26:25.4949086Z (Reading database ... 70%
2026-09-19T08:26:25.9832434Z (Reading database ... 75%
2026-09-19T08:26:26.2062165Z (Reading database ... 80%
2026-09-19T08:26:26.5514438Z (Reading database ... 85%
2026-09-19T08:26:26.6394365Z (Reading database ... 90%
2026-09-19T08:26:26.7990367Z (Reading database ... 95%
2026-09-19T08:26:26.7990760Z (Reading database ... 100%
2026-09-19T08:26:26.7991250Z (Reading database ... 201818 files and directories currently installed.)
2026-09-19T08:26:26.8029871Z Preparing to unpack .../bubblewrap_0.9.0-1ubuntu0.3_amd64.deb ...
2026-09-19T08:26:26.8063086Z Unpacking bubblewrap (0.9.0-1ubuntu0.3) ...
2026-09-19T08:26:26.8489201Z Setting up bubblewrap (0.9.0-1ubuntu0.3) ...
2026-09-19T08:26:26.8547337Z Processing triggers for man-db (2.12.0-4build2) ...
2026-09-19T08:26:26.8572520Z Not building database; man-db/auto-update is not 'true'.
2026-09-19T08:26:27.4079054Z 
2026-09-19T08:26:27.4079911Z Running kernel seems to be up-to-date.
2026-09-19T08:26:27.4080390Z 
2026-09-19T08:26:27.4080567Z No services need to be restarted.
2026-09-19T08:26:27.4080772Z 
2026-09-19T08:26:27.4080880Z No containers need to be restarted.
2026-09-19T08:26:27.4081733Z 
2026-09-19T08:26:27.4081952Z No user sessions are running outdated binaries.
2026-09-19T08:26:27.4082120Z 
2026-09-19T08:26:27.4082302Z No VM guests are running outdated hypervisor (qemu) binaries on this host.
2026-09-19T08:26:28.1244116Z kernel.apparmor_restrict_unprivileged_userns = 0
2026-09-19T08:26:28.1474180Z ##[group]Run ulimit -n 65536
2026-09-19T08:26:28.1474651Z [36;1mulimit -n 65536[0m
2026-09-19T08:26:28.1475057Z [36;1mtools/lean/bootstrap.sh "$RUNNER_TEMP/nla-lean-tools"[0m
2026-09-19T08:26:28.1475575Z [36;1mtools/lean/verify.sh "$LEAN_PROJECT" "$RUNNER_TEMP/nla-lean-tools"[0m
2026-09-19T08:26:28.1502801Z shell: /usr/bin/bash -e {0}
2026-09-19T08:26:28.1503246Z env:
2026-09-19T08:26:28.1503661Z   GOTOOLCHAIN: local
2026-09-19T08:26:28.1504234Z   XDG_RUNTIME_DIR: /run/user/1001
2026-09-19T08:26:28.1504636Z   DBUS_SESSION_BUS_ADDRESS: unix:path=/run/user/1001/bus
2026-09-19T08:26:28.1505102Z   LEAN_PROJECT: matrix-functions-and-stability/MF-14/lean
2026-09-19T08:26:28.1505564Z ##[endgroup]
2026-09-19T08:26:29.1277737Z Running elan toolchain install leanprover/lean4:v4.33.1
2026-09-19T08:26:29.1278262Z Log: /home/runner/work/_temp/nla-lean-tools/logs/bootstrap/elan.log
2026-09-19T08:26:29.1293621Z info: toolchain 'leanprover/lean4:v4.33.1' is already installed
2026-09-19T08:26:29.1912797Z Running go build -mod=readonly -buildvcs=false -o /home/runner/work/_temp/nla-lean-tools/.tools/bin/landrun ./cmd/landrun
2026-09-19T08:26:29.1913570Z Log: /home/runner/work/_temp/nla-lean-tools/logs/bootstrap/landrun-build.log
2026-09-19T08:26:29.1950314Z go: downloading github.com/urfave/cli/v3 v3.6.2
2026-09-19T08:26:29.2010515Z go: downloading github.com/landlock-lsm/go-landlock v0.9.0
2026-09-19T08:26:29.5089708Z go: downloading golang.org/x/sys v0.40.0
2026-09-19T08:26:29.5094068Z go: downloading kernel.org/pub/linux/libs/security/libcap/psx v1.2.77
2026-09-19T08:26:36.1435444Z Running lake build lean4export comparator
2026-09-19T08:26:36.1436136Z Log: /home/runner/work/_temp/nla-lean-tools/logs/bootstrap/comparator-build.log
2026-09-19T08:26:36.4769448Z ✔ [3/20] Built Comparator.Util (285ms)
2026-09-19T08:26:36.5770226Z ✔ [4/20] Built Comparator.Util:c.o (105ms)
2026-09-19T08:26:37.4805925Z ✔ [5/20] Built Export.Parse (1.3s)
2026-09-19T08:26:37.9816111Z ✔ [6/20] Built Comparator.Axioms (468ms)
2026-09-19T08:26:38.2854830Z ✔ [7/20] Built Export (2.1s)
2026-09-19T08:26:38.2885623Z ✔ [8/20] Built Comparator.Axioms:c.o (318ms)
2026-09-19T08:26:38.5876392Z ✔ [9/20] Built Comparator.Compare (649ms)
2026-09-19T08:26:38.9853584Z ✔ [10/20] Built Comparator.Compare:c.o (383ms)
2026-09-19T08:26:39.2870410Z ✔ [11/20] Built Comparator (299ms)
2026-09-19T08:26:39.3861072Z ✔ [12/20] Built Main (1.1s)
2026-09-19T08:26:39.3885422Z ✔ [13/20] Built Comparator:c.o (53ms)
2026-09-19T08:26:39.5879448Z ✔ [14/20] Built Main:c.o (192ms)
2026-09-19T08:26:40.6910915Z ✔ [15/20] Built Export.Parse:c.o (3.2s)
2026-09-19T08:26:40.7912902Z ✔ [16/20] Built Export:c.o (2.5s)
2026-09-19T08:26:40.7913460Z ✔ [17/20] Built Main (1.4s)
2026-09-19T08:26:41.4940147Z ✔ [18/20] Built Main:c.o (741ms)
2026-09-19T08:26:41.5996040Z ✔ [19/20] Built lean4export:exe (857ms)
2026-09-19T08:26:42.0973299Z ✔ [20/20] Built comparator:exe (579ms)
2026-09-19T08:26:42.0977385Z Build completed successfully (20 jobs).
2026-09-19T08:26:42.3841548Z Tools built; isolation and checker controls run during verify. Receipt: /home/runner/work/_temp/nla-lean-tools/bootstrap.json
2026-09-19T08:26:42.7603899Z Running /usr/bin/timeout --kill-after=5s 45s systemd-run -p RuntimeMaxSec=40 --user --quiet --wait --pipe --collect -p 'RestrictAddressFamilies=~AF_UNIX' --working-directory /home/runner/work/_temp/nla-lean-tools /usr/bin/env -i PATH=/home/runner/.elan/toolchains/leanprover--lean4---v4.33.1/bin:/home/runner/.elan/bin:/home/runner/go/bin:/opt/hostedtoolcache/go/1.27.1/x64/bin:/snap/bin:/home/runner/.local/bin:/opt/pipx_bin:/home/runner/.cargo/bin:/home/runner/.config/composer/vendor/bin:/usr/local/.ghcup/bin:/home/runner/.dotnet/tools:/usr/local/sbin:/usr/local/bin:/usr/sbin:/usr/bin:/sbin:/bin:/usr/games:/usr/local/games:/snap/bin HOME=/home/runner LANG=C.UTF-8 XDG_RUNTIME_DIR=/run/user/1001 DBUS_SESSION_BUS_ADDRESS=unix:path=/run/user/1001/bus GIT_TERMINAL_PROMPT=0 GIT_CONFIG_NOSYSTEM=1 GIT_CONFIG_GLOBAL=/dev/null COMPARATOR_BIN=/home/runner/work/_temp/nla-lean-tools/.tools/comparator/.lake/build/bin/comparator COMPARATOR_LEAN4EXPORT=/home/runner/work/_temp/nla-lean-tools/.tools/lean4export/.lake/build/bin/lean4export COMPARATOR_LANDRUN=/home/runner/work/_temp/nla-lean-tools/scripts/strict_landrun.py XDG_CACHE_HOME=/home/runner/work/_temp/nla-lean-tools/.tools/cache TMPDIR=/home/runner/work/_temp/nla-lean-tools/.verification-tmp /usr/bin/true
2026-09-19T08:26:42.7607369Z Log: /home/runner/work/_temp/nla-lean-tools/logs/verify-20260919T082642Z-3942/user-service.log
2026-09-19T08:26:42.8494294Z Running python3 /home/runner/work/_temp/nla-lean-tools/reproduction/checks/sandbox_probe_ci.py
2026-09-19T08:26:42.8494986Z Log: /home/runner/work/_temp/nla-lean-tools/logs/verify-20260919T082642Z-3942/sandbox.log
2026-09-19T08:26:42.8733742Z START sandbox mode: build
2026-09-19T08:26:42.9369394Z START sandbox mode: export
2026-09-19T08:26:42.9941743Z START sandbox negative case: unknown option
2026-09-19T08:26:43.0202957Z START sandbox negative case: unexpected --rw
2026-09-19T08:26:43.0463080Z START sandbox negative case: unexpected --rwx
2026-09-19T08:26:43.0717851Z START sandbox negative case: relative --rwx
2026-09-19T08:26:43.1057228Z MODE build: exit=0
2026-09-19T08:26:43.1057602Z Running as unit: run-u2.service; invocation ID: 9365fec24ad64263894ef2ca8e08a3fe
2026-09-19T08:26:43.1058104Z PASS outside .lake write-open: denied errno=30
2026-09-19T08:26:43.1058386Z PASS outside .lake truncate: denied errno=30
2026-09-19T08:26:43.1058723Z PASS outside .lake read-only truncate-open: denied errno=30
2026-09-19T08:26:43.1059280Z PASS symlink from .lake to outside write: denied errno=30
2026-09-19T08:26:43.1059775Z PASS outside .lake creation: denied errno=30
2026-09-19T08:26:43.1060700Z PASS build .lake write: allowed
2026-09-19T08:26:43.1061164Z PASS user namespace: private
2026-09-19T08:26:43.1061450Z PASS pid namespace: private
2026-09-19T08:26:43.1061732Z PASS mnt namespace: private
2026-09-19T08:26:43.1062064Z PASS net namespace: private
2026-09-19T08:26:43.1062401Z PASS ipc namespace: private
2026-09-19T08:26:43.1062688Z PASS uts namespace: private
2026-09-19T08:26:43.1062974Z PASS host parent: absent from private /proc
2026-09-19T08:26:43.1063388Z PASS host parent signal lookup: denied errno=3
2026-09-19T08:26:43.1063773Z PASS host loopback listener: unreachable errno=13
2026-09-19T08:26:43.1064581Z PASS AF_UNIX socket creation: denied errno=97
2026-09-19T08:26:43.1064935Z PASS effective capabilities: none
2026-09-19T08:26:43.1065236Z PASS no_new_privs: set
2026-09-19T08:26:43.1065494Z Sandbox UID: 1001
2026-09-19T08:26:43.1065773Z PASS nested namespace write attempt: rejected exit=1
2026-09-19T08:26:43.1066150Z bwrap: setting up uid map: Permission denied
2026-09-19T08:26:43.1066469Z Finished with result: success
2026-09-19T08:26:43.1066770Z Main processes terminated with: code=exited/status=0
2026-09-19T08:26:43.1067164Z Service runtime: 51ms
2026-09-19T08:26:43.1067418Z CPU time consumed: 51ms
2026-09-19T08:26:43.1067708Z Memory peak: 256.0K
2026-09-19T08:26:43.1067985Z Memory swap peak: 0B
2026-09-19T08:26:43.1068147Z 
2026-09-19T08:26:43.1068241Z MODE export: exit=0
2026-09-19T08:26:43.1068611Z Running as unit: run-u3.service; invocation ID: 6890992f76c840b4bc6c74ec70110d6e
2026-09-19T08:26:43.1069092Z PASS outside .lake write-open: denied errno=30
2026-09-19T08:26:43.1069460Z PASS outside .lake truncate: denied errno=30
2026-09-19T08:26:43.1069855Z PASS outside .lake read-only truncate-open: denied errno=30
2026-09-19T08:26:43.1070288Z PASS symlink from .lake to outside write: denied errno=30
2026-09-19T08:26:43.1070667Z PASS outside .lake creation: denied errno=30
2026-09-19T08:26:43.1071065Z PASS export .lake write-open: denied errno=30
2026-09-19T08:26:43.1071435Z PASS export .lake truncate: denied errno=30
2026-09-19T08:26:43.1071790Z PASS user namespace: private
2026-09-19T08:26:43.1072159Z PASS pid namespace: private
2026-09-19T08:26:43.1072574Z PASS mnt namespace: private
2026-09-19T08:26:43.1072991Z PASS net namespace: private
2026-09-19T08:26:43.1073614Z PASS ipc namespace: private
2026-09-19T08:26:43.1074906Z PASS uts namespace: private
2026-09-19T08:26:43.1075265Z PASS host parent: absent from private /proc
2026-09-19T08:26:43.1075640Z PASS host parent signal lookup: denied errno=3
2026-09-19T08:26:43.1076194Z PASS host loopback listener: unreachable errno=13
2026-09-19T08:26:43.1076610Z PASS AF_UNIX socket creation: denied errno=97
2026-09-19T08:26:43.1077014Z PASS effective capabilities: none
2026-09-19T08:26:43.1077542Z PASS no_new_privs: set
2026-09-19T08:26:43.1077799Z Sandbox UID: 1001
2026-09-19T08:26:43.1078153Z PASS nested namespace write attempt: rejected exit=1
2026-09-19T08:26:43.1078531Z bwrap: setting up uid map: Permission denied
2026-09-19T08:26:43.1078866Z Finished with result: success
2026-09-19T08:26:43.1079233Z Main processes terminated with: code=exited/status=0
2026-09-19T08:26:43.1079838Z Service runtime: 49ms
2026-09-19T08:26:43.1080190Z CPU time consumed: 50ms
2026-09-19T08:26:43.1080494Z Memory peak: 256.0K
2026-09-19T08:26:43.1080790Z Memory swap peak: 0B
2026-09-19T08:26:43.1080968Z 
2026-09-19T08:26:43.1081128Z NEGATIVE unknown option: exit=2
2026-09-19T08:26:43.1081562Z Running as unit: run-u4.service; invocation ID: 5057543b40b54a19b019cae540ab8ee1
2026-09-19T08:26:43.1082371Z strict Comparator sandbox: unsupported Comparator Landrun option: --unrestricted-filesystem
2026-09-19T08:26:43.1083111Z Finished with result: exit-code
2026-09-19T08:26:43.1083495Z Main processes terminated with: code=exited/status=2
2026-09-19T08:26:43.1084177Z Service runtime: 18ms
2026-09-19T08:26:43.1084475Z CPU time consumed: 18ms
2026-09-19T08:26:43.1084785Z Memory peak: 256.0K
2026-09-19T08:26:43.1085055Z Memory swap peak: 0B
2026-09-19T08:26:43.1085228Z 
2026-09-19T08:26:43.1085357Z NEGATIVE unexpected --rw: exit=2
2026-09-19T08:26:43.1085801Z Running as unit: run-u5.service; invocation ID: bb9f843c6d8047959ffd6474a0ae328a
2026-09-19T08:26:43.1086438Z strict Comparator sandbox: only private /dev may be passed with --rw
2026-09-19T08:26:43.1086863Z Finished with result: exit-code
2026-09-19T08:26:43.1087255Z Main processes terminated with: code=exited/status=2
2026-09-19T08:26:43.1087590Z Service runtime: 18ms
2026-09-19T08:26:43.1087868Z CPU time consumed: 18ms
2026-09-19T08:26:43.1088128Z Memory peak: 256.0K
2026-09-19T08:26:43.1088392Z Memory swap peak: 0B
2026-09-19T08:26:43.1088567Z 
2026-09-19T08:26:43.1088686Z NEGATIVE unexpected --rwx: exit=2
2026-09-19T08:26:43.1089114Z Running as unit: run-u6.service; invocation ID: ae783fbe1424491c9b655fadcd54d186
2026-09-19T08:26:43.1089677Z strict Comparator sandbox: only this project's existing .lake may be writable
2026-09-19T08:26:43.1090157Z Finished with result: exit-code
2026-09-19T08:26:43.1090501Z Main processes terminated with: code=exited/status=2
2026-09-19T08:26:43.1090867Z Service runtime: 18ms
2026-09-19T08:26:43.1091143Z CPU time consumed: 18ms
2026-09-19T08:26:43.1091413Z Memory peak: 256.0K
2026-09-19T08:26:43.1091662Z Memory swap peak: 0B
2026-09-19T08:26:43.1091842Z 
2026-09-19T08:26:43.1091964Z NEGATIVE relative --rwx: exit=2
2026-09-19T08:26:43.1092953Z Running as unit: run-u7.service; invocation ID: c508ca94c5c74f8aa2abd692d7fcee53
2026-09-19T08:26:43.1093519Z strict Comparator sandbox: only this project's existing .lake may be writable
2026-09-19T08:26:43.1094104Z Finished with result: exit-code
2026-09-19T08:26:43.1094451Z Main processes terminated with: code=exited/status=2
2026-09-19T08:26:43.1094873Z Service runtime: 17ms
2026-09-19T08:26:43.1095200Z CPU time consumed: 17ms
2026-09-19T08:26:43.1095501Z Memory peak: 256.0K
2026-09-19T08:26:43.1095752Z Memory swap peak: 0B
2026-09-19T08:26:43.1095938Z 
2026-09-19T08:26:43.1096190Z Outer and export fixture contents unchanged; only designated build fixture written.
2026-09-19T08:26:43.1118229Z Running bash /home/runner/work/_temp/nla-lean-tools/reproduction/checks/run_replay.sh
2026-09-19T08:26:43.1118954Z Log: /home/runner/work/_temp/nla-lean-tools/logs/verify-20260919T082642Z-3942/kernel-controls.log
2026-09-19T08:26:43.1992803Z Replay probe: RestrictAddressFamilies=~AF_UNIX (deny AF_UNIX sockets).
2026-09-19T08:26:43.2403126Z Lean (version 4.33.1, x86_64-unknown-linux-gnu, Release)
2026-09-19T08:26:43.2686856Z /home/runner/.elan/toolchains/leanprover--lean4---v4.33.1/lib/lean/Init.olean
2026-09-19T08:26:43.2687539Z /home/runner/.elan/toolchains/leanprover--lean4---v4.33.1/lib/lean/Init.olean
2026-09-19T08:26:43.2688157Z /home/runner/work/_temp/nla-lean-tools/.tools/comparator/.lake/build/lib/lean/Main.olean
2026-09-19T08:26:44.2195437Z Trusted base fixture: 11 constants
2026-09-19T08:26:44.2196198Z BEGIN honest_with_inductives_and_quotients
2026-09-19T08:26:44.2196616Z Running Lean default kernel on solution.
2026-09-19T08:26:44.2197025Z Lean default kernel accepts the solution
2026-09-19T08:26:44.2197372Z RETURN honest_with_inductives_and_quotients: accepted
2026-09-19T08:26:44.2197705Z BEGIN invalid_raw_proof
2026-09-19T08:26:44.2197990Z Running Lean default kernel on solution.
2026-09-19T08:26:44.2198291Z Lean default kernel rejects the solution
2026-09-19T08:26:44.2198820Z RETURN invalid_raw_proof: rejected: while replaying declaration 'PinnedReplayProbe.invalid':
2026-09-19T08:26:44.2199354Z (kernel) declaration type mismatch, 'PinnedReplayProbe.invalid' has type
2026-09-19T08:26:44.2199766Z   True
2026-09-19T08:26:44.2200023Z but it is expected to have type
2026-09-19T08:26:44.2200291Z   False
2026-09-19T08:26:44.2200543Z BEGIN quotient_postcheck_mismatch
2026-09-19T08:26:44.2200873Z Running Lean default kernel on solution.
2026-09-19T08:26:44.2201163Z Lean default kernel accepts the solution
2026-09-19T08:26:44.2201469Z Quotient post-check rejects the solution
2026-09-19T08:26:44.2201913Z RETURN quotient_postcheck_mismatch: rejected: Quotient constant mismatch on: Quot.lift
2026-09-19T08:26:44.2202417Z PASS: all three actual Comparator.runBuiltinKernel cases behaved as required
2026-09-19T08:26:44.2747936Z Running python3 /home/runner/work/_temp/nla-lean-tools/reproduction/checks/comparator_regressions.py
2026-09-19T08:26:44.2748822Z Log: /home/runner/work/_temp/nla-lean-tools/logs/verify-20260919T082642Z-3942/comparator-controls.log
2026-09-19T08:26:44.2986287Z Comparator regressions: RestrictAddressFamilies=~AF_UNIX; .tools/env.sh selects the real strict sandbox.
2026-09-19T08:26:44.2990818Z 
2026-09-19T08:26:44.2991068Z CASE simple_match
2026-09-19T08:26:45.9425066Z info: ComparatorRegression: no previous manifest, creating one from scratch
2026-09-19T08:26:45.9425847Z info: toolchain not updated; already up-to-date
2026-09-19T08:26:45.9426246Z Building Challenge
2026-09-19T08:26:45.9426869Z ⚠ [2/3] Built Challenge (165ms)
2026-09-19T08:26:45.9427308Z warning: Challenge.lean:1:8: declaration uses `sorry`
2026-09-19T08:26:45.9427733Z Build completed successfully (3 jobs).
2026-09-19T08:26:45.9429155Z Exporting #[Quot, Quot.mk, Quot.lift, Quot.ind, comm, propext, Quot.sound, Classical.choice, Nat.add, Nat.sub, Nat.mul, Nat.pow, Nat.gcd, Nat.div, Nat.mod, Nat.beq, Nat.ble, Nat.land, Nat.lor, Nat.xor, Nat.shiftLeft, Nat.shiftRight, String.ofList, Char.ofNat, List, eagerReduce, Nat, String, String.mk, Char, optParam, autoParam, semiOutParam, outParam] from Challenge
2026-09-19T08:26:45.9430450Z Building Solution
2026-09-19T08:26:45.9430790Z ✔ [2/3] Built Solution (171ms)
2026-09-19T08:26:45.9431087Z Build completed successfully (3 jobs).
2026-09-19T08:26:45.9432007Z Exporting #[Quot, Quot.mk, Quot.lift, Quot.ind, comm, propext, Quot.sound, Classical.choice, Nat.add, Nat.sub, Nat.mul, Nat.pow, Nat.gcd, Nat.div, Nat.mod, Nat.beq, Nat.ble, Nat.land, Nat.lor, Nat.xor, Nat.shiftLeft, Nat.shiftRight, String.ofList, Char.ofNat, List, eagerReduce, Nat, String, String.mk, Char, optParam, autoParam, semiOutParam, outParam] from Solution
2026-09-19T08:26:45.9433126Z Running Lean default kernel on solution.
2026-09-19T08:26:45.9433400Z Lean default kernel accepts the solution
2026-09-19T08:26:45.9433636Z Your solution is okay!
2026-09-19T08:26:45.9434427Z PASS simple_match: exit 0, expected 0; required phase: Your solution is okay!
2026-09-19T08:26:45.9434787Z 
2026-09-19T08:26:45.9435236Z CASE simple_mismatch
2026-09-19T08:26:47.4538616Z info: ComparatorRegression: no previous manifest, creating one from scratch
2026-09-19T08:26:47.4541073Z info: toolchain not updated; already up-to-date
2026-09-19T08:26:47.4541631Z Building Challenge
2026-09-19T08:26:47.4542322Z ⚠ [2/3] Built Challenge (167ms)
2026-09-19T08:26:47.4542912Z warning: Challenge.lean:1:8: declaration uses `sorry`
2026-09-19T08:26:47.4543628Z Build completed successfully (3 jobs).
2026-09-19T08:26:47.4544896Z Exporting #[Quot, Quot.mk, Quot.lift, Quot.ind, comm, propext, Quot.sound, Classical.choice, Nat.add, Nat.sub, Nat.mul, Nat.pow, Nat.gcd, Nat.div, Nat.mod, Nat.beq, Nat.ble, Nat.land, Nat.lor, Nat.xor, Nat.shiftLeft, Nat.shiftRight, String.ofList, Char.ofNat, List, eagerReduce, Nat, String, String.mk, Char, optParam, autoParam, semiOutParam, outParam] from Challenge
2026-09-19T08:26:47.4545803Z Building Solution
2026-09-19T08:26:47.4546109Z ✔ [2/3] Built Solution (161ms)
2026-09-19T08:26:47.4546501Z Build completed successfully (3 jobs).
2026-09-19T08:26:47.4547477Z Exporting #[Quot, Quot.mk, Quot.lift, Quot.ind, comm, propext, Quot.sound, Classical.choice, Nat.add, Nat.sub, Nat.mul, Nat.pow, Nat.gcd, Nat.div, Nat.mod, Nat.beq, Nat.ble, Nat.land, Nat.lor, Nat.xor, Nat.shiftLeft, Nat.shiftRight, String.ofList, Char.ofNat, List, eagerReduce, Nat, String, String.mk, Char, optParam, autoParam, semiOutParam, outParam] from Solution
2026-09-19T08:26:47.4548368Z uncaught exception: Challenge and solution constant kind don't match: 'comm'
2026-09-19T08:26:47.4548898Z PASS simple_mismatch: exit 1, expected 1; required phase: Challenge and solution constant kind don't match: 'comm'
2026-09-19T08:26:47.4549196Z 
2026-09-19T08:26:47.4549316Z CASE simple_axiom_issue
2026-09-19T08:26:48.9690627Z info: ComparatorRegression: no previous manifest, creating one from scratch
2026-09-19T08:26:48.9691142Z info: toolchain not updated; already up-to-date
2026-09-19T08:26:48.9691555Z Building Challenge
2026-09-19T08:26:48.9692120Z ⚠ [2/3] Built Challenge (165ms)
2026-09-19T08:26:48.9692473Z warning: Challenge.lean:1:8: declaration uses `sorry`
2026-09-19T08:26:48.9692901Z Build completed successfully (3 jobs).
2026-09-19T08:26:48.9693847Z Exporting #[Quot, Quot.mk, Quot.lift, Quot.ind, comm, propext, Quot.sound, Classical.choice, Nat.add, Nat.sub, Nat.mul, Nat.pow, Nat.gcd, Nat.div, Nat.mod, Nat.beq, Nat.ble, Nat.land, Nat.lor, Nat.xor, Nat.shiftLeft, Nat.shiftRight, String.ofList, Char.ofNat, List, eagerReduce, Nat, String, String.mk, Char, optParam, autoParam, semiOutParam, outParam] from Challenge
2026-09-19T08:26:48.9695336Z Building Solution
2026-09-19T08:26:48.9695666Z ✔ [2/3] Built Solution (165ms)
2026-09-19T08:26:48.9695953Z Build completed successfully (3 jobs).
2026-09-19T08:26:48.9697110Z Exporting #[Quot, Quot.mk, Quot.lift, Quot.ind, comm, propext, Quot.sound, Classical.choice, Nat.add, Nat.sub, Nat.mul, Nat.pow, Nat.gcd, Nat.div, Nat.mod, Nat.beq, Nat.ble, Nat.land, Nat.lor, Nat.xor, Nat.shiftLeft, Nat.shiftRight, String.ofList, Char.ofNat, List, eagerReduce, Nat, String, String.mk, Char, optParam, autoParam, semiOutParam, outParam] from Solution
2026-09-19T08:26:48.9698382Z uncaught exception: Illegal axiom detected: 'helper'
2026-09-19T08:26:48.9698980Z PASS simple_axiom_issue: exit 1, expected 1; required phase: Illegal axiom detected: 'helper'
2026-09-19T08:26:48.9699297Z 
2026-09-19T08:26:48.9699433Z CASE simple_kind_mismatch
2026-09-19T08:26:50.5136578Z info: ComparatorRegression: no previous manifest, creating one from scratch
2026-09-19T08:26:50.5137089Z info: toolchain not updated; already up-to-date
2026-09-19T08:26:50.5137480Z Building Challenge
2026-09-19T08:26:50.5138037Z ⚠ [2/3] Built Challenge (166ms)
2026-09-19T08:26:50.5138307Z warning: Challenge.lean:1:8: declaration uses `sorry`
2026-09-19T08:26:50.5138654Z Build completed successfully (3 jobs).
2026-09-19T08:26:50.5140065Z Exporting #[Quot, Quot.mk, Quot.lift, Quot.ind, comm, propext, Quot.sound, Classical.choice, Nat.add, Nat.sub, Nat.mul, Nat.pow, Nat.gcd, Nat.div, Nat.mod, Nat.beq, Nat.ble, Nat.land, Nat.lor, Nat.xor, Nat.shiftLeft, Nat.shiftRight, String.ofList, Char.ofNat, List, eagerReduce, Nat, String, String.mk, Char, optParam, autoParam, semiOutParam, outParam] from Challenge
2026-09-19T08:26:50.5141078Z Building Solution
2026-09-19T08:26:50.5141411Z ✔ [2/3] Built Solution (178ms)
2026-09-19T08:26:50.5141724Z Build completed successfully (3 jobs).
2026-09-19T08:26:50.5142884Z Exporting #[Quot, Quot.mk, Quot.lift, Quot.ind, comm, propext, Quot.sound, Classical.choice, Nat.add, Nat.sub, Nat.mul, Nat.pow, Nat.gcd, Nat.div, Nat.mod, Nat.beq, Nat.ble, Nat.land, Nat.lor, Nat.xor, Nat.shiftLeft, Nat.shiftRight, String.ofList, Char.ofNat, List, eagerReduce, Nat, String, String.mk, Char, optParam, autoParam, semiOutParam, outParam] from Solution
2026-09-19T08:26:50.5143766Z uncaught exception: Illegal axiom detected: 'helper'
2026-09-19T08:26:50.5144390Z PASS simple_kind_mismatch: exit 1, expected 1; required phase: Illegal axiom detected: 'helper'
2026-09-19T08:26:50.5144696Z 
2026-09-19T08:26:50.5144783Z CASE type_mismatch
2026-09-19T08:26:52.0408816Z info: ComparatorRegression: no previous manifest, creating one from scratch
2026-09-19T08:26:52.0409259Z info: toolchain not updated; already up-to-date
2026-09-19T08:26:52.0409658Z Building Challenge
2026-09-19T08:26:52.0410210Z ✔ [2/3] Built Challenge (168ms)
2026-09-19T08:26:52.0410492Z Build completed successfully (3 jobs).
2026-09-19T08:26:52.0411539Z Exporting #[Quot, Quot.mk, Quot.lift, Quot.ind, checked, propext, Quot.sound, Classical.choice, Nat.add, Nat.sub, Nat.mul, Nat.pow, Nat.gcd, Nat.div, Nat.mod, Nat.beq, Nat.ble, Nat.land, Nat.lor, Nat.xor, Nat.shiftLeft, Nat.shiftRight, String.ofList, Char.ofNat, List, eagerReduce, Nat, String, String.mk, Char, optParam, autoParam, semiOutParam, outParam] from Challenge
2026-09-19T08:26:52.0412578Z Building Solution
2026-09-19T08:26:52.0412857Z ✔ [2/3] Built Solution (172ms)
2026-09-19T08:26:52.0413133Z Build completed successfully (3 jobs).
2026-09-19T08:26:52.0414510Z Exporting #[Quot, Quot.mk, Quot.lift, Quot.ind, checked, propext, Quot.sound, Classical.choice, Nat.add, Nat.sub, Nat.mul, Nat.pow, Nat.gcd, Nat.div, Nat.mod, Nat.beq, Nat.ble, Nat.land, Nat.lor, Nat.xor, Nat.shiftLeft, Nat.shiftRight, String.ofList, Char.ofNat, List, eagerReduce, Nat, String, String.mk, Char, optParam, autoParam, semiOutParam, outParam] from Solution
2026-09-19T08:26:52.0415531Z uncaught exception: Challenge and solution theorem statement do not match: 'checked'
2026-09-19T08:26:52.0416061Z PASS type_mismatch: exit 1, expected 1; required phase: Challenge and solution theorem statement do not match: 'checked'
2026-09-19T08:26:52.0422854Z PASS: all five Comparator regressions
2026-09-19T08:26:52.0489803Z Running systemd-run --user --quiet --wait --pipe --collect -p 'RestrictAddressFamilies=~AF_UNIX' --working-directory /home/runner/work/_temp/nla-lean-tools/.verification-tmp/nla-axiom-iugtp7q5 /usr/bin/env -i PATH=/home/runner/.elan/toolchains/leanprover--lean4---v4.33.1/bin:/home/runner/.elan/bin:/home/runner/go/bin:/opt/hostedtoolcache/go/1.27.1/x64/bin:/snap/bin:/home/runner/.local/bin:/opt/pipx_bin:/home/runner/.cargo/bin:/home/runner/.config/composer/vendor/bin:/usr/local/.ghcup/bin:/home/runner/.dotnet/tools:/usr/local/sbin:/usr/local/bin:/usr/sbin:/usr/bin:/sbin:/bin:/usr/games:/usr/local/games:/snap/bin HOME=/home/runner LANG=C.UTF-8 XDG_RUNTIME_DIR=/run/user/1001 DBUS_SESSION_BUS_ADDRESS=unix:path=/run/user/1001/bus GIT_TERMINAL_PROMPT=0 GIT_CONFIG_NOSYSTEM=1 GIT_CONFIG_GLOBAL=/dev/null COMPARATOR_BIN=/home/runner/work/_temp/nla-lean-tools/.tools/comparator/.lake/build/bin/comparator COMPARATOR_LEAN4EXPORT=/home/runner/work/_temp/nla-lean-tools/.tools/lean4export/.lake/build/bin/lean4export COMPARATOR_LANDRUN=/home/runner/work/_temp/nla-lean-tools/scripts/strict_landrun.py XDG_CACHE_HOME=/home/runner/work/_temp/nla-lean-tools/.tools/cache TMPDIR=/home/runner/work/_temp/nla-lean-tools/.verification-tmp lake env /home/runner/work/_temp/nla-lean-tools/.tools/comparator/.lake/build/bin/comparator comparator.json
2026-09-19T08:26:52.0493263Z Log: /home/runner/work/_temp/nla-lean-tools/logs/verify-20260919T082642Z-3942/negative-sorry.log
2026-09-19T08:26:52.0957863Z info: NlaAxiomFixture: no previous manifest, creating one from scratch
2026-09-19T08:26:52.0958460Z info: toolchain not updated; already up-to-date
2026-09-19T08:26:52.1660688Z Building Challenge
2026-09-19T08:26:52.8599175Z ✔ [2/3] Built Challenge (589ms)
2026-09-19T08:26:52.8601950Z Build completed successfully (3 jobs).
2026-09-19T08:26:53.6036365Z Exporting #[Quot, Quot.mk, Quot.lift, Quot.ind, checked, Classical.choice, Quot.sound, propext, Nat.add, Nat.sub, Nat.mul, Nat.pow, Nat.gcd, Nat.div, Nat.mod, Nat.beq, Nat.ble, Nat.land, Nat.lor, Nat.xor, Nat.shiftLeft, Nat.shiftRight, String.ofList, Char.ofNat, List, eagerReduce, Nat, String, String.mk, Char, optParam, autoParam, semiOutParam, outParam] from Challenge
2026-09-19T08:26:53.6037937Z Building Solution
2026-09-19T08:26:54.2854180Z ⚠ [2/3] Built Solution (590ms)
2026-09-19T08:26:54.2854844Z warning: Solution.lean:2:8: declaration uses `sorry`
2026-09-19T08:26:54.2856139Z Build completed successfully (3 jobs).
2026-09-19T08:26:55.0862532Z Exporting #[Quot, Quot.mk, Quot.lift, Quot.ind, checked, Classical.choice, Quot.sound, propext, Nat.add, Nat.sub, Nat.mul, Nat.pow, Nat.gcd, Nat.div, Nat.mod, Nat.beq, Nat.ble, Nat.land, Nat.lor, Nat.xor, Nat.shiftLeft, Nat.shiftRight, String.ofList, Char.ofNat, List, eagerReduce, Nat, String, String.mk, Char, optParam, autoParam, semiOutParam, outParam] from Solution
2026-09-19T08:26:55.0863562Z uncaught exception: Illegal axiom detected: 'sorryAx'
2026-09-19T08:26:55.0922746Z Running systemd-run --user --quiet --wait --pipe --collect -p 'RestrictAddressFamilies=~AF_UNIX' --working-directory /home/runner/work/_temp/nla-lean-tools/.verification-tmp/nla-axiom-0z2kfcu7 /usr/bin/env -i PATH=/home/runner/.elan/toolchains/leanprover--lean4---v4.33.1/bin:/home/runner/.elan/bin:/home/runner/go/bin:/opt/hostedtoolcache/go/1.27.1/x64/bin:/snap/bin:/home/runner/.local/bin:/opt/pipx_bin:/home/runner/.cargo/bin:/home/runner/.config/composer/vendor/bin:/usr/local/.ghcup/bin:/home/runner/.dotnet/tools:/usr/local/sbin:/usr/local/bin:/usr/sbin:/usr/bin:/sbin:/bin:/usr/games:/usr/local/games:/snap/bin HOME=/home/runner LANG=C.UTF-8 XDG_RUNTIME_DIR=/run/user/1001 DBUS_SESSION_BUS_ADDRESS=unix:path=/run/user/1001/bus GIT_TERMINAL_PROMPT=0 GIT_CONFIG_NOSYSTEM=1 GIT_CONFIG_GLOBAL=/dev/null COMPARATOR_BIN=/home/runner/work/_temp/nla-lean-tools/.tools/comparator/.lake/build/bin/comparator COMPARATOR_LEAN4EXPORT=/home/runner/work/_temp/nla-lean-tools/.tools/lean4export/.lake/build/bin/lean4export COMPARATOR_LANDRUN=/home/runner/work/_temp/nla-lean-tools/scripts/strict_landrun.py XDG_CACHE_HOME=/home/runner/work/_temp/nla-lean-tools/.tools/cache TMPDIR=/home/runner/work/_temp/nla-lean-tools/.verification-tmp lake env /home/runner/work/_temp/nla-lean-tools/.tools/comparator/.lake/build/bin/comparator comparator.json
2026-09-19T08:26:55.0926053Z Log: /home/runner/work/_temp/nla-lean-tools/logs/verify-20260919T082642Z-3942/negative-native.log
2026-09-19T08:26:55.1452674Z info: NlaAxiomFixture: no previous manifest, creating one from scratch
2026-09-19T08:26:55.1453773Z info: toolchain not updated; already up-to-date
2026-09-19T08:26:55.2026577Z Building Challenge
2026-09-19T08:26:55.8903757Z ✔ [2/3] Built Challenge (594ms)
2026-09-19T08:26:55.8906826Z Build completed successfully (3 jobs).
2026-09-19T08:26:56.6698412Z Exporting #[Quot, Quot.mk, Quot.lift, Quot.ind, checked, Classical.choice, Quot.sound, propext, Nat.add, Nat.sub, Nat.mul, Nat.pow, Nat.gcd, Nat.div, Nat.mod, Nat.beq, Nat.ble, Nat.land, Nat.lor, Nat.xor, Nat.shiftLeft, Nat.shiftRight, String.ofList, Char.ofNat, List, eagerReduce, Nat, String, String.mk, Char, optParam, autoParam, semiOutParam, outParam] from Challenge
2026-09-19T08:26:56.6699378Z Building Solution
2026-09-19T08:26:57.3558086Z ✔ [2/3] Built Solution (599ms)
2026-09-19T08:26:57.3561155Z Build completed successfully (3 jobs).
2026-09-19T08:26:58.1563331Z Exporting #[Quot, Quot.mk, Quot.lift, Quot.ind, checked, Classical.choice, Quot.sound, propext, Nat.add, Nat.sub, Nat.mul, Nat.pow, Nat.gcd, Nat.div, Nat.mod, Nat.beq, Nat.ble, Nat.land, Nat.lor, Nat.xor, Nat.shiftLeft, Nat.shiftRight, String.ofList, Char.ofNat, List, eagerReduce, Nat, String, String.mk, Char, optParam, autoParam, semiOutParam, outParam] from Solution
2026-09-19T08:26:58.1564595Z uncaught exception: Illegal axiom detected: 'checked._native.native_decide.ax_1_1'
2026-09-19T08:26:58.4521425Z Running lake env true
2026-09-19T08:26:58.4522051Z Log: /home/runner/work/_temp/nla-lean-tools/logs/verify-20260919T082642Z-3942/dependencies.log
2026-09-19T08:26:58.4827651Z info: leancert: cloning https://github.com/alerad/leancert
2026-09-19T08:26:59.5519742Z info: leancert: checking out revision '621a43d7cf21f87872392a01e874f2f1dbddc926'
2026-09-19T08:26:59.5783198Z info: mathlib: cloning https://github.com/leanprover-community/mathlib4.git
2026-09-19T08:27:25.4811988Z info: mathlib: checking out revision '0df444a360eaa60ab8c11dca51a86af692955474'
2026-09-19T08:27:26.8689627Z info: plausible: cloning https://github.com/leanprover-community/plausible
2026-09-19T08:27:27.3318848Z info: plausible: checking out revision 'b7eb3304aeae834b12dda98993a37f6a41f6f0bb'
2026-09-19T08:27:27.3417377Z info: LeanSearchClient: cloning https://github.com/leanprover-community/LeanSearchClient
2026-09-19T08:27:27.7826551Z info: LeanSearchClient: checking out revision '5f4d51b81cbd3f6b32b156bfad9056621a040404'
2026-09-19T08:27:27.7913002Z info: importGraph: cloning https://github.com/leanprover-community/import-graph
2026-09-19T08:27:28.4038385Z info: importGraph: checking out revision '16f02aa7642864af59f1ff0e384a015994db9118'
2026-09-19T08:27:28.4146401Z info: proofwidgets: cloning https://github.com/leanprover-community/ProofWidgets4
2026-09-19T08:27:29.7541249Z info: proofwidgets: checking out revision '4be2e3d5087eeb272cf5a8853b8f9dd025ef5957'
2026-09-19T08:27:30.2135213Z info: aesop: cloning https://github.com/leanprover-community/aesop
2026-09-19T08:27:31.1619992Z info: aesop: checking out revision '3448c0bcc5ce01b2d1546e483ec3620e32df3d0e'
2026-09-19T08:27:31.1755559Z info: Qq: cloning https://github.com/leanprover-community/quote4
2026-09-19T08:27:31.6881744Z info: Qq: checking out revision '92c15be17b7caf78c2ad767ec40f89052d908d81'
2026-09-19T08:27:31.6973858Z info: batteries: cloning https://github.com/leanprover-community/batteries
2026-09-19T08:27:34.0767827Z info: batteries: checking out revision '4488d40d070b9700d4d5a6aa342f0d40c31b2a2d'
2026-09-19T08:27:34.0946135Z info: Cli: cloning https://github.com/leanprover/lean4-cli
2026-09-19T08:27:34.9141587Z info: Cli: checking out revision '6130a47896ce867c6a4a55373441e59e565bad0f'
2026-09-19T08:27:34.9875604Z Running lake exe cache get
2026-09-19T08:27:34.9876232Z Log: /home/runner/work/_temp/nla-lean-tools/logs/verify-20260919T082642Z-3942/mathlib-cache.log
2026-09-19T08:27:35.7440836Z ✔ [1/5] Built Cache.Cli (251ms)
2026-09-19T08:27:35.7441321Z ✔ [2/5] Built Cache.Lean (268ms)
2026-09-19T08:27:35.9444630Z ✔ [6/26] Built Cache.Cli:c.o (170ms)
2026-09-19T08:27:35.9445228Z ✔ [7/26] Built Cache.Lean:c.o (147ms)
2026-09-19T08:27:36.1447930Z ✔ [8/26] Built Cache.Infra (325ms)
2026-09-19T08:27:36.2438410Z ✔ [9/26] Built Cache.Infra:c.o (138ms)
2026-09-19T08:27:36.4447926Z ✔ [10/26] Built Batteries.Tactic.OpenPrivate (630ms)
2026-09-19T08:27:37.2462434Z ✔ [11/26] Built Batteries.Tactic.OpenPrivate:c.o (857ms)
2026-09-19T08:27:37.3463677Z ✔ [12/26] Built Cache.IO (957ms)
2026-09-19T08:27:37.9477778Z ✔ [13/26] Built Cache.Hashing (550ms)
2026-09-19T08:27:38.2481714Z ✔ [14/26] Built Cache.Hashing:c.o (297ms)
2026-09-19T08:27:38.5489684Z ✔ [15/26] Built Cache.IO:c.o (1.2s)
2026-09-19T08:27:39.3498535Z ✔ [16/26] Built Cache.Requests (1.4s)
2026-09-19T08:27:39.7527434Z ✔ [17/26] Built Cache.Marker (402ms)
2026-09-19T08:27:39.8504124Z ✔ [18/26] Built Cache.Marker:c.o (110ms)
2026-09-19T08:27:40.2526096Z ✔ [19/26] Built Cache.Query (507ms)
2026-09-19T08:27:40.4512151Z ✔ [20/26] Built Cache.Query:c.o (210ms)
2026-09-19T08:27:40.8515651Z ✔ [21/26] Built Cache.Warning (532ms)
2026-09-19T08:27:41.0518701Z ✔ [22/26] Built Cache.Warning:c.o (232ms)
2026-09-19T08:27:41.3521496Z ✔ [23/26] Built Cache.Requests:c.o (2.0s)
2026-09-19T08:27:41.6524489Z ✔ [24/26] Built Cache.Main (846ms)
2026-09-19T08:27:42.3534869Z ✔ [25/26] Built Cache.Main:c.o (664ms)
2026-09-19T08:27:42.9550184Z ✔ [26/26] Built cache:exe (610ms)
2026-09-19T08:27:44.2890004Z Current branch: HEAD
2026-09-19T08:27:44.2890713Z Using cache from origin: (some leanprover-community/mathlib4)
2026-09-19T08:27:44.2891750Z Attempting to download 8690 file(s) from leanprover-community/mathlib4 cache at https://lakecache.blob.core.windows.net/mathlib4-master
2026-09-19T08:27:45.0749256Z 
2026-09-19T08:27:45.1775927Z Downloaded: 1 file(s) [attempted 1/8690 = 0%, 23 KB/s], Decompressed: 0
2026-09-19T08:27:45.2738533Z Downloaded: 381 file(s) [attempted 381/8690 = 4%, 10179 KB/s], Decompressed: 17
2026-09-19T08:27:45.3745387Z Downloaded: 830 file(s) [attempted 830/8690 = 9%, 6319 KB/s], Decompressed: 17
2026-09-19T08:27:45.4765456Z Downloaded: 1237 file(s) [attempted 1237/8690 = 14%, 610 KB/s], Decompressed: 17
2026-09-19T08:27:45.5805956Z Downloaded: 1708 file(s) [attempted 1708/8690 = 19%, 5307 KB/s], Decompressed: 145
2026-09-19T08:27:45.6770075Z Downloaded: 2181 file(s) [attempted 2181/8690 = 25%, 4047 KB/s], Decompressed: 145
2026-09-19T08:27:45.7768764Z Downloaded: 2621 file(s) [attempted 2621/8690 = 30%, 4897 KB/s], Decompressed: 145
2026-09-19T08:27:45.8786263Z Downloaded: 2985 file(s) [attempted 2985/8690 = 34%, 3109 KB/s], Decompressed: 145
2026-09-19T08:27:45.9785391Z Downloaded: 3482 file(s) [attempted 3482/8690 = 40%, 7628 KB/s], Decompressed: 145
2026-09-19T08:27:46.0793197Z Downloaded: 3897 file(s) [attempted 3897/8690 = 44%, 6430 KB/s], Decompressed: 145
2026-09-19T08:27:46.1811816Z Downloaded: 4347 file(s) [attempted 4347/8690 = 50%, 9711 KB/s], Decompressed: 145
2026-09-19T08:27:46.2819125Z Downloaded: 4807 file(s) [attempted 4807/8690 = 55%, 943 KB/s], Decompressed: 145
2026-09-19T08:27:46.3837301Z Downloaded: 5186 file(s) [attempted 5186/8690 = 59%, 4684 KB/s], Decompressed: 145
2026-09-19T08:27:46.4840249Z Downloaded: 5664 file(s) [attempted 5664/8690 = 65%, 4079 KB/s], Decompressed: 145
2026-09-19T08:27:46.5847932Z Downloaded: 6040 file(s) [attempted 6040/8690 = 69%, 375 KB/s], Decompressed: 145
2026-09-19T08:27:46.6855908Z Downloaded: 6429 file(s) [attempted 6429/8690 = 73%, 27281 KB/s], Decompressed: 145
2026-09-19T08:27:46.7967455Z Downloaded: 6813 file(s) [attempted 6813/8690 = 78%, 13178 KB/s], Decompressed: 145
2026-09-19T08:27:46.8965681Z Downloaded: 7222 file(s) [attempted 7222/8690 = 83%, 4697 KB/s], Decompressed: 145
2026-09-19T08:27:46.9986461Z Downloaded: 7632 file(s) [attempted 7632/8690 = 87%, 3598 KB/s], Decompressed: 145
2026-09-19T08:27:47.0957552Z Downloaded: 8095 file(s) [attempted 8095/8690 = 93%, 21747 KB/s], Decompressed: 145
2026-09-19T08:27:47.1926931Z Downloaded: 8540 file(s) [attempted 8540/8690 = 98%, 1247 KB/s], Decompressed: 145
2026-09-19T08:27:47.1927958Z Downloaded: 8690 file(s) [attempted 8690/8690 = 100%, 1247 KB/s], Decompressed: 145
2026-09-19T08:28:21.1557764Z Decompressed 8690 file(s)
2026-09-19T08:28:21.1558970Z Already decompressed 8690 file(s)
2026-09-19T08:28:21.2210614Z Running systemd-run --user --quiet --wait --pipe --collect -p 'RestrictAddressFamilies=~AF_UNIX' --working-directory /home/runner/work/_temp/nla-lean-tools/.verification-tmp/nla-fresh-proof-tunm94k_/project /usr/bin/env -i PATH=/home/runner/.elan/toolchains/leanprover--lean4---v4.33.1/bin:/home/runner/.elan/bin:/home/runner/go/bin:/opt/hostedtoolcache/go/1.27.1/x64/bin:/snap/bin:/home/runner/.local/bin:/opt/pipx_bin:/home/runner/.cargo/bin:/home/runner/.config/composer/vendor/bin:/usr/local/.ghcup/bin:/home/runner/.dotnet/tools:/usr/local/sbin:/usr/local/bin:/usr/sbin:/usr/bin:/sbin:/bin:/usr/games:/usr/local/games:/snap/bin HOME=/home/runner LANG=C.UTF-8 XDG_RUNTIME_DIR=/run/user/1001 DBUS_SESSION_BUS_ADDRESS=unix:path=/run/user/1001/bus GIT_TERMINAL_PROMPT=0 GIT_CONFIG_NOSYSTEM=1 GIT_CONFIG_GLOBAL=/dev/null COMPARATOR_BIN=/home/runner/work/_temp/nla-lean-tools/.tools/comparator/.lake/build/bin/comparator COMPARATOR_LEAN4EXPORT=/home/runner/work/_temp/nla-lean-tools/.tools/lean4export/.lake/build/bin/lean4export COMPARATOR_LANDRUN=/home/runner/work/_temp/nla-lean-tools/scripts/strict_landrun.py XDG_CACHE_HOME=/home/runner/work/_temp/nla-lean-tools/.tools/cache TMPDIR=/home/runner/work/_temp/nla-lean-tools/.verification-tmp lake env /home/runner/work/_temp/nla-lean-tools/.tools/comparator/.lake/build/bin/comparator comparator.json
2026-09-19T08:28:21.2214315Z Log: /home/runner/work/_temp/nla-lean-tools/logs/verify-20260919T082642Z-3942/comparator.log
2026-09-19T08:28:22.0056623Z Building Challenge
2026-09-19T08:28:24.4553160Z ✔ [2133/2138] Built NLA.MF14.Definitions (1.4s)
2026-09-19T08:28:26.1569481Z ✔ [2134/2138] Built NLA.MF14Degree44.Definitions (1.7s)
2026-09-19T08:28:28.3591898Z ✔ [2135/2138] Built NLA.MF14Degree44.Family (2.2s)
2026-09-19T08:28:30.7601656Z ✔ [2136/2138] Built NLA.MF14Degree44.Degeneration (4.6s)
2026-09-19T08:28:32.1615986Z ⚠ [2137/2138] Built Challenge (1.3s)
2026-09-19T08:28:32.1616593Z warning: Challenge.lean:18:8: declaration uses `sorry`
2026-09-19T08:28:32.1617080Z warning: Challenge.lean:23:8: declaration uses `sorry`
2026-09-19T08:28:32.1617486Z warning: Challenge.lean:28:8: declaration uses `sorry`
2026-09-19T08:28:32.1617927Z warning: Challenge.lean:34:8: declaration uses `sorry`
2026-09-19T08:28:32.1618261Z warning: Challenge.lean:39:8: declaration uses `sorry`
2026-09-19T08:28:32.1618650Z warning: Challenge.lean:47:8: declaration uses `sorry`
2026-09-19T08:28:32.1619015Z warning: Challenge.lean:52:8: declaration uses `sorry`
2026-09-19T08:28:32.1619368Z warning: Challenge.lean:58:8: declaration uses `sorry`
2026-09-19T08:28:32.1619705Z warning: Challenge.lean:63:8: declaration uses `sorry`
2026-09-19T08:28:32.1620053Z warning: Challenge.lean:72:8: declaration uses `sorry`
2026-09-19T08:28:32.1620393Z warning: Challenge.lean:80:8: declaration uses `sorry`
2026-09-19T08:28:32.1620793Z warning: Challenge.lean:86:8: declaration uses `sorry`
2026-09-19T08:28:32.1621214Z warning: Challenge.lean:91:8: declaration uses `sorry`
2026-09-19T08:28:32.1621754Z warning: Challenge.lean:97:8: declaration uses `sorry`
2026-09-19T08:28:32.1622195Z warning: Challenge.lean:102:8: declaration uses `sorry`
2026-09-19T08:28:32.1622597Z warning: Challenge.lean:108:8: declaration uses `sorry`
2026-09-19T08:28:32.1622951Z warning: Challenge.lean:113:8: declaration uses `sorry`
2026-09-19T08:28:32.1623346Z warning: Challenge.lean:119:8: declaration uses `sorry`
2026-09-19T08:28:32.1623714Z warning: Challenge.lean:124:8: declaration uses `sorry`
2026-09-19T08:28:32.1624295Z warning: Challenge.lean:131:8: declaration uses `sorry`
2026-09-19T08:28:32.1624783Z warning: Challenge.lean:135:8: declaration uses `sorry`
2026-09-19T08:28:32.1625149Z warning: Challenge.lean:142:8: declaration uses `sorry`
2026-09-19T08:28:32.1625573Z warning: Challenge.lean:148:8: declaration uses `sorry`
2026-09-19T08:28:32.1625947Z warning: Challenge.lean:153:8: declaration uses `sorry`
2026-09-19T08:28:32.1626315Z warning: Challenge.lean:157:8: declaration uses `sorry`
2026-09-19T08:28:32.1651911Z Build completed successfully (2138 jobs).
2026-09-19T08:28:36.0836954Z Exporting #[Quot, Quot.mk, Quot.lift, Quot.ind, NLA.MF14Degree44.canonical_gate_padding, NLA.MF14Degree44.four_prefix_full_coefficients, NLA.MF14Degree44.three_product_tuple, NLA.MF14Degree44.good_border_parameters_eventually, NLA.MF14Degree44.fourth_span_coordinates, NLA.MF14Degree44.fourth_map_smooth, NLA.MF14Degree44.fourth_jacobian_identity, NLA.MF14Degree44.fourth_minor_identity, NLA.MF14Degree44.fourth_product_joint_closure, NLA.MF14Degree44.polynomial_density_of_strict_derivative, NLA.MF14Degree44.degeneration_identity, NLA.MF14Degree44.degeneration_at_zero, NLA.MF14Degree44.degeneration_in_span, NLA.MF14Degree44.monic_border_joint_closure, NLA.MF14Degree44.continuation_actual_output, NLA.MF14Degree44.continuation_degree_bound, NLA.MF14Degree44.continuation_closure_transfer, NLA.MF14Degree44.family_image_mem_closure, NLA.MF14Degree44.family_degree_and_full_vector, NLA.MF14Degree44.coefficient_map_smooth, NLA.MF14Degree44.coefficient_jacobian_identity, NLA.MF14Degree44.integer_jacobian_mod3_inverse, NLA.MF14Degree44.coefficient_derivative_bijective, NLA.MF14Degree44.degree44_coverage, NLA.MF14Degree44.original_equality_false, propext, Classical.choice, Quot.sound, Nat.add, Nat.sub, Nat.mul, Nat.pow, Nat.gcd, Nat.div, Nat.mod, Nat.beq, Nat.ble, Nat.land, Nat.lor, Nat.xor, Nat.shiftLeft, Nat.shiftRight, String.ofList, Char.ofNat, List, eagerReduce, Nat, String, String.mk, Char, optParam, autoParam, semiOutParam, outParam] from Challenge
2026-09-19T08:28:36.0841236Z Building Solution
2026-09-19T08:28:39.8501008Z ✔ [2779/2812] Built LeanCert.Core.Interval (2.6s)
2026-09-19T08:28:40.2078650Z ✔ [2780/2812] Built LeanCert.Core.DerivativeIntervals (3.0s)
2026-09-19T08:28:41.4097658Z ✔ [2781/2819] Built LeanCert.Contrib.Sinc (4.2s)
2026-09-19T08:28:42.0100687Z ✔ [2782/2819] Built LeanCert.Core.Expr (4.8s)
2026-09-19T08:28:45.4232034Z ✔ [2783/2823] Built LeanCert.Core.Dyadic (4.0s)
2026-09-19T08:28:46.1252339Z ✔ [2784/2823] Built LeanCert.Tactic.Verification (4.1s)
2026-09-19T08:28:47.2267780Z ✔ [2785/2823] Built LeanCert.Core.IntervalRat.Basic (7.4s)
2026-09-19T08:28:47.3265078Z ✔ [2786/2824] Built LeanCert.Core.Taylor (7.1s)
2026-09-19T08:28:49.1293375Z ✔ [2787/2824] Built LeanCert.Core.Support (2.0s)
2026-09-19T08:28:49.5296026Z ✔ [2788/2824] Built LeanCert.Tactic.LeanCert.Bridge.Environment (2.2s)
2026-09-19T08:28:49.6292172Z ✔ [2789/2824] Built LeanCert.Core.IntervalRat.LogReduction (4.2s)
2026-09-19T08:28:50.5314976Z ✔ [2790/2824] Built LeanCert.Meta.Numeral (3.3s)
2026-09-19T08:28:51.3322191Z ✔ [2791/2824] Built LeanCert.Engine.Eval.Result (2.3s)
2026-09-19T08:28:51.7358646Z ✔ [2792/2824] Built LeanCert.Tactic.NumericalRefinement (404ms)
2026-09-19T08:28:52.0366869Z ✔ [2793/2824] Built LeanCert.Core.TrigReduction (2.5s)
2026-09-19T08:28:53.4479340Z ✔ [2794/2824] Built LeanCert.Tactic.IntervalAuto.Types (2.0s)
2026-09-19T08:28:53.4485976Z ✔ [2795/2824] Built LeanCert.Core.IntervalRat.Transcendental (3.8s)
2026-09-19T08:28:54.7611507Z ✔ [2796/2829] Built LeanCert.Tactic.IntervalAuto.Extract (2.8s)
2026-09-19T08:28:57.6728024Z ✔ [2850/2931] Built LeanCert.Tactic.IntervalAuto.Norm (4.2s)
2026-09-19T08:28:58.0733910Z ✔ [2852/2932] Built LeanCert.Tactic.VecUtil (3.2s)
2026-09-19T08:28:58.9768449Z ✔ [2853/2935] Built LeanCert.Meta.ToExpr (5.6s)
2026-09-19T08:29:00.6812224Z ✔ [2854/2935] Built LeanCert.Tactic.FinSumExpand (2.7s)
2026-09-19T08:29:01.2815753Z ✔ [2855/2935] Built LeanCert.Tactic.FinsetParse (3.6s)
2026-09-19T08:29:02.5816558Z ✔ [2856/2959] Built LeanCert.Tactic.BridgeNative (1.3s)
2026-09-19T08:29:03.8832683Z ✔ [3516/3598] Built LeanCert.Tactic.LeanCert.Normalize (3.2s)
2026-09-19T08:29:04.4858079Z ✔ [3517/3602] Built LeanCert.Tactic.IntervalAuto.Parse (5.4s)
2026-09-19T08:29:05.0871176Z ✔ [3518/3605] Built LeanCert.Tactic.LeanCert.Semantic.Domain (1.2s)
2026-09-19T08:29:05.4871474Z ✔ [3519/3605] Built LeanCert.Validity.Eventual (2.5s)
2026-09-19T08:29:06.5930459Z ✔ [3520/3605] Built LeanCert.Tactic.LeanCert.Semantic.Goal (1.5s)
2026-09-19T08:29:06.8937358Z ✔ [3521/3605] Built LeanCert.Tactic.VecSimp (1.3s)
2026-09-19T08:29:06.9929257Z ✔ [3522/3609] Built LeanCert.Tactic.IntervalAuto.Diagnostic (2.6s)
2026-09-19T08:29:07.0931050Z ✔ [3523/3610] Built LeanCert.Core.IntervalRat.Taylor (15s)
2026-09-19T08:29:07.8946394Z ✔ [3524/3610] Built LeanCert.Tactic.LeanCert.Semantic.Parse.Comparison (1.0s)
2026-09-19T08:29:08.9982324Z ✔ [3525/3610] Built LeanCert.Core.IntervalReal (1.9s)
2026-09-19T08:29:09.2004453Z ✔ [3526/3613] Built LeanCert.Tactic.Extension.Protocol (2.2s)
2026-09-19T08:29:10.2066050Z ✔ [3527/3613] Built LeanCert.Core.IntervalRat.TrigReduced (2.3s)
2026-09-19T08:29:10.4051765Z ✔ [3528/3613] Built LeanCert.Tactic.EventualBound (3.8s)
2026-09-19T08:29:11.6066008Z ✔ [3529/3613] Built LeanCert.Tactic.LeanCert.Diagnostic.Evidence (2.6s)
2026-09-19T08:29:12.1067698Z ✔ [3530/3613] Built LeanCert.Tactic.LeanCert.Semantic.Parse.Bound (2.9s)
2026-09-19T08:29:16.0338248Z ✔ [3531/3613] Built LeanCert.Engine.Affine.Basic (5.8s)
2026-09-19T08:29:16.2340280Z ✔ [3532/3613] Built LeanCert.Core.IntervalRealEndpoints (4.7s)
2026-09-19T08:29:16.3352071Z ✔ [3533/3613] Built LeanCert.Tactic.Extension.Registry (4.2s)
2026-09-19T08:29:16.9345476Z ✔ [3534/3617] Built LeanCert.Core.IntervalDyadic (6.5s)
2026-09-19T08:29:17.5338113Z ✔ [3535/3618] Built LeanCert.Tactic.LeanCert.Config (1.5s)
2026-09-19T08:29:20.5416811Z ✔ [3537/3626] Built LeanCert.Engine.Affine.Nonlinear (4.3s)
2026-09-19T08:29:21.3427349Z ✔ [3538/3633] Built LeanCert.Core.DyadicCell (4.4s)
2026-09-19T08:29:22.2444976Z ✔ [3539/3633] Built LeanCert.Engine.Algebra.QPoly (4.7s)
2026-09-19T08:29:22.7447245Z ✔ [3540/3634] Built LeanCert.Engine.Eval.Core (6.5s)
2026-09-19T08:29:23.4451961Z ✔ [3541/3634] Built LeanCert.Engine.FloatEval (2.9s)
2026-09-19T08:29:23.8451865Z ✔ [3542/3638] Built LeanCert.Core.DyadicFrontier (2.5s)
2026-09-19T08:29:24.2453013Z ✔ [3544/3638] Built LeanCert.Tactic.Extension.Command (1.0s)
2026-09-19T08:29:25.3451946Z ✔ [3545/3642] Built LeanCert.Engine.Algebra.QPolyIntegral (2.6s)
2026-09-19T08:29:26.3486344Z ✔ [3547/3653] Built NLA.MF14.CircuitFoundations (2.6s)
2026-09-19T08:29:26.4483616Z ✔ [3548/3672] Built LeanCert.Tactic.Extension (2.2s)
2026-09-19T08:29:26.7484285Z ✔ [3552/3674] Built LeanCert.Engine.Eval.Extended (3.3s)
2026-09-19T08:29:27.8495778Z ✔ [3553/3685] Built NLA.MF14Degree44.DegenerationCoefficientData (2.5s)
2026-09-19T08:29:28.7508570Z ℹ [3559/3685] Built NLA.MF14Degree44.PolynomialMaps (2.4s)
2026-09-19T08:29:28.7509934Z info: NLA/MF14Degree44/PolynomialMaps.lean:104:0: 'NLA.MF14Degree44.CoefficientPolynomial.mul' depends on axioms: [propext, Classical.choice, Quot.sound]
2026-09-19T08:29:28.7511116Z info: NLA/MF14Degree44/PolynomialMaps.lean:106:0: 'NLA.MF14Degree44.decodeQuad_coefficient_polynomial' depends on axioms: [propext, Classical.choice, Quot.sound]
2026-09-19T08:29:28.8518276Z ℹ [3560/3700] Built NLA.MF14Degree44.GoodParameters (2.4s)
2026-09-19T08:29:28.8519595Z info: NLA/MF14Degree44/GoodParameters.lean:49:0: 'NLA.MF14Degree44.good_border_parameters_eventually' depends on axioms: [propext, Classical.choice, Quot.sound]
2026-09-19T08:29:28.9709896Z ✔ [3561/3701] Built LeanCert.Engine.Bounds.Lemmas (2.2s)
2026-09-19T08:29:30.8739292Z ✔ [3562/3703] Built LeanCert.Engine.IntervalEval (1.9s)
2026-09-19T08:29:34.0834869Z ✔ [3563/3703] Built NLA.MF14Degree44.Mod3Lists (5.2s)
2026-09-19T08:29:34.2839382Z ✔ [3564/3703] Built LeanCert.Engine.Affine.Transcendental (3.4s)
2026-09-19T08:29:36.3882760Z ✔ [3565/3703] Built LeanCert.Validity.Bounds.Checked (2.1s)
2026-09-19T08:29:37.2886971Z ℹ [3566/3703] Built NLA.MF14Degree44.ContinuationPolynomialMaps (8.5s)
2026-09-19T08:29:37.2888387Z info: NLA/MF14Degree44/ContinuationPolynomialMaps.lean:105:0: 'NLA.MF14Degree44.continuation_basis_coefficient_polynomial' depends on axioms: [propext, Classical.choice, Quot.sound]
2026-09-19T08:29:37.2889765Z info: NLA/MF14Degree44/ContinuationPolynomialMaps.lean:107:0: 'NLA.MF14Degree44.continuation_polynomial_coefficient_polynomial' depends on axioms: [propext,
2026-09-19T08:29:37.2890585Z  Classical.choice,
2026-09-19T08:29:37.2890915Z  Quot.sound]
2026-09-19T08:29:37.2891651Z info: NLA/MF14Degree44/ContinuationPolynomialMaps.lean:109:0: 'NLA.MF14Degree44.continuation_map_polynomial' depends on axioms: [propext, Classical.choice, Quot.sound]
2026-09-19T08:29:39.0001766Z ✔ [3567/3703] Built LeanCert.Validity.Bounds.Core (2.6s)
2026-09-19T08:29:39.3007875Z ✔ [3568/3703] Built LeanCert.Engine.IntervalEvalDyadic (5.2s)
2026-09-19T08:29:40.5019203Z ℹ [3569/3703] Built NLA.MF14Degree44.DegreeBounds (12s)
2026-09-19T08:29:40.5019996Z info: NLA/MF14Degree44/DegreeBounds.lean:118:0: 'NLA.MF14Degree44.continuation_degree_bound' depends on axioms: [propext, Classical.choice, Quot.sound]
2026-09-19T08:29:41.4034399Z ✔ [3570/3703] Built LeanCert.Engine.RootFinding.Basic (4.1s)
2026-09-19T08:29:41.5030915Z ✔ [3571/3705] Built LeanCert.Engine.Optimization.Box (2.5s)
2026-09-19T08:29:44.2140302Z ✔ [3572/3705] Built LeanCert.Engine.AD.Basic (2.8s)
2026-09-19T08:29:44.8143819Z ✔ [3573/3705] Built LeanCert.Engine.Integrate (5.5s)
2026-09-19T08:29:47.1202349Z ℹ [3574/3705] Built NLA.MF14Degree44.Mod3Columns4 (5.6s)
2026-09-19T08:29:47.1203863Z info: NLA/MF14Degree44/Mod3Columns4.lean:27:0: 'NLA.MF14Degree44.Mod3Certificate.column_table_match_20' depends on axioms: [propext, Classical.choice, Quot.sound]
2026-09-19T08:29:47.1205530Z info: NLA/MF14Degree44/Mod3Columns4.lean:47:0: 'NLA.MF14Degree44.Mod3Certificate.column_table_match_21' depends on axioms: [propext, Classical.choice, Quot.sound]
2026-09-19T08:29:47.1206603Z info: NLA/MF14Degree44/Mod3Columns4.lean:67:0: 'NLA.MF14Degree44.Mod3Certificate.column_table_match_22' depends on axioms: [propext, Classical.choice, Quot.sound]
2026-09-19T08:29:47.1207762Z info: NLA/MF14Degree44/Mod3Columns4.lean:87:0: 'NLA.MF14Degree44.Mod3Certificate.column_table_match_23' depends on axioms: [propext, Classical.choice, Quot.sound]
2026-09-19T08:29:47.1208846Z info: NLA/MF14Degree44/Mod3Columns4.lean:107:0: 'NLA.MF14Degree44.Mod3Certificate.column_table_match_24' depends on axioms: [propext, Classical.choice, Quot.sound]
2026-09-19T08:29:48.0206315Z ✔ [3575/3705] Built LeanCert.Engine.TaylorModel.Core (7.5s)
2026-09-19T08:29:51.5277869Z ℹ [3576/3705] Built NLA.MF14Degree44.Mod3Columns2 (6.8s)
2026-09-19T08:29:51.5279630Z info: NLA/MF14Degree44/Mod3Columns2.lean:27:0: 'NLA.MF14Degree44.Mod3Certificate.column_table_match_10' depends on axioms: [propext, Classical.choice, Quot.sound]
2026-09-19T08:29:51.5280996Z info: NLA/MF14Degree44/Mod3Columns2.lean:47:0: 'NLA.MF14Degree44.Mod3Certificate.column_table_match_11' depends on axioms: [propext, Classical.choice, Quot.sound]
2026-09-19T08:29:51.5282317Z info: NLA/MF14Degree44/Mod3Columns2.lean:67:0: 'NLA.MF14Degree44.Mod3Certificate.column_table_match_12' depends on axioms: [propext, Classical.choice, Quot.sound]
2026-09-19T08:29:51.5283520Z info: NLA/MF14Degree44/Mod3Columns2.lean:87:0: 'NLA.MF14Degree44.Mod3Certificate.column_table_match_13' depends on axioms: [propext, Classical.choice, Quot.sound]
2026-09-19T08:29:51.5284938Z info: NLA/MF14Degree44/Mod3Columns2.lean:107:0: 'NLA.MF14Degree44.Mod3Certificate.column_table_match_14' depends on axioms: [propext, Classical.choice, Quot.sound]
2026-09-19T08:29:51.5288884Z ℹ [3577/3705] Built NLA.MF14Degree44.Mod3Columns3 (7.3s)
2026-09-19T08:29:51.5290171Z info: NLA/MF14Degree44/Mod3Columns3.lean:27:0: 'NLA.MF14Degree44.Mod3Certificate.column_table_match_15' depends on axioms: [propext, Classical.choice, Quot.sound]
2026-09-19T08:29:51.5291521Z info: NLA/MF14Degree44/Mod3Columns3.lean:47:0: 'NLA.MF14Degree44.Mod3Certificate.column_table_match_16' depends on axioms: [propext, Classical.choice, Quot.sound]
2026-09-19T08:29:51.5292826Z info: NLA/MF14Degree44/Mod3Columns3.lean:67:0: 'NLA.MF14Degree44.Mod3Certificate.column_table_match_17' depends on axioms: [propext, Classical.choice, Quot.sound]
2026-09-19T08:29:51.5294216Z info: NLA/MF14Degree44/Mod3Columns3.lean:87:0: 'NLA.MF14Degree44.Mod3Certificate.column_table_match_18' depends on axioms: [propext, Classical.choice, Quot.sound]
2026-09-19T08:29:51.5295505Z info: NLA/MF14Degree44/Mod3Columns3.lean:107:0: 'NLA.MF14Degree44.Mod3Certificate.column_table_match_19' depends on axioms: [propext, Classical.choice, Quot.sound]
2026-09-19T08:29:52.6279439Z ℹ [3578/3705] Built NLA.MF14Degree44.Mod3Columns1 (5.5s)
2026-09-19T08:29:52.6280236Z info: NLA/MF14Degree44/Mod3Columns1.lean:27:0: 'NLA.MF14Degree44.Mod3Certificate.column_table_match_5' depends on axioms: [propext, Classical.choice, Quot.sound]
2026-09-19T08:29:52.6281219Z info: NLA/MF14Degree44/Mod3Columns1.lean:47:0: 'NLA.MF14Degree44.Mod3Certificate.column_table_match_6' depends on axioms: [propext, Classical.choice, Quot.sound]
2026-09-19T08:29:52.6282623Z info: NLA/MF14Degree44/Mod3Columns1.lean:67:0: 'NLA.MF14Degree44.Mod3Certificate.column_table_match_7' depends on axioms: [propext, Classical.choice, Quot.sound]
2026-09-19T08:29:52.6283599Z info: NLA/MF14Degree44/Mod3Columns1.lean:87:0: 'NLA.MF14Degree44.Mod3Certificate.column_table_match_8' depends on axioms: [propext, Classical.choice, Quot.sound]
2026-09-19T08:29:52.6284740Z info: NLA/MF14Degree44/Mod3Columns1.lean:107:0: 'NLA.MF14Degree44.Mod3Certificate.column_table_match_9' depends on axioms: [propext, Classical.choice, Quot.sound]
2026-09-19T08:29:53.0288016Z ℹ [3579/3705] Built NLA.MF14Degree44.Mod3Columns0 (5.0s)
2026-09-19T08:29:53.0289050Z info: NLA/MF14Degree44/Mod3Columns0.lean:27:0: 'NLA.MF14Degree44.Mod3Certificate.column_table_match_0' depends on axioms: [propext, Classical.choice, Quot.sound]
2026-09-19T08:29:53.0290248Z info: NLA/MF14Degree44/Mod3Columns0.lean:47:0: 'NLA.MF14Degree44.Mod3Certificate.column_table_match_1' depends on axioms: [propext, Classical.choice, Quot.sound]
2026-09-19T08:29:53.0291333Z info: NLA/MF14Degree44/Mod3Columns0.lean:67:0: 'NLA.MF14Degree44.Mod3Certificate.column_table_match_2' depends on axioms: [propext, Classical.choice, Quot.sound]
2026-09-19T08:29:53.0292396Z info: NLA/MF14Degree44/Mod3Columns0.lean:87:0: 'NLA.MF14Degree44.Mod3Certificate.column_table_match_3' depends on axioms: [propext, Classical.choice, Quot.sound]
2026-09-19T08:29:53.0293537Z info: NLA/MF14Degree44/Mod3Columns0.lean:107:0: 'NLA.MF14Degree44.Mod3Certificate.column_table_match_4' depends on axioms: [propext, Classical.choice, Quot.sound]
2026-09-19T08:29:55.3311280Z ✔ [3580/3705] Built LeanCert.Engine.FinSumDyadic (3.8s)
2026-09-19T08:29:55.6317241Z ✔ [3581/3705] Built LeanCert.Validity.DyadicBounds (2.0s)
2026-09-19T08:29:55.9325533Z ✔ [3582/3705] Built LeanCert.Engine.IntervalEvalAffine (4.4s)
2026-09-19T08:29:56.0375103Z ℹ [3583/3706] Built NLA.MF14Degree44.FamilyDegreeBounds (3.0s)
2026-09-19T08:29:56.0376714Z info: NLA/MF14Degree44/FamilyDegreeBounds.lean:40:0: 'NLA.MF14Degree44.family_degree_and_full_vector' depends on axioms: [propext, Classical.choice, Quot.sound]
2026-09-19T08:29:57.9435447Z ✔ [3584/3707] Built LeanCert.Engine.Search.Heuristic (2.3s)
2026-09-19T08:29:59.0448534Z ✔ [3585/3707] Built LeanCert.Engine.RootFinding.Bisection (3.6s)
2026-09-19T08:29:59.7460891Z ℹ [3586/3707] Built NLA.MF14Degree44.Mod3Columns6 (3.6s)
2026-09-19T08:29:59.7462422Z info: NLA/MF14Degree44/Mod3Columns6.lean:27:0: 'NLA.MF14Degree44.Mod3Certificate.column_table_match_30' depends on axioms: [propext, Classical.choice, Quot.sound]
2026-09-19T08:29:59.7463650Z info: NLA/MF14Degree44/Mod3Columns6.lean:47:0: 'NLA.MF14Degree44.Mod3Certificate.column_table_match_31' depends on axioms: [propext, Classical.choice, Quot.sound]
2026-09-19T08:29:59.7465062Z info: NLA/MF14Degree44/Mod3Columns6.lean:67:0: 'NLA.MF14Degree44.Mod3Certificate.column_table_match_32' depends on axioms: [propext, Classical.choice, Quot.sound]
2026-09-19T08:29:59.7466230Z info: NLA/MF14Degree44/Mod3Columns6.lean:87:0: 'NLA.MF14Degree44.Mod3Certificate.column_table_match_33' depends on axioms: [propext, Classical.choice, Quot.sound]
2026-09-19T08:29:59.7467463Z info: NLA/MF14Degree44/Mod3Columns6.lean:107:0: 'NLA.MF14Degree44.Mod3Certificate.column_table_match_34' depends on axioms: [propext, Classical.choice, Quot.sound]
2026-09-19T08:30:00.3490514Z ℹ [3587/3707] Built NLA.MF14Degree44.Mod3Columns5 (4.4s)
2026-09-19T08:30:00.3492186Z info: NLA/MF14Degree44/Mod3Columns5.lean:27:0: 'NLA.MF14Degree44.Mod3Certificate.column_table_match_25' depends on axioms: [propext, Classical.choice, Quot.sound]
2026-09-19T08:30:00.3493333Z info: NLA/MF14Degree44/Mod3Columns5.lean:47:0: 'NLA.MF14Degree44.Mod3Certificate.column_table_match_26' depends on axioms: [propext, Classical.choice, Quot.sound]
2026-09-19T08:30:00.3494621Z info: NLA/MF14Degree44/Mod3Columns5.lean:67:0: 'NLA.MF14Degree44.Mod3Certificate.column_table_match_27' depends on axioms: [propext, Classical.choice, Quot.sound]
2026-09-19T08:30:00.3495918Z info: NLA/MF14Degree44/Mod3Columns5.lean:87:0: 'NLA.MF14Degree44.Mod3Certificate.column_table_match_28' depends on axioms: [propext, Classical.choice, Quot.sound]
2026-09-19T08:30:00.3496983Z info: NLA/MF14Degree44/Mod3Columns5.lean:107:0: 'NLA.MF14Degree44.Mod3Certificate.column_table_match_29' depends on axioms: [propext, Classical.choice, Quot.sound]
2026-09-19T08:30:01.4507119Z ✔ [3588/3707] Built LeanCert.Engine.AD.Transcendental (3.5s)
2026-09-19T08:30:01.7506345Z ✔ [3589/3707] Built LeanCert.Engine.TaylorModel.Integral (2.8s)
2026-09-19T08:30:01.9504290Z ✔ [3590/3707] Built LeanCert.Engine.TaylorModel.Special (2.2s)
2026-09-19T08:30:06.7778020Z ✔ [3591/3707] Built LeanCert.Engine.WitnessSum (4.8s)
2026-09-19T08:30:08.5799326Z ✔ [3592/3707] Built LeanCert.Engine.TaylorModel.ExpLog (7.1s)
2026-09-19T08:30:10.6817082Z ✔ [3593/3707] Built LeanCert.Engine.TaylorModel.Trig (8.9s)
2026-09-19T08:30:10.7808020Z ✔ [3594/3708] Built LeanCert.Engine.Affine.Environment (4.1s)
2026-09-19T08:30:11.2815920Z ✔ [3595/3709] Built LeanCert.Engine.TaylorModel.Hyperbolic (10s)
2026-09-19T08:30:11.4857897Z ℹ [3596/3709] Built NLA.MF14Degree44.CoverageBridge (2.9s)
2026-09-19T08:30:11.4859360Z info: NLA/MF14Degree44/CoverageBridge.lean:67:0: 'NLA.MF14Degree44.degree_plane44_reconstruction' depends on axioms: [propext, Classical.choice, Quot.sound]
2026-09-19T08:30:11.4860541Z info: NLA/MF14Degree44/CoverageBridge.lean:69:0: 'NLA.MF14Degree44.embed44_polynomial_pullback' depends on axioms: [propext, Classical.choice, Quot.sound]
2026-09-19T08:30:11.4861649Z info: NLA/MF14Degree44/CoverageBridge.lean:71:0: 'NLA.MF14Degree44.degree44_coverage_of_density_and_image' depends on axioms: [propext, Classical.choice, Quot.sound]
2026-09-19T08:30:11.4862794Z info: NLA/MF14Degree44/CoverageBridge.lean:73:0: 'NLA.MF14Degree44.original_equality_false_of_coverage44' depends on axioms: [propext, Classical.choice, Quot.sound]
2026-09-19T08:30:13.2880475Z ✔ [3597/3710] Built LeanCert.Engine.AD.Eval (2.0s)
2026-09-19T08:30:14.3929434Z ⚠ [3598/3710] Built NLA.MF14Degree44.Mod3Columns7 (3.6s)
2026-09-19T08:30:14.3931999Z info: NLA/MF14Degree44/Mod3Columns7.lean:27:0: 'NLA.MF14Degree44.Mod3Certificate.column_table_match_35' depends on axioms: [propext, Classical.choice, Quot.sound]
2026-09-19T08:30:14.3933107Z warning: NLA/MF14Degree44/Mod3Columns7.lean:45:13: This simp argument is unused:
2026-09-19T08:30:14.3933658Z   coeff_add
2026-09-19T08:30:14.3933850Z 
2026-09-19T08:30:14.3934353Z Hint: Omit it from the simp argument list.
2026-09-19T08:30:14.3934802Z   [apply] simp only [coeff_C_mul_X_pow]
2026-09-19T08:30:14.3935139Z 
2026-09-19T08:30:14.3935469Z Note: This linter can be disabled with `set_option linter.unusedSimpArgs false`
2026-09-19T08:30:14.3936387Z info: NLA/MF14Degree44/Mod3Columns7.lean:47:0: 'NLA.MF14Degree44.Mod3Certificate.column_table_match_36' depends on axioms: [propext, Classical.choice, Quot.sound]
2026-09-19T08:30:14.3937312Z warning: NLA/MF14Degree44/Mod3Columns7.lean:65:13: This simp argument is unused:
2026-09-19T08:30:14.3937737Z   coeff_add
2026-09-19T08:30:14.3937968Z 
2026-09-19T08:30:14.3938212Z Hint: Omit it from the simp argument list.
2026-09-19T08:30:14.3938658Z   [apply] simp only [coeff_C_mul_X_pow]
2026-09-19T08:30:14.3938948Z 
2026-09-19T08:30:14.3939271Z Note: This linter can be disabled with `set_option linter.unusedSimpArgs false`
2026-09-19T08:30:14.3940200Z info: NLA/MF14Degree44/Mod3Columns7.lean:67:0: 'NLA.MF14Degree44.Mod3Certificate.column_table_match_37' depends on axioms: [propext, Classical.choice, Quot.sound]
2026-09-19T08:30:14.3941104Z warning: NLA/MF14Degree44/Mod3Columns7.lean:85:13: This simp argument is unused:
2026-09-19T08:30:14.3941618Z   coeff_add
2026-09-19T08:30:14.3941835Z 
2026-09-19T08:30:14.3942043Z Hint: Omit it from the simp argument list.
2026-09-19T08:30:14.3942475Z   [apply] simp only [coeff_C_mul_X_pow]
2026-09-19T08:30:14.3942756Z 
2026-09-19T08:30:14.3943086Z Note: This linter can be disabled with `set_option linter.unusedSimpArgs false`
2026-09-19T08:30:14.3944476Z info: NLA/MF14Degree44/Mod3Columns7.lean:87:0: 'NLA.MF14Degree44.Mod3Certificate.column_table_match_38' depends on axioms: [propext, Classical.choice, Quot.sound]
2026-09-19T08:30:14.3945599Z info: NLA/MF14Degree44/Mod3Columns7.lean:107:0: 'NLA.MF14Degree44.Mod3Certificate.column_table_match_39' depends on axioms: [propext, Classical.choice, Quot.sound]
2026-09-19T08:30:14.6949378Z ⚠ [3599/3711] Built NLA.MF14Degree44.Mod3Columns8 (3.8s)
2026-09-19T08:30:14.6951249Z warning: NLA/MF14Degree44/Mod3Columns8.lean:25:13: This simp argument is unused:
2026-09-19T08:30:14.6952050Z   coeff_add
2026-09-19T08:30:14.6952249Z 
2026-09-19T08:30:14.6952471Z Hint: Omit it from the simp argument list.
2026-09-19T08:30:14.6952843Z   [apply] simp only [coeff_C_mul_X_pow]
2026-09-19T08:30:14.6953106Z 
2026-09-19T08:30:14.6953405Z Note: This linter can be disabled with `set_option linter.unusedSimpArgs false`
2026-09-19T08:30:14.6954463Z info: NLA/MF14Degree44/Mod3Columns8.lean:27:0: 'NLA.MF14Degree44.Mod3Certificate.column_table_match_40' depends on axioms: [propext, Classical.choice, Quot.sound]
2026-09-19T08:30:14.6955616Z warning: NLA/MF14Degree44/Mod3Columns8.lean:45:13: This simp argument is unused:
2026-09-19T08:30:14.6956202Z   coeff_add
2026-09-19T08:30:14.6956405Z 
2026-09-19T08:30:14.6956595Z Hint: Omit it from the simp argument list.
2026-09-19T08:30:14.6956979Z   [apply] simp only [coeff_C_mul_X_pow]
2026-09-19T08:30:14.6957214Z 
2026-09-19T08:30:14.6957511Z Note: This linter can be disabled with `set_option linter.unusedSimpArgs false`
2026-09-19T08:30:14.6958379Z info: NLA/MF14Degree44/Mod3Columns8.lean:47:0: 'NLA.MF14Degree44.Mod3Certificate.column_table_match_41' depends on axioms: [propext, Classical.choice, Quot.sound]
2026-09-19T08:30:14.6959239Z warning: NLA/MF14Degree44/Mod3Columns8.lean:65:13: This simp argument is unused:
2026-09-19T08:30:14.6959697Z   coeff_add
2026-09-19T08:30:14.6959896Z 
2026-09-19T08:30:14.6960089Z Hint: Omit it from the simp argument list.
2026-09-19T08:30:14.6960467Z   [apply] simp only [coeff_C_mul_X_pow]
2026-09-19T08:30:14.6960712Z 
2026-09-19T08:30:14.6961024Z Note: This linter can be disabled with `set_option linter.unusedSimpArgs false`
2026-09-19T08:30:14.6961851Z info: NLA/MF14Degree44/Mod3Columns8.lean:67:0: 'NLA.MF14Degree44.Mod3Certificate.column_table_match_42' depends on axioms: [propext, Classical.choice, Quot.sound]
2026-09-19T08:30:14.6963009Z info: NLA/MF14Degree44/Mod3Columns8.lean:87:0: 'NLA.MF14Degree44.Mod3Certificate.column_table_match_43' depends on axioms: [propext, Classical.choice, Quot.sound]
2026-09-19T08:30:14.6964320Z info: NLA/MF14Degree44/Mod3Columns8.lean:107:0: 'NLA.MF14Degree44.Mod3Certificate.column_table_match_44' depends on axioms: [propext, Classical.choice, Quot.sound]
2026-09-19T08:30:15.2937564Z ✔ [3600/3711] Built LeanCert.Engine.TaylorModel.Functions (1.9s)
2026-09-19T08:30:17.5982611Z ✔ [3601/3712] Built LeanCert.Engine.AD.Correctness (2.9s)
2026-09-19T08:30:27.1106397Z ℹ [3602/3713] Built NLA.MF14Degree44.Mod3Rows0 (15s)
2026-09-19T08:30:27.1107879Z info: NLA/MF14Degree44/Mod3Rows0.lean:16:0: 'NLA.MF14Degree44.Mod3Certificate.natural_inverse_row_0' depends on axioms: [propext]
2026-09-19T08:30:27.1108936Z info: NLA/MF14Degree44/Mod3Rows0.lean:25:0: 'NLA.MF14Degree44.Mod3Certificate.natural_inverse_row_1' depends on axioms: [propext]
2026-09-19T08:30:27.1110010Z info: NLA/MF14Degree44/Mod3Rows0.lean:34:0: 'NLA.MF14Degree44.Mod3Certificate.natural_inverse_row_2' depends on axioms: [propext]
2026-09-19T08:30:27.1111053Z info: NLA/MF14Degree44/Mod3Rows0.lean:43:0: 'NLA.MF14Degree44.Mod3Certificate.natural_inverse_row_3' depends on axioms: [propext]
2026-09-19T08:30:27.1112067Z info: NLA/MF14Degree44/Mod3Rows0.lean:52:0: 'NLA.MF14Degree44.Mod3Certificate.natural_inverse_row_4' depends on axioms: [propext]
2026-09-19T08:30:30.7169414Z ℹ [3603/3713] Built NLA.MF14Degree44.Mod3Rows1 (16s)
2026-09-19T08:30:30.7170746Z info: NLA/MF14Degree44/Mod3Rows1.lean:16:0: 'NLA.MF14Degree44.Mod3Certificate.natural_inverse_row_5' depends on axioms: [propext]
2026-09-19T08:30:30.7171724Z info: NLA/MF14Degree44/Mod3Rows1.lean:25:0: 'NLA.MF14Degree44.Mod3Certificate.natural_inverse_row_6' depends on axioms: [propext]
2026-09-19T08:30:30.7172899Z info: NLA/MF14Degree44/Mod3Rows1.lean:34:0: 'NLA.MF14Degree44.Mod3Certificate.natural_inverse_row_7' depends on axioms: [propext]
2026-09-19T08:30:30.7173752Z info: NLA/MF14Degree44/Mod3Rows1.lean:43:0: 'NLA.MF14Degree44.Mod3Certificate.natural_inverse_row_8' depends on axioms: [propext]
2026-09-19T08:30:30.7174789Z info: NLA/MF14Degree44/Mod3Rows1.lean:52:0: 'NLA.MF14Degree44.Mod3Certificate.natural_inverse_row_9' depends on axioms: [propext]
2026-09-19T08:30:31.1176711Z ✔ [3604/3713] Built LeanCert.Engine.TaylorModel.Expr (4.0s)
2026-09-19T08:30:32.1170314Z ℹ [3605/3713] Built NLA.MF14Degree44.Mod3Rows2 (16s)
2026-09-19T08:30:32.1171622Z info: NLA/MF14Degree44/Mod3Rows2.lean:16:0: 'NLA.MF14Degree44.Mod3Certificate.natural_inverse_row_10' depends on axioms: [propext]
2026-09-19T08:30:32.1172747Z info: NLA/MF14Degree44/Mod3Rows2.lean:25:0: 'NLA.MF14Degree44.Mod3Certificate.natural_inverse_row_11' depends on axioms: [propext]
2026-09-19T08:30:32.1173835Z info: NLA/MF14Degree44/Mod3Rows2.lean:34:0: 'NLA.MF14Degree44.Mod3Certificate.natural_inverse_row_12' depends on axioms: [propext]
2026-09-19T08:30:32.1175155Z info: NLA/MF14Degree44/Mod3Rows2.lean:43:0: 'NLA.MF14Degree44.Mod3Certificate.natural_inverse_row_13' depends on axioms: [propext]
2026-09-19T08:30:32.1176178Z info: NLA/MF14Degree44/Mod3Rows2.lean:52:0: 'NLA.MF14Degree44.Mod3Certificate.natural_inverse_row_14' depends on axioms: [propext]
2026-09-19T08:30:33.8228805Z ✔ [3606/3714] Built LeanCert.Engine.AD.Computable (3.1s)
2026-09-19T08:30:34.7306738Z ℹ [3607/3715] Built NLA.MF14Degree44.Mod3Rows3 (17s)
2026-09-19T08:30:34.7308086Z info: NLA/MF14Degree44/Mod3Rows3.lean:16:0: 'NLA.MF14Degree44.Mod3Certificate.natural_inverse_row_15' depends on axioms: [propext]
2026-09-19T08:30:34.7309140Z info: NLA/MF14Degree44/Mod3Rows3.lean:25:0: 'NLA.MF14Degree44.Mod3Certificate.natural_inverse_row_16' depends on axioms: [propext]
2026-09-19T08:30:34.7310161Z info: NLA/MF14Degree44/Mod3Rows3.lean:34:0: 'NLA.MF14Degree44.Mod3Certificate.natural_inverse_row_17' depends on axioms: [propext]
2026-09-19T08:30:34.7311115Z info: NLA/MF14Degree44/Mod3Rows3.lean:43:0: 'NLA.MF14Degree44.Mod3Certificate.natural_inverse_row_18' depends on axioms: [propext]
2026-09-19T08:30:34.7312087Z info: NLA/MF14Degree44/Mod3Rows3.lean:52:0: 'NLA.MF14Degree44.Mod3Certificate.natural_inverse_row_19' depends on axioms: [propext]
2026-09-19T08:30:35.8316059Z ✔ [3608/3715] Built LeanCert.Engine.AD.PartialCorrectness (4.8s)
2026-09-19T08:30:36.6330149Z ✔ [3609/3715] Built LeanCert.Engine.TaylorModel (1.9s)
2026-09-19T08:30:38.7434166Z ✔ [3610/3716] Built LeanCert.Engine.AD.DomainChecked (2.9s)
2026-09-19T08:30:47.7556165Z ℹ [3611/3717] Built NLA.MF14Degree44.Mod3Rows4 (15s)
2026-09-19T08:30:47.7556869Z info: NLA/MF14Degree44/Mod3Rows4.lean:16:0: 'NLA.MF14Degree44.Mod3Certificate.natural_inverse_row_20' depends on axioms: [propext]
2026-09-19T08:30:47.7557787Z info: NLA/MF14Degree44/Mod3Rows4.lean:25:0: 'NLA.MF14Degree44.Mod3Certificate.natural_inverse_row_21' depends on axioms: [propext]
2026-09-19T08:30:47.7558640Z info: NLA/MF14Degree44/Mod3Rows4.lean:34:0: 'NLA.MF14Degree44.Mod3Certificate.natural_inverse_row_22' depends on axioms: [propext]
2026-09-19T08:30:47.7559477Z info: NLA/MF14Degree44/Mod3Rows4.lean:43:0: 'NLA.MF14Degree44.Mod3Certificate.natural_inverse_row_23' depends on axioms: [propext]
2026-09-19T08:30:47.7560313Z info: NLA/MF14Degree44/Mod3Rows4.lean:52:0: 'NLA.MF14Degree44.Mod3Certificate.natural_inverse_row_24' depends on axioms: [propext]
2026-09-19T08:30:49.7700254Z ℹ [3613/3723] Built NLA.MF14Degree44.Mod3Rows5 (15s)
2026-09-19T08:30:49.7701213Z info: NLA/MF14Degree44/Mod3Rows5.lean:16:0: 'NLA.MF14Degree44.Mod3Certificate.natural_inverse_row_25' depends on axioms: [propext]
2026-09-19T08:30:49.7702184Z info: NLA/MF14Degree44/Mod3Rows5.lean:25:0: 'NLA.MF14Degree44.Mod3Certificate.natural_inverse_row_26' depends on axioms: [propext]
2026-09-19T08:30:49.7703550Z info: NLA/MF14Degree44/Mod3Rows5.lean:34:0: 'NLA.MF14Degree44.Mod3Certificate.natural_inverse_row_27' depends on axioms: [propext]
2026-09-19T08:30:49.7704790Z info: NLA/MF14Degree44/Mod3Rows5.lean:43:0: 'NLA.MF14Degree44.Mod3Certificate.natural_inverse_row_28' depends on axioms: [propext]
2026-09-19T08:30:49.7705751Z info: NLA/MF14Degree44/Mod3Rows5.lean:52:0: 'NLA.MF14Degree44.Mod3Certificate.natural_inverse_row_29' depends on axioms: [propext]
2026-09-19T08:30:51.2747141Z ✔ [3614/3723] Built LeanCert.Engine.AD.Dyadic (3.5s)
2026-09-19T08:30:52.6805924Z ℹ [3615/3723] Built NLA.MF14Degree44.Mod3Rows6 (16s)
2026-09-19T08:30:52.6807271Z info: NLA/MF14Degree44/Mod3Rows6.lean:16:0: 'NLA.MF14Degree44.Mod3Certificate.natural_inverse_row_30' depends on axioms: [propext]
2026-09-19T08:30:52.6808308Z info: NLA/MF14Degree44/Mod3Rows6.lean:25:0: 'NLA.MF14Degree44.Mod3Certificate.natural_inverse_row_31' depends on axioms: [propext]
2026-09-19T08:30:52.6809294Z info: NLA/MF14Degree44/Mod3Rows6.lean:34:0: 'NLA.MF14Degree44.Mod3Certificate.natural_inverse_row_32' depends on axioms: [propext]
2026-09-19T08:30:52.6810327Z info: NLA/MF14Degree44/Mod3Rows6.lean:43:0: 'NLA.MF14Degree44.Mod3Certificate.natural_inverse_row_33' depends on axioms: [propext]
2026-09-19T08:30:52.6811322Z info: NLA/MF14Degree44/Mod3Rows6.lean:52:0: 'NLA.MF14Degree44.Mod3Certificate.natural_inverse_row_34' depends on axioms: [propext]
2026-09-19T08:30:53.7820334Z ℹ [3616/3723] Built NLA.MF14Degree44.Mod3CastBridge (2.5s)
2026-09-19T08:30:53.7821833Z info: NLA/MF14Degree44/Mod3CastBridge.lean:26:0: 'NLA.MF14Degree44.Mod3Certificate.product_entry_cast' depends on axioms: [propext, Classical.choice, Quot.sound]
2026-09-19T08:30:53.7823147Z info: NLA/MF14Degree44/Mod3CastBridge.lean:28:0: 'NLA.MF14Degree44.Mod3Certificate.matrix_entry_of_natural_residue' depends on axioms: [propext,
2026-09-19T08:30:53.7823775Z  Classical.choice,
2026-09-19T08:30:53.7824322Z  Quot.sound]
2026-09-19T08:30:54.3827111Z ✔ [3617/3723] Built LeanCert.Engine.AD (1.7s)
2026-09-19T08:30:54.8834749Z ℹ [3618/3723] Built NLA.MF14Degree44.Mod3Rows7 (16s)
2026-09-19T08:30:54.8836317Z info: NLA/MF14Degree44/Mod3Rows7.lean:16:0: 'NLA.MF14Degree44.Mod3Certificate.natural_inverse_row_35' depends on axioms: [propext]
2026-09-19T08:30:54.8837377Z info: NLA/MF14Degree44/Mod3Rows7.lean:25:0: 'NLA.MF14Degree44.Mod3Certificate.natural_inverse_row_36' depends on axioms: [propext]
2026-09-19T08:30:54.8838360Z info: NLA/MF14Degree44/Mod3Rows7.lean:34:0: 'NLA.MF14Degree44.Mod3Certificate.natural_inverse_row_37' depends on axioms: [propext]
2026-09-19T08:30:54.8839341Z info: NLA/MF14Degree44/Mod3Rows7.lean:43:0: 'NLA.MF14Degree44.Mod3Certificate.natural_inverse_row_38' depends on axioms: [propext]
2026-09-19T08:30:54.8840287Z info: NLA/MF14Degree44/Mod3Rows7.lean:52:0: 'NLA.MF14Degree44.Mod3Certificate.natural_inverse_row_39' depends on axioms: [propext]
2026-09-19T08:30:56.7913201Z ✔ [3619/3723] Built LeanCert.Validity.Bounds.Smart (2.5s)
2026-09-19T08:30:57.7926931Z ✔ [3620/3723] Built LeanCert.Meta.ProveSupported (2.9s)
2026-09-19T08:30:57.9936405Z ✔ [3621/3723] Built LeanCert.Engine.IntervalEvalRefined (3.6s)
2026-09-19T08:31:00.3078485Z ✔ [3622/3723] Built LeanCert.Validity.Bounds.Bridge (2.5s)
2026-09-19T08:31:01.6117820Z ✔ [3623/3723] Built LeanCert.Engine.Optimize (4.8s)
2026-09-19T08:31:01.7121510Z ✔ [3624/3723] Built LeanCert.Meta.ProveContinuous (3.7s)
2026-09-19T08:31:03.9168823Z ✔ [3625/3723] Built LeanCert.Validity.Bounds.Basic (2.3s)
2026-09-19T08:31:04.5188471Z ✔ [3626/3723] Built LeanCert.Tactic.IntervalAuto.ProveCommon (4.3s)
2026-09-19T08:31:06.3216381Z ℹ [3627/3723] Built NLA.MF14Degree44.Mod3Rows8 (16s)
2026-09-19T08:31:06.3218052Z info: NLA/MF14Degree44/Mod3Rows8.lean:16:0: 'NLA.MF14Degree44.Mod3Certificate.natural_inverse_row_40' depends on axioms: [propext]
2026-09-19T08:31:06.3218932Z info: NLA/MF14Degree44/Mod3Rows8.lean:25:0: 'NLA.MF14Degree44.Mod3Certificate.natural_inverse_row_41' depends on axioms: [propext]
2026-09-19T08:31:06.3219886Z info: NLA/MF14Degree44/Mod3Rows8.lean:34:0: 'NLA.MF14Degree44.Mod3Certificate.natural_inverse_row_42' depends on axioms: [propext]
2026-09-19T08:31:06.3220964Z info: NLA/MF14Degree44/Mod3Rows8.lean:43:0: 'NLA.MF14Degree44.Mod3Certificate.natural_inverse_row_43' depends on axioms: [propext]
2026-09-19T08:31:06.3221968Z info: NLA/MF14Degree44/Mod3Rows8.lean:52:0: 'NLA.MF14Degree44.Mod3Certificate.natural_inverse_row_44' depends on axioms: [propext]
2026-09-19T08:31:06.4208157Z ✔ [3628/3723] Built LeanCert.Engine.Optimization.Gradient (4.7s)
2026-09-19T08:31:07.8268425Z ✔ [3629/3723] Built LeanCert.Engine.RootFinding.Newton (3.8s)
2026-09-19T08:31:09.0589654Z ✔ [3630/3723] Built LeanCert.Tactic.IntervalAuto.Basic (2.6s)
2026-09-19T08:31:09.1581981Z ✔ [3631/3723] Built LeanCert.Validity.Integration (4.6s)
2026-09-19T08:31:09.2697941Z ✔ [3632/3723] Built LeanCert.Tactic.LeanCert.Bridge.ReifiedFunction (2.0s)
2026-09-19T08:31:11.0747950Z ℹ [3633/3723] Built NLA.MF14Degree44.Mod3Certificate (3.3s)
2026-09-19T08:31:11.0749350Z info: NLA/MF14Degree44/Mod3Certificate.lean:146:0: 'NLA.MF14Degree44.integerJacobian_eq_checked_table' depends on axioms: [propext, Classical.choice, Quot.sound]
2026-09-19T08:31:11.0750436Z info: NLA/MF14Degree44/Mod3Certificate.lean:148:0: 'NLA.MF14Degree44.mod3_checked_table_inverse' depends on axioms: [propext, Classical.choice, Quot.sound]
2026-09-19T08:31:11.0751488Z info: NLA/MF14Degree44/Mod3Certificate.lean:150:0: 'NLA.MF14Degree44.integerJacobianMod3_eq_checked_table' depends on axioms: [propext, Classical.choice, Quot.sound]
2026-09-19T08:31:11.0752559Z info: NLA/MF14Degree44/Mod3Certificate.lean:152:0: 'NLA.MF14Degree44.integer_jacobian_mod3_inverse' depends on axioms: [propext, Classical.choice, Quot.sound]
2026-09-19T08:31:15.5917902Z ✔ [3634/3723] Built LeanCert.Engine.RootFinding.Krawczyk (6.4s)
2026-09-19T08:31:16.8929501Z ✔ [3635/3723] Built LeanCert.Engine.RootFinding.MVTBounds (7.6s)
2026-09-19T08:31:20.0011219Z ✔ [3636/3723] Built LeanCert.Tactic.LeanCert.Integral (8.9s)
2026-09-19T08:31:20.3027465Z ✔ [3637/3723] Built LeanCert.Tactic.LeanCert.Semantic.Prepare (4.7s)
2026-09-19T08:31:20.9021396Z ℹ [3638/3723] Built NLA.MF14Degree44.JacobianNonzero (4.1s)
2026-09-19T08:31:20.9023330Z info: NLA/MF14Degree44/JacobianNonzero.lean:39:0: 'NLA.MF14Degree44.integer_jacobian_det_ne_zero' depends on axioms: [propext, Classical.choice, Quot.sound]
2026-09-19T08:31:20.9024816Z info: NLA/MF14Degree44/JacobianNonzero.lean:41:0: 'NLA.MF14Degree44.complex_integer_jacobian_det_ne_zero' depends on axioms: [propext, Classical.choice, Quot.sound]
2026-09-19T08:31:22.7031671Z ✔ [3639/3723] Built LeanCert.Validity.Krawczyk (2.3s)
2026-09-19T08:31:22.9053429Z ✔ [3640/3723] Built LeanCert.Engine.RootFinding.KrawczykCandidate (2.9s)
2026-09-19T08:31:25.2091357Z ✔ [3641/3723] Built LeanCert.Engine.RootFinding.Contraction (4.3s)
2026-09-19T08:31:27.4179916Z ✔ [3642/3723] Built LeanCert.Engine.Optimization.Global (18s)
2026-09-19T08:31:27.4186694Z ✔ [3643/3723] Built LeanCert.Tactic.LeanCert.Solver.Protocol (4.5s)
2026-09-19T08:31:27.6178659Z ✔ [3644/3723] Built LeanCert.Engine.RootFinding.Main (2.5s)
2026-09-19T08:31:28.7258544Z ✔ [3645/3723] Built LeanCert.Tactic.Extension.Execute (6.0s)
2026-09-19T08:31:30.0262501Z ✔ [3646/3723] Built LeanCert.Validity.Types (2.6s)
2026-09-19T08:31:30.0264355Z ✔ [3647/3723] Built LeanCert.Engine.Optimization.Guided (2.4s)
2026-09-19T08:31:30.3268819Z ✔ [3648/3723] Built LeanCert.Tactic.LeanCert.Diagnostic.Render (2.9s)
2026-09-19T08:31:31.0294608Z ✔ [3649/3723] Built LeanCert.Engine.Search.CounterExample (2.3s)
2026-09-19T08:31:32.4367382Z ✔ [3650/3723] Built LeanCert.Engine.Optimization.BoundVerify (2.5s)
2026-09-19T08:31:32.7371576Z ✔ [3651/3723] Built LeanCert.Tactic.Enclosure (2.5s)
2026-09-19T08:31:34.0426221Z ✔ [3652/3723] Built LeanCert.Validity.Bounds (4.0s)
2026-09-19T08:31:36.9469527Z ✔ [3653/3723] Built LeanCert.Discovery.Find (2.8s)
2026-09-19T08:31:37.1460274Z ✔ [3654/3723] Built LeanCert.Tactic.IntervalAuto.OptBound (3.1s)
2026-09-19T08:31:38.6501809Z ✔ [3655/3723] Built LeanCert.Tactic.IntervalAuto.Multivariate (4.6s)
2026-09-19T08:31:39.4520685Z ✔ [3656/3723] Built LeanCert.Tactic.IntervalAuto.RootBound (2.5s)
2026-09-19T08:31:44.4561756Z ✔ [3657/3723] Built LeanCert.Tactic.IntervalAuto.Bound (10s)
2026-09-19T08:31:48.3662338Z ✔ [3658/3723] Built LeanCert.Tactic.IntervalAuto.Subdiv (3.0s)
2026-09-19T08:31:48.8669917Z ✔ [3659/3723] Built LeanCert.Tactic.IntervalAuto.Adaptive (4.4s)
2026-09-19T08:31:50.5685155Z ✔ [3660/3723] Built LeanCert.Tactic.IntervalAuto.PointIneq (6.2s)
2026-09-19T08:31:52.1715798Z ✔ [3661/3723] Built LeanCert.Tactic.IntervalAuto (1.6s)
2026-09-19T08:31:54.4729821Z ✔ [3662/3723] Built LeanCert.Tactic.Refute (2.2s)
2026-09-19T08:31:55.9794509Z ✔ [3663/3723] Built LeanCert.Tactic.FinSumWitness (3.8s)
2026-09-19T08:31:58.8877950Z ✔ [3664/3723] Built LeanCert.Tactic.FinSumBound (2.9s)
2026-09-19T08:32:01.0938202Z ✔ [3665/3723] Built LeanCert.Tactic.LeanCert.Semantic.Parse (2.2s)
2026-09-19T08:32:01.3936730Z ✔ [3666/3723] Built LeanCert.Tactic.Discovery (9.1s)
2026-09-19T08:32:03.3951354Z ✔ [3667/3723] Built LeanCert.Tactic.Krawczyk (2.3s)
2026-09-19T08:32:08.6011422Z ✔ [3668/3723] Built LeanCert.Tactic.LeanCert.Router (5.2s)
2026-09-19T08:32:10.4034186Z ✔ [3669/3723] Built LeanCert.Tactic.LeanCert (1.8s)
2026-09-19T08:32:12.1065932Z ✔ [3670/3723] Built LeanCert.Tactic (1.8s)
2026-09-19T08:32:15.0178134Z ℹ [3671/3723] Built NLA.MF14Degree44.SyzygyFactors (2.8s)
2026-09-19T08:32:15.0180922Z info: NLA/MF14Degree44/SyzygyFactors.lean:25:0: 'NLA.MF14Degree44.syzygy_third_factor' depends on axioms: [propext, Classical.choice, Quot.sound]
2026-09-19T08:32:15.0181914Z info: NLA/MF14Degree44/SyzygyFactors.lean:27:0: 'NLA.MF14Degree44.syzygy_fourth_factor' depends on axioms: [propext, Classical.choice, Quot.sound]
2026-09-19T08:32:15.2170614Z ℹ [3672/3723] Built NLA.MF14Degree44.SyzygyMiddle7 (3.1s)
2026-09-19T08:32:15.2172024Z info: NLA/MF14Degree44/SyzygyMiddle7.lean:20:0: 'NLA.MF14Degree44.syzygy_middle7_zero' depends on axioms: [propext, Classical.choice, Quot.sound]
2026-09-19T08:32:15.2176032Z ℹ [3673/3723] Built NLA.MF14Degree44.SyzygyMiddle10 (3.1s)
2026-09-19T08:32:15.2177029Z info: NLA/MF14Degree44/SyzygyMiddle10.lean:20:0: 'NLA.MF14Degree44.syzygy_middle10_zero' depends on axioms: [propext, Classical.choice, Quot.sound]
2026-09-19T08:32:15.8179808Z ⚠ [3674/3723] Built NLA.MF14Degree44.SyzygyExpansion (3.7s)
2026-09-19T08:32:15.8181059Z warning: NLA/MF14Degree44/SyzygyExpansion.lean:25:72: Used `tac1 <;> tac2` where `(tac1; tac2)` would suffice
2026-09-19T08:32:15.8181667Z 
2026-09-19T08:32:15.8182057Z Note: This linter can be disabled with `set_option linter.unnecessarySeqFocus false`
2026-09-19T08:32:15.8183095Z info: NLA/MF14Degree44/SyzygyExpansion.lean:27:0: 'NLA.MF14Degree44.syzygy_polynomial_expansion' depends on axioms: [propext, Classical.choice, Quot.sound]
2026-09-19T08:32:18.0222779Z ℹ [3675/3723] Built NLA.MF14Degree44.SyzygyMiddle9 (3.1s)
2026-09-19T08:32:18.0224120Z info: NLA/MF14Degree44/SyzygyMiddle9.lean:20:0: 'NLA.MF14Degree44.syzygy_middle9_zero' depends on axioms: [propext, Classical.choice, Quot.sound]
2026-09-19T08:32:18.0227856Z ℹ [3676/3723] Built NLA.MF14Degree44.SyzygyLowPart (2.8s)
2026-09-19T08:32:18.0228691Z info: NLA/MF14Degree44/SyzygyLowPart.lean:58:0: 'NLA.MF14Degree44.lowPart6_coeff' depends on axioms: [propext, Classical.choice, Quot.sound]
2026-09-19T08:32:18.0229637Z info: NLA/MF14Degree44/SyzygyLowPart.lean:60:0: 'NLA.MF14Degree44.syzygy_low_part_high_coeff' depends on axioms: [propext, Classical.choice, Quot.sound]
2026-09-19T08:32:18.0230582Z info: NLA/MF14Degree44/SyzygyLowPart.lean:62:0: 'NLA.MF14Degree44.scaled_degenerationZ_low_coeff' depends on axioms: [propext, Classical.choice, Quot.sound]
2026-09-19T08:32:18.2857615Z ℹ [3677/3723] Built NLA.MF14Degree44.SyzygyMiddle8 (3.1s)
2026-09-19T08:32:18.2858898Z info: NLA/MF14Degree44/SyzygyMiddle8.lean:20:0: 'NLA.MF14Degree44.syzygy_middle8_zero' depends on axioms: [propext, Classical.choice, Quot.sound]
2026-09-19T08:32:18.8872059Z ⚠ [3678/3723] Built NLA.MF14Degree44.DegenerationAtZero (3.1s)
2026-09-19T08:32:18.8873590Z warning: NLA/MF14Degree44/DegenerationAtZero.lean:21:97: Used `tac1 <;> tac2` where `(tac1; tac2)` would suffice
2026-09-19T08:32:18.8874277Z 
2026-09-19T08:32:18.8874607Z Note: This linter can be disabled with `set_option linter.unnecessarySeqFocus false`
2026-09-19T08:32:18.8875487Z info: NLA/MF14Degree44/DegenerationAtZero.lean:23:0: 'NLA.MF14Degree44.degeneration_at_zero' depends on axioms: [propext, Classical.choice, Quot.sound]
2026-09-19T08:32:21.0941914Z ℹ [3679/3723] Built NLA.MF14Degree44.PolynomialDensity (3.0s)
2026-09-19T08:32:21.0943754Z info: NLA/MF14Degree44/PolynomialDensity.lean:47:0: 'NLA.MF14Degree44.polynomial_density_of_strict_derivative' depends on axioms: [propext, Classical.choice, Quot.sound]
2026-09-19T08:32:21.4945356Z ✔ [3680/3723] Built NLA.MF14Degree44.CoefficientSmooth (3.2s)
2026-09-19T08:32:21.4948544Z ✔ [3681/3723] Built NLA.MF14Degree44.FirstDerivatives (3.4s)
2026-09-19T08:32:22.2953279Z ℹ [3682/3723] Built NLA.MF14Degree44.ThirdProductFactorization (3.4s)
2026-09-19T08:32:22.2955122Z info: NLA/MF14Degree44/ThirdProductFactorization.lean:24:0: 'NLA.MF14Degree44.third_product_factorization' depends on axioms: [propext, Classical.choice, Quot.sound]
2026-09-19T08:32:24.0075690Z ℹ [3683/3723] Built NLA.MF14Degree44.CircuitPrefix (2.9s)
2026-09-19T08:32:24.0077094Z info: NLA/MF14Degree44/CircuitPrefix.lean:78:0: 'NLA.MF14Degree44.canonical_gate_padding' depends on axioms: [propext, Classical.choice, Quot.sound]
2026-09-19T08:32:24.0078133Z info: NLA/MF14Degree44/CircuitPrefix.lean:80:0: 'NLA.MF14Degree44.prefix_gate_natDegree_bound' depends on axioms: [propext, Classical.choice, Quot.sound]
2026-09-19T08:32:24.0079265Z info: NLA/MF14Degree44/CircuitPrefix.lean:82:0: 'NLA.MF14Degree44.prefix_available_natDegree' depends on axioms: [propext, Classical.choice, Quot.sound]
2026-09-19T08:32:24.0080309Z info: NLA/MF14Degree44/CircuitPrefix.lean:84:0: 'NLA.MF14Degree44.four_prefix_full_coefficients' depends on axioms: [propext, Classical.choice, Quot.sound]
2026-09-19T08:32:25.0089426Z ⚠ [3684/3723] Built NLA.MF14Degree44.DegenerationIdentity (3.6s)
2026-09-19T08:32:25.0090940Z warning: NLA/MF14Degree44/DegenerationIdentity.lean:26:51: This simp argument is unused:
2026-09-19T08:32:25.0091400Z   map_sub
2026-09-19T08:32:25.0091583Z 
2026-09-19T08:32:25.0091760Z Hint: Omit it from the simp argument list.
2026-09-19T08:32:25.0092316Z   [apply] simp [syzygyHighPartFor, syzygy_third_factor, syzygy_fourth_factor, syzygyR5, syzygyR6, degenerationZ,
2026-09-19T08:32:25.0092884Z     map_add, map_mul, map_pow, map_ofNat, map_neg]
2026-09-19T08:32:25.0093168Z 
2026-09-19T08:32:25.0093471Z Note: This linter can be disabled with `set_option linter.unusedSimpArgs false`
2026-09-19T08:32:25.0094275Z warning: NLA/MF14Degree44/DegenerationIdentity.lean:26:60: Used `tac1 <;> tac2` where `(tac1; tac2)` would suffice
2026-09-19T08:32:25.0094786Z 
2026-09-19T08:32:25.0095069Z Note: This linter can be disabled with `set_option linter.unnecessarySeqFocus false`
2026-09-19T08:32:25.0095833Z info: NLA/MF14Degree44/DegenerationIdentity.lean:55:0: 'NLA.MF14Degree44.degeneration_high_part' depends on axioms: [propext, Classical.choice, Quot.sound]
2026-09-19T08:32:25.0096793Z info: NLA/MF14Degree44/DegenerationIdentity.lean:57:0: 'NLA.MF14Degree44.degeneration_decomposition' depends on axioms: [propext, Classical.choice, Quot.sound]
2026-09-19T08:32:25.0097857Z info: NLA/MF14Degree44/DegenerationIdentity.lean:59:0: 'NLA.MF14Degree44.degeneration_low_part' depends on axioms: [propext, Classical.choice, Quot.sound]
2026-09-19T08:32:25.0098836Z info: NLA/MF14Degree44/DegenerationIdentity.lean:61:0: 'NLA.MF14Degree44.degeneration_identity' depends on axioms: [propext, Classical.choice, Quot.sound]
2026-09-19T08:32:25.3097070Z ℹ [3685/3723] Built NLA.MF14Degree44.JacobianEquivalence (3.0s)
2026-09-19T08:32:25.3098764Z info: NLA/MF14Degree44/JacobianEquivalence.lean:74:0: 'NLA.MF14Degree44.jacobianAt_eq_toMatrix' depends on axioms: [propext, Classical.choice, Quot.sound]
2026-09-19T08:32:25.3100309Z info: NLA/MF14Degree44/JacobianEquivalence.lean:76:0: 'NLA.MF14Degree44.jacobianAt_det_eq' depends on axioms: [propext, Classical.choice, Quot.sound]
2026-09-19T08:32:25.3101518Z info: NLA/MF14Degree44/JacobianEquivalence.lean:78:0: 'NLA.MF14Degree44.derivative_equivalence_of_jacobian_det_ne_zero' depends on axioms: [propext,
2026-09-19T08:32:25.3102312Z  Classical.choice,
2026-09-19T08:32:25.3102618Z  Quot.sound]
2026-09-19T08:32:25.3103298Z info: NLA/MF14Degree44/JacobianEquivalence.lean:80:0: 'NLA.MF14Degree44.derivative_bijective_of_jacobian_det_ne_zero' depends on axioms: [propext,
2026-09-19T08:32:25.3104341Z  Classical.choice,
2026-09-19T08:32:25.3104640Z  Quot.sound]
2026-09-19T08:32:25.3105425Z info: NLA/MF14Degree44/JacobianEquivalence.lean:82:0: 'NLA.MF14Degree44.polynomial_density_of_smooth_jacobian' depends on axioms: [propext, Classical.choice, Quot.sound]
2026-09-19T08:32:25.9383581Z ⚠ [3686/3723] Built NLA.MF14Degree44.FourthDeterminantBlocks (4.5s)
2026-09-19T08:32:25.9385316Z warning: NLA/MF14Degree44/FourthDeterminantBlocks.lean:50:6: Unused tactic linter: `norm_num` does nothing
2026-09-19T08:32:25.9385840Z 
2026-09-19T08:32:25.9386220Z Note: This linter can be disabled with `set_option linter.unusedTactic false`
2026-09-19T08:32:25.9386933Z warning: NLA/MF14Degree44/FourthDeterminantBlocks.lean:50:2: Used `tac1 <;> tac2` where `(tac1; tac2)` would suffice
2026-09-19T08:32:25.9387414Z 
2026-09-19T08:32:25.9387745Z Note: This linter can be disabled with `set_option linter.unnecessarySeqFocus false`
2026-09-19T08:32:25.9388473Z warning: NLA/MF14Degree44/FourthDeterminantBlocks.lean:51:2: Used `tac1 <;> tac2` where `(tac1; tac2)` would suffice
2026-09-19T08:32:25.9388944Z 
2026-09-19T08:32:25.9389261Z Note: This linter can be disabled with `set_option linter.unnecessarySeqFocus false`
2026-09-19T08:32:25.9390179Z info: NLA/MF14Degree44/FourthDeterminantBlocks.lean:53:0: 'NLA.MF14Degree44.det_fin_add_of_lower_left_zero' depends on axioms: [propext, Classical.choice, Quot.sound]
2026-09-19T08:32:25.9391275Z info: NLA/MF14Degree44/FourthDeterminantBlocks.lean:55:0: 'NLA.MF14Degree44.fourth_core_det' depends on axioms: [propext, Classical.choice, Quot.sound]
2026-09-19T08:32:29.6604476Z ℹ [3687/3723] Built NLA.MF14Degree44.FourthSmooth (3.7s)
2026-09-19T08:32:29.6606267Z info: NLA/MF14Degree44/FourthSmooth.lean:38:0: 'NLA.MF14Degree44.fourth_polynomial_coefficients_smooth' depends on axioms: [propext, Classical.choice, Quot.sound]
2026-09-19T08:32:29.6607513Z info: NLA/MF14Degree44/FourthSmooth.lean:40:0: 'NLA.MF14Degree44.fourth_map_smooth' depends on axioms: [propext, Classical.choice, Quot.sound]
2026-09-19T08:32:32.2642017Z ℹ [3688/3723] Built NLA.MF14Degree44.FourthJacobian (7.2s)
2026-09-19T08:32:32.2642669Z info: NLA/MF14Degree44/FourthJacobian.lean:81:0: 'NLA.MF14Degree44.fourth_first_jet_value' depends on axioms: [propext, Classical.choice, Quot.sound]
2026-09-19T08:32:32.2643387Z info: NLA/MF14Degree44/FourthJacobian.lean:83:0: 'NLA.MF14Degree44.fourth_first_jet_sound' depends on axioms: [propext, Classical.choice, Quot.sound]
2026-09-19T08:32:32.2645601Z info: NLA/MF14Degree44/FourthJacobian.lean:85:0: 'NLA.MF14Degree44.fourth_first_columns' depends on axioms: [propext, Classical.choice, Quot.sound]
2026-09-19T08:32:32.2646427Z info: NLA/MF14Degree44/FourthJacobian.lean:87:0: 'NLA.MF14Degree44.fourth_jacobian_identity' depends on axioms: [propext, Classical.choice, Quot.sound]
2026-09-19T08:32:32.7656043Z ℹ [3689/3723] Built NLA.MF14Degree44.CircuitSpanOperations (3.1s)
2026-09-19T08:32:32.7656852Z info: NLA/MF14Degree44/CircuitSpanOperations.lean:86:0: 'NLA.MF14Degree44.available_one' depends on axioms: [propext, Classical.choice, Quot.sound]
2026-09-19T08:32:32.7657935Z info: NLA/MF14Degree44/CircuitSpanOperations.lean:88:0: 'NLA.MF14Degree44.available_X' depends on axioms: [propext, Classical.choice, Quot.sound]
2026-09-19T08:32:32.7658887Z info: NLA/MF14Degree44/CircuitSpanOperations.lean:90:0: 'NLA.MF14Degree44.available_gate' depends on axioms: [propext, Classical.choice, Quot.sound]
2026-09-19T08:32:32.7660127Z info: NLA/MF14Degree44/CircuitSpanOperations.lean:92:0: 'NLA.MF14Degree44.polynomial_C_mul_mem' depends on axioms: [propext, Classical.choice, Quot.sound]
2026-09-19T08:32:32.7661163Z info: NLA/MF14Degree44/CircuitSpanOperations.lean:94:0: 'NLA.MF14Degree44.linearCombination_mem' depends on axioms: [propext, Classical.choice, Quot.sound]
2026-09-19T08:32:32.7662193Z info: NLA/MF14Degree44/CircuitSpanOperations.lean:96:0: 'NLA.MF14Degree44.append_product_to_prefix' depends on axioms: [propext, Classical.choice, Quot.sound]
2026-09-19T08:32:36.7728467Z ℹ [3690/3723] Built NLA.MF14Degree44.FamilySmooth (11s)
2026-09-19T08:32:36.7729655Z info: NLA/MF14Degree44/FamilySmooth.lean:133:0: 'NLA.MF14Degree44.continuation_basis_coefficients_smooth' depends on axioms: [propext, Classical.choice, Quot.sound]
2026-09-19T08:32:36.7730893Z info: NLA/MF14Degree44/FamilySmooth.lean:135:0: 'NLA.MF14Degree44.continuation_polynomial_coefficients_smooth' depends on axioms: [propext,
2026-09-19T08:32:36.7731675Z  Classical.choice,
2026-09-19T08:32:36.7732079Z  Quot.sound]
2026-09-19T08:32:36.7732862Z info: NLA/MF14Degree44/FamilySmooth.lean:137:0: 'NLA.MF14Degree44.family_quad_coefficients_smooth' depends on axioms: [propext, Classical.choice, Quot.sound]
2026-09-19T08:32:36.7734227Z info: NLA/MF14Degree44/FamilySmooth.lean:139:0: 'NLA.MF14Degree44.family_polynomial_coefficients_smooth' depends on axioms: [propext, Classical.choice, Quot.sound]
2026-09-19T08:32:36.7735320Z info: NLA/MF14Degree44/FamilySmooth.lean:141:0: 'NLA.MF14Degree44.coefficient_map_smooth' depends on axioms: [propext, Classical.choice, Quot.sound]
2026-09-19T08:32:37.7741618Z ⚠ [3691/3723] Built NLA.MF14Degree44.FourthMinorCoefficients (5.5s)
2026-09-19T08:32:37.7745264Z warning: NLA/MF14Degree44/FourthMinorCoefficients.lean:21:57: Used `tac1 <;> tac2` where `(tac1; tac2)` would suffice
2026-09-19T08:32:37.7774571Z 
2026-09-19T08:32:37.7775299Z Note: This linter can be disabled with `set_option linter.unnecessarySeqFocus false`
2026-09-19T08:32:37.7776182Z warning: NLA/MF14Degree44/FourthMinorCoefficients.lean:25:11: Used `tac1 <;> tac2` where `(tac1; tac2)` would suffice
2026-09-19T08:32:37.7776733Z 
2026-09-19T08:32:37.7777100Z Note: This linter can be disabled with `set_option linter.unnecessarySeqFocus false`
2026-09-19T08:32:37.7777913Z warning: NLA/MF14Degree44/FourthMinorCoefficients.lean:30:11: Used `tac1 <;> tac2` where `(tac1; tac2)` would suffice
2026-09-19T08:32:37.7778447Z 
2026-09-19T08:32:37.7778812Z Note: This linter can be disabled with `set_option linter.unnecessarySeqFocus false`
2026-09-19T08:32:37.7779627Z warning: NLA/MF14Degree44/FourthMinorCoefficients.lean:36:49: Used `tac1 <;> tac2` where `(tac1; tac2)` would suffice
2026-09-19T08:32:37.7780167Z 
2026-09-19T08:32:37.7780519Z Note: This linter can be disabled with `set_option linter.unnecessarySeqFocus false`
2026-09-19T08:32:37.7781314Z warning: NLA/MF14Degree44/FourthMinorCoefficients.lean:45:2: Used `tac1 <;> tac2` where `(tac1; tac2)` would suffice
2026-09-19T08:32:37.7781848Z 
2026-09-19T08:32:37.7782209Z Note: This linter can be disabled with `set_option linter.unnecessarySeqFocus false`
2026-09-19T08:32:37.7782931Z warning: NLA/MF14Degree44/FourthMinorCoefficients.lean:99:4: try 'simp' instead of 'simpa'
2026-09-19T08:32:37.7783380Z 
2026-09-19T08:32:37.7783702Z Note: This linter can be disabled with `set_option linter.unnecessarySimpa false`
2026-09-19T08:32:37.7784598Z warning: NLA/MF14Degree44/FourthMinorCoefficients.lean:123:45: This simp argument is unused:
2026-09-19T08:32:37.7785184Z   coeff_X_pow
2026-09-19T08:32:37.7785424Z 
2026-09-19T08:32:37.7785666Z Hint: Omit it from the simp argument list.
2026-09-19T08:32:37.7786136Z   [apply] simp only [coeff_add, coeff_C_mul_X_pow]
2026-09-19T08:32:37.7786468Z 
2026-09-19T08:32:37.7786794Z Note: This linter can be disabled with `set_option linter.unusedSimpArgs false`
2026-09-19T08:32:37.7787478Z warning: NLA/MF14Degree44/FourthMinorCoefficients.lean:148:45: This simp argument is unused:
2026-09-19T08:32:37.7788055Z   coeff_X_pow
2026-09-19T08:32:37.7788288Z 
2026-09-19T08:32:37.7788529Z Hint: Omit it from the simp argument list.
2026-09-19T08:32:37.7789263Z   [apply] simp only [coeff_add, coeff_C_mul_X_pow]
2026-09-19T08:32:37.7789579Z 
2026-09-19T08:32:37.7789924Z Note: This linter can be disabled with `set_option linter.unusedSimpArgs false`
2026-09-19T08:32:37.7790633Z warning: NLA/MF14Degree44/FourthMinorCoefficients.lean:173:45: This simp argument is unused:
2026-09-19T08:32:37.7791244Z   coeff_X_pow
2026-09-19T08:32:37.7791486Z 
2026-09-19T08:32:37.7791847Z Hint: Omit it from the simp argument list.
2026-09-19T08:32:37.7792317Z   [apply] simp only [coeff_add, coeff_C_mul_X_pow]
2026-09-19T08:32:37.7792632Z 
2026-09-19T08:32:37.7792973Z Note: This linter can be disabled with `set_option linter.unusedSimpArgs false`
2026-09-19T08:32:37.7793695Z warning: NLA/MF14Degree44/FourthMinorCoefficients.lean:198:45: This simp argument is unused:
2026-09-19T08:32:37.7794439Z   coeff_X_pow
2026-09-19T08:32:37.7794680Z 
2026-09-19T08:32:37.7794920Z Hint: Omit it from the simp argument list.
2026-09-19T08:32:37.7795387Z   [apply] simp only [coeff_add, coeff_C_mul_X_pow]
2026-09-19T08:32:37.7795706Z 
2026-09-19T08:32:37.7796051Z Note: This linter can be disabled with `set_option linter.unusedSimpArgs false`
2026-09-19T08:32:37.7796760Z warning: NLA/MF14Degree44/FourthMinorCoefficients.lean:223:45: This simp argument is unused:
2026-09-19T08:32:37.7797337Z   coeff_X_pow
2026-09-19T08:32:37.7797568Z 
2026-09-19T08:32:37.7797799Z Hint: Omit it from the simp argument list.
2026-09-19T08:32:37.7798275Z   [apply] simp only [coeff_add, coeff_C_mul_X_pow]
2026-09-19T08:32:37.7798593Z 
2026-09-19T08:32:37.7798937Z Note: This linter can be disabled with `set_option linter.unusedSimpArgs false`
2026-09-19T08:32:37.7799695Z warning: NLA/MF14Degree44/FourthMinorCoefficients.lean:120:8: Unused tactic linter: `ring` does nothing
2026-09-19T08:32:37.7800214Z 
2026-09-19T08:32:37.7800547Z Note: This linter can be disabled with `set_option linter.unusedTactic false`
2026-09-19T08:32:37.7801294Z warning: NLA/MF14Degree44/FourthMinorCoefficients.lean:125:8: Unused tactic linter: `ring` does nothing
2026-09-19T08:32:37.7801812Z 
2026-09-19T08:32:37.7802150Z Note: This linter can be disabled with `set_option linter.unusedTactic false`
2026-09-19T08:32:37.7802891Z warning: NLA/MF14Degree44/FourthMinorCoefficients.lean:130:8: Unused tactic linter: `ring` does nothing
2026-09-19T08:32:37.7803407Z 
2026-09-19T08:32:37.7803732Z Note: This linter can be disabled with `set_option linter.unusedTactic false`
2026-09-19T08:32:37.7804614Z warning: NLA/MF14Degree44/FourthMinorCoefficients.lean:135:8: Unused tactic linter: `ring` does nothing
2026-09-19T08:32:37.7805131Z 
2026-09-19T08:32:37.7805445Z Note: This linter can be disabled with `set_option linter.unusedTactic false`
2026-09-19T08:32:37.7806173Z warning: NLA/MF14Degree44/FourthMinorCoefficients.lean:140:8: Unused tactic linter: `ring` does nothing
2026-09-19T08:32:37.7806812Z 
2026-09-19T08:32:37.7807180Z Note: This linter can be disabled with `set_option linter.unusedTactic false`
2026-09-19T08:32:37.7807922Z warning: NLA/MF14Degree44/FourthMinorCoefficients.lean:145:8: Unused tactic linter: `ring` does nothing
2026-09-19T08:32:37.7808427Z 
2026-09-19T08:32:37.7808762Z Note: This linter can be disabled with `set_option linter.unusedTactic false`
2026-09-19T08:32:37.7809488Z warning: NLA/MF14Degree44/FourthMinorCoefficients.lean:150:8: Unused tactic linter: `ring` does nothing
2026-09-19T08:32:37.7810001Z 
2026-09-19T08:32:37.7810324Z Note: This linter can be disabled with `set_option linter.unusedTactic false`
2026-09-19T08:32:37.7811072Z warning: NLA/MF14Degree44/FourthMinorCoefficients.lean:155:8: Unused tactic linter: `ring` does nothing
2026-09-19T08:32:37.7811578Z 
2026-09-19T08:32:37.7811990Z Note: This linter can be disabled with `set_option linter.unusedTactic false`
2026-09-19T08:32:37.7812712Z warning: NLA/MF14Degree44/FourthMinorCoefficients.lean:160:8: Unused tactic linter: `ring` does nothing
2026-09-19T08:32:37.7813224Z 
2026-09-19T08:32:37.7813550Z Note: This linter can be disabled with `set_option linter.unusedTactic false`
2026-09-19T08:32:37.7814570Z warning: NLA/MF14Degree44/FourthMinorCoefficients.lean:165:8: Unused tactic linter: `ring` does nothing
2026-09-19T08:32:37.7815099Z 
2026-09-19T08:32:37.7815437Z Note: This linter can be disabled with `set_option linter.unusedTactic false`
2026-09-19T08:32:37.7816168Z warning: NLA/MF14Degree44/FourthMinorCoefficients.lean:170:8: Unused tactic linter: `ring` does nothing
2026-09-19T08:32:37.7816773Z 
2026-09-19T08:32:37.7817103Z Note: This linter can be disabled with `set_option linter.unusedTactic false`
2026-09-19T08:32:37.7817829Z warning: NLA/MF14Degree44/FourthMinorCoefficients.lean:175:8: Unused tactic linter: `ring` does nothing
2026-09-19T08:32:37.7818344Z 
2026-09-19T08:32:37.7818679Z Note: This linter can be disabled with `set_option linter.unusedTactic false`
2026-09-19T08:32:37.7819439Z warning: NLA/MF14Degree44/FourthMinorCoefficients.lean:180:8: Unused tactic linter: `ring` does nothing
2026-09-19T08:32:37.7819946Z 
2026-09-19T08:32:37.7820282Z Note: This linter can be disabled with `set_option linter.unusedTactic false`
2026-09-19T08:32:37.7821008Z warning: NLA/MF14Degree44/FourthMinorCoefficients.lean:185:8: Unused tactic linter: `ring` does nothing
2026-09-19T08:32:37.7821511Z 
2026-09-19T08:32:37.7821843Z Note: This linter can be disabled with `set_option linter.unusedTactic false`
2026-09-19T08:32:37.7822605Z warning: NLA/MF14Degree44/FourthMinorCoefficients.lean:190:8: Unused tactic linter: `ring` does nothing
2026-09-19T08:32:37.7823118Z 
2026-09-19T08:32:37.7823404Z Note: This linter can be disabled with `set_option linter.unusedTactic false`
2026-09-19T08:32:37.7824224Z warning: NLA/MF14Degree44/FourthMinorCoefficients.lean:195:8: Unused tactic linter: `ring` does nothing
2026-09-19T08:32:37.7824714Z 
2026-09-19T08:32:37.7824951Z Note: This linter can be disabled with `set_option linter.unusedTactic false`
2026-09-19T08:32:37.7825466Z warning: NLA/MF14Degree44/FourthMinorCoefficients.lean:200:8: Unused tactic linter: `ring` does nothing
2026-09-19T08:32:37.7825847Z 
2026-09-19T08:32:37.7826053Z Note: This linter can be disabled with `set_option linter.unusedTactic false`
2026-09-19T08:32:37.7826586Z warning: NLA/MF14Degree44/FourthMinorCoefficients.lean:205:8: Unused tactic linter: `ring` does nothing
2026-09-19T08:32:37.7826922Z 
2026-09-19T08:32:37.7827120Z Note: This linter can be disabled with `set_option linter.unusedTactic false`
2026-09-19T08:32:37.7827677Z warning: NLA/MF14Degree44/FourthMinorCoefficients.lean:210:8: Unused tactic linter: `ring` does nothing
2026-09-19T08:32:37.7828103Z 
2026-09-19T08:32:37.7828325Z Note: This linter can be disabled with `set_option linter.unusedTactic false`
2026-09-19T08:32:37.7828967Z warning: NLA/MF14Degree44/FourthMinorCoefficients.lean:215:8: Unused tactic linter: `ring` does nothing
2026-09-19T08:32:37.7829395Z 
2026-09-19T08:32:37.7829625Z Note: This linter can be disabled with `set_option linter.unusedTactic false`
2026-09-19T08:32:37.7830278Z warning: NLA/MF14Degree44/FourthMinorCoefficients.lean:220:8: Unused tactic linter: `ring` does nothing
2026-09-19T08:32:37.7830687Z 
2026-09-19T08:32:37.7830919Z Note: This linter can be disabled with `set_option linter.unusedTactic false`
2026-09-19T08:32:37.7831569Z warning: NLA/MF14Degree44/FourthMinorCoefficients.lean:225:8: Unused tactic linter: `ring` does nothing
2026-09-19T08:32:37.7831992Z 
2026-09-19T08:32:37.7832213Z Note: This linter can be disabled with `set_option linter.unusedTactic false`
2026-09-19T08:32:37.7832911Z warning: NLA/MF14Degree44/FourthMinorCoefficients.lean:230:8: Unused tactic linter: `ring` does nothing
2026-09-19T08:32:37.7833333Z 
2026-09-19T08:32:37.7833556Z Note: This linter can be disabled with `set_option linter.unusedTactic false`
2026-09-19T08:32:37.7834309Z warning: NLA/MF14Degree44/FourthMinorCoefficients.lean:235:8: Unused tactic linter: `ring` does nothing
2026-09-19T08:32:37.7834695Z 
2026-09-19T08:32:37.7834924Z Note: This linter can be disabled with `set_option linter.unusedTactic false`
2026-09-19T08:32:37.7835780Z warning: NLA/MF14Degree44/FourthMinorCoefficients.lean:240:8: Unused tactic linter: `ring` does nothing
2026-09-19T08:32:37.7836210Z 
2026-09-19T08:32:37.7836432Z Note: This linter can be disabled with `set_option linter.unusedTactic false`
2026-09-19T08:32:37.7837040Z warning: NLA/MF14Degree44/FourthMinorCoefficients.lean:120:8: this tactic is never executed
2026-09-19T08:32:37.7837436Z 
2026-09-19T08:32:37.7837684Z Note: This linter can be disabled with `set_option linter.unreachableTactic false`
2026-09-19T08:32:37.7838408Z warning: NLA/MF14Degree44/FourthMinorCoefficients.lean:125:8: this tactic is never executed
2026-09-19T08:32:37.7838787Z 
2026-09-19T08:32:37.7839037Z Note: This linter can be disabled with `set_option linter.unreachableTactic false`
2026-09-19T08:32:37.7839664Z warning: NLA/MF14Degree44/FourthMinorCoefficients.lean:130:8: this tactic is never executed
2026-09-19T08:32:37.7840050Z 
2026-09-19T08:32:37.7840288Z Note: This linter can be disabled with `set_option linter.unreachableTactic false`
2026-09-19T08:32:37.7840920Z warning: NLA/MF14Degree44/FourthMinorCoefficients.lean:135:8: this tactic is never executed
2026-09-19T08:32:37.7841306Z 
2026-09-19T08:32:37.7841547Z Note: This linter can be disabled with `set_option linter.unreachableTactic false`
2026-09-19T08:32:37.7842177Z warning: NLA/MF14Degree44/FourthMinorCoefficients.lean:140:8: this tactic is never executed
2026-09-19T08:32:37.7842551Z 
2026-09-19T08:32:37.7842850Z Note: This linter can be disabled with `set_option linter.unreachableTactic false`
2026-09-19T08:32:37.7843532Z warning: NLA/MF14Degree44/FourthMinorCoefficients.lean:145:8: this tactic is never executed
2026-09-19T08:32:37.7843919Z 
2026-09-19T08:32:37.7844313Z Note: This linter can be disabled with `set_option linter.unreachableTactic false`
2026-09-19T08:32:37.7844939Z warning: NLA/MF14Degree44/FourthMinorCoefficients.lean:150:8: this tactic is never executed
2026-09-19T08:32:37.7845306Z 
2026-09-19T08:32:37.7845569Z Note: This linter can be disabled with `set_option linter.unreachableTactic false`
2026-09-19T08:32:37.7846188Z warning: NLA/MF14Degree44/FourthMinorCoefficients.lean:155:8: this tactic is never executed
2026-09-19T08:32:37.7846569Z 
2026-09-19T08:32:37.7846806Z Note: This linter can be disabled with `set_option linter.unreachableTactic false`
2026-09-19T08:32:37.7847415Z warning: NLA/MF14Degree44/FourthMinorCoefficients.lean:160:8: this tactic is never executed
2026-09-19T08:32:37.7847800Z 
2026-09-19T08:32:37.7848046Z Note: This linter can be disabled with `set_option linter.unreachableTactic false`
2026-09-19T08:32:37.7848659Z warning: NLA/MF14Degree44/FourthMinorCoefficients.lean:165:8: this tactic is never executed
2026-09-19T08:32:37.7849031Z 
2026-09-19T08:32:37.7849279Z Note: This linter can be disabled with `set_option linter.unreachableTactic false`
2026-09-19T08:32:37.7849951Z warning: NLA/MF14Degree44/FourthMinorCoefficients.lean:170:8: this tactic is never executed
2026-09-19T08:32:37.7850362Z 
2026-09-19T08:32:37.7850634Z Note: This linter can be disabled with `set_option linter.unreachableTactic false`
2026-09-19T08:32:37.7851298Z warning: NLA/MF14Degree44/FourthMinorCoefficients.lean:175:8: this tactic is never executed
2026-09-19T08:32:37.7851728Z 
2026-09-19T08:32:37.7851988Z Note: This linter can be disabled with `set_option linter.unreachableTactic false`
2026-09-19T08:32:37.7852674Z warning: NLA/MF14Degree44/FourthMinorCoefficients.lean:180:8: this tactic is never executed
2026-09-19T08:32:37.7853084Z 
2026-09-19T08:32:37.7853356Z Note: This linter can be disabled with `set_option linter.unreachableTactic false`
2026-09-19T08:32:37.7854168Z warning: NLA/MF14Degree44/FourthMinorCoefficients.lean:185:8: this tactic is never executed
2026-09-19T08:32:37.7854590Z 
2026-09-19T08:32:37.7854849Z Note: This linter can be disabled with `set_option linter.unreachableTactic false`
2026-09-19T08:32:37.7855540Z warning: NLA/MF14Degree44/FourthMinorCoefficients.lean:190:8: this tactic is never executed
2026-09-19T08:32:37.7855958Z 
2026-09-19T08:32:37.7856339Z Note: This linter can be disabled with `set_option linter.unreachableTactic false`
2026-09-19T08:32:37.7857031Z warning: NLA/MF14Degree44/FourthMinorCoefficients.lean:195:8: this tactic is never executed
2026-09-19T08:32:37.7857430Z 
2026-09-19T08:32:37.7857698Z Note: This linter can be disabled with `set_option linter.unreachableTactic false`
2026-09-19T08:32:37.7858376Z warning: NLA/MF14Degree44/FourthMinorCoefficients.lean:200:8: this tactic is never executed
2026-09-19T08:32:37.7858979Z 
2026-09-19T08:32:37.7859243Z Note: This linter can be disabled with `set_option linter.unreachableTactic false`
2026-09-19T08:32:37.7859930Z warning: NLA/MF14Degree44/FourthMinorCoefficients.lean:205:8: this tactic is never executed
2026-09-19T08:32:37.7860349Z 
2026-09-19T08:32:37.7860615Z Note: This linter can be disabled with `set_option linter.unreachableTactic false`
2026-09-19T08:32:37.7861302Z warning: NLA/MF14Degree44/FourthMinorCoefficients.lean:210:8: this tactic is never executed
2026-09-19T08:32:37.7861713Z 
2026-09-19T08:32:37.7862078Z Note: This linter can be disabled with `set_option linter.unreachableTactic false`
2026-09-19T08:32:37.7862751Z warning: NLA/MF14Degree44/FourthMinorCoefficients.lean:215:8: this tactic is never executed
2026-09-19T08:32:37.7863167Z 
2026-09-19T08:32:37.7863440Z Note: This linter can be disabled with `set_option linter.unreachableTactic false`
2026-09-19T08:32:37.7864221Z warning: NLA/MF14Degree44/FourthMinorCoefficients.lean:220:8: this tactic is never executed
2026-09-19T08:32:37.7864696Z 
2026-09-19T08:32:37.7864964Z Note: This linter can be disabled with `set_option linter.unreachableTactic false`
2026-09-19T08:32:37.7865630Z warning: NLA/MF14Degree44/FourthMinorCoefficients.lean:225:8: this tactic is never executed
2026-09-19T08:32:37.7866051Z 
2026-09-19T08:32:37.7866295Z Note: This linter can be disabled with `set_option linter.unreachableTactic false`
2026-09-19T08:32:37.7866974Z warning: NLA/MF14Degree44/FourthMinorCoefficients.lean:230:8: this tactic is never executed
2026-09-19T08:32:37.7867446Z 
2026-09-19T08:32:37.7867814Z Note: This linter can be disabled with `set_option linter.unreachableTactic false`
2026-09-19T08:32:37.7868522Z warning: NLA/MF14Degree44/FourthMinorCoefficients.lean:235:8: this tactic is never executed
2026-09-19T08:32:37.7868930Z 
2026-09-19T08:32:37.7869199Z Note: This linter can be disabled with `set_option linter.unreachableTactic false`
2026-09-19T08:32:37.7869898Z warning: NLA/MF14Degree44/FourthMinorCoefficients.lean:240:8: this tactic is never executed
2026-09-19T08:32:37.7870314Z 
2026-09-19T08:32:37.7870556Z Note: This linter can be disabled with `set_option linter.unreachableTactic false`
2026-09-19T08:32:37.7871335Z warning: NLA/MF14Degree44/FourthMinorCoefficients.lean:119:4: Used `tac1 <;> tac2` where `(tac1; tac2)` would suffice
2026-09-19T08:32:37.7871841Z 
2026-09-19T08:32:37.7872123Z Note: This linter can be disabled with `set_option linter.unnecessarySeqFocus false`
2026-09-19T08:32:37.7872924Z warning: NLA/MF14Degree44/FourthMinorCoefficients.lean:124:4: Used `tac1 <;> tac2` where `(tac1; tac2)` would suffice
2026-09-19T08:32:37.7873413Z 
2026-09-19T08:32:37.7873698Z Note: This linter can be disabled with `set_option linter.unnecessarySeqFocus false`
2026-09-19T08:32:37.7874656Z warning: NLA/MF14Degree44/FourthMinorCoefficients.lean:129:4: Used `tac1 <;> tac2` where `(tac1; tac2)` would suffice
2026-09-19T08:32:37.7875163Z 
2026-09-19T08:32:37.7875447Z Note: This linter can be disabled with `set_option linter.unnecessarySeqFocus false`
2026-09-19T08:32:37.7876229Z warning: NLA/MF14Degree44/FourthMinorCoefficients.lean:134:4: Used `tac1 <;> tac2` where `(tac1; tac2)` would suffice
2026-09-19T08:32:37.7876720Z 
2026-09-19T08:32:37.7877022Z Note: This linter can be disabled with `set_option linter.unnecessarySeqFocus false`
2026-09-19T08:32:37.7877793Z warning: NLA/MF14Degree44/FourthMinorCoefficients.lean:139:4: Used `tac1 <;> tac2` where `(tac1; tac2)` would suffice
2026-09-19T08:32:37.7878295Z 
2026-09-19T08:32:37.7878746Z Note: This linter can be disabled with `set_option linter.unnecessarySeqFocus false`
2026-09-19T08:32:37.7879525Z warning: NLA/MF14Degree44/FourthMinorCoefficients.lean:144:4: Used `tac1 <;> tac2` where `(tac1; tac2)` would suffice
2026-09-19T08:32:37.7880035Z 
2026-09-19T08:32:37.7880310Z Note: This linter can be disabled with `set_option linter.unnecessarySeqFocus false`
2026-09-19T08:32:37.7881067Z warning: NLA/MF14Degree44/FourthMinorCoefficients.lean:149:4: Used `tac1 <;> tac2` where `(tac1; tac2)` would suffice
2026-09-19T08:32:37.7881666Z 
2026-09-19T08:32:37.7881961Z Note: This linter can be disabled with `set_option linter.unnecessarySeqFocus false`
2026-09-19T08:32:37.7882733Z warning: NLA/MF14Degree44/FourthMinorCoefficients.lean:154:4: Used `tac1 <;> tac2` where `(tac1; tac2)` would suffice
2026-09-19T08:32:37.7883220Z 
2026-09-19T08:32:37.7883498Z Note: This linter can be disabled with `set_option linter.unnecessarySeqFocus false`
2026-09-19T08:32:37.7884366Z warning: NLA/MF14Degree44/FourthMinorCoefficients.lean:159:4: Used `tac1 <;> tac2` where `(tac1; tac2)` would suffice
2026-09-19T08:32:37.7884823Z 
2026-09-19T08:32:37.7885066Z Note: This linter can be disabled with `set_option linter.unnecessarySeqFocus false`
2026-09-19T08:32:37.7885760Z warning: NLA/MF14Degree44/FourthMinorCoefficients.lean:164:4: Used `tac1 <;> tac2` where `(tac1; tac2)` would suffice
2026-09-19T08:32:37.7886205Z 
2026-09-19T08:32:37.7886458Z Note: This linter can be disabled with `set_option linter.unnecessarySeqFocus false`
2026-09-19T08:32:37.7887147Z warning: NLA/MF14Degree44/FourthMinorCoefficients.lean:169:4: Used `tac1 <;> tac2` where `(tac1; tac2)` would suffice
2026-09-19T08:32:37.7887589Z 
2026-09-19T08:32:37.7887840Z Note: This linter can be disabled with `set_option linter.unnecessarySeqFocus false`
2026-09-19T08:32:37.7888529Z warning: NLA/MF14Degree44/FourthMinorCoefficients.lean:174:4: Used `tac1 <;> tac2` where `(tac1; tac2)` would suffice
2026-09-19T08:32:37.7888973Z 
2026-09-19T08:32:37.7889217Z Note: This linter can be disabled with `set_option linter.unnecessarySeqFocus false`
2026-09-19T08:32:37.7889900Z warning: NLA/MF14Degree44/FourthMinorCoefficients.lean:179:4: Used `tac1 <;> tac2` where `(tac1; tac2)` would suffice
2026-09-19T08:32:37.7890348Z 
2026-09-19T08:32:37.7890598Z Note: This linter can be disabled with `set_option linter.unnecessarySeqFocus false`
2026-09-19T08:32:37.7891291Z warning: NLA/MF14Degree44/FourthMinorCoefficients.lean:184:4: Used `tac1 <;> tac2` where `(tac1; tac2)` would suffice
2026-09-19T08:32:37.7891734Z 
2026-09-19T08:32:37.7891990Z Note: This linter can be disabled with `set_option linter.unnecessarySeqFocus false`
2026-09-19T08:32:37.7892686Z warning: NLA/MF14Degree44/FourthMinorCoefficients.lean:189:4: Used `tac1 <;> tac2` where `(tac1; tac2)` would suffice
2026-09-19T08:32:37.7893138Z 
2026-09-19T08:32:37.7893381Z Note: This linter can be disabled with `set_option linter.unnecessarySeqFocus false`
2026-09-19T08:32:37.7894197Z warning: NLA/MF14Degree44/FourthMinorCoefficients.lean:194:4: Used `tac1 <;> tac2` where `(tac1; tac2)` would suffice
2026-09-19T08:32:37.7894653Z 
2026-09-19T08:32:37.7894911Z Note: This linter can be disabled with `set_option linter.unnecessarySeqFocus false`
2026-09-19T08:32:37.7895611Z warning: NLA/MF14Degree44/FourthMinorCoefficients.lean:199:4: Used `tac1 <;> tac2` where `(tac1; tac2)` would suffice
2026-09-19T08:32:37.7896059Z 
2026-09-19T08:32:37.7896312Z Note: This linter can be disabled with `set_option linter.unnecessarySeqFocus false`
2026-09-19T08:32:37.7897008Z warning: NLA/MF14Degree44/FourthMinorCoefficients.lean:204:4: Used `tac1 <;> tac2` where `(tac1; tac2)` would suffice
2026-09-19T08:32:37.7897461Z 
2026-09-19T08:32:37.7897704Z Note: This linter can be disabled with `set_option linter.unnecessarySeqFocus false`
2026-09-19T08:32:37.7898395Z warning: NLA/MF14Degree44/FourthMinorCoefficients.lean:209:4: Used `tac1 <;> tac2` where `(tac1; tac2)` would suffice
2026-09-19T08:32:37.7898840Z 
2026-09-19T08:32:37.7899200Z Note: This linter can be disabled with `set_option linter.unnecessarySeqFocus false`
2026-09-19T08:32:37.7899894Z warning: NLA/MF14Degree44/FourthMinorCoefficients.lean:214:4: Used `tac1 <;> tac2` where `(tac1; tac2)` would suffice
2026-09-19T08:32:37.7900333Z 
2026-09-19T08:32:37.7900581Z Note: This linter can be disabled with `set_option linter.unnecessarySeqFocus false`
2026-09-19T08:32:37.7901271Z warning: NLA/MF14Degree44/FourthMinorCoefficients.lean:219:4: Used `tac1 <;> tac2` where `(tac1; tac2)` would suffice
2026-09-19T08:32:37.7901800Z 
2026-09-19T08:32:37.7902044Z Note: This linter can be disabled with `set_option linter.unnecessarySeqFocus false`
2026-09-19T08:32:37.7902736Z warning: NLA/MF14Degree44/FourthMinorCoefficients.lean:224:4: Used `tac1 <;> tac2` where `(tac1; tac2)` would suffice
2026-09-19T08:32:37.7903187Z 
2026-09-19T08:32:37.7903438Z Note: This linter can be disabled with `set_option linter.unnecessarySeqFocus false`
2026-09-19T08:32:37.7904244Z warning: NLA/MF14Degree44/FourthMinorCoefficients.lean:229:4: Used `tac1 <;> tac2` where `(tac1; tac2)` would suffice
2026-09-19T08:32:37.7904691Z 
2026-09-19T08:32:37.7904950Z Note: This linter can be disabled with `set_option linter.unnecessarySeqFocus false`
2026-09-19T08:32:37.7905648Z warning: NLA/MF14Degree44/FourthMinorCoefficients.lean:234:4: Used `tac1 <;> tac2` where `(tac1; tac2)` would suffice
2026-09-19T08:32:37.7906099Z 
2026-09-19T08:32:37.7906343Z Note: This linter can be disabled with `set_option linter.unnecessarySeqFocus false`
2026-09-19T08:32:37.7907040Z warning: NLA/MF14Degree44/FourthMinorCoefficients.lean:239:4: Used `tac1 <;> tac2` where `(tac1; tac2)` would suffice
2026-09-19T08:32:37.7907490Z 
2026-09-19T08:32:37.7907748Z Note: This linter can be disabled with `set_option linter.unnecessarySeqFocus false`
2026-09-19T08:32:37.7908627Z info: NLA/MF14Degree44/FourthMinorCoefficients.lean:242:0: 'NLA.MF14Degree44.fourth_R_expansion' depends on axioms: [propext, Classical.choice, Quot.sound]
2026-09-19T08:32:37.7909800Z info: NLA/MF14Degree44/FourthMinorCoefficients.lean:244:0: 'NLA.MF14Degree44.fourth_middle_column_degree' depends on axioms: [propext, Classical.choice, Quot.sound]
2026-09-19T08:32:37.7910985Z info: NLA/MF14Degree44/FourthMinorCoefficients.lean:246:0: 'NLA.MF14Degree44.fourth_tail_column_degree' depends on axioms: [propext, Classical.choice, Quot.sound]
2026-09-19T08:32:37.7912133Z info: NLA/MF14Degree44/FourthMinorCoefficients.lean:248:0: 'NLA.MF14Degree44.fourth_tail_diagonal' depends on axioms: [propext, Classical.choice, Quot.sound]
2026-09-19T08:32:37.7913281Z info: NLA/MF14Degree44/FourthMinorCoefficients.lean:250:0: 'NLA.MF14Degree44.fourth_core_matrix' depends on axioms: [propext, Classical.choice, Quot.sound]
2026-09-19T08:32:39.1771798Z ℹ [3692/3723] Built NLA.MF14Degree44.ProductSpan (6.3s)
2026-09-19T08:32:39.1773498Z info: NLA/MF14Degree44/ProductSpan.lean:61:0: 'NLA.MF14Degree44.product_span_basis_mem' depends on axioms: [propext, Classical.choice, Quot.sound]
2026-09-19T08:32:39.1774675Z info: NLA/MF14Degree44/ProductSpan.lean:63:0: 'NLA.MF14Degree44.product_span_monomial_mem' depends on axioms: [propext, Classical.choice, Quot.sound]
2026-09-19T08:32:39.1775610Z info: NLA/MF14Degree44/ProductSpan.lean:65:0: 'NLA.MF14Degree44.syzygy_basis_mem' depends on axioms: [propext, Classical.choice, Quot.sound]
2026-09-19T08:32:39.1776503Z info: NLA/MF14Degree44/ProductSpan.lean:67:0: 'NLA.MF14Degree44.degeneration_E_mem' depends on axioms: [propext, Classical.choice, Quot.sound]
2026-09-19T08:32:39.1777404Z info: NLA/MF14Degree44/ProductSpan.lean:69:0: 'NLA.MF14Degree44.low_part6_mem' depends on axioms: [propext, Classical.choice, Quot.sound]
2026-09-19T08:32:39.1778271Z info: NLA/MF14Degree44/ProductSpan.lean:71:0: 'NLA.MF14Degree44.degeneration_in_span' depends on axioms: [propext, Classical.choice, Quot.sound]
2026-09-19T08:32:40.8784990Z ℹ [3693/3723] Built NLA.MF14Degree44.ThreeProductTuple (3.1s)
2026-09-19T08:32:40.8786609Z info: NLA/MF14Degree44/ThreeProductTuple.lean:85:0: 'NLA.MF14Degree44.three_product_tuple' depends on axioms: [propext, Classical.choice, Quot.sound]
2026-09-19T08:32:41.8782172Z ℹ [3694/3723] Built NLA.MF14Degree44.FamilyFirstJet (17s)
2026-09-19T08:32:41.8782836Z info: NLA/MF14Degree44/FamilyFirstJet.lean:202:0: 'NLA.MF14Degree44.family_first_jet_value' depends on axioms: [propext, Classical.choice, Quot.sound]
2026-09-19T08:32:41.8783673Z info: NLA/MF14Degree44/FamilyFirstJet.lean:204:0: 'NLA.MF14Degree44.family_first_jet_sound' depends on axioms: [propext, Classical.choice, Quot.sound]
2026-09-19T08:32:41.8784971Z info: NLA/MF14Degree44/FamilyFirstJet.lean:206:0: 'NLA.MF14Degree44.coefficient_jacobian_eq_first_jet' depends on axioms: [propext, Classical.choice, Quot.sound]
2026-09-19T08:32:41.9786149Z ℹ [3695/3723] Built NLA.MF14Degree44.SpanCoordinates (2.9s)
2026-09-19T08:32:41.9787225Z info: NLA/MF14Degree44/SpanCoordinates.lean:67:0: 'NLA.MF14Degree44.span_representation' depends on axioms: [propext, Classical.choice, Quot.sound]
2026-09-19T08:32:41.9788432Z info: NLA/MF14Degree44/SpanCoordinates.lean:69:0: 'NLA.MF14Degree44.basis_coefficient_mulVec' depends on axioms: [propext, Classical.choice, Quot.sound]
2026-09-19T08:32:41.9789605Z info: NLA/MF14Degree44/SpanCoordinates.lean:71:0: 'NLA.MF14Degree44.coefficient_span_bijective' depends on axioms: [propext, Classical.choice, Quot.sound]
2026-09-19T08:32:44.2806746Z ⚠ [3696/3723] Built NLA.MF14Degree44.FourthMinorBlocks (3.4s)
2026-09-19T08:32:44.2808164Z warning: NLA/MF14Degree44/FourthMinorBlocks.lean:57:2: Used `tac1 <;> tac2` where `(tac1; tac2)` would suffice
2026-09-19T08:32:44.2808773Z 
2026-09-19T08:32:44.2809151Z Note: This linter can be disabled with `set_option linter.unnecessarySeqFocus false`
2026-09-19T08:32:44.2809728Z warning: NLA/MF14Degree44/FourthMinorBlocks.lean:66:28: Used `tac1 <;> tac2` where `(tac1; tac2)` would suffice
2026-09-19T08:32:44.2810065Z 
2026-09-19T08:32:44.2810284Z Note: This linter can be disabled with `set_option linter.unnecessarySeqFocus false`
2026-09-19T08:32:44.2810976Z info: NLA/MF14Degree44/FourthMinorBlocks.lean:68:0: 'NLA.MF14Degree44.fourth_first_block' depends on axioms: [propext, Classical.choice, Quot.sound]
2026-09-19T08:32:44.2811819Z info: NLA/MF14Degree44/FourthMinorBlocks.lean:70:0: 'NLA.MF14Degree44.fourth_first_lower_zero' depends on axioms: [propext, Classical.choice, Quot.sound]
2026-09-19T08:32:44.2812885Z info: NLA/MF14Degree44/FourthMinorBlocks.lean:72:0: 'NLA.MF14Degree44.fourth_middle_lower_zero' depends on axioms: [propext, Classical.choice, Quot.sound]
2026-09-19T08:32:44.2814120Z info: NLA/MF14Degree44/FourthMinorBlocks.lean:74:0: 'NLA.MF14Degree44.fourth_tail_upper_triangular' depends on axioms: [propext, Classical.choice, Quot.sound]
2026-09-19T08:32:44.2815219Z info: NLA/MF14Degree44/FourthMinorBlocks.lean:76:0: 'NLA.MF14Degree44.fourth_tail_det' depends on axioms: [propext, Classical.choice, Quot.sound]
2026-09-19T08:32:45.3826152Z ⚠ [3697/3723] Built NLA.MF14Degree44.BasisDegreeData (3.5s)
2026-09-19T08:32:45.3826752Z warning: NLA/MF14Degree44/BasisDegreeData.lean:61:4: try 'simp' instead of 'simpa'
2026-09-19T08:32:45.3827141Z 
2026-09-19T08:32:45.3827404Z Note: This linter can be disabled with `set_option linter.unnecessarySimpa false`
2026-09-19T08:32:45.3828251Z info: NLA/MF14Degree44/BasisDegreeData.lean:71:0: 'NLA.MF14Degree44.product_span_basis_degree_le' depends on axioms: [propext, Classical.choice, Quot.sound]
2026-09-19T08:32:45.3829350Z info: NLA/MF14Degree44/BasisDegreeData.lean:73:0: 'NLA.MF14Degree44.product_span_basis_diagonal' depends on axioms: [propext, Classical.choice, Quot.sound]
2026-09-19T08:32:45.8823241Z ℹ [3698/3723] Built NLA.MF14Degree44.MonicBorderPath (3.8s)
2026-09-19T08:32:45.8824537Z info: NLA/MF14Degree44/MonicBorderPath.lean:92:0: 'NLA.MF14Degree44.monic_border_path_mem' depends on axioms: [propext, Classical.choice, Quot.sound]
2026-09-19T08:32:45.8825738Z info: NLA/MF14Degree44/MonicBorderPath.lean:94:0: 'NLA.MF14Degree44.monic_border_path_at_zero' depends on axioms: [propext, Classical.choice, Quot.sound]
2026-09-19T08:32:45.8827317Z info: NLA/MF14Degree44/MonicBorderPath.lean:96:0: 'NLA.MF14Degree44.moving_border_path_at_zero' depends on axioms: [propext, Classical.choice, Quot.sound]
2026-09-19T08:32:47.7866831Z ℹ [3699/3723] Built NLA.MF14Degree44.ContinuationCircuit (10s)
2026-09-19T08:32:47.7868125Z info: NLA/MF14Degree44/ContinuationCircuit.lean:123:0: 'NLA.MF14Degree44.continuation_actual_output' depends on axioms: [propext, Classical.choice, Quot.sound]
2026-09-19T08:32:48.1869123Z ℹ [3700/3723] Built NLA.MF14Degree44.FourthSpanMembership (3.9s)
2026-09-19T08:32:48.1870897Z info: NLA/MF14Degree44/FourthSpanMembership.lean:145:0: 'NLA.MF14Degree44.third_input_basis_products_mem' depends on axioms: [propext, Classical.choice, Quot.sound]
2026-09-19T08:32:48.1885132Z info: NLA/MF14Degree44/FourthSpanMembership.lean:147:0: 'NLA.MF14Degree44.third_input_span_product_mem' depends on axioms: [propext, Classical.choice, Quot.sound]
2026-09-19T08:32:48.1886338Z info: NLA/MF14Degree44/FourthSpanMembership.lean:149:0: 'NLA.MF14Degree44.fourth_polynomial_operands' depends on axioms: [propext, Classical.choice, Quot.sound]
2026-09-19T08:32:48.1887486Z info: NLA/MF14Degree44/FourthSpanMembership.lean:151:0: 'NLA.MF14Degree44.fourth_polynomial_mem_product_span' depends on axioms: [propext, Classical.choice, Quot.sound]
2026-09-19T08:33:03.2039261Z ⚠ [3701/3723] Built NLA.MF14Degree44.SeedFirstColumns8 (17s)
2026-09-19T08:33:03.2041284Z warning: NLA/MF14Degree44/SeedFirstColumns8.lean:25:6: Unused tactic linter: `ring` does nothing
2026-09-19T08:33:03.2041919Z 
2026-09-19T08:33:03.2042285Z Note: This linter can be disabled with `set_option linter.unusedTactic false`
2026-09-19T08:33:03.2042961Z warning: NLA/MF14Degree44/SeedFirstColumns8.lean:25:6: this tactic is never executed
2026-09-19T08:33:03.2043413Z 
2026-09-19T08:33:03.2043757Z Note: This linter can be disabled with `set_option linter.unreachableTactic false`
2026-09-19T08:33:03.2044925Z info: NLA/MF14Degree44/SeedFirstColumns8.lean:27:0: 'NLA.MF14Degree44.seed_first_column_40' depends on axioms: [propext, Classical.choice, Quot.sound]
2026-09-19T08:33:03.2045855Z warning: NLA/MF14Degree44/SeedFirstColumns8.lean:37:6: Unused tactic linter: `ring` does nothing
2026-09-19T08:33:03.2046334Z 
2026-09-19T08:33:03.2046669Z Note: This linter can be disabled with `set_option linter.unusedTactic false`
2026-09-19T08:33:03.2047319Z warning: NLA/MF14Degree44/SeedFirstColumns8.lean:37:6: this tactic is never executed
2026-09-19T08:33:03.2047758Z 
2026-09-19T08:33:03.2048110Z Note: This linter can be disabled with `set_option linter.unreachableTactic false`
2026-09-19T08:33:03.2049010Z info: NLA/MF14Degree44/SeedFirstColumns8.lean:39:0: 'NLA.MF14Degree44.seed_first_column_41' depends on axioms: [propext, Classical.choice, Quot.sound]
2026-09-19T08:33:03.2049988Z warning: NLA/MF14Degree44/SeedFirstColumns8.lean:49:2: Used `tac1 <;> tac2` where `(tac1; tac2)` would suffice
2026-09-19T08:33:03.2050496Z 
2026-09-19T08:33:03.2050846Z Note: This linter can be disabled with `set_option linter.unnecessarySeqFocus false`
2026-09-19T08:33:03.2051783Z info: NLA/MF14Degree44/SeedFirstColumns8.lean:51:0: 'NLA.MF14Degree44.seed_first_column_42' depends on axioms: [propext, Classical.choice, Quot.sound]
2026-09-19T08:33:03.2052767Z warning: NLA/MF14Degree44/SeedFirstColumns8.lean:61:2: Used `tac1 <;> tac2` where `(tac1; tac2)` would suffice
2026-09-19T08:33:03.2053272Z 
2026-09-19T08:33:03.2053624Z Note: This linter can be disabled with `set_option linter.unnecessarySeqFocus false`
2026-09-19T08:33:03.2054723Z info: NLA/MF14Degree44/SeedFirstColumns8.lean:63:0: 'NLA.MF14Degree44.seed_first_column_43' depends on axioms: [propext, Classical.choice, Quot.sound]
2026-09-19T08:33:03.2055702Z warning: NLA/MF14Degree44/SeedFirstColumns8.lean:73:2: Used `tac1 <;> tac2` where `(tac1; tac2)` would suffice
2026-09-19T08:33:03.2056214Z 
2026-09-19T08:33:03.2056551Z Note: This linter can be disabled with `set_option linter.unnecessarySeqFocus false`
2026-09-19T08:33:03.2057742Z info: NLA/MF14Degree44/SeedFirstColumns8.lean:75:0: 'NLA.MF14Degree44.seed_first_column_44' depends on axioms: [propext, Classical.choice, Quot.sound]
2026-09-19T08:33:03.9041205Z ⚠ [3702/3723] Built NLA.MF14Degree44.SeedFirstColumns7 (18s)
2026-09-19T08:33:03.9043641Z warning: NLA/MF14Degree44/SeedFirstColumns7.lean:25:2: Used `tac1 <;> tac2` where `(tac1; tac2)` would suffice
2026-09-19T08:33:03.9044530Z 
2026-09-19T08:33:03.9044919Z Note: This linter can be disabled with `set_option linter.unnecessarySeqFocus false`
2026-09-19T08:33:03.9046071Z info: NLA/MF14Degree44/SeedFirstColumns7.lean:27:0: 'NLA.MF14Degree44.seed_first_column_35' depends on axioms: [propext, Classical.choice, Quot.sound]
2026-09-19T08:33:03.9047029Z warning: NLA/MF14Degree44/SeedFirstColumns7.lean:37:6: Unused tactic linter: `ring` does nothing
2026-09-19T08:33:03.9047499Z 
2026-09-19T08:33:03.9047824Z Note: This linter can be disabled with `set_option linter.unusedTactic false`
2026-09-19T08:33:03.9048466Z warning: NLA/MF14Degree44/SeedFirstColumns7.lean:37:6: this tactic is never executed
2026-09-19T08:33:03.9048890Z 
2026-09-19T08:33:03.9049262Z Note: This linter can be disabled with `set_option linter.unreachableTactic false`
2026-09-19T08:33:03.9050190Z info: NLA/MF14Degree44/SeedFirstColumns7.lean:39:0: 'NLA.MF14Degree44.seed_first_column_36' depends on axioms: [propext, Classical.choice, Quot.sound]
2026-09-19T08:33:03.9051121Z warning: NLA/MF14Degree44/SeedFirstColumns7.lean:49:6: Unused tactic linter: `ring` does nothing
2026-09-19T08:33:03.9051564Z 
2026-09-19T08:33:03.9051887Z Note: This linter can be disabled with `set_option linter.unusedTactic false`
2026-09-19T08:33:03.9052538Z warning: NLA/MF14Degree44/SeedFirstColumns7.lean:49:6: this tactic is never executed
2026-09-19T08:33:03.9052969Z 
2026-09-19T08:33:03.9053304Z Note: This linter can be disabled with `set_option linter.unreachableTactic false`
2026-09-19T08:33:03.9054386Z info: NLA/MF14Degree44/SeedFirstColumns7.lean:51:0: 'NLA.MF14Degree44.seed_first_column_37' depends on axioms: [propext, Classical.choice, Quot.sound]
2026-09-19T08:33:03.9055369Z warning: NLA/MF14Degree44/SeedFirstColumns7.lean:61:6: Unused tactic linter: `ring` does nothing
2026-09-19T08:33:03.9055844Z 
2026-09-19T08:33:03.9056174Z Note: This linter can be disabled with `set_option linter.unusedTactic false`
2026-09-19T08:33:03.9056799Z warning: NLA/MF14Degree44/SeedFirstColumns7.lean:61:6: this tactic is never executed
2026-09-19T08:33:03.9057226Z 
2026-09-19T08:33:03.9057564Z Note: This linter can be disabled with `set_option linter.unreachableTactic false`
2026-09-19T08:33:03.9058449Z info: NLA/MF14Degree44/SeedFirstColumns7.lean:63:0: 'NLA.MF14Degree44.seed_first_column_38' depends on axioms: [propext, Classical.choice, Quot.sound]
2026-09-19T08:33:03.9059369Z warning: NLA/MF14Degree44/SeedFirstColumns7.lean:73:6: Unused tactic linter: `ring` does nothing
2026-09-19T08:33:03.9059867Z 
2026-09-19T08:33:03.9060234Z Note: This linter can be disabled with `set_option linter.unusedTactic false`
2026-09-19T08:33:03.9060892Z warning: NLA/MF14Degree44/SeedFirstColumns7.lean:73:6: this tactic is never executed
2026-09-19T08:33:03.9061336Z 
2026-09-19T08:33:03.9061671Z Note: This linter can be disabled with `set_option linter.unreachableTactic false`
2026-09-19T08:33:03.9062795Z info: NLA/MF14Degree44/SeedFirstColumns7.lean:75:0: 'NLA.MF14Degree44.seed_first_column_39' depends on axioms: [propext, Classical.choice, Quot.sound]
2026-09-19T08:33:05.9075423Z ⚠ [3703/3723] Built NLA.MF14Degree44.SeedFirstColumns6 (18s)
2026-09-19T08:33:05.9077990Z warning: NLA/MF14Degree44/SeedFirstColumns6.lean:25:15: Unused tactic linter: `simp` does nothing
2026-09-19T08:33:05.9078443Z 
2026-09-19T08:33:05.9078749Z Note: This linter can be disabled with `set_option linter.unusedTactic false`
2026-09-19T08:33:05.9079335Z warning: NLA/MF14Degree44/SeedFirstColumns6.lean:25:15: this tactic is never executed
2026-09-19T08:33:05.9079712Z 
2026-09-19T08:33:05.9080017Z Note: This linter can be disabled with `set_option linter.unreachableTactic false`
2026-09-19T08:33:05.9080876Z warning: NLA/MF14Degree44/SeedFirstColumns6.lean:25:2: Used `tac1 <;> tac2` where `(tac1; tac2)` would suffice
2026-09-19T08:33:05.9081313Z 
2026-09-19T08:33:05.9081600Z Note: This linter can be disabled with `set_option linter.unnecessarySeqFocus false`
2026-09-19T08:33:05.9082384Z info: NLA/MF14Degree44/SeedFirstColumns6.lean:27:0: 'NLA.MF14Degree44.seed_first_column_30' depends on axioms: [propext, Classical.choice, Quot.sound]
2026-09-19T08:33:05.9083274Z warning: NLA/MF14Degree44/SeedFirstColumns6.lean:37:15: Unused tactic linter: `simp` does nothing
2026-09-19T08:33:05.9083807Z 
2026-09-19T08:33:05.9084283Z Note: This linter can be disabled with `set_option linter.unusedTactic false`
2026-09-19T08:33:05.9084895Z warning: NLA/MF14Degree44/SeedFirstColumns6.lean:37:15: this tactic is never executed
2026-09-19T08:33:05.9085291Z 
2026-09-19T08:33:05.9085584Z Note: This linter can be disabled with `set_option linter.unreachableTactic false`
2026-09-19T08:33:05.9086272Z warning: NLA/MF14Degree44/SeedFirstColumns6.lean:37:2: Used `tac1 <;> tac2` where `(tac1; tac2)` would suffice
2026-09-19T08:33:05.9086708Z 
2026-09-19T08:33:05.9087013Z Note: This linter can be disabled with `set_option linter.unnecessarySeqFocus false`
2026-09-19T08:33:05.9087807Z info: NLA/MF14Degree44/SeedFirstColumns6.lean:39:0: 'NLA.MF14Degree44.seed_first_column_31' depends on axioms: [propext, Classical.choice, Quot.sound]
2026-09-19T08:33:05.9088544Z info: NLA/MF14Degree44/SeedFirstColumns6.lean:49:6: Try this:
2026-09-19T08:33:05.9088956Z   [apply] ring_nf
2026-09-19T08:33:05.9089221Z   
2026-09-19T08:33:05.9089650Z   The `ring` tactic failed to close the goal. Use `ring_nf` to obtain a normal form.
2026-09-19T08:33:05.9090074Z     
2026-09-19T08:33:05.9090984Z   Note that `ring` works primarily in *commutative* rings. If you have a noncommutative ring, abelian group or module, consider using `noncomm_ring`, `abel` or `module` instead.
2026-09-19T08:33:05.9091958Z warning: NLA/MF14Degree44/SeedFirstColumns6.lean:49:2: Used `tac1 <;> tac2` where `(tac1; tac2)` would suffice
2026-09-19T08:33:05.9092424Z 
2026-09-19T08:33:05.9092729Z Note: This linter can be disabled with `set_option linter.unnecessarySeqFocus false`
2026-09-19T08:33:05.9093428Z warning: NLA/MF14Degree44/SeedFirstColumns6.lean:49:11: Used `tac1 <;> tac2` where `(tac1; tac2)` would suffice
2026-09-19T08:33:05.9093869Z 
2026-09-19T08:33:05.9094369Z Note: This linter can be disabled with `set_option linter.unnecessarySeqFocus false`
2026-09-19T08:33:05.9095190Z info: NLA/MF14Degree44/SeedFirstColumns6.lean:51:0: 'NLA.MF14Degree44.seed_first_column_32' depends on axioms: [propext, Classical.choice, Quot.sound]
2026-09-19T08:33:05.9096039Z warning: NLA/MF14Degree44/SeedFirstColumns6.lean:61:15: Unused tactic linter: `simp` does nothing
2026-09-19T08:33:05.9096466Z 
2026-09-19T08:33:05.9096755Z Note: This linter can be disabled with `set_option linter.unusedTactic false`
2026-09-19T08:33:05.9097350Z warning: NLA/MF14Degree44/SeedFirstColumns6.lean:61:15: this tactic is never executed
2026-09-19T08:33:05.9097721Z 
2026-09-19T08:33:05.9098039Z Note: This linter can be disabled with `set_option linter.unreachableTactic false`
2026-09-19T08:33:05.9098683Z warning: NLA/MF14Degree44/SeedFirstColumns6.lean:61:2: Used `tac1 <;> tac2` where `(tac1; tac2)` would suffice
2026-09-19T08:33:05.9099120Z 
2026-09-19T08:33:05.9099418Z Note: This linter can be disabled with `set_option linter.unnecessarySeqFocus false`
2026-09-19T08:33:05.9100221Z info: NLA/MF14Degree44/SeedFirstColumns6.lean:63:0: 'NLA.MF14Degree44.seed_first_column_33' depends on axioms: [propext, Classical.choice, Quot.sound]
2026-09-19T08:33:05.9101078Z warning: NLA/MF14Degree44/SeedFirstColumns6.lean:73:15: Unused tactic linter: `simp` does nothing
2026-09-19T08:33:05.9101495Z 
2026-09-19T08:33:05.9101782Z Note: This linter can be disabled with `set_option linter.unusedTactic false`
2026-09-19T08:33:05.9102362Z warning: NLA/MF14Degree44/SeedFirstColumns6.lean:73:15: this tactic is never executed
2026-09-19T08:33:05.9102772Z 
2026-09-19T08:33:05.9103266Z Note: This linter can be disabled with `set_option linter.unreachableTactic false`
2026-09-19T08:33:05.9104113Z warning: NLA/MF14Degree44/SeedFirstColumns6.lean:73:2: Used `tac1 <;> tac2` where `(tac1; tac2)` would suffice
2026-09-19T08:33:05.9104572Z 
2026-09-19T08:33:05.9104884Z Note: This linter can be disabled with `set_option linter.unnecessarySeqFocus false`
2026-09-19T08:33:05.9105662Z info: NLA/MF14Degree44/SeedFirstColumns6.lean:75:0: 'NLA.MF14Degree44.seed_first_column_34' depends on axioms: [propext, Classical.choice, Quot.sound]
2026-09-19T08:33:06.2074437Z ⚠ [3704/3723] Built NLA.MF14Degree44.SeedFirstColumns5 (18s)
2026-09-19T08:33:06.2076113Z warning: NLA/MF14Degree44/SeedFirstColumns5.lean:25:2: Used `tac1 <;> tac2` where `(tac1; tac2)` would suffice
2026-09-19T08:33:06.2076590Z 
2026-09-19T08:33:06.2076915Z Note: This linter can be disabled with `set_option linter.unnecessarySeqFocus false`
2026-09-19T08:33:06.2077769Z info: NLA/MF14Degree44/SeedFirstColumns5.lean:27:0: 'NLA.MF14Degree44.seed_first_column_25' depends on axioms: [propext, Classical.choice, Quot.sound]
2026-09-19T08:33:06.2078631Z warning: NLA/MF14Degree44/SeedFirstColumns5.lean:37:2: Used `tac1 <;> tac2` where `(tac1; tac2)` would suffice
2026-09-19T08:33:06.2079071Z 
2026-09-19T08:33:06.2079388Z Note: This linter can be disabled with `set_option linter.unnecessarySeqFocus false`
2026-09-19T08:33:06.2080239Z info: NLA/MF14Degree44/SeedFirstColumns5.lean:39:0: 'NLA.MF14Degree44.seed_first_column_26' depends on axioms: [propext, Classical.choice, Quot.sound]
2026-09-19T08:33:06.2081191Z warning: NLA/MF14Degree44/SeedFirstColumns5.lean:49:2: Used `tac1 <;> tac2` where `(tac1; tac2)` would suffice
2026-09-19T08:33:06.2081626Z 
2026-09-19T08:33:06.2081940Z Note: This linter can be disabled with `set_option linter.unnecessarySeqFocus false`
2026-09-19T08:33:06.2082746Z info: NLA/MF14Degree44/SeedFirstColumns5.lean:51:0: 'NLA.MF14Degree44.seed_first_column_27' depends on axioms: [propext, Classical.choice, Quot.sound]
2026-09-19T08:33:06.2083582Z warning: NLA/MF14Degree44/SeedFirstColumns5.lean:61:2: Used `tac1 <;> tac2` where `(tac1; tac2)` would suffice
2026-09-19T08:33:06.2084206Z 
2026-09-19T08:33:06.2084514Z Note: This linter can be disabled with `set_option linter.unnecessarySeqFocus false`
2026-09-19T08:33:06.2085289Z info: NLA/MF14Degree44/SeedFirstColumns5.lean:63:0: 'NLA.MF14Degree44.seed_first_column_28' depends on axioms: [propext, Classical.choice, Quot.sound]
2026-09-19T08:33:06.2086136Z warning: NLA/MF14Degree44/SeedFirstColumns5.lean:73:2: Used `tac1 <;> tac2` where `(tac1; tac2)` would suffice
2026-09-19T08:33:06.2086563Z 
2026-09-19T08:33:06.2086861Z Note: This linter can be disabled with `set_option linter.unnecessarySeqFocus false`
2026-09-19T08:33:06.2087637Z info: NLA/MF14Degree44/SeedFirstColumns5.lean:75:0: 'NLA.MF14Degree44.seed_first_column_29' depends on axioms: [propext, Classical.choice, Quot.sound]
2026-09-19T08:33:21.3252289Z ⚠ [3705/3723] Built NLA.MF14Degree44.SeedFirstColumns4 (18s)
2026-09-19T08:33:21.3254409Z warning: NLA/MF14Degree44/SeedFirstColumns4.lean:25:2: Used `tac1 <;> tac2` where `(tac1; tac2)` would suffice
2026-09-19T08:33:21.3254981Z 
2026-09-19T08:33:21.3255348Z Note: This linter can be disabled with `set_option linter.unnecessarySeqFocus false`
2026-09-19T08:33:21.3256260Z info: NLA/MF14Degree44/SeedFirstColumns4.lean:27:0: 'NLA.MF14Degree44.seed_first_column_20' depends on axioms: [propext, Classical.choice, Quot.sound]
2026-09-19T08:33:21.3257223Z warning: NLA/MF14Degree44/SeedFirstColumns4.lean:37:2: Used `tac1 <;> tac2` where `(tac1; tac2)` would suffice
2026-09-19T08:33:21.3257709Z 
2026-09-19T08:33:21.3258038Z Note: This linter can be disabled with `set_option linter.unnecessarySeqFocus false`
2026-09-19T08:33:21.3258913Z info: NLA/MF14Degree44/SeedFirstColumns4.lean:39:0: 'NLA.MF14Degree44.seed_first_column_21' depends on axioms: [propext, Classical.choice, Quot.sound]
2026-09-19T08:33:21.3259806Z warning: NLA/MF14Degree44/SeedFirstColumns4.lean:49:2: Used `tac1 <;> tac2` where `(tac1; tac2)` would suffice
2026-09-19T08:33:21.3260658Z 
2026-09-19T08:33:21.3261013Z Note: This linter can be disabled with `set_option linter.unnecessarySeqFocus false`
2026-09-19T08:33:21.3261869Z info: NLA/MF14Degree44/SeedFirstColumns4.lean:51:0: 'NLA.MF14Degree44.seed_first_column_22' depends on axioms: [propext, Classical.choice, Quot.sound]
2026-09-19T08:33:21.3262802Z warning: NLA/MF14Degree44/SeedFirstColumns4.lean:61:2: Used `tac1 <;> tac2` where `(tac1; tac2)` would suffice
2026-09-19T08:33:21.3263458Z 
2026-09-19T08:33:21.3263809Z Note: This linter can be disabled with `set_option linter.unnecessarySeqFocus false`
2026-09-19T08:33:21.3264918Z info: NLA/MF14Degree44/SeedFirstColumns4.lean:63:0: 'NLA.MF14Degree44.seed_first_column_23' depends on axioms: [propext, Classical.choice, Quot.sound]
2026-09-19T08:33:21.3265863Z warning: NLA/MF14Degree44/SeedFirstColumns4.lean:73:2: Used `tac1 <;> tac2` where `(tac1; tac2)` would suffice
2026-09-19T08:33:21.3266338Z 
2026-09-19T08:33:21.3266682Z Note: This linter can be disabled with `set_option linter.unnecessarySeqFocus false`
2026-09-19T08:33:21.3267580Z info: NLA/MF14Degree44/SeedFirstColumns4.lean:75:0: 'NLA.MF14Degree44.seed_first_column_24' depends on axioms: [propext, Classical.choice, Quot.sound]
2026-09-19T08:33:22.2263143Z ⚠ [3706/3723] Built NLA.MF14Degree44.SeedFirstColumns3 (18s)
2026-09-19T08:33:22.2265536Z warning: NLA/MF14Degree44/SeedFirstColumns3.lean:25:2: Used `tac1 <;> tac2` where `(tac1; tac2)` would suffice
2026-09-19T08:33:22.2266149Z 
2026-09-19T08:33:22.2266529Z Note: This linter can be disabled with `set_option linter.unnecessarySeqFocus false`
2026-09-19T08:33:22.2267440Z info: NLA/MF14Degree44/SeedFirstColumns3.lean:27:0: 'NLA.MF14Degree44.seed_first_column_15' depends on axioms: [propext, Classical.choice, Quot.sound]
2026-09-19T08:33:22.2268386Z warning: NLA/MF14Degree44/SeedFirstColumns3.lean:37:2: Used `tac1 <;> tac2` where `(tac1; tac2)` would suffice
2026-09-19T08:33:22.2268917Z 
2026-09-19T08:33:22.2269278Z Note: This linter can be disabled with `set_option linter.unnecessarySeqFocus false`
2026-09-19T08:33:22.2270228Z info: NLA/MF14Degree44/SeedFirstColumns3.lean:39:0: 'NLA.MF14Degree44.seed_first_column_16' depends on axioms: [propext, Classical.choice, Quot.sound]
2026-09-19T08:33:22.2271187Z warning: NLA/MF14Degree44/SeedFirstColumns3.lean:49:2: Used `tac1 <;> tac2` where `(tac1; tac2)` would suffice
2026-09-19T08:33:22.2271658Z 
2026-09-19T08:33:22.2272006Z Note: This linter can be disabled with `set_option linter.unnecessarySeqFocus false`
2026-09-19T08:33:22.2272862Z info: NLA/MF14Degree44/SeedFirstColumns3.lean:51:0: 'NLA.MF14Degree44.seed_first_column_17' depends on axioms: [propext, Classical.choice, Quot.sound]
2026-09-19T08:33:22.2273754Z warning: NLA/MF14Degree44/SeedFirstColumns3.lean:61:2: Used `tac1 <;> tac2` where `(tac1; tac2)` would suffice
2026-09-19T08:33:22.2274445Z 
2026-09-19T08:33:22.2274778Z Note: This linter can be disabled with `set_option linter.unnecessarySeqFocus false`
2026-09-19T08:33:22.2275581Z info: NLA/MF14Degree44/SeedFirstColumns3.lean:63:0: 'NLA.MF14Degree44.seed_first_column_18' depends on axioms: [propext, Classical.choice, Quot.sound]
2026-09-19T08:33:22.2276459Z warning: NLA/MF14Degree44/SeedFirstColumns3.lean:73:2: Used `tac1 <;> tac2` where `(tac1; tac2)` would suffice
2026-09-19T08:33:22.2276930Z 
2026-09-19T08:33:22.2277252Z Note: This linter can be disabled with `set_option linter.unnecessarySeqFocus false`
2026-09-19T08:33:22.2278112Z info: NLA/MF14Degree44/SeedFirstColumns3.lean:75:0: 'NLA.MF14Degree44.seed_first_column_19' depends on axioms: [propext, Classical.choice, Quot.sound]
2026-09-19T08:33:24.1306054Z ⚠ [3707/3723] Built NLA.MF14Degree44.SeedFirstColumns2 (18s)
2026-09-19T08:33:24.1307619Z warning: NLA/MF14Degree44/SeedFirstColumns2.lean:25:2: Used `tac1 <;> tac2` where `(tac1; tac2)` would suffice
2026-09-19T08:33:24.1308116Z 
2026-09-19T08:33:24.1308431Z Note: This linter can be disabled with `set_option linter.unnecessarySeqFocus false`
2026-09-19T08:33:24.1309507Z info: NLA/MF14Degree44/SeedFirstColumns2.lean:27:0: 'NLA.MF14Degree44.seed_first_column_10' depends on axioms: [propext, Classical.choice, Quot.sound]
2026-09-19T08:33:24.1310408Z warning: NLA/MF14Degree44/SeedFirstColumns2.lean:37:2: Used `tac1 <;> tac2` where `(tac1; tac2)` would suffice
2026-09-19T08:33:24.1310880Z 
2026-09-19T08:33:24.1311202Z Note: This linter can be disabled with `set_option linter.unnecessarySeqFocus false`
2026-09-19T08:33:24.1312032Z info: NLA/MF14Degree44/SeedFirstColumns2.lean:39:0: 'NLA.MF14Degree44.seed_first_column_11' depends on axioms: [propext, Classical.choice, Quot.sound]
2026-09-19T08:33:24.1313039Z warning: NLA/MF14Degree44/SeedFirstColumns2.lean:49:2: Used `tac1 <;> tac2` where `(tac1; tac2)` would suffice
2026-09-19T08:33:24.1313516Z 
2026-09-19T08:33:24.1313844Z Note: This linter can be disabled with `set_option linter.unnecessarySeqFocus false`
2026-09-19T08:33:24.1314939Z info: NLA/MF14Degree44/SeedFirstColumns2.lean:51:0: 'NLA.MF14Degree44.seed_first_column_12' depends on axioms: [propext, Classical.choice, Quot.sound]
2026-09-19T08:33:24.1315942Z warning: NLA/MF14Degree44/SeedFirstColumns2.lean:61:2: Used `tac1 <;> tac2` where `(tac1; tac2)` would suffice
2026-09-19T08:33:24.1316438Z 
2026-09-19T08:33:24.1316739Z Note: This linter can be disabled with `set_option linter.unnecessarySeqFocus false`
2026-09-19T08:33:24.1317504Z info: NLA/MF14Degree44/SeedFirstColumns2.lean:63:0: 'NLA.MF14Degree44.seed_first_column_13' depends on axioms: [propext, Classical.choice, Quot.sound]
2026-09-19T08:33:24.1318377Z warning: NLA/MF14Degree44/SeedFirstColumns2.lean:73:2: Used `tac1 <;> tac2` where `(tac1; tac2)` would suffice
2026-09-19T08:33:24.1318838Z 
2026-09-19T08:33:24.1319114Z Note: This linter can be disabled with `set_option linter.unnecessarySeqFocus false`
2026-09-19T08:33:24.1319922Z info: NLA/MF14Degree44/SeedFirstColumns2.lean:75:0: 'NLA.MF14Degree44.seed_first_column_14' depends on axioms: [propext, Classical.choice, Quot.sound]
2026-09-19T08:33:24.5312096Z ⚠ [3708/3723] Built NLA.MF14Degree44.SeedFirstColumns1 (18s)
2026-09-19T08:33:24.5315859Z warning: NLA/MF14Degree44/SeedFirstColumns1.lean:25:2: Used `tac1 <;> tac2` where `(tac1; tac2)` would suffice
2026-09-19T08:33:24.5316619Z 
2026-09-19T08:33:24.5317028Z Note: This linter can be disabled with `set_option linter.unnecessarySeqFocus false`
2026-09-19T08:33:24.5318238Z info: NLA/MF14Degree44/SeedFirstColumns1.lean:27:0: 'NLA.MF14Degree44.seed_first_column_5' depends on axioms: [propext, Classical.choice, Quot.sound]
2026-09-19T08:33:24.5319526Z warning: NLA/MF14Degree44/SeedFirstColumns1.lean:37:2: Used `tac1 <;> tac2` where `(tac1; tac2)` would suffice
2026-09-19T08:33:24.5320111Z 
2026-09-19T08:33:24.5320486Z Note: This linter can be disabled with `set_option linter.unnecessarySeqFocus false`
2026-09-19T08:33:24.5321581Z info: NLA/MF14Degree44/SeedFirstColumns1.lean:39:0: 'NLA.MF14Degree44.seed_first_column_6' depends on axioms: [propext, Classical.choice, Quot.sound]
2026-09-19T08:33:24.5322754Z warning: NLA/MF14Degree44/SeedFirstColumns1.lean:49:2: Used `tac1 <;> tac2` where `(tac1; tac2)` would suffice
2026-09-19T08:33:24.5323336Z 
2026-09-19T08:33:24.5323698Z Note: This linter can be disabled with `set_option linter.unnecessarySeqFocus false`
2026-09-19T08:33:24.5325074Z info: NLA/MF14Degree44/SeedFirstColumns1.lean:51:0: 'NLA.MF14Degree44.seed_first_column_7' depends on axioms: [propext, Classical.choice, Quot.sound]
2026-09-19T08:33:24.5326321Z warning: NLA/MF14Degree44/SeedFirstColumns1.lean:61:2: Used `tac1 <;> tac2` where `(tac1; tac2)` would suffice
2026-09-19T08:33:24.5326942Z 
2026-09-19T08:33:24.5327295Z Note: This linter can be disabled with `set_option linter.unnecessarySeqFocus false`
2026-09-19T08:33:24.5328397Z info: NLA/MF14Degree44/SeedFirstColumns1.lean:63:0: 'NLA.MF14Degree44.seed_first_column_8' depends on axioms: [propext, Classical.choice, Quot.sound]
2026-09-19T08:33:24.5336171Z warning: NLA/MF14Degree44/SeedFirstColumns1.lean:73:2: Used `tac1 <;> tac2` where `(tac1; tac2)` would suffice
2026-09-19T08:33:24.5337431Z 
2026-09-19T08:33:24.5338219Z Note: This linter can be disabled with `set_option linter.unnecessarySeqFocus false`
2026-09-19T08:33:24.5339036Z info: NLA/MF14Degree44/SeedFirstColumns1.lean:75:0: 'NLA.MF14Degree44.seed_first_column_9' depends on axioms: [propext, Classical.choice, Quot.sound]
2026-09-19T08:33:26.9344135Z ℹ [3709/3723] Built NLA.MF14Degree44.SpanReconstruction (2.8s)
2026-09-19T08:33:26.9345816Z info: NLA/MF14Degree44/SpanReconstruction.lean:41:0: 'NLA.MF14Degree44.span_reconstruct_coordinates' depends on axioms: [propext, Classical.choice, Quot.sound]
2026-09-19T08:33:26.9347669Z info: NLA/MF14Degree44/SpanReconstruction.lean:43:0: 'NLA.MF14Degree44.span_reconstruct_coefficient_polynomial' depends on axioms: [propext, Classical.choice, Quot.sound]
2026-09-19T08:33:27.4350514Z ℹ [3710/3723] Built NLA.MF14Degree44.FourthMinorIdentity (2.9s)
2026-09-19T08:33:27.4351925Z info: NLA/MF14Degree44/FourthMinorIdentity.lean:31:0: 'NLA.MF14Degree44.fourth_minor_identity' depends on axioms: [propext, Classical.choice, Quot.sound]
2026-09-19T08:33:30.3394483Z ℹ [3711/3723] Built NLA.MF14Degree44.ContinuationClosure (2.0s)
2026-09-19T08:33:30.3395970Z info: NLA/MF14Degree44/ContinuationClosure.lean:47:0: 'NLA.MF14Degree44.continuation_closure_transfer' depends on axioms: [propext, Classical.choice, Quot.sound]
2026-09-19T08:33:30.4401522Z ℹ [3712/3723] Built NLA.MF14Degree44.BorderPathContinuity (3.5s)
2026-09-19T08:33:30.4402994Z info: NLA/MF14Degree44/BorderPathContinuity.lean:107:0: 'NLA.MF14Degree44.CoefficientsContinuous.mul' depends on axioms: [propext, Classical.choice, Quot.sound]
2026-09-19T08:33:30.4404333Z info: NLA/MF14Degree44/BorderPathContinuity.lean:109:0: 'NLA.MF14Degree44.degenerationZ_coefficients_continuous' depends on axioms: [propext, Classical.choice, Quot.sound]
2026-09-19T08:33:30.4405458Z info: NLA/MF14Degree44/BorderPathContinuity.lean:111:0: 'NLA.MF14Degree44.monic_border_path_coefficients_continuous' depends on axioms: [propext, Classical.choice, Quot.sound]
2026-09-19T08:33:30.4406484Z info: NLA/MF14Degree44/BorderPathContinuity.lean:113:0: 'NLA.MF14Degree44.moving_border_path_continuous' depends on axioms: [propext, Classical.choice, Quot.sound]
2026-09-19T08:33:31.0412460Z ⚠ [3713/3723] Built NLA.MF14Degree44.SeedFirstPilot (8.8s)
2026-09-19T08:33:31.0414169Z warning: NLA/MF14Degree44/SeedFirstPilot.lean:25:2: Used `tac1 <;> tac2` where `(tac1; tac2)` would suffice
2026-09-19T08:33:31.0414832Z 
2026-09-19T08:33:31.0415294Z Note: This linter can be disabled with `set_option linter.unnecessarySeqFocus false`
2026-09-19T08:33:31.0416251Z info: NLA/MF14Degree44/SeedFirstPilot.lean:27:0: 'NLA.MF14Degree44.seed_first_column_0' depends on axioms: [propext, Classical.choice, Quot.sound]
2026-09-19T08:33:31.0417235Z warning: NLA/MF14Degree44/SeedFirstPilot.lean:37:2: Used `tac1 <;> tac2` where `(tac1; tac2)` would suffice
2026-09-19T08:33:31.0417712Z 
2026-09-19T08:33:31.0418059Z Note: This linter can be disabled with `set_option linter.unnecessarySeqFocus false`
2026-09-19T08:33:31.0418951Z info: NLA/MF14Degree44/SeedFirstPilot.lean:39:0: 'NLA.MF14Degree44.seed_first_column_1' depends on axioms: [propext, Classical.choice, Quot.sound]
2026-09-19T08:33:32.8456222Z ⚠ [3714/3723] Built NLA.MF14Degree44.SeedFirstColumns0 (11s)
2026-09-19T08:33:32.8457914Z warning: NLA/MF14Degree44/SeedFirstColumns0.lean:25:2: Used `tac1 <;> tac2` where `(tac1; tac2)` would suffice
2026-09-19T08:33:32.8458529Z 
2026-09-19T08:33:32.8458870Z Note: This linter can be disabled with `set_option linter.unnecessarySeqFocus false`
2026-09-19T08:33:32.8459984Z info: NLA/MF14Degree44/SeedFirstColumns0.lean:27:0: 'NLA.MF14Degree44.seed_first_column_2' depends on axioms: [propext, Classical.choice, Quot.sound]
2026-09-19T08:33:32.8460918Z warning: NLA/MF14Degree44/SeedFirstColumns0.lean:37:2: Used `tac1 <;> tac2` where `(tac1; tac2)` would suffice
2026-09-19T08:33:32.8461372Z 
2026-09-19T08:33:32.8461705Z Note: This linter can be disabled with `set_option linter.unnecessarySeqFocus false`
2026-09-19T08:33:32.8462811Z info: NLA/MF14Degree44/SeedFirstColumns0.lean:39:0: 'NLA.MF14Degree44.seed_first_column_3' depends on axioms: [propext, Classical.choice, Quot.sound]
2026-09-19T08:33:32.8463823Z warning: NLA/MF14Degree44/SeedFirstColumns0.lean:49:2: Used `tac1 <;> tac2` where `(tac1; tac2)` would suffice
2026-09-19T08:33:32.8464465Z 
2026-09-19T08:33:32.8464720Z Note: This linter can be disabled with `set_option linter.unnecessarySeqFocus false`
2026-09-19T08:33:32.8465471Z info: NLA/MF14Degree44/SeedFirstColumns0.lean:51:0: 'NLA.MF14Degree44.seed_first_column_4' depends on axioms: [propext, Classical.choice, Quot.sound]
2026-09-19T08:33:33.2454901Z ⚠ [3715/3723] Built NLA.MF14Degree44.SpanBasisCoordinates (2.8s)
2026-09-19T08:33:33.2455583Z warning: NLA/MF14Degree44/SpanBasisCoordinates.lean:32:2: Used `tac1 <;> tac2` where `(tac1; tac2)` would suffice
2026-09-19T08:33:33.2455969Z 
2026-09-19T08:33:33.2456191Z Note: This linter can be disabled with `set_option linter.unnecessarySeqFocus false`
2026-09-19T08:33:33.2456891Z info: NLA/MF14Degree44/SpanBasisCoordinates.lean:45:0: 'NLA.MF14Degree44.fourth_rows_strictMono' depends on axioms: [propext]
2026-09-19T08:33:33.2457743Z info: NLA/MF14Degree44/SpanBasisCoordinates.lean:47:0: 'NLA.MF14Degree44.product_basis_matrix_upper' depends on axioms: [propext, Classical.choice, Quot.sound]
2026-09-19T08:33:33.2458867Z info: NLA/MF14Degree44/SpanBasisCoordinates.lean:49:0: 'NLA.MF14Degree44.product_basis_matrix_det' depends on axioms: [propext, Classical.choice, Quot.sound]
2026-09-19T08:33:33.2460177Z info: NLA/MF14Degree44/SpanBasisCoordinates.lean:51:0: 'NLA.MF14Degree44.fourth_span_coordinates' depends on axioms: [propext, Classical.choice, Quot.sound]
2026-09-19T08:33:33.3464157Z ℹ [3716/3723] Built NLA.MF14Degree44.FourthActualCircuit (2.0s)
2026-09-19T08:33:33.3465165Z info: NLA/MF14Degree44/FourthActualCircuit.lean:36:0: 'NLA.MF14Degree44.fourth_actual_joint' depends on axioms: [propext, Classical.choice, Quot.sound]
2026-09-19T08:33:33.9484669Z ⚠ [3717/3723] Built NLA.MF14Degree44.BorderLimit (2.9s)
2026-09-19T08:33:33.9485583Z warning: NLA/MF14Degree44/BorderLimit.lean:23:33: `Set.mem_setOf_eq` has been deprecated: Use `Set.mem_ofPred_eq` instead
2026-09-19T08:33:33.9486601Z info: NLA/MF14Degree44/BorderLimit.lean:58:0: 'NLA.MF14Degree44.joint_four_closure_isClosed' depends on axioms: [propext, Classical.choice, Quot.sound]
2026-09-19T08:33:33.9487739Z info: NLA/MF14Degree44/BorderLimit.lean:60:0: 'NLA.MF14Degree44.monic_border_joint_closure_of_fourth' depends on axioms: [propext, Classical.choice, Quot.sound]
2026-09-19T08:33:35.1495732Z ℹ [3718/3723] Built NLA.MF14Degree44.SeedFirstColumns (2.3s)
2026-09-19T08:33:35.1496646Z info: NLA/MF14Degree44/SeedFirstColumns.lean:68:0: 'NLA.MF14Degree44.seed_first_columns' depends on axioms: [propext, Classical.choice, Quot.sound]
2026-09-19T08:33:35.5498433Z ℹ [3719/3723] Built NLA.MF14Degree44.FourthJointClosure (2.2s)
2026-09-19T08:33:35.5499077Z info: NLA/MF14Degree44/FourthJointClosure.lean:87:0: 'NLA.MF14Degree44.reconstructed_moving_coordinate_polynomial' depends on axioms: [propext, Classical.choice, Quot.sound]
2026-09-19T08:33:35.5499798Z info: NLA/MF14Degree44/FourthJointClosure.lean:89:0: 'NLA.MF14Degree44.fourth_product_joint_closure' depends on axioms: [propext, Classical.choice, Quot.sound]
2026-09-19T08:33:37.1515317Z ℹ [3720/3723] Built NLA.MF14Degree44.JacobianIdentity (1.0s)
2026-09-19T08:33:37.1515892Z info: NLA/MF14Degree44/JacobianIdentity.lean:36:0: 'NLA.MF14Degree44.coefficient_jacobian_identity' depends on axioms: [propext, Classical.choice, Quot.sound]
2026-09-19T08:33:37.1516618Z info: NLA/MF14Degree44/JacobianIdentity.lean:38:0: 'NLA.MF14Degree44.coefficient_derivative_bijective' depends on axioms: [propext, Classical.choice, Quot.sound]
2026-09-19T08:33:39.0534981Z ℹ [3721/3723] Built NLA.MF14Degree44.FinalClosure (1.9s)
2026-09-19T08:33:39.0535543Z info: NLA/MF14Degree44/FinalClosure.lean:70:0: 'NLA.MF14Degree44.quad_reconstruction_of_degree' depends on axioms: [propext, Classical.choice, Quot.sound]
2026-09-19T08:33:39.0536351Z info: NLA/MF14Degree44/FinalClosure.lean:72:0: 'NLA.MF14Degree44.border_quad_natDegree' depends on axioms: [propext, Classical.choice, Quot.sound]
2026-09-19T08:33:39.0536970Z info: NLA/MF14Degree44/FinalClosure.lean:74:0: 'NLA.MF14Degree44.monic_border_joint_closure' depends on axioms: [propext, Classical.choice, Quot.sound]
2026-09-19T08:33:39.0537584Z info: NLA/MF14Degree44/FinalClosure.lean:76:0: 'NLA.MF14Degree44.family_image_mem_closure' depends on axioms: [propext, Classical.choice, Quot.sound]
2026-09-19T08:33:39.0538261Z info: NLA/MF14Degree44/FinalClosure.lean:78:0: 'NLA.MF14Degree44.degree44_coverage' depends on axioms: [propext, Classical.choice, Quot.sound]
2026-09-19T08:33:39.0538863Z info: NLA/MF14Degree44/FinalClosure.lean:80:0: 'NLA.MF14Degree44.original_equality_false' depends on axioms: [propext, Classical.choice, Quot.sound]
2026-09-19T08:33:40.9557340Z ℹ [3722/3723] Built Solution (1.8s)
2026-09-19T08:33:40.9557900Z info: Solution.lean:12:0: 'NLA.MF14Degree44.canonical_gate_padding' depends on axioms: [propext, Classical.choice, Quot.sound]
2026-09-19T08:33:40.9558464Z info: Solution.lean:15:0: 'NLA.MF14Degree44.four_prefix_full_coefficients' depends on axioms: [propext, Classical.choice, Quot.sound]
2026-09-19T08:33:40.9558990Z info: Solution.lean:18:0: 'NLA.MF14Degree44.three_product_tuple' depends on axioms: [propext, Classical.choice, Quot.sound]
2026-09-19T08:33:40.9559542Z info: Solution.lean:21:0: 'NLA.MF14Degree44.good_border_parameters_eventually' depends on axioms: [propext, Classical.choice, Quot.sound]
2026-09-19T08:33:40.9560099Z info: Solution.lean:24:0: 'NLA.MF14Degree44.fourth_span_coordinates' depends on axioms: [propext, Classical.choice, Quot.sound]
2026-09-19T08:33:40.9560601Z info: Solution.lean:27:0: 'NLA.MF14Degree44.fourth_map_smooth' depends on axioms: [propext, Classical.choice, Quot.sound]
2026-09-19T08:33:40.9561107Z info: Solution.lean:30:0: 'NLA.MF14Degree44.fourth_jacobian_identity' depends on axioms: [propext, Classical.choice, Quot.sound]
2026-09-19T08:33:40.9561636Z info: Solution.lean:33:0: 'NLA.MF14Degree44.fourth_minor_identity' depends on axioms: [propext, Classical.choice, Quot.sound]
2026-09-19T08:33:40.9562158Z info: Solution.lean:36:0: 'NLA.MF14Degree44.fourth_product_joint_closure' depends on axioms: [propext, Classical.choice, Quot.sound]
2026-09-19T08:33:40.9562775Z info: Solution.lean:39:0: 'NLA.MF14Degree44.polynomial_density_of_strict_derivative' depends on axioms: [propext, Classical.choice, Quot.sound]
2026-09-19T08:33:40.9563354Z info: Solution.lean:42:0: 'NLA.MF14Degree44.degeneration_identity' depends on axioms: [propext, Classical.choice, Quot.sound]
2026-09-19T08:33:40.9563907Z info: Solution.lean:45:0: 'NLA.MF14Degree44.degeneration_at_zero' depends on axioms: [propext, Classical.choice, Quot.sound]
2026-09-19T08:33:40.9564710Z info: Solution.lean:48:0: 'NLA.MF14Degree44.degeneration_in_span' depends on axioms: [propext, Classical.choice, Quot.sound]
2026-09-19T08:33:40.9565431Z info: Solution.lean:51:0: 'NLA.MF14Degree44.monic_border_joint_closure' depends on axioms: [propext, Classical.choice, Quot.sound]
2026-09-19T08:33:40.9565962Z info: Solution.lean:54:0: 'NLA.MF14Degree44.continuation_actual_output' depends on axioms: [propext, Classical.choice, Quot.sound]
2026-09-19T08:33:40.9566485Z info: Solution.lean:57:0: 'NLA.MF14Degree44.continuation_degree_bound' depends on axioms: [propext, Classical.choice, Quot.sound]
2026-09-19T08:33:40.9567019Z info: Solution.lean:60:0: 'NLA.MF14Degree44.continuation_closure_transfer' depends on axioms: [propext, Classical.choice, Quot.sound]
2026-09-19T08:33:40.9567553Z info: Solution.lean:63:0: 'NLA.MF14Degree44.family_image_mem_closure' depends on axioms: [propext, Classical.choice, Quot.sound]
2026-09-19T08:33:40.9568180Z info: Solution.lean:66:0: 'NLA.MF14Degree44.family_degree_and_full_vector' depends on axioms: [propext, Classical.choice, Quot.sound]
2026-09-19T08:33:40.9568725Z info: Solution.lean:69:0: 'NLA.MF14Degree44.coefficient_map_smooth' depends on axioms: [propext, Classical.choice, Quot.sound]
2026-09-19T08:33:40.9569508Z info: Solution.lean:72:0: 'NLA.MF14Degree44.coefficient_jacobian_identity' depends on axioms: [propext, Classical.choice, Quot.sound]
2026-09-19T08:33:40.9570079Z info: Solution.lean:75:0: 'NLA.MF14Degree44.integer_jacobian_mod3_inverse' depends on axioms: [propext, Classical.choice, Quot.sound]
2026-09-19T08:33:40.9570621Z info: Solution.lean:78:0: 'NLA.MF14Degree44.coefficient_derivative_bijective' depends on axioms: [propext, Classical.choice, Quot.sound]
2026-09-19T08:33:40.9571271Z info: Solution.lean:81:0: 'NLA.MF14Degree44.degree44_coverage' depends on axioms: [propext, Classical.choice, Quot.sound]
2026-09-19T08:33:40.9571780Z info: Solution.lean:84:0: 'NLA.MF14Degree44.original_equality_false' depends on axioms: [propext, Classical.choice, Quot.sound]
2026-09-19T08:33:40.9630064Z Build completed successfully (3723 jobs).
2026-09-19T08:34:06.8057891Z Exporting #[Quot, Quot.mk, Quot.lift, Quot.ind, NLA.MF14Degree44.canonical_gate_padding, NLA.MF14Degree44.four_prefix_full_coefficients, NLA.MF14Degree44.three_product_tuple, NLA.MF14Degree44.good_border_parameters_eventually, NLA.MF14Degree44.fourth_span_coordinates, NLA.MF14Degree44.fourth_map_smooth, NLA.MF14Degree44.fourth_jacobian_identity, NLA.MF14Degree44.fourth_minor_identity, NLA.MF14Degree44.fourth_product_joint_closure, NLA.MF14Degree44.polynomial_density_of_strict_derivative, NLA.MF14Degree44.degeneration_identity, NLA.MF14Degree44.degeneration_at_zero, NLA.MF14Degree44.degeneration_in_span, NLA.MF14Degree44.monic_border_joint_closure, NLA.MF14Degree44.continuation_actual_output, NLA.MF14Degree44.continuation_degree_bound, NLA.MF14Degree44.continuation_closure_transfer, NLA.MF14Degree44.family_image_mem_closure, NLA.MF14Degree44.family_degree_and_full_vector, NLA.MF14Degree44.coefficient_map_smooth, NLA.MF14Degree44.coefficient_jacobian_identity, NLA.MF14Degree44.integer_jacobian_mod3_inverse, NLA.MF14Degree44.coefficient_derivative_bijective, NLA.MF14Degree44.degree44_coverage, NLA.MF14Degree44.original_equality_false, propext, Classical.choice, Quot.sound, Nat.add, Nat.sub, Nat.mul, Nat.pow, Nat.gcd, Nat.div, Nat.mod, Nat.beq, Nat.ble, Nat.land, Nat.lor, Nat.xor, Nat.shiftLeft, Nat.shiftRight, String.ofList, Char.ofNat, List, eagerReduce, Nat, String, String.mk, Char, optParam, autoParam, semiOutParam, outParam] from Solution
2026-09-19T08:34:06.8062002Z uncaught exception: Challenge and solution theorem statement do not match: 'NLA.MF14Degree44.integer_jacobian_mod3_inverse'
2026-09-19T08:34:09.1909622Z Lean verification precondition/check failed: verification phase failed: /home/runner/work/_temp/nla-lean-tools/logs/verify-20260919T082642Z-3942/comparator.log (exit 1, expected 0; required markers ('Lean default kernel accepts the solution', 'Your solution is okay!'))
2026-09-19T08:34:09.2058992Z ##[error]Process completed with exit code 2.
2026-09-19T08:34:09.2138464Z Node 20 is being deprecated. This workflow is running with Node 24 by default. If you need to temporarily use Node 20, you can set the ACTIONS_ALLOW_USE_UNSECURE_NODE_VERSION=true environment variable. For more information see: https://github.blog/changelog/2025-09-19-deprecation-of-node-20-on-github-actions-runners/
2026-09-19T08:34:09.2139484Z ##[group]Run actions/upload-artifact@ea165f8d65b6e75b540449e92b4886f43607fa02
2026-09-19T08:34:09.2139753Z with:
2026-09-19T08:34:09.2139905Z   name: lean-MF-14
2026-09-19T08:34:09.2140099Z   path: /home/runner/work/_temp/nla-lean-tools/logs/
2026-09-19T08:34:09.2140340Z   if-no-files-found: warn
2026-09-19T08:34:09.2140516Z   compression-level: 6
2026-09-19T08:34:09.2140680Z   overwrite: false
2026-09-19T08:34:09.2140927Z   include-hidden-files: false
2026-09-19T08:34:09.2141106Z env:
2026-09-19T08:34:09.2141250Z   GOTOOLCHAIN: local
2026-09-19T08:34:09.2141417Z   XDG_RUNTIME_DIR: /run/user/1001
2026-09-19T08:34:09.2141665Z   DBUS_SESSION_BUS_ADDRESS: unix:path=/run/user/1001/bus
2026-09-19T08:34:09.2141883Z ##[endgroup]
2026-09-19T08:34:09.4944909Z (node:8022) [DEP0040] DeprecationWarning: The `punycode` module is deprecated. Please use a userland alternative instead.
2026-09-19T08:34:09.4945829Z (Use `node --trace-deprecation ...` to show where the warning was created)
2026-09-19T08:34:09.5032254Z With the provided path, there will be 12 files uploaded
2026-09-19T08:34:09.5036927Z Artifact name is valid!
2026-09-19T08:34:09.5037342Z Root directory input is valid!
2026-09-19T08:34:09.8112976Z Beginning upload of artifact content to blob storage
2026-09-19T08:34:10.0033886Z (node:8022) [DEP0169] DeprecationWarning: `url.parse()` behavior is not standardized and prone to errors that have security implications. Use the WHATWG URL API instead. CVEs are not issued for `url.parse()` vulnerabilities.
2026-09-19T08:34:10.2175460Z Uploaded bytes 18769
2026-09-19T08:34:10.2632669Z Finished uploading artifact content to blob storage!
2026-09-19T08:34:10.2633341Z SHA256 digest of uploaded artifact zip is 1a3becd36dd4e17c94bedbc2aac20583a683b598aafa69be84fdeb48691dfd9a
2026-09-19T08:34:10.2641788Z Finalizing artifact upload
2026-09-19T08:34:10.5184998Z Artifact lean-MF-14.zip successfully finalized. Artifact ID 10581150411
2026-09-19T08:34:10.5185741Z Artifact lean-MF-14 has been successfully uploaded! Final size is 18769 bytes. Artifact ID is 10581150411
2026-09-19T08:34:10.5190596Z Artifact download URL: https://github.com/sgstepaniants/OpenProblemsInNLA/actions/runs/35431937168/artifacts/10581150411
2026-09-19T08:34:10.5355505Z Node 20 is being deprecated. This workflow is running with Node 24 by default. If you need to temporarily use Node 20, you can set the ACTIONS_ALLOW_USE_UNSECURE_NODE_VERSION=true environment variable. For more information see: https://github.blog/changelog/2025-09-19-deprecation-of-node-20-on-github-actions-runners/
2026-09-19T08:34:10.5356416Z Post job cleanup.
2026-09-19T08:34:10.6224661Z [command]/usr/bin/git version
2026-09-19T08:34:10.6258060Z git version 2.55.0
2026-09-19T08:34:10.6281813Z Temporarily overriding HOME='/home/runner/work/_temp/aebf9bb5-f55a-4d81-af5c-e6616365a7f3' before making global git config changes
2026-09-19T08:34:10.6282870Z Adding repository directory to the temporary git global config as a safe directory
2026-09-19T08:34:10.6287482Z [command]/usr/bin/git config --global --add safe.directory /home/runner/work/OpenProblemsInNLA/OpenProblemsInNLA
2026-09-19T08:34:10.6315317Z [command]/usr/bin/git config --local --name-only --get-regexp core\.sshCommand
2026-09-19T08:34:10.6339898Z [command]/usr/bin/git submodule foreach --recursive sh -c "git config --local --name-only --get-regexp 'core\.sshCommand' && git config --local --unset-all 'core.sshCommand' || :"
2026-09-19T08:34:10.6654982Z [command]/usr/bin/git config --local --name-only --get-regexp http\.https\:\/\/github\.com\/\.extraheader
2026-09-19T08:34:10.6680335Z [command]/usr/bin/git submodule foreach --recursive sh -c "git config --local --name-only --get-regexp 'http\.https\:\/\/github\.com\/\.extraheader' && git config --local --unset-all 'http.https://github.com/.extraheader' || :"
2026-09-19T08:34:10.6896761Z [command]/usr/bin/git config --local --name-only --get-regexp ^includeIf\.gitdir:
2026-09-19T08:34:10.6948859Z [command]/usr/bin/git submodule foreach --recursive git config --local --show-origin --name-only --get-regexp remote.origin.url
2026-09-19T08:34:10.7278914Z Cleaning up orphan processes
2026-09-19T08:34:10.7779878Z ##[warning]Node.js 20 is deprecated. The following actions target Node.js 20 but are being forced to run on Node.js 24: actions/checkout@11d5960a326750d5838078e36cf38b85af677262, actions/upload-artifact@ea165f8d65b6e75b540449e92b4886f43607fa02. For more information see: https://github.blog/changelog/2025-09-19-deprecation-of-node-20-on-github-actions-runners/
