TYPEJSON NLA.MF14Degree44.canonical_gate_padding Lean.Expr.forallE
  `p
  (Lean.Expr.const `NLA.MF14Degree44.Poly [])
  (Lean.Expr.app
    (Lean.Expr.app
      (Lean.Expr.const `Iff [])
      (Lean.Expr.app (Lean.Expr.const `NLA.MF14.IsAtMostSevenProductOutput []) (Lean.Expr.bvar 0)))
    (Lean.Expr.app (Lean.Expr.const `NLA.MF14.IsSevenProductOutput []) (Lean.Expr.bvar 0)))
  (Lean.BinderInfo.default)
LEVELJSON NLA.MF14Degree44.canonical_gate_padding []
TYPEJSON NLA.MF14Degree44.four_prefix_full_coefficients Lean.Expr.forallE
  `v
  (Lean.Expr.const `NLA.MF14Degree44.Quad [])
  (Lean.Expr.forallE
    `hv
    (Lean.Expr.app (Lean.Expr.const `NLA.MF14Degree44.JointFourAvailable []) (Lean.Expr.bvar 0))
    (Lean.Expr.app
      (Lean.Expr.app
        (Lean.Expr.const `And [])
        (Lean.Expr.forallE
          `i
          (Lean.Expr.app
            (Lean.Expr.const `Fin [])
            (Lean.Expr.app
              (Lean.Expr.app
                (Lean.Expr.app (Lean.Expr.const `OfNat.ofNat [Lean.Level.zero]) (Lean.Expr.const `Nat []))
                (Lean.Expr.lit (Lean.Literal.natVal 4)))
              (Lean.Expr.app (Lean.Expr.const `instOfNatNat []) (Lean.Expr.lit (Lean.Literal.natVal 4)))))
          (Lean.Expr.app
            (Lean.Expr.app
              (Lean.Expr.app
                (Lean.Expr.app (Lean.Expr.const `LE.le [Lean.Level.zero]) (Lean.Expr.const `Nat []))
                (Lean.Expr.const `instLENat []))
              (Lean.Expr.app
                (Lean.Expr.app
                  (Lean.Expr.app
                    (Lean.Expr.const `Polynomial.natDegree [Lean.Level.zero])
                    (Lean.Expr.const `Complex []))
                  (Lean.Expr.const `Complex.instSemiring []))
                (Lean.Expr.app (Lean.Expr.bvar 2) (Lean.Expr.bvar 0))))
            (Lean.Expr.app
              (Lean.Expr.app
                (Lean.Expr.app (Lean.Expr.const `OfNat.ofNat [Lean.Level.zero]) (Lean.Expr.const `Nat []))
                (Lean.Expr.lit (Lean.Literal.natVal 16)))
              (Lean.Expr.app (Lean.Expr.const `instOfNatNat []) (Lean.Expr.lit (Lean.Literal.natVal 16)))))
          (Lean.BinderInfo.default)))
      (Lean.Expr.app
        (Lean.Expr.app
          (Lean.Expr.app
            (Lean.Expr.const `Eq [Lean.Level.succ (Lean.Level.zero)])
            (Lean.Expr.const `NLA.MF14Degree44.Quad []))
          (Lean.Expr.app
            (Lean.Expr.const `NLA.MF14Degree44.decodeQuad [])
            (Lean.Expr.app (Lean.Expr.const `NLA.MF14Degree44.quadVector []) (Lean.Expr.bvar 1))))
        (Lean.Expr.bvar 1)))
    (Lean.BinderInfo.default))
  (Lean.BinderInfo.default)
LEVELJSON NLA.MF14Degree44.four_prefix_full_coefficients []
TYPEJSON NLA.MF14Degree44.three_product_tuple Lean.Expr.forallE
  `alpha
  (Lean.Expr.const `Complex [])
  (Lean.Expr.forallE
    `eta
    (Lean.Expr.const `Complex [])
    (Lean.Expr.forallE
      `gamma
      (Lean.Expr.const `Complex [])
      (Lean.Expr.forallE
        `s
        (Lean.Expr.const `Complex [])
        (Lean.Expr.forallE
          `hdelta
          (Lean.Expr.app
            (Lean.Expr.app
              (Lean.Expr.app (Lean.Expr.const `Ne [Lean.Level.succ (Lean.Level.zero)]) (Lean.Expr.const `Complex []))
              (Lean.Expr.app
                (Lean.Expr.app
                  (Lean.Expr.app
                    (Lean.Expr.app
                      (Lean.Expr.app
                        (Lean.Expr.app
                          (Lean.Expr.const `HSub.hSub [Lean.Level.zero, Lean.Level.zero, Lean.Level.zero])
                          (Lean.Expr.const `Complex []))
                        (Lean.Expr.const `Complex []))
                      (Lean.Expr.const `Complex []))
                    (Lean.Expr.app
                      (Lean.Expr.app (Lean.Expr.const `instHSub [Lean.Level.zero]) (Lean.Expr.const `Complex []))
                      (Lean.Expr.const `Complex.instSub [])))
                  (Lean.Expr.app
                    (Lean.Expr.app
                      (Lean.Expr.app
                        (Lean.Expr.app
                          (Lean.Expr.app
                            (Lean.Expr.app
                              (Lean.Expr.const `HMul.hMul [Lean.Level.zero, Lean.Level.zero, Lean.Level.zero])
                              (Lean.Expr.const `Complex []))
                            (Lean.Expr.const `Complex []))
                          (Lean.Expr.const `Complex []))
                        (Lean.Expr.app
                          (Lean.Expr.app (Lean.Expr.const `instHMul [Lean.Level.zero]) (Lean.Expr.const `Complex []))
                          (Lean.Expr.const `Complex.instMul [])))
                      (Lean.Expr.bvar 1))
                    (Lean.Expr.bvar 0)))
                (Lean.Expr.app
                  (Lean.Expr.app
                    (Lean.Expr.app
                      (Lean.Expr.app
                        (Lean.Expr.app
                          (Lean.Expr.app
                            (Lean.Expr.const `HMul.hMul [Lean.Level.zero, Lean.Level.zero, Lean.Level.zero])
                            (Lean.Expr.const `Complex []))
                          (Lean.Expr.const `Complex []))
                        (Lean.Expr.const `Complex []))
                      (Lean.Expr.app
                        (Lean.Expr.app (Lean.Expr.const `instHMul [Lean.Level.zero]) (Lean.Expr.const `Complex []))
                        (Lean.Expr.const `Complex.instMul [])))
                    (Lean.Expr.app
                      (Lean.Expr.app
                        (Lean.Expr.app (Lean.Expr.const `OfNat.ofNat [Lean.Level.zero]) (Lean.Expr.const `Complex []))
                        (Lean.Expr.lit (Lean.Literal.natVal 2)))
                      (Lean.Expr.app
                        (Lean.Expr.app
                          (Lean.Expr.app
                            (Lean.Expr.app
                              (Lean.Expr.const `instOfNatAtLeastTwo [Lean.Level.zero])
                              (Lean.Expr.const `Complex []))
                            (Lean.Expr.lit (Lean.Literal.natVal 2)))
                          (Lean.Expr.const `Complex.instNatCast []))
                        (Lean.Expr.app
                          (Lean.Expr.app
                            (Lean.Expr.const `Nat.instAtLeastTwoHAddOfNat [])
                            (Lean.Expr.app
                              (Lean.Expr.app
                                (Lean.Expr.app
                                  (Lean.Expr.const `OfNat.ofNat [Lean.Level.zero])
                                  (Lean.Expr.const `Nat []))
                                (Lean.Expr.lit (Lean.Literal.natVal 1)))
                              (Lean.Expr.app
                                (Lean.Expr.const `instOfNatNat [])
                                (Lean.Expr.lit (Lean.Literal.natVal 1)))))
                          (Lean.Expr.app
                            (Lean.Expr.const `Nat.instNeZeroSucc [])
                            (Lean.Expr.app
                              (Lean.Expr.app
                                (Lean.Expr.app
                                  (Lean.Expr.const `OfNat.ofNat [Lean.Level.zero])
                                  (Lean.Expr.const `Nat []))
                                (Lean.Expr.lit (Lean.Literal.natVal 0)))
                              (Lean.Expr.app
                                (Lean.Expr.const `instOfNatNat [])
                                (Lean.Expr.lit (Lean.Literal.natVal 0)))))))))
                  (Lean.Expr.app
                    (Lean.Expr.app
                      (Lean.Expr.app
                        (Lean.Expr.app
                          (Lean.Expr.app
                            (Lean.Expr.app
                              (Lean.Expr.const `HPow.hPow [Lean.Level.zero, Lean.Level.zero, Lean.Level.zero])
                              (Lean.Expr.const `Complex []))
                            (Lean.Expr.const `Nat []))
                          (Lean.Expr.const `Complex []))
                        (Lean.Expr.app
                          (Lean.Expr.app
                            (Lean.Expr.app
                              (Lean.Expr.const `instHPow [Lean.Level.zero, Lean.Level.zero])
                              (Lean.Expr.const `Complex []))
                            (Lean.Expr.const `Nat []))
                          (Lean.Expr.app
                            (Lean.Expr.app
                              (Lean.Expr.const `NPow.toPow [Lean.Level.zero])
                              (Lean.Expr.const `Complex []))
                            (Lean.Expr.app
                              (Lean.Expr.app
                                (Lean.Expr.const `Monoid.toNPow [Lean.Level.zero])
                                (Lean.Expr.const `Complex []))
                              (Lean.Expr.app
                                (Lean.Expr.app
                                  (Lean.Expr.const `Semiring.toMonoid [Lean.Level.zero])
                                  (Lean.Expr.const `Complex []))
                                (Lean.Expr.const `Complex.instSemiring []))))))
                      (Lean.Expr.bvar 0))
                    (Lean.Expr.app
                      (Lean.Expr.app
                        (Lean.Expr.app (Lean.Expr.const `OfNat.ofNat [Lean.Level.zero]) (Lean.Expr.const `Nat []))
                        (Lean.Expr.lit (Lean.Literal.natVal 2)))
                      (Lean.Expr.app (Lean.Expr.const `instOfNatNat []) (Lean.Expr.lit (Lean.Literal.natVal 2))))))))
            (Lean.Expr.app
              (Lean.Expr.app
                (Lean.Expr.app (Lean.Expr.const `OfNat.ofNat [Lean.Level.zero]) (Lean.Expr.const `Complex []))
                (Lean.Expr.lit (Lean.Literal.natVal 0)))
              (Lean.Expr.app
                (Lean.Expr.app (Lean.Expr.const `Zero.toOfNat0 [Lean.Level.zero]) (Lean.Expr.const `Complex []))
                (Lean.Expr.const `Complex.instZero []))))
          (Lean.Expr.app
            (Lean.Expr.app
              (Lean.Expr.app
                (Lean.Expr.const `NLA.MF14Degree44.SimultaneouslyAvailable [])
                (Lean.Expr.app
                  (Lean.Expr.app
                    (Lean.Expr.app (Lean.Expr.const `OfNat.ofNat [Lean.Level.zero]) (Lean.Expr.const `Nat []))
                    (Lean.Expr.lit (Lean.Literal.natVal 3)))
                  (Lean.Expr.app (Lean.Expr.const `instOfNatNat []) (Lean.Expr.lit (Lean.Literal.natVal 3)))))
              (Lean.Expr.app
                (Lean.Expr.app
                  (Lean.Expr.app (Lean.Expr.const `OfNat.ofNat [Lean.Level.zero]) (Lean.Expr.const `Nat []))
                  (Lean.Expr.lit (Lean.Literal.natVal 3)))
                (Lean.Expr.app (Lean.Expr.const `instOfNatNat []) (Lean.Expr.lit (Lean.Literal.natVal 3)))))
            (Lean.Expr.app
              (Lean.Expr.app
                (Lean.Expr.app
                  (Lean.Expr.app (Lean.Expr.const `NLA.MF14Degree44.thirdTuple []) (Lean.Expr.bvar 4))
                  (Lean.Expr.bvar 3))
                (Lean.Expr.bvar 2))
              (Lean.Expr.bvar 1)))
          (Lean.BinderInfo.default))
        (Lean.BinderInfo.default))
      (Lean.BinderInfo.default))
    (Lean.BinderInfo.default))
  (Lean.BinderInfo.default)
LEVELJSON NLA.MF14Degree44.three_product_tuple []
TYPEJSON NLA.MF14Degree44.good_border_parameters_eventually Lean.Expr.forallE
  `alpha
  (Lean.Expr.const `Complex [])
  (Lean.Expr.forallE
    `eta
    (Lean.Expr.const `Complex [])
    (Lean.Expr.forallE
      `gamma
      (Lean.Expr.const `Complex [])
      (Lean.Expr.app
        (Lean.Expr.app
          (Lean.Expr.app (Lean.Expr.const `Filter.Eventually [Lean.Level.zero]) (Lean.Expr.const `Complex []))
          (Lean.Expr.lam
            `s
            (Lean.Expr.const `Complex [])
            (Lean.Expr.app
              (Lean.Expr.app
                (Lean.Expr.app
                  (Lean.Expr.app (Lean.Expr.const `NLA.MF14Degree44.GoodBorderParameter []) (Lean.Expr.bvar 3))
                  (Lean.Expr.bvar 2))
                (Lean.Expr.bvar 1))
              (Lean.Expr.bvar 0))
            (Lean.BinderInfo.default)))
        (Lean.Expr.app
          (Lean.Expr.app
            (Lean.Expr.app
              (Lean.Expr.app (Lean.Expr.const `nhdsWithin [Lean.Level.zero]) (Lean.Expr.const `Complex []))
              (Lean.Expr.app
                (Lean.Expr.app
                  (Lean.Expr.const `UniformSpace.toTopologicalSpace [Lean.Level.zero])
                  (Lean.Expr.const `Complex []))
                (Lean.Expr.app
                  (Lean.Expr.app
                    (Lean.Expr.const `PseudoMetricSpace.toUniformSpace [Lean.Level.zero])
                    (Lean.Expr.const `Complex []))
                  (Lean.Expr.app
                    (Lean.Expr.app
                      (Lean.Expr.const `SeminormedRing.toPseudoMetricSpace [Lean.Level.zero])
                      (Lean.Expr.const `Complex []))
                    (Lean.Expr.app
                      (Lean.Expr.app
                        (Lean.Expr.const `SeminormedCommRing.toSeminormedRing [Lean.Level.zero])
                        (Lean.Expr.const `Complex []))
                      (Lean.Expr.app
                        (Lean.Expr.app
                          (Lean.Expr.const `NormedCommRing.toSeminormedCommRing [Lean.Level.zero])
                          (Lean.Expr.const `Complex []))
                        (Lean.Expr.app
                          (Lean.Expr.app
                            (Lean.Expr.const `NormedField.toNormedCommRing [Lean.Level.zero])
                            (Lean.Expr.const `Complex []))
                          (Lean.Expr.const `Complex.instNormedField []))))))))
            (Lean.Expr.app
              (Lean.Expr.app
                (Lean.Expr.app (Lean.Expr.const `OfNat.ofNat [Lean.Level.zero]) (Lean.Expr.const `Complex []))
                (Lean.Expr.lit (Lean.Literal.natVal 0)))
              (Lean.Expr.app
                (Lean.Expr.app (Lean.Expr.const `Zero.toOfNat0 [Lean.Level.zero]) (Lean.Expr.const `Complex []))
                (Lean.Expr.const `Complex.instZero []))))
          (Lean.Expr.app
            (Lean.Expr.app
              (Lean.Expr.app
                (Lean.Expr.const `Compl.compl [Lean.Level.zero])
                (Lean.Expr.app (Lean.Expr.const `Set [Lean.Level.zero]) (Lean.Expr.const `Complex [])))
              (Lean.Expr.app (Lean.Expr.const `Set.instCompl [Lean.Level.zero]) (Lean.Expr.const `Complex [])))
            (Lean.Expr.app
              (Lean.Expr.app
                (Lean.Expr.app
                  (Lean.Expr.app
                    (Lean.Expr.const `Singleton.singleton [Lean.Level.zero, Lean.Level.zero])
                    (Lean.Expr.const `Complex []))
                  (Lean.Expr.app (Lean.Expr.const `Set [Lean.Level.zero]) (Lean.Expr.const `Complex [])))
                (Lean.Expr.app (Lean.Expr.const `Set.instSingletonSet [Lean.Level.zero]) (Lean.Expr.const `Complex [])))
              (Lean.Expr.app
                (Lean.Expr.app
                  (Lean.Expr.app (Lean.Expr.const `OfNat.ofNat [Lean.Level.zero]) (Lean.Expr.const `Complex []))
                  (Lean.Expr.lit (Lean.Literal.natVal 0)))
                (Lean.Expr.app
                  (Lean.Expr.app (Lean.Expr.const `Zero.toOfNat0 [Lean.Level.zero]) (Lean.Expr.const `Complex []))
                  (Lean.Expr.const `Complex.instZero [])))))))
      (Lean.BinderInfo.default))
    (Lean.BinderInfo.default))
  (Lean.BinderInfo.default)
LEVELJSON NLA.MF14Degree44.good_border_parameters_eventually []
TYPEJSON NLA.MF14Degree44.fourth_span_coordinates Lean.Expr.forallE
  `alpha
  (Lean.Expr.const `Complex [])
  (Lean.Expr.forallE
    `eta
    (Lean.Expr.const `Complex [])
    (Lean.Expr.forallE
      `gamma
      (Lean.Expr.const `Complex [])
      (Lean.Expr.forallE
        `s
        (Lean.Expr.const `Complex [])
        (Lean.Expr.forallE
          `lam
          (Lean.Expr.const `Complex [])
          (Lean.Expr.forallE
            `hs
            (Lean.Expr.app
              (Lean.Expr.app
                (Lean.Expr.app (Lean.Expr.const `Ne [Lean.Level.succ (Lean.Level.zero)]) (Lean.Expr.const `Complex []))
                (Lean.Expr.bvar 1))
              (Lean.Expr.app
                (Lean.Expr.app
                  (Lean.Expr.app (Lean.Expr.const `OfNat.ofNat [Lean.Level.zero]) (Lean.Expr.const `Complex []))
                  (Lean.Expr.lit (Lean.Literal.natVal 0)))
                (Lean.Expr.app
                  (Lean.Expr.app (Lean.Expr.const `Zero.toOfNat0 [Lean.Level.zero]) (Lean.Expr.const `Complex []))
                  (Lean.Expr.const `Complex.instZero []))))
            (Lean.Expr.app
              (Lean.Expr.app
                (Lean.Expr.const `And [])
                (Lean.Expr.forallE
                  `t
                  (Lean.Expr.forallE
                    (Lean.Name.mkNum `a._@._internal._hyg 0)
                    (Lean.Expr.app
                      (Lean.Expr.const `Fin [])
                      (Lean.Expr.app
                        (Lean.Expr.app
                          (Lean.Expr.app (Lean.Expr.const `OfNat.ofNat [Lean.Level.zero]) (Lean.Expr.const `Nat []))
                          (Lean.Expr.lit (Lean.Literal.natVal 12)))
                        (Lean.Expr.app (Lean.Expr.const `instOfNatNat []) (Lean.Expr.lit (Lean.Literal.natVal 12)))))
                    (Lean.Expr.const `Complex [])
                    (Lean.BinderInfo.default))
                  (Lean.Expr.app
                    (Lean.Expr.app
                      (Lean.Expr.app
                        (Lean.Expr.app
                          (Lean.Expr.app
                            (Lean.Expr.const `Membership.mem [Lean.Level.zero, Lean.Level.zero])
                            (Lean.Expr.const `NLA.MF14Degree44.Poly []))
                          (Lean.Expr.app
                            (Lean.Expr.app
                              (Lean.Expr.app
                                (Lean.Expr.app
                                  (Lean.Expr.app
                                    (Lean.Expr.const `Submodule [Lean.Level.zero, Lean.Level.zero])
                                    (Lean.Expr.const `Complex []))
                                  (Lean.Expr.const `NLA.MF14Degree44.Poly []))
                                (Lean.Expr.const `Complex.instSemiring []))
                              (Lean.Expr.app
                                (Lean.Expr.app
                                  (Lean.Expr.const `Semiring.toAddCommMonoid [Lean.Level.zero])
                                  (Lean.Expr.const `NLA.MF14Degree44.Poly []))
                                (Lean.Expr.app
                                  (Lean.Expr.app
                                    (Lean.Expr.const `Polynomial.semiring [Lean.Level.zero])
                                    (Lean.Expr.const `Complex []))
                                  (Lean.Expr.const `Complex.instSemiring []))))
                            (Lean.Expr.app
                              (Lean.Expr.app
                                (Lean.Expr.app
                                  (Lean.Expr.app
                                    (Lean.Expr.app
                                      (Lean.Expr.const `Polynomial.module [Lean.Level.zero, Lean.Level.zero])
                                      (Lean.Expr.const `Complex []))
                                    (Lean.Expr.const `Complex.instSemiring []))
                                  (Lean.Expr.const `Complex []))
                                (Lean.Expr.const `Complex.instSemiring []))
                              (Lean.Expr.app
                                (Lean.Expr.app
                                  (Lean.Expr.const `Semiring.toModule [Lean.Level.zero])
                                  (Lean.Expr.const `Complex []))
                                (Lean.Expr.const `Complex.instSemiring [])))))
                        (Lean.Expr.app
                          (Lean.Expr.app
                            (Lean.Expr.app
                              (Lean.Expr.const `SetLike.instMembership [Lean.Level.zero, Lean.Level.zero])
                              (Lean.Expr.app
                                (Lean.Expr.app
                                  (Lean.Expr.app
                                    (Lean.Expr.app
                                      (Lean.Expr.app
                                        (Lean.Expr.const `Submodule [Lean.Level.zero, Lean.Level.zero])
                                        (Lean.Expr.const `Complex []))
                                      (Lean.Expr.const `NLA.MF14Degree44.Poly []))
                                    (Lean.Expr.const `Complex.instSemiring []))
                                  (Lean.Expr.app
                                    (Lean.Expr.app
                                      (Lean.Expr.const `Semiring.toAddCommMonoid [Lean.Level.zero])
                                      (Lean.Expr.const `NLA.MF14Degree44.Poly []))
                                    (Lean.Expr.app
                                      (Lean.Expr.app
                                        (Lean.Expr.const `Polynomial.semiring [Lean.Level.zero])
                                        (Lean.Expr.const `Complex []))
                                      (Lean.Expr.const `Complex.instSemiring []))))
                                (Lean.Expr.app
                                  (Lean.Expr.app
                                    (Lean.Expr.app
                                      (Lean.Expr.app
                                        (Lean.Expr.app
                                          (Lean.Expr.const `Polynomial.module [Lean.Level.zero, Lean.Level.zero])
                                          (Lean.Expr.const `Complex []))
                                        (Lean.Expr.const `Complex.instSemiring []))
                                      (Lean.Expr.const `Complex []))
                                    (Lean.Expr.const `Complex.instSemiring []))
                                  (Lean.Expr.app
                                    (Lean.Expr.app
                                      (Lean.Expr.const `Semiring.toModule [Lean.Level.zero])
                                      (Lean.Expr.const `Complex []))
                                    (Lean.Expr.const `Complex.instSemiring [])))))
                            (Lean.Expr.const `NLA.MF14Degree44.Poly []))
                          (Lean.Expr.app
                            (Lean.Expr.app
                              (Lean.Expr.app
                                (Lean.Expr.app
                                  (Lean.Expr.app
                                    (Lean.Expr.const `Submodule.setLike [Lean.Level.zero, Lean.Level.zero])
                                    (Lean.Expr.const `Complex []))
                                  (Lean.Expr.const `NLA.MF14Degree44.Poly []))
                                (Lean.Expr.const `Complex.instSemiring []))
                              (Lean.Expr.app
                                (Lean.Expr.app
                                  (Lean.Expr.const `Semiring.toAddCommMonoid [Lean.Level.zero])
                                  (Lean.Expr.const `NLA.MF14Degree44.Poly []))
                                (Lean.Expr.app
                                  (Lean.Expr.app
                                    (Lean.Expr.const `Polynomial.semiring [Lean.Level.zero])
                                    (Lean.Expr.const `Complex []))
                                  (Lean.Expr.const `Complex.instSemiring []))))
                            (Lean.Expr.app
                              (Lean.Expr.app
                                (Lean.Expr.app
                                  (Lean.Expr.app
                                    (Lean.Expr.app
                                      (Lean.Expr.const `Polynomial.module [Lean.Level.zero, Lean.Level.zero])
                                      (Lean.Expr.const `Complex []))
                                    (Lean.Expr.const `Complex.instSemiring []))
                                  (Lean.Expr.const `Complex []))
                                (Lean.Expr.const `Complex.instSemiring []))
                              (Lean.Expr.app
                                (Lean.Expr.app
                                  (Lean.Expr.const `Semiring.toModule [Lean.Level.zero])
                                  (Lean.Expr.const `Complex []))
                                (Lean.Expr.const `Complex.instSemiring []))))))
                      (Lean.Expr.app
                        (Lean.Expr.app
                          (Lean.Expr.app
                            (Lean.Expr.app (Lean.Expr.const `NLA.MF14Degree44.productSpan []) (Lean.Expr.bvar 6))
                            (Lean.Expr.bvar 5))
                          (Lean.Expr.bvar 4))
                        (Lean.Expr.bvar 3)))
                    (Lean.Expr.app
                      (Lean.Expr.app
                        (Lean.Expr.app
                          (Lean.Expr.app
                            (Lean.Expr.app
                              (Lean.Expr.app (Lean.Expr.const `NLA.MF14Degree44.fourthPolynomial []) (Lean.Expr.bvar 6))
                              (Lean.Expr.bvar 5))
                            (Lean.Expr.bvar 4))
                          (Lean.Expr.bvar 3))
                        (Lean.Expr.bvar 2))
                      (Lean.Expr.bvar 0)))
                  (Lean.BinderInfo.default)))
              (Lean.Expr.app
                (Lean.Expr.app
                  (Lean.Expr.app
                    (Lean.Expr.const
                      `Function.Bijective
                      [Lean.Level.succ (Lean.Level.zero), Lean.Level.succ (Lean.Level.zero)])
                    (Lean.Expr.app
                      (Lean.Expr.app
                        (Lean.Expr.const `Subtype [Lean.Level.succ (Lean.Level.zero)])
                        (Lean.Expr.const `NLA.MF14Degree44.Poly []))
                      (Lean.Expr.lam
                        `x
                        (Lean.Expr.const `NLA.MF14Degree44.Poly [])
                        (Lean.Expr.app
                          (Lean.Expr.app
                            (Lean.Expr.app
                              (Lean.Expr.app
                                (Lean.Expr.app
                                  (Lean.Expr.const `Membership.mem [Lean.Level.zero, Lean.Level.zero])
                                  (Lean.Expr.const `NLA.MF14Degree44.Poly []))
                                (Lean.Expr.app
                                  (Lean.Expr.app
                                    (Lean.Expr.app
                                      (Lean.Expr.app
                                        (Lean.Expr.app
                                          (Lean.Expr.const `Submodule [Lean.Level.zero, Lean.Level.zero])
                                          (Lean.Expr.const `Complex []))
                                        (Lean.Expr.const `NLA.MF14Degree44.Poly []))
                                      (Lean.Expr.const `Complex.instSemiring []))
                                    (Lean.Expr.app
                                      (Lean.Expr.app
                                        (Lean.Expr.const `Semiring.toAddCommMonoid [Lean.Level.zero])
                                        (Lean.Expr.const `NLA.MF14Degree44.Poly []))
                                      (Lean.Expr.app
                                        (Lean.Expr.app
                                          (Lean.Expr.const `Polynomial.semiring [Lean.Level.zero])
                                          (Lean.Expr.const `Complex []))
                                        (Lean.Expr.const `Complex.instSemiring []))))
                                  (Lean.Expr.app
                                    (Lean.Expr.app
                                      (Lean.Expr.app
                                        (Lean.Expr.app
                                          (Lean.Expr.app
                                            (Lean.Expr.const `Polynomial.module [Lean.Level.zero, Lean.Level.zero])
                                            (Lean.Expr.const `Complex []))
                                          (Lean.Expr.const `Complex.instSemiring []))
                                        (Lean.Expr.const `Complex []))
                                      (Lean.Expr.const `Complex.instSemiring []))
                                    (Lean.Expr.app
                                      (Lean.Expr.app
                                        (Lean.Expr.const `Semiring.toModule [Lean.Level.zero])
                                        (Lean.Expr.const `Complex []))
                                      (Lean.Expr.const `Complex.instSemiring [])))))
                              (Lean.Expr.app
                                (Lean.Expr.app
                                  (Lean.Expr.app
                                    (Lean.Expr.const `SetLike.instMembership [Lean.Level.zero, Lean.Level.zero])
                                    (Lean.Expr.app
                                      (Lean.Expr.app
                                        (Lean.Expr.app
                                          (Lean.Expr.app
                                            (Lean.Expr.app
                                              (Lean.Expr.const `Submodule [Lean.Level.zero, Lean.Level.zero])
                                              (Lean.Expr.const `Complex []))
                                            (Lean.Expr.const `NLA.MF14Degree44.Poly []))
                                          (Lean.Expr.const `Complex.instSemiring []))
                                        (Lean.Expr.app
                                          (Lean.Expr.app
                                            (Lean.Expr.const `Semiring.toAddCommMonoid [Lean.Level.zero])
                                            (Lean.Expr.const `NLA.MF14Degree44.Poly []))
                                          (Lean.Expr.app
                                            (Lean.Expr.app
                                              (Lean.Expr.const `Polynomial.semiring [Lean.Level.zero])
                                              (Lean.Expr.const `Complex []))
                                            (Lean.Expr.const `Complex.instSemiring []))))
                                      (Lean.Expr.app
                                        (Lean.Expr.app
                                          (Lean.Expr.app
                                            (Lean.Expr.app
                                              (Lean.Expr.app
                                                (Lean.Expr.const `Polynomial.module [Lean.Level.zero, Lean.Level.zero])
                                                (Lean.Expr.const `Complex []))
                                              (Lean.Expr.const `Complex.instSemiring []))
                                            (Lean.Expr.const `Complex []))
                                          (Lean.Expr.const `Complex.instSemiring []))
                                        (Lean.Expr.app
                                          (Lean.Expr.app
                                            (Lean.Expr.const `Semiring.toModule [Lean.Level.zero])
                                            (Lean.Expr.const `Complex []))
                                          (Lean.Expr.const `Complex.instSemiring [])))))
                                  (Lean.Expr.const `NLA.MF14Degree44.Poly []))
                                (Lean.Expr.app
                                  (Lean.Expr.app
                                    (Lean.Expr.app
                                      (Lean.Expr.app
                                        (Lean.Expr.app
                                          (Lean.Expr.const `Submodule.setLike [Lean.Level.zero, Lean.Level.zero])
                                          (Lean.Expr.const `Complex []))
                                        (Lean.Expr.const `NLA.MF14Degree44.Poly []))
                                      (Lean.Expr.const `Complex.instSemiring []))
                                    (Lean.Expr.app
                                      (Lean.Expr.app
                                        (Lean.Expr.const `Semiring.toAddCommMonoid [Lean.Level.zero])
                                        (Lean.Expr.const `NLA.MF14Degree44.Poly []))
                                      (Lean.Expr.app
                                        (Lean.Expr.app
                                          (Lean.Expr.const `Polynomial.semiring [Lean.Level.zero])
                                          (Lean.Expr.const `Complex []))
                                        (Lean.Expr.const `Complex.instSemiring []))))
                                  (Lean.Expr.app
                                    (Lean.Expr.app
                                      (Lean.Expr.app
                                        (Lean.Expr.app
                                          (Lean.Expr.app
                                            (Lean.Expr.const `Polynomial.module [Lean.Level.zero, Lean.Level.zero])
                                            (Lean.Expr.const `Complex []))
                                          (Lean.Expr.const `Complex.instSemiring []))
                                        (Lean.Expr.const `Complex []))
                                      (Lean.Expr.const `Complex.instSemiring []))
                                    (Lean.Expr.app
                                      (Lean.Expr.app
                                        (Lean.Expr.const `Semiring.toModule [Lean.Level.zero])
                                        (Lean.Expr.const `Complex []))
                                      (Lean.Expr.const `Complex.instSemiring []))))))
                            (Lean.Expr.app
                              (Lean.Expr.app
                                (Lean.Expr.app
                                  (Lean.Expr.app (Lean.Expr.const `NLA.MF14Degree44.productSpan []) (Lean.Expr.bvar 6))
                                  (Lean.Expr.bvar 5))
                                (Lean.Expr.bvar 4))
                              (Lean.Expr.bvar 3)))
                          (Lean.Expr.bvar 0))
                        (Lean.BinderInfo.default))))
                  (Lean.Expr.forallE
                    (Lean.Name.mkNum `a._@._internal._hyg 0)
                    (Lean.Expr.app
                      (Lean.Expr.const `Fin [])
                      (Lean.Expr.app
                        (Lean.Expr.app
                          (Lean.Expr.app (Lean.Expr.const `OfNat.ofNat [Lean.Level.zero]) (Lean.Expr.const `Nat []))
                          (Lean.Expr.lit (Lean.Literal.natVal 12)))
                        (Lean.Expr.app (Lean.Expr.const `instOfNatNat []) (Lean.Expr.lit (Lean.Literal.natVal 12)))))
                    (Lean.Expr.const `Complex [])
                    (Lean.BinderInfo.default)))
                (Lean.Expr.lam
                  `p
                  (Lean.Expr.app
                    (Lean.Expr.app
                      (Lean.Expr.const `Subtype [Lean.Level.succ (Lean.Level.zero)])
                      (Lean.Expr.const `NLA.MF14Degree44.Poly []))
                    (Lean.Expr.lam
                      `x
                      (Lean.Expr.const `NLA.MF14Degree44.Poly [])
                      (Lean.Expr.app
                        (Lean.Expr.app
                          (Lean.Expr.app
                            (Lean.Expr.app
                              (Lean.Expr.app
                                (Lean.Expr.const `Membership.mem [Lean.Level.zero, Lean.Level.zero])
                                (Lean.Expr.const `NLA.MF14Degree44.Poly []))
                              (Lean.Expr.app
                                (Lean.Expr.app
                                  (Lean.Expr.app
                                    (Lean.Expr.app
                                      (Lean.Expr.app
                                        (Lean.Expr.const `Submodule [Lean.Level.zero, Lean.Level.zero])
                                        (Lean.Expr.const `Complex []))
                                      (Lean.Expr.const `NLA.MF14Degree44.Poly []))
                                    (Lean.Expr.const `Complex.instSemiring []))
                                  (Lean.Expr.app
                                    (Lean.Expr.app
                                      (Lean.Expr.const `Semiring.toAddCommMonoid [Lean.Level.zero])
                                      (Lean.Expr.const `NLA.MF14Degree44.Poly []))
                                    (Lean.Expr.app
                                      (Lean.Expr.app
                                        (Lean.Expr.const `Polynomial.semiring [Lean.Level.zero])
                                        (Lean.Expr.const `Complex []))
                                      (Lean.Expr.const `Complex.instSemiring []))))
                                (Lean.Expr.app
                                  (Lean.Expr.app
                                    (Lean.Expr.app
                                      (Lean.Expr.app
                                        (Lean.Expr.app
                                          (Lean.Expr.const `Polynomial.module [Lean.Level.zero, Lean.Level.zero])
                                          (Lean.Expr.const `Complex []))
                                        (Lean.Expr.const `Complex.instSemiring []))
                                      (Lean.Expr.const `Complex []))
                                    (Lean.Expr.const `Complex.instSemiring []))
                                  (Lean.Expr.app
                                    (Lean.Expr.app
                                      (Lean.Expr.const `Semiring.toModule [Lean.Level.zero])
                                      (Lean.Expr.const `Complex []))
                                    (Lean.Expr.const `Complex.instSemiring [])))))
                            (Lean.Expr.app
                              (Lean.Expr.app
                                (Lean.Expr.app
                                  (Lean.Expr.const `SetLike.instMembership [Lean.Level.zero, Lean.Level.zero])
                                  (Lean.Expr.app
                                    (Lean.Expr.app
                                      (Lean.Expr.app
                                        (Lean.Expr.app
                                          (Lean.Expr.app
                                            (Lean.Expr.const `Submodule [Lean.Level.zero, Lean.Level.zero])
                                            (Lean.Expr.const `Complex []))
                                          (Lean.Expr.const `NLA.MF14Degree44.Poly []))
                                        (Lean.Expr.const `Complex.instSemiring []))
                                      (Lean.Expr.app
                                        (Lean.Expr.app
                                          (Lean.Expr.const `Semiring.toAddCommMonoid [Lean.Level.zero])
                                          (Lean.Expr.const `NLA.MF14Degree44.Poly []))
                                        (Lean.Expr.app
                                          (Lean.Expr.app
                                            (Lean.Expr.const `Polynomial.semiring [Lean.Level.zero])
                                            (Lean.Expr.const `Complex []))
                                          (Lean.Expr.const `Complex.instSemiring []))))
                                    (Lean.Expr.app
                                      (Lean.Expr.app
                                        (Lean.Expr.app
                                          (Lean.Expr.app
                                            (Lean.Expr.app
                                              (Lean.Expr.const `Polynomial.module [Lean.Level.zero, Lean.Level.zero])
                                              (Lean.Expr.const `Complex []))
                                            (Lean.Expr.const `Complex.instSemiring []))
                                          (Lean.Expr.const `Complex []))
                                        (Lean.Expr.const `Complex.instSemiring []))
                                      (Lean.Expr.app
                                        (Lean.Expr.app
                                          (Lean.Expr.const `Semiring.toModule [Lean.Level.zero])
                                          (Lean.Expr.const `Complex []))
                                        (Lean.Expr.const `Complex.instSemiring [])))))
                                (Lean.Expr.const `NLA.MF14Degree44.Poly []))
                              (Lean.Expr.app
                                (Lean.Expr.app
                                  (Lean.Expr.app
                                    (Lean.Expr.app
                                      (Lean.Expr.app
                                        (Lean.Expr.const `Submodule.setLike [Lean.Level.zero, Lean.Level.zero])
                                        (Lean.Expr.const `Complex []))
                                      (Lean.Expr.const `NLA.MF14Degree44.Poly []))
                                    (Lean.Expr.const `Complex.instSemiring []))
                                  (Lean.Expr.app
                                    (Lean.Expr.app
                                      (Lean.Expr.const `Semiring.toAddCommMonoid [Lean.Level.zero])
                                      (Lean.Expr.const `NLA.MF14Degree44.Poly []))
                                    (Lean.Expr.app
                                      (Lean.Expr.app
                                        (Lean.Expr.const `Polynomial.semiring [Lean.Level.zero])
                                        (Lean.Expr.const `Complex []))
                                      (Lean.Expr.const `Complex.instSemiring []))))
                                (Lean.Expr.app
                                  (Lean.Expr.app
                                    (Lean.Expr.app
                                      (Lean.Expr.app
                                        (Lean.Expr.app
                                          (Lean.Expr.const `Polynomial.module [Lean.Level.zero, Lean.Level.zero])
                                          (Lean.Expr.const `Complex []))
                                        (Lean.Expr.const `Complex.instSemiring []))
                                      (Lean.Expr.const `Complex []))
                                    (Lean.Expr.const `Complex.instSemiring []))
                                  (Lean.Expr.app
                                    (Lean.Expr.app
                                      (Lean.Expr.const `Semiring.toModule [Lean.Level.zero])
                                      (Lean.Expr.const `Complex []))
                                    (Lean.Expr.const `Complex.instSemiring []))))))
                          (Lean.Expr.app
                            (Lean.Expr.app
                              (Lean.Expr.app
                                (Lean.Expr.app (Lean.Expr.const `NLA.MF14Degree44.productSpan []) (Lean.Expr.bvar 6))
                                (Lean.Expr.bvar 5))
                              (Lean.Expr.bvar 4))
                            (Lean.Expr.bvar 3)))
                        (Lean.Expr.bvar 0))
                      (Lean.BinderInfo.default)))
                  (Lean.Expr.app
                    (Lean.Expr.const `NLA.MF14Degree44.fourthCoordinates [])
                    (Lean.Expr.app
                      (Lean.Expr.app
                        (Lean.Expr.app
                          (Lean.Expr.const `Subtype.val [Lean.Level.succ (Lean.Level.zero)])
                          (Lean.Expr.const `NLA.MF14Degree44.Poly []))
                        (Lean.Expr.lam
                          `x
                          (Lean.Expr.const `NLA.MF14Degree44.Poly [])
                          (Lean.Expr.app
                            (Lean.Expr.app
                              (Lean.Expr.app
                                (Lean.Expr.app
                                  (Lean.Expr.app
                                    (Lean.Expr.const `Membership.mem [Lean.Level.zero, Lean.Level.zero])
                                    (Lean.Expr.const `NLA.MF14Degree44.Poly []))
                                  (Lean.Expr.app
                                    (Lean.Expr.app
                                      (Lean.Expr.app
                                        (Lean.Expr.app
                                          (Lean.Expr.app
                                            (Lean.Expr.const `Submodule [Lean.Level.zero, Lean.Level.zero])
                                            (Lean.Expr.const `Complex []))
                                          (Lean.Expr.const `NLA.MF14Degree44.Poly []))
                                        (Lean.Expr.const `Complex.instSemiring []))
                                      (Lean.Expr.app
                                        (Lean.Expr.app
                                          (Lean.Expr.const `Semiring.toAddCommMonoid [Lean.Level.zero])
                                          (Lean.Expr.const `NLA.MF14Degree44.Poly []))
                                        (Lean.Expr.app
                                          (Lean.Expr.app
                                            (Lean.Expr.const `Polynomial.semiring [Lean.Level.zero])
                                            (Lean.Expr.const `Complex []))
                                          (Lean.Expr.const `Complex.instSemiring []))))
                                    (Lean.Expr.app
                                      (Lean.Expr.app
                                        (Lean.Expr.app
                                          (Lean.Expr.app
                                            (Lean.Expr.app
                                              (Lean.Expr.const `Polynomial.module [Lean.Level.zero, Lean.Level.zero])
                                              (Lean.Expr.const `Complex []))
                                            (Lean.Expr.const `Complex.instSemiring []))
                                          (Lean.Expr.const `Complex []))
                                        (Lean.Expr.const `Complex.instSemiring []))
                                      (Lean.Expr.app
                                        (Lean.Expr.app
                                          (Lean.Expr.const `Semiring.toModule [Lean.Level.zero])
                                          (Lean.Expr.const `Complex []))
                                        (Lean.Expr.const `Complex.instSemiring [])))))
                                (Lean.Expr.app
                                  (Lean.Expr.app
                                    (Lean.Expr.app
                                      (Lean.Expr.const `SetLike.instMembership [Lean.Level.zero, Lean.Level.zero])
                                      (Lean.Expr.app
                                        (Lean.Expr.app
                                          (Lean.Expr.app
                                            (Lean.Expr.app
                                              (Lean.Expr.app
                                                (Lean.Expr.const `Submodule [Lean.Level.zero, Lean.Level.zero])
                                                (Lean.Expr.const `Complex []))
                                              (Lean.Expr.const `NLA.MF14Degree44.Poly []))
                                            (Lean.Expr.const `Complex.instSemiring []))
                                          (Lean.Expr.app
                                            (Lean.Expr.app
                                              (Lean.Expr.const `Semiring.toAddCommMonoid [Lean.Level.zero])
                                              (Lean.Expr.const `NLA.MF14Degree44.Poly []))
                                            (Lean.Expr.app
                                              (Lean.Expr.app
                                                (Lean.Expr.const `Polynomial.semiring [Lean.Level.zero])
                                                (Lean.Expr.const `Complex []))
                                              (Lean.Expr.const `Complex.instSemiring []))))
                                        (Lean.Expr.app
                                          (Lean.Expr.app
                                            (Lean.Expr.app
                                              (Lean.Expr.app
                                                (Lean.Expr.app
                                                  (Lean.Expr.const
                                                    `Polynomial.module
                                                    [Lean.Level.zero, Lean.Level.zero])
                                                  (Lean.Expr.const `Complex []))
                                                (Lean.Expr.const `Complex.instSemiring []))
                                              (Lean.Expr.const `Complex []))
                                            (Lean.Expr.const `Complex.instSemiring []))
                                          (Lean.Expr.app
                                            (Lean.Expr.app
                                              (Lean.Expr.const `Semiring.toModule [Lean.Level.zero])
                                              (Lean.Expr.const `Complex []))
                                            (Lean.Expr.const `Complex.instSemiring [])))))
                                    (Lean.Expr.const `NLA.MF14Degree44.Poly []))
                                  (Lean.Expr.app
                                    (Lean.Expr.app
                                      (Lean.Expr.app
                                        (Lean.Expr.app
                                          (Lean.Expr.app
                                            (Lean.Expr.const `Submodule.setLike [Lean.Level.zero, Lean.Level.zero])
                                            (Lean.Expr.const `Complex []))
                                          (Lean.Expr.const `NLA.MF14Degree44.Poly []))
                                        (Lean.Expr.const `Complex.instSemiring []))
                                      (Lean.Expr.app
                                        (Lean.Expr.app
                                          (Lean.Expr.const `Semiring.toAddCommMonoid [Lean.Level.zero])
                                          (Lean.Expr.const `NLA.MF14Degree44.Poly []))
                                        (Lean.Expr.app
                                          (Lean.Expr.app
                                            (Lean.Expr.const `Polynomial.semiring [Lean.Level.zero])
                                            (Lean.Expr.const `Complex []))
                                          (Lean.Expr.const `Complex.instSemiring []))))
                                    (Lean.Expr.app
                                      (Lean.Expr.app
                                        (Lean.Expr.app
                                          (Lean.Expr.app
                                            (Lean.Expr.app
                                              (Lean.Expr.const `Polynomial.module [Lean.Level.zero, Lean.Level.zero])
                                              (Lean.Expr.const `Complex []))
                                            (Lean.Expr.const `Complex.instSemiring []))
                                          (Lean.Expr.const `Complex []))
                                        (Lean.Expr.const `Complex.instSemiring []))
                                      (Lean.Expr.app
                                        (Lean.Expr.app
                                          (Lean.Expr.const `Semiring.toModule [Lean.Level.zero])
                                          (Lean.Expr.const `Complex []))
                                        (Lean.Expr.const `Complex.instSemiring []))))))
                              (Lean.Expr.app
                                (Lean.Expr.app
                                  (Lean.Expr.app
                                    (Lean.Expr.app
                                      (Lean.Expr.const `NLA.MF14Degree44.productSpan [])
                                      (Lean.Expr.bvar 7))
                                    (Lean.Expr.bvar 6))
                                  (Lean.Expr.bvar 5))
                                (Lean.Expr.bvar 4)))
                            (Lean.Expr.bvar 0))
                          (Lean.BinderInfo.default)))
                      (Lean.Expr.bvar 0)))
                  (Lean.BinderInfo.default))))
            (Lean.BinderInfo.default))
          (Lean.BinderInfo.default))
        (Lean.BinderInfo.default))
      (Lean.BinderInfo.default))
    (Lean.BinderInfo.default))
  (Lean.BinderInfo.default)
LEVELJSON NLA.MF14Degree44.fourth_span_coordinates []
TYPEJSON NLA.MF14Degree44.fourth_map_smooth Lean.Expr.forallE
  `alpha
  (Lean.Expr.const `Complex [])
  (Lean.Expr.forallE
    `eta
    (Lean.Expr.const `Complex [])
    (Lean.Expr.forallE
      `gamma
      (Lean.Expr.const `Complex [])
      (Lean.Expr.forallE
        `s
        (Lean.Expr.const `Complex [])
        (Lean.Expr.forallE
          `lam
          (Lean.Expr.const `Complex [])
          (Lean.Expr.app
            (Lean.Expr.app
              (Lean.Expr.app
                (Lean.Expr.app
                  (Lean.Expr.app
                    (Lean.Expr.app
                      (Lean.Expr.app
                        (Lean.Expr.app
                          (Lean.Expr.app
                            (Lean.Expr.app
                              (Lean.Expr.const `ContDiff [Lean.Level.zero, Lean.Level.zero, Lean.Level.zero])
                              (Lean.Expr.const `Complex []))
                            (Lean.Expr.app
                              (Lean.Expr.app
                                (Lean.Expr.const `DenselyNormedField.toNontriviallyNormedField [Lean.Level.zero])
                                (Lean.Expr.const `Complex []))
                              (Lean.Expr.const `Complex.instDenselyNormedField [])))
                          (Lean.Expr.forallE
                            (Lean.Name.mkNum `a._@._internal._hyg 0)
                            (Lean.Expr.app
                              (Lean.Expr.const `Fin [])
                              (Lean.Expr.app
                                (Lean.Expr.app
                                  (Lean.Expr.app
                                    (Lean.Expr.const `OfNat.ofNat [Lean.Level.zero])
                                    (Lean.Expr.const `Nat []))
                                  (Lean.Expr.lit (Lean.Literal.natVal 12)))
                                (Lean.Expr.app
                                  (Lean.Expr.const `instOfNatNat [])
                                  (Lean.Expr.lit (Lean.Literal.natVal 12)))))
                            (Lean.Expr.const `Complex [])
                            (Lean.BinderInfo.default)))
                        (Lean.Expr.app
                          (Lean.Expr.app
                            (Lean.Expr.app
                              (Lean.Expr.app
                                (Lean.Expr.const `Pi.normedAddCommGroup [Lean.Level.zero, Lean.Level.zero])
                                (Lean.Expr.app
                                  (Lean.Expr.const `Fin [])
                                  (Lean.Expr.app
                                    (Lean.Expr.app
                                      (Lean.Expr.app
                                        (Lean.Expr.const `OfNat.ofNat [Lean.Level.zero])
                                        (Lean.Expr.const `Nat []))
                                      (Lean.Expr.lit (Lean.Literal.natVal 12)))
                                    (Lean.Expr.app
                                      (Lean.Expr.const `instOfNatNat [])
                                      (Lean.Expr.lit (Lean.Literal.natVal 12))))))
                              (Lean.Expr.lam
                                (Lean.Name.mkNum `a._@._internal._hyg 0)
                                (Lean.Expr.app
                                  (Lean.Expr.const `Fin [])
                                  (Lean.Expr.app
                                    (Lean.Expr.app
                                      (Lean.Expr.app
                                        (Lean.Expr.const `OfNat.ofNat [Lean.Level.zero])
                                        (Lean.Expr.const `Nat []))
                                      (Lean.Expr.lit (Lean.Literal.natVal 12)))
                                    (Lean.Expr.app
                                      (Lean.Expr.const `instOfNatNat [])
                                      (Lean.Expr.lit (Lean.Literal.natVal 12)))))
                                (Lean.Expr.const `Complex [])
                                (Lean.BinderInfo.default)))
                            (Lean.Expr.app
                              (Lean.Expr.const `Fin.fintype [])
                              (Lean.Expr.app
                                (Lean.Expr.app
                                  (Lean.Expr.app
                                    (Lean.Expr.const `OfNat.ofNat [Lean.Level.zero])
                                    (Lean.Expr.const `Nat []))
                                  (Lean.Expr.lit (Lean.Literal.natVal 12)))
                                (Lean.Expr.app
                                  (Lean.Expr.const `instOfNatNat [])
                                  (Lean.Expr.lit (Lean.Literal.natVal 12))))))
                          (Lean.Expr.lam
                            `i
                            (Lean.Expr.app
                              (Lean.Expr.const `Fin [])
                              (Lean.Expr.app
                                (Lean.Expr.app
                                  (Lean.Expr.app
                                    (Lean.Expr.const `OfNat.ofNat [Lean.Level.zero])
                                    (Lean.Expr.const `Nat []))
                                  (Lean.Expr.lit (Lean.Literal.natVal 12)))
                                (Lean.Expr.app
                                  (Lean.Expr.const `instOfNatNat [])
                                  (Lean.Expr.lit (Lean.Literal.natVal 12)))))
                            (Lean.Expr.const `Complex.instNormedAddCommGroup [])
                            (Lean.BinderInfo.default))))
                      (Lean.Expr.app
                        (Lean.Expr.app
                          (Lean.Expr.app
                            (Lean.Expr.app
                              (Lean.Expr.app
                                (Lean.Expr.app
                                  (Lean.Expr.app
                                    (Lean.Expr.const
                                      `Pi.normedSpace
                                      [Lean.Level.zero, Lean.Level.zero, Lean.Level.zero])
                                    (Lean.Expr.const `Complex []))
                                  (Lean.Expr.app
                                    (Lean.Expr.app
                                      (Lean.Expr.const `NontriviallyNormedField.toNormedField [Lean.Level.zero])
                                      (Lean.Expr.const `Complex []))
                                    (Lean.Expr.app
                                      (Lean.Expr.app
                                        (Lean.Expr.const
                                          `DenselyNormedField.toNontriviallyNormedField
                                          [Lean.Level.zero])
                                        (Lean.Expr.const `Complex []))
                                      (Lean.Expr.const `Complex.instDenselyNormedField []))))
                                (Lean.Expr.app
                                  (Lean.Expr.const `Fin [])
                                  (Lean.Expr.app
                                    (Lean.Expr.app
                                      (Lean.Expr.app
                                        (Lean.Expr.const `OfNat.ofNat [Lean.Level.zero])
                                        (Lean.Expr.const `Nat []))
                                      (Lean.Expr.lit (Lean.Literal.natVal 12)))
                                    (Lean.Expr.app
                                      (Lean.Expr.const `instOfNatNat [])
                                      (Lean.Expr.lit (Lean.Literal.natVal 12))))))
                              (Lean.Expr.lam
                                (Lean.Name.mkNum `a._@._internal._hyg 0)
                                (Lean.Expr.app
                                  (Lean.Expr.const `Fin [])
                                  (Lean.Expr.app
                                    (Lean.Expr.app
                                      (Lean.Expr.app
                                        (Lean.Expr.const `OfNat.ofNat [Lean.Level.zero])
                                        (Lean.Expr.const `Nat []))
                                      (Lean.Expr.lit (Lean.Literal.natVal 12)))
                                    (Lean.Expr.app
                                      (Lean.Expr.const `instOfNatNat [])
                                      (Lean.Expr.lit (Lean.Literal.natVal 12)))))
                                (Lean.Expr.const `Complex [])
                                (Lean.BinderInfo.default)))
                            (Lean.Expr.app
                              (Lean.Expr.const `Fin.fintype [])
                              (Lean.Expr.app
                                (Lean.Expr.app
                                  (Lean.Expr.app
                                    (Lean.Expr.const `OfNat.ofNat [Lean.Level.zero])
                                    (Lean.Expr.const `Nat []))
                                  (Lean.Expr.lit (Lean.Literal.natVal 12)))
                                (Lean.Expr.app
                                  (Lean.Expr.const `instOfNatNat [])
                                  (Lean.Expr.lit (Lean.Literal.natVal 12))))))
                          (Lean.Expr.lam
                            `i
                            (Lean.Expr.app
                              (Lean.Expr.const `Fin [])
                              (Lean.Expr.app
                                (Lean.Expr.app
                                  (Lean.Expr.app
                                    (Lean.Expr.const `OfNat.ofNat [Lean.Level.zero])
                                    (Lean.Expr.const `Nat []))
                                  (Lean.Expr.lit (Lean.Literal.natVal 12)))
                                (Lean.Expr.app
                                  (Lean.Expr.const `instOfNatNat [])
                                  (Lean.Expr.lit (Lean.Literal.natVal 12)))))
                            (Lean.Expr.app
                              (Lean.Expr.app
                                (Lean.Expr.const `NonUnitalSeminormedRing.toSeminormedAddCommGroup [Lean.Level.zero])
                                (Lean.Expr.const `Complex []))
                              (Lean.Expr.app
                                (Lean.Expr.app
                                  (Lean.Expr.const
                                    `NonUnitalSeminormedCommRing.toNonUnitalSeminormedRing
                                    [Lean.Level.zero])
                                  (Lean.Expr.const `Complex []))
                                (Lean.Expr.app
                                  (Lean.Expr.app
                                    (Lean.Expr.const
                                      `SeminormedCommRing.toNonUnitalSeminormedCommRing
                                      [Lean.Level.zero])
                                    (Lean.Expr.const `Complex []))
                                  (Lean.Expr.app
                                    (Lean.Expr.app
                                      (Lean.Expr.const `NormedCommRing.toSeminormedCommRing [Lean.Level.zero])
                                      (Lean.Expr.const `Complex []))
                                    (Lean.Expr.app
                                      (Lean.Expr.app
                                        (Lean.Expr.const `NormedField.toNormedCommRing [Lean.Level.zero])
                                        (Lean.Expr.const `Complex []))
                                      (Lean.Expr.const `Complex.instNormedField []))))))
                            (Lean.BinderInfo.default)))
                        (Lean.Expr.lam
                          `i
                          (Lean.Expr.app
                            (Lean.Expr.const `Fin [])
                            (Lean.Expr.app
                              (Lean.Expr.app
                                (Lean.Expr.app
                                  (Lean.Expr.const `OfNat.ofNat [Lean.Level.zero])
                                  (Lean.Expr.const `Nat []))
                                (Lean.Expr.lit (Lean.Literal.natVal 12)))
                              (Lean.Expr.app
                                (Lean.Expr.const `instOfNatNat [])
                                (Lean.Expr.lit (Lean.Literal.natVal 12)))))
                          (Lean.Expr.app
                            (Lean.Expr.app
                              (Lean.Expr.const `NormedField.toNormedSpace [Lean.Level.zero])
                              (Lean.Expr.const `Complex []))
                            (Lean.Expr.app
                              (Lean.Expr.app
                                (Lean.Expr.const `NontriviallyNormedField.toNormedField [Lean.Level.zero])
                                (Lean.Expr.const `Complex []))
                              (Lean.Expr.app
                                (Lean.Expr.app
                                  (Lean.Expr.const `DenselyNormedField.toNontriviallyNormedField [Lean.Level.zero])
                                  (Lean.Expr.const `Complex []))
                                (Lean.Expr.const `Complex.instDenselyNormedField []))))
                          (Lean.BinderInfo.default))))
                    (Lean.Expr.forallE
                      (Lean.Name.mkNum `a._@._internal._hyg 0)
                      (Lean.Expr.app
                        (Lean.Expr.const `Fin [])
                        (Lean.Expr.app
                          (Lean.Expr.app
                            (Lean.Expr.app (Lean.Expr.const `OfNat.ofNat [Lean.Level.zero]) (Lean.Expr.const `Nat []))
                            (Lean.Expr.lit (Lean.Literal.natVal 12)))
                          (Lean.Expr.app (Lean.Expr.const `instOfNatNat []) (Lean.Expr.lit (Lean.Literal.natVal 12)))))
                      (Lean.Expr.const `Complex [])
                      (Lean.BinderInfo.default)))
                  (Lean.Expr.app
                    (Lean.Expr.app
                      (Lean.Expr.app
                        (Lean.Expr.app
                          (Lean.Expr.const `Pi.normedAddCommGroup [Lean.Level.zero, Lean.Level.zero])
                          (Lean.Expr.app
                            (Lean.Expr.const `Fin [])
                            (Lean.Expr.app
                              (Lean.Expr.app
                                (Lean.Expr.app
                                  (Lean.Expr.const `OfNat.ofNat [Lean.Level.zero])
                                  (Lean.Expr.const `Nat []))
                                (Lean.Expr.lit (Lean.Literal.natVal 12)))
                              (Lean.Expr.app
                                (Lean.Expr.const `instOfNatNat [])
                                (Lean.Expr.lit (Lean.Literal.natVal 12))))))
                        (Lean.Expr.lam
                          (Lean.Name.mkNum `a._@._internal._hyg 0)
                          (Lean.Expr.app
                            (Lean.Expr.const `Fin [])
                            (Lean.Expr.app
                              (Lean.Expr.app
                                (Lean.Expr.app
                                  (Lean.Expr.const `OfNat.ofNat [Lean.Level.zero])
                                  (Lean.Expr.const `Nat []))
                                (Lean.Expr.lit (Lean.Literal.natVal 12)))
                              (Lean.Expr.app
                                (Lean.Expr.const `instOfNatNat [])
                                (Lean.Expr.lit (Lean.Literal.natVal 12)))))
                          (Lean.Expr.const `Complex [])
                          (Lean.BinderInfo.default)))
                      (Lean.Expr.app
                        (Lean.Expr.const `Fin.fintype [])
                        (Lean.Expr.app
                          (Lean.Expr.app
                            (Lean.Expr.app (Lean.Expr.const `OfNat.ofNat [Lean.Level.zero]) (Lean.Expr.const `Nat []))
                            (Lean.Expr.lit (Lean.Literal.natVal 12)))
                          (Lean.Expr.app (Lean.Expr.const `instOfNatNat []) (Lean.Expr.lit (Lean.Literal.natVal 12))))))
                    (Lean.Expr.lam
                      `i
                      (Lean.Expr.app
                        (Lean.Expr.const `Fin [])
                        (Lean.Expr.app
                          (Lean.Expr.app
                            (Lean.Expr.app (Lean.Expr.const `OfNat.ofNat [Lean.Level.zero]) (Lean.Expr.const `Nat []))
                            (Lean.Expr.lit (Lean.Literal.natVal 12)))
                          (Lean.Expr.app (Lean.Expr.const `instOfNatNat []) (Lean.Expr.lit (Lean.Literal.natVal 12)))))
                      (Lean.Expr.const `Complex.instNormedAddCommGroup [])
                      (Lean.BinderInfo.default))))
                (Lean.Expr.app
                  (Lean.Expr.app
                    (Lean.Expr.app
                      (Lean.Expr.app
                        (Lean.Expr.app
                          (Lean.Expr.app
                            (Lean.Expr.app
                              (Lean.Expr.const `Pi.normedSpace [Lean.Level.zero, Lean.Level.zero, Lean.Level.zero])
                              (Lean.Expr.const `Complex []))
                            (Lean.Expr.app
                              (Lean.Expr.app
                                (Lean.Expr.const `NontriviallyNormedField.toNormedField [Lean.Level.zero])
                                (Lean.Expr.const `Complex []))
                              (Lean.Expr.app
                                (Lean.Expr.app
                                  (Lean.Expr.const `DenselyNormedField.toNontriviallyNormedField [Lean.Level.zero])
                                  (Lean.Expr.const `Complex []))
                                (Lean.Expr.const `Complex.instDenselyNormedField []))))
                          (Lean.Expr.app
                            (Lean.Expr.const `Fin [])
                            (Lean.Expr.app
                              (Lean.Expr.app
                                (Lean.Expr.app
                                  (Lean.Expr.const `OfNat.ofNat [Lean.Level.zero])
                                  (Lean.Expr.const `Nat []))
                                (Lean.Expr.lit (Lean.Literal.natVal 12)))
                              (Lean.Expr.app
                                (Lean.Expr.const `instOfNatNat [])
                                (Lean.Expr.lit (Lean.Literal.natVal 12))))))
                        (Lean.Expr.lam
                          (Lean.Name.mkNum `a._@._internal._hyg 0)
                          (Lean.Expr.app
                            (Lean.Expr.const `Fin [])
                            (Lean.Expr.app
                              (Lean.Expr.app
                                (Lean.Expr.app
                                  (Lean.Expr.const `OfNat.ofNat [Lean.Level.zero])
                                  (Lean.Expr.const `Nat []))
                                (Lean.Expr.lit (Lean.Literal.natVal 12)))
                              (Lean.Expr.app
                                (Lean.Expr.const `instOfNatNat [])
                                (Lean.Expr.lit (Lean.Literal.natVal 12)))))
                          (Lean.Expr.const `Complex [])
                          (Lean.BinderInfo.default)))
                      (Lean.Expr.app
                        (Lean.Expr.const `Fin.fintype [])
                        (Lean.Expr.app
                          (Lean.Expr.app
                            (Lean.Expr.app (Lean.Expr.const `OfNat.ofNat [Lean.Level.zero]) (Lean.Expr.const `Nat []))
                            (Lean.Expr.lit (Lean.Literal.natVal 12)))
                          (Lean.Expr.app (Lean.Expr.const `instOfNatNat []) (Lean.Expr.lit (Lean.Literal.natVal 12))))))
                    (Lean.Expr.lam
                      `i
                      (Lean.Expr.app
                        (Lean.Expr.const `Fin [])
                        (Lean.Expr.app
                          (Lean.Expr.app
                            (Lean.Expr.app (Lean.Expr.const `OfNat.ofNat [Lean.Level.zero]) (Lean.Expr.const `Nat []))
                            (Lean.Expr.lit (Lean.Literal.natVal 12)))
                          (Lean.Expr.app (Lean.Expr.const `instOfNatNat []) (Lean.Expr.lit (Lean.Literal.natVal 12)))))
                      (Lean.Expr.app
                        (Lean.Expr.app
                          (Lean.Expr.const `NonUnitalSeminormedRing.toSeminormedAddCommGroup [Lean.Level.zero])
                          (Lean.Expr.const `Complex []))
                        (Lean.Expr.app
                          (Lean.Expr.app
                            (Lean.Expr.const `NonUnitalSeminormedCommRing.toNonUnitalSeminormedRing [Lean.Level.zero])
                            (Lean.Expr.const `Complex []))
                          (Lean.Expr.app
                            (Lean.Expr.app
                              (Lean.Expr.const `SeminormedCommRing.toNonUnitalSeminormedCommRing [Lean.Level.zero])
                              (Lean.Expr.const `Complex []))
                            (Lean.Expr.app
                              (Lean.Expr.app
                                (Lean.Expr.const `NormedCommRing.toSeminormedCommRing [Lean.Level.zero])
                                (Lean.Expr.const `Complex []))
                              (Lean.Expr.app
                                (Lean.Expr.app
                                  (Lean.Expr.const `NormedField.toNormedCommRing [Lean.Level.zero])
                                  (Lean.Expr.const `Complex []))
                                (Lean.Expr.const `Complex.instNormedField []))))))
                      (Lean.BinderInfo.default)))
                  (Lean.Expr.lam
                    `i
                    (Lean.Expr.app
                      (Lean.Expr.const `Fin [])
                      (Lean.Expr.app
                        (Lean.Expr.app
                          (Lean.Expr.app (Lean.Expr.const `OfNat.ofNat [Lean.Level.zero]) (Lean.Expr.const `Nat []))
                          (Lean.Expr.lit (Lean.Literal.natVal 12)))
                        (Lean.Expr.app (Lean.Expr.const `instOfNatNat []) (Lean.Expr.lit (Lean.Literal.natVal 12)))))
                    (Lean.Expr.app
                      (Lean.Expr.app
                        (Lean.Expr.const `NormedField.toNormedSpace [Lean.Level.zero])
                        (Lean.Expr.const `Complex []))
                      (Lean.Expr.app
                        (Lean.Expr.app
                          (Lean.Expr.const `NontriviallyNormedField.toNormedField [Lean.Level.zero])
                          (Lean.Expr.const `Complex []))
                        (Lean.Expr.app
                          (Lean.Expr.app
                            (Lean.Expr.const `DenselyNormedField.toNontriviallyNormedField [Lean.Level.zero])
                            (Lean.Expr.const `Complex []))
                          (Lean.Expr.const `Complex.instDenselyNormedField []))))
                    (Lean.BinderInfo.default))))
              (Lean.Expr.app
                (Lean.Expr.app
                  (Lean.Expr.const `Top.top [Lean.Level.zero])
                  (Lean.Expr.app (Lean.Expr.const `WithTop [Lean.Level.zero]) (Lean.Expr.const `ENat [])))
                (Lean.Expr.app (Lean.Expr.const `WithTop.top [Lean.Level.zero]) (Lean.Expr.const `ENat []))))
            (Lean.Expr.app
              (Lean.Expr.app
                (Lean.Expr.app
                  (Lean.Expr.app
                    (Lean.Expr.app (Lean.Expr.const `NLA.MF14Degree44.fourthCoefficientMap []) (Lean.Expr.bvar 4))
                    (Lean.Expr.bvar 3))
                  (Lean.Expr.bvar 2))
                (Lean.Expr.bvar 1))
              (Lean.Expr.bvar 0)))
          (Lean.BinderInfo.default))
        (Lean.BinderInfo.default))
      (Lean.BinderInfo.default))
    (Lean.BinderInfo.default))
  (Lean.BinderInfo.default)
LEVELJSON NLA.MF14Degree44.fourth_map_smooth []
TYPEJSON NLA.MF14Degree44.fourth_jacobian_identity Lean.Expr.forallE
  `alpha
  (Lean.Expr.const `Complex [])
  (Lean.Expr.forallE
    `eta
    (Lean.Expr.const `Complex [])
    (Lean.Expr.forallE
      `gamma
      (Lean.Expr.const `Complex [])
      (Lean.Expr.forallE
        `s
        (Lean.Expr.const `Complex [])
        (Lean.Expr.forallE
          `lam
          (Lean.Expr.const `Complex [])
          (Lean.Expr.app
            (Lean.Expr.app
              (Lean.Expr.app
                (Lean.Expr.const `Eq [Lean.Level.succ (Lean.Level.zero)])
                (Lean.Expr.app
                  (Lean.Expr.app
                    (Lean.Expr.app
                      (Lean.Expr.const `Matrix [Lean.Level.zero, Lean.Level.zero, Lean.Level.zero])
                      (Lean.Expr.app
                        (Lean.Expr.const `Fin [])
                        (Lean.Expr.app
                          (Lean.Expr.app
                            (Lean.Expr.app (Lean.Expr.const `OfNat.ofNat [Lean.Level.zero]) (Lean.Expr.const `Nat []))
                            (Lean.Expr.lit (Lean.Literal.natVal 12)))
                          (Lean.Expr.app (Lean.Expr.const `instOfNatNat []) (Lean.Expr.lit (Lean.Literal.natVal 12))))))
                    (Lean.Expr.app
                      (Lean.Expr.const `Fin [])
                      (Lean.Expr.app
                        (Lean.Expr.app
                          (Lean.Expr.app (Lean.Expr.const `OfNat.ofNat [Lean.Level.zero]) (Lean.Expr.const `Nat []))
                          (Lean.Expr.lit (Lean.Literal.natVal 12)))
                        (Lean.Expr.app (Lean.Expr.const `instOfNatNat []) (Lean.Expr.lit (Lean.Literal.natVal 12))))))
                  (Lean.Expr.const `Complex [])))
              (Lean.Expr.app
                (Lean.Expr.app
                  (Lean.Expr.app
                    (Lean.Expr.const `NLA.MF14Degree44.jacobianAt [])
                    (Lean.Expr.app
                      (Lean.Expr.app
                        (Lean.Expr.app (Lean.Expr.const `OfNat.ofNat [Lean.Level.zero]) (Lean.Expr.const `Nat []))
                        (Lean.Expr.lit (Lean.Literal.natVal 12)))
                      (Lean.Expr.app (Lean.Expr.const `instOfNatNat []) (Lean.Expr.lit (Lean.Literal.natVal 12)))))
                  (Lean.Expr.app
                    (Lean.Expr.app
                      (Lean.Expr.app
                        (Lean.Expr.app
                          (Lean.Expr.app (Lean.Expr.const `NLA.MF14Degree44.fourthCoefficientMap []) (Lean.Expr.bvar 4))
                          (Lean.Expr.bvar 3))
                        (Lean.Expr.bvar 2))
                      (Lean.Expr.bvar 1))
                    (Lean.Expr.bvar 0)))
                (Lean.Expr.app
                  (Lean.Expr.app
                    (Lean.Expr.app
                      (Lean.Expr.const `OfNat.ofNat [Lean.Level.zero])
                      (Lean.Expr.forallE
                        (Lean.Name.mkNum `a._@._internal._hyg 0)
                        (Lean.Expr.app
                          (Lean.Expr.const `Fin [])
                          (Lean.Expr.app
                            (Lean.Expr.app
                              (Lean.Expr.app (Lean.Expr.const `OfNat.ofNat [Lean.Level.zero]) (Lean.Expr.const `Nat []))
                              (Lean.Expr.lit (Lean.Literal.natVal 12)))
                            (Lean.Expr.app
                              (Lean.Expr.const `instOfNatNat [])
                              (Lean.Expr.lit (Lean.Literal.natVal 12)))))
                        (Lean.Expr.const `Complex [])
                        (Lean.BinderInfo.default)))
                    (Lean.Expr.lit (Lean.Literal.natVal 0)))
                  (Lean.Expr.app
                    (Lean.Expr.app
                      (Lean.Expr.const `Zero.toOfNat0 [Lean.Level.zero])
                      (Lean.Expr.forallE
                        (Lean.Name.mkNum `a._@._internal._hyg 0)
                        (Lean.Expr.app
                          (Lean.Expr.const `Fin [])
                          (Lean.Expr.app
                            (Lean.Expr.app
                              (Lean.Expr.app (Lean.Expr.const `OfNat.ofNat [Lean.Level.zero]) (Lean.Expr.const `Nat []))
                              (Lean.Expr.lit (Lean.Literal.natVal 12)))
                            (Lean.Expr.app
                              (Lean.Expr.const `instOfNatNat [])
                              (Lean.Expr.lit (Lean.Literal.natVal 12)))))
                        (Lean.Expr.const `Complex [])
                        (Lean.BinderInfo.default)))
                    (Lean.Expr.app
                      (Lean.Expr.app
                        (Lean.Expr.app
                          (Lean.Expr.const `Pi.instZero [Lean.Level.zero, Lean.Level.zero])
                          (Lean.Expr.app
                            (Lean.Expr.const `Fin [])
                            (Lean.Expr.app
                              (Lean.Expr.app
                                (Lean.Expr.app
                                  (Lean.Expr.const `OfNat.ofNat [Lean.Level.zero])
                                  (Lean.Expr.const `Nat []))
                                (Lean.Expr.lit (Lean.Literal.natVal 12)))
                              (Lean.Expr.app
                                (Lean.Expr.const `instOfNatNat [])
                                (Lean.Expr.lit (Lean.Literal.natVal 12))))))
                        (Lean.Expr.lam
                          (Lean.Name.mkNum `a._@._internal._hyg 0)
                          (Lean.Expr.app
                            (Lean.Expr.const `Fin [])
                            (Lean.Expr.app
                              (Lean.Expr.app
                                (Lean.Expr.app
                                  (Lean.Expr.const `OfNat.ofNat [Lean.Level.zero])
                                  (Lean.Expr.const `Nat []))
                                (Lean.Expr.lit (Lean.Literal.natVal 12)))
                              (Lean.Expr.app
                                (Lean.Expr.const `instOfNatNat [])
                                (Lean.Expr.lit (Lean.Literal.natVal 12)))))
                          (Lean.Expr.const `Complex [])
                          (Lean.BinderInfo.default)))
                      (Lean.Expr.lam
                        `i
                        (Lean.Expr.app
                          (Lean.Expr.const `Fin [])
                          (Lean.Expr.app
                            (Lean.Expr.app
                              (Lean.Expr.app (Lean.Expr.const `OfNat.ofNat [Lean.Level.zero]) (Lean.Expr.const `Nat []))
                              (Lean.Expr.lit (Lean.Literal.natVal 12)))
                            (Lean.Expr.app
                              (Lean.Expr.const `instOfNatNat [])
                              (Lean.Expr.lit (Lean.Literal.natVal 12)))))
                        (Lean.Expr.const `Complex.instZero [])
                        (Lean.BinderInfo.default)))))))
            (Lean.Expr.app
              (Lean.Expr.app
                (Lean.Expr.app
                  (Lean.Expr.app
                    (Lean.Expr.app (Lean.Expr.const `NLA.MF14Degree44.fourthJacobian []) (Lean.Expr.bvar 4))
                    (Lean.Expr.bvar 3))
                  (Lean.Expr.bvar 2))
                (Lean.Expr.bvar 1))
              (Lean.Expr.bvar 0)))
          (Lean.BinderInfo.default))
        (Lean.BinderInfo.default))
      (Lean.BinderInfo.default))
    (Lean.BinderInfo.default))
  (Lean.BinderInfo.default)
LEVELJSON NLA.MF14Degree44.fourth_jacobian_identity []
TYPEJSON NLA.MF14Degree44.fourth_minor_identity Lean.Expr.forallE
  `alpha
  (Lean.Expr.const `Complex [])
  (Lean.Expr.forallE
    `eta
    (Lean.Expr.const `Complex [])
    (Lean.Expr.forallE
      `gamma
      (Lean.Expr.const `Complex [])
      (Lean.Expr.forallE
        `s
        (Lean.Expr.const `Complex [])
        (Lean.Expr.forallE
          `lam
          (Lean.Expr.const `Complex [])
          (Lean.Expr.app
            (Lean.Expr.app
              (Lean.Expr.app (Lean.Expr.const `Eq [Lean.Level.succ (Lean.Level.zero)]) (Lean.Expr.const `Complex []))
              (Lean.Expr.app
                (Lean.Expr.app
                  (Lean.Expr.app
                    (Lean.Expr.app
                      (Lean.Expr.app
                        (Lean.Expr.app
                          (Lean.Expr.const `Matrix.det [Lean.Level.zero, Lean.Level.zero])
                          (Lean.Expr.app
                            (Lean.Expr.const `Fin [])
                            (Lean.Expr.app
                              (Lean.Expr.app
                                (Lean.Expr.app
                                  (Lean.Expr.const `OfNat.ofNat [Lean.Level.zero])
                                  (Lean.Expr.const `Nat []))
                                (Lean.Expr.lit (Lean.Literal.natVal 12)))
                              (Lean.Expr.app
                                (Lean.Expr.const `instOfNatNat [])
                                (Lean.Expr.lit (Lean.Literal.natVal 12))))))
                        (Lean.Expr.app
                          (Lean.Expr.const `instDecidableEqFin [])
                          (Lean.Expr.app
                            (Lean.Expr.app
                              (Lean.Expr.app (Lean.Expr.const `OfNat.ofNat [Lean.Level.zero]) (Lean.Expr.const `Nat []))
                              (Lean.Expr.lit (Lean.Literal.natVal 12)))
                            (Lean.Expr.app
                              (Lean.Expr.const `instOfNatNat [])
                              (Lean.Expr.lit (Lean.Literal.natVal 12))))))
                      (Lean.Expr.app
                        (Lean.Expr.const `Fin.fintype [])
                        (Lean.Expr.app
                          (Lean.Expr.app
                            (Lean.Expr.app (Lean.Expr.const `OfNat.ofNat [Lean.Level.zero]) (Lean.Expr.const `Nat []))
                            (Lean.Expr.lit (Lean.Literal.natVal 12)))
                          (Lean.Expr.app (Lean.Expr.const `instOfNatNat []) (Lean.Expr.lit (Lean.Literal.natVal 12))))))
                    (Lean.Expr.const `Complex []))
                  (Lean.Expr.const `Complex.commRing []))
                (Lean.Expr.app
                  (Lean.Expr.app
                    (Lean.Expr.app
                      (Lean.Expr.app
                        (Lean.Expr.app (Lean.Expr.const `NLA.MF14Degree44.fourthJacobian []) (Lean.Expr.bvar 4))
                        (Lean.Expr.bvar 3))
                      (Lean.Expr.bvar 2))
                    (Lean.Expr.bvar 1))
                  (Lean.Expr.bvar 0))))
            (Lean.Expr.app
              (Lean.Expr.app
                (Lean.Expr.app
                  (Lean.Expr.app
                    (Lean.Expr.app (Lean.Expr.const `NLA.MF14Degree44.fourthMinor []) (Lean.Expr.bvar 4))
                    (Lean.Expr.bvar 3))
                  (Lean.Expr.bvar 2))
                (Lean.Expr.bvar 1))
              (Lean.Expr.bvar 0)))
          (Lean.BinderInfo.default))
        (Lean.BinderInfo.default))
      (Lean.BinderInfo.default))
    (Lean.BinderInfo.default))
  (Lean.BinderInfo.default)
LEVELJSON NLA.MF14Degree44.fourth_minor_identity []
TYPEJSON NLA.MF14Degree44.fourth_product_joint_closure Lean.Expr.forallE
  `alpha
  (Lean.Expr.const `Complex [])
  (Lean.Expr.forallE
    `eta
    (Lean.Expr.const `Complex [])
    (Lean.Expr.forallE
      `gamma
      (Lean.Expr.const `Complex [])
      (Lean.Expr.forallE
        `s
        (Lean.Expr.const `Complex [])
        (Lean.Expr.forallE
          `hs
          (Lean.Expr.app
            (Lean.Expr.app
              (Lean.Expr.app
                (Lean.Expr.app (Lean.Expr.const `NLA.MF14Degree44.GoodBorderParameter []) (Lean.Expr.bvar 3))
                (Lean.Expr.bvar 2))
              (Lean.Expr.bvar 1))
            (Lean.Expr.bvar 0))
          (Lean.Expr.forallE
            `p
            (Lean.Expr.const `NLA.MF14Degree44.Poly [])
            (Lean.Expr.forallE
              `hp
              (Lean.Expr.app
                (Lean.Expr.app
                  (Lean.Expr.app
                    (Lean.Expr.app
                      (Lean.Expr.app
                        (Lean.Expr.const `Membership.mem [Lean.Level.zero, Lean.Level.zero])
                        (Lean.Expr.const `NLA.MF14Degree44.Poly []))
                      (Lean.Expr.app
                        (Lean.Expr.app
                          (Lean.Expr.app
                            (Lean.Expr.app
                              (Lean.Expr.app
                                (Lean.Expr.const `Submodule [Lean.Level.zero, Lean.Level.zero])
                                (Lean.Expr.const `Complex []))
                              (Lean.Expr.const `NLA.MF14Degree44.Poly []))
                            (Lean.Expr.const `Complex.instSemiring []))
                          (Lean.Expr.app
                            (Lean.Expr.app
                              (Lean.Expr.const `Semiring.toAddCommMonoid [Lean.Level.zero])
                              (Lean.Expr.const `NLA.MF14Degree44.Poly []))
                            (Lean.Expr.app
                              (Lean.Expr.app
                                (Lean.Expr.const `Polynomial.semiring [Lean.Level.zero])
                                (Lean.Expr.const `Complex []))
                              (Lean.Expr.const `Complex.instSemiring []))))
                        (Lean.Expr.app
                          (Lean.Expr.app
                            (Lean.Expr.app
                              (Lean.Expr.app
                                (Lean.Expr.app
                                  (Lean.Expr.const `Polynomial.module [Lean.Level.zero, Lean.Level.zero])
                                  (Lean.Expr.const `Complex []))
                                (Lean.Expr.const `Complex.instSemiring []))
                              (Lean.Expr.const `Complex []))
                            (Lean.Expr.const `Complex.instSemiring []))
                          (Lean.Expr.app
                            (Lean.Expr.app
                              (Lean.Expr.const `Semiring.toModule [Lean.Level.zero])
                              (Lean.Expr.const `Complex []))
                            (Lean.Expr.const `Complex.instSemiring [])))))
                    (Lean.Expr.app
                      (Lean.Expr.app
                        (Lean.Expr.app
                          (Lean.Expr.const `SetLike.instMembership [Lean.Level.zero, Lean.Level.zero])
                          (Lean.Expr.app
                            (Lean.Expr.app
                              (Lean.Expr.app
                                (Lean.Expr.app
                                  (Lean.Expr.app
                                    (Lean.Expr.const `Submodule [Lean.Level.zero, Lean.Level.zero])
                                    (Lean.Expr.const `Complex []))
                                  (Lean.Expr.const `NLA.MF14Degree44.Poly []))
                                (Lean.Expr.const `Complex.instSemiring []))
                              (Lean.Expr.app
                                (Lean.Expr.app
                                  (Lean.Expr.const `Semiring.toAddCommMonoid [Lean.Level.zero])
                                  (Lean.Expr.const `NLA.MF14Degree44.Poly []))
                                (Lean.Expr.app
                                  (Lean.Expr.app
                                    (Lean.Expr.const `Polynomial.semiring [Lean.Level.zero])
                                    (Lean.Expr.const `Complex []))
                                  (Lean.Expr.const `Complex.instSemiring []))))
                            (Lean.Expr.app
                              (Lean.Expr.app
                                (Lean.Expr.app
                                  (Lean.Expr.app
                                    (Lean.Expr.app
                                      (Lean.Expr.const `Polynomial.module [Lean.Level.zero, Lean.Level.zero])
                                      (Lean.Expr.const `Complex []))
                                    (Lean.Expr.const `Complex.instSemiring []))
                                  (Lean.Expr.const `Complex []))
                                (Lean.Expr.const `Complex.instSemiring []))
                              (Lean.Expr.app
                                (Lean.Expr.app
                                  (Lean.Expr.const `Semiring.toModule [Lean.Level.zero])
                                  (Lean.Expr.const `Complex []))
                                (Lean.Expr.const `Complex.instSemiring [])))))
                        (Lean.Expr.const `NLA.MF14Degree44.Poly []))
                      (Lean.Expr.app
                        (Lean.Expr.app
                          (Lean.Expr.app
                            (Lean.Expr.app
                              (Lean.Expr.app
                                (Lean.Expr.const `Submodule.setLike [Lean.Level.zero, Lean.Level.zero])
                                (Lean.Expr.const `Complex []))
                              (Lean.Expr.const `NLA.MF14Degree44.Poly []))
                            (Lean.Expr.const `Complex.instSemiring []))
                          (Lean.Expr.app
                            (Lean.Expr.app
                              (Lean.Expr.const `Semiring.toAddCommMonoid [Lean.Level.zero])
                              (Lean.Expr.const `NLA.MF14Degree44.Poly []))
                            (Lean.Expr.app
                              (Lean.Expr.app
                                (Lean.Expr.const `Polynomial.semiring [Lean.Level.zero])
                                (Lean.Expr.const `Complex []))
                              (Lean.Expr.const `Complex.instSemiring []))))
                        (Lean.Expr.app
                          (Lean.Expr.app
                            (Lean.Expr.app
                              (Lean.Expr.app
                                (Lean.Expr.app
                                  (Lean.Expr.const `Polynomial.module [Lean.Level.zero, Lean.Level.zero])
                                  (Lean.Expr.const `Complex []))
                                (Lean.Expr.const `Complex.instSemiring []))
                              (Lean.Expr.const `Complex []))
                            (Lean.Expr.const `Complex.instSemiring []))
                          (Lean.Expr.app
                            (Lean.Expr.app
                              (Lean.Expr.const `Semiring.toModule [Lean.Level.zero])
                              (Lean.Expr.const `Complex []))
                            (Lean.Expr.const `Complex.instSemiring []))))))
                  (Lean.Expr.app
                    (Lean.Expr.app
                      (Lean.Expr.app
                        (Lean.Expr.app (Lean.Expr.const `NLA.MF14Degree44.productSpan []) (Lean.Expr.bvar 5))
                        (Lean.Expr.bvar 4))
                      (Lean.Expr.bvar 3))
                    (Lean.Expr.bvar 2)))
                (Lean.Expr.bvar 0))
              (Lean.Expr.app
                (Lean.Expr.app
                  (Lean.Expr.app
                    (Lean.Expr.app
                      (Lean.Expr.app
                        (Lean.Expr.const `Membership.mem [Lean.Level.zero, Lean.Level.zero])
                        (Lean.Expr.const `NLA.MF14Degree44.QuadSpace []))
                      (Lean.Expr.app
                        (Lean.Expr.const `Set [Lean.Level.zero])
                        (Lean.Expr.const `NLA.MF14Degree44.QuadSpace [])))
                    (Lean.Expr.app
                      (Lean.Expr.const `Set.instMembership [Lean.Level.zero])
                      (Lean.Expr.const `NLA.MF14Degree44.QuadSpace [])))
                  (Lean.Expr.const `NLA.MF14Degree44.jointFourClosure []))
                (Lean.Expr.app
                  (Lean.Expr.const `NLA.MF14Degree44.quadVector [])
                  (Lean.Expr.app
                    (Lean.Expr.app
                      (Lean.Expr.app
                        (Lean.Expr.app
                          (Lean.Expr.app (Lean.Expr.const `NLA.MF14Degree44.movingQuad []) (Lean.Expr.bvar 6))
                          (Lean.Expr.bvar 5))
                        (Lean.Expr.bvar 4))
                      (Lean.Expr.bvar 3))
                    (Lean.Expr.bvar 1))))
              (Lean.BinderInfo.default))
            (Lean.BinderInfo.default))
          (Lean.BinderInfo.default))
        (Lean.BinderInfo.default))
      (Lean.BinderInfo.default))
    (Lean.BinderInfo.default))
  (Lean.BinderInfo.default)
LEVELJSON NLA.MF14Degree44.fourth_product_joint_closure []
TYPEJSON NLA.MF14Degree44.polynomial_density_of_strict_derivative Lean.Expr.forallE
  `n
  (Lean.Expr.const `Nat [])
  (Lean.Expr.forallE
    `f
    (Lean.Expr.forallE
      (Lean.Name.mkNum `a._@._internal._hyg 0)
      (Lean.Expr.forallE
        (Lean.Name.mkNum `a._@._internal._hyg 0)
        (Lean.Expr.app (Lean.Expr.const `Fin []) (Lean.Expr.bvar 0))
        (Lean.Expr.const `Complex [])
        (Lean.BinderInfo.default))
      (Lean.Expr.forallE
        (Lean.Name.mkNum `a._@._internal._hyg 0)
        (Lean.Expr.app (Lean.Expr.const `Fin []) (Lean.Expr.bvar 1))
        (Lean.Expr.const `Complex [])
        (Lean.BinderInfo.default))
      (Lean.BinderInfo.default))
    (Lean.Expr.forallE
      `a
      (Lean.Expr.forallE
        (Lean.Name.mkNum `a._@._internal._hyg 0)
        (Lean.Expr.app (Lean.Expr.const `Fin []) (Lean.Expr.bvar 1))
        (Lean.Expr.const `Complex [])
        (Lean.BinderInfo.default))
      (Lean.Expr.forallE
        `e
        (Lean.Expr.app
          (Lean.Expr.app
            (Lean.Expr.app
              (Lean.Expr.app
                (Lean.Expr.app
                  (Lean.Expr.app
                    (Lean.Expr.app
                      (Lean.Expr.app
                        (Lean.Expr.app
                          (Lean.Expr.app
                            (Lean.Expr.app
                              (Lean.Expr.app
                                (Lean.Expr.app
                                  (Lean.Expr.app
                                    (Lean.Expr.app
                                      (Lean.Expr.app
                                        (Lean.Expr.const
                                          `ContinuousLinearEquiv
                                          [Lean.Level.zero, Lean.Level.zero, Lean.Level.zero, Lean.Level.zero])
                                        (Lean.Expr.const `Complex []))
                                      (Lean.Expr.const `Complex []))
                                    (Lean.Expr.const `Complex.instSemiring []))
                                  (Lean.Expr.const `Complex.instSemiring []))
                                (Lean.Expr.app
                                  (Lean.Expr.app
                                    (Lean.Expr.const `RingHom.id [Lean.Level.zero])
                                    (Lean.Expr.const `Complex []))
                                  (Lean.Expr.app
                                    (Lean.Expr.app
                                      (Lean.Expr.const `Semiring.toNonAssocSemiring [Lean.Level.zero])
                                      (Lean.Expr.const `Complex []))
                                    (Lean.Expr.const `Complex.instSemiring []))))
                              (Lean.Expr.app
                                (Lean.Expr.app
                                  (Lean.Expr.const `RingHom.id [Lean.Level.zero])
                                  (Lean.Expr.const `Complex []))
                                (Lean.Expr.app
                                  (Lean.Expr.app
                                    (Lean.Expr.const `Semiring.toNonAssocSemiring [Lean.Level.zero])
                                    (Lean.Expr.const `Complex []))
                                  (Lean.Expr.const `Complex.instSemiring []))))
                            (Lean.Expr.app
                              (Lean.Expr.app
                                (Lean.Expr.const `RingHomInvPair.ids [Lean.Level.zero])
                                (Lean.Expr.const `Complex []))
                              (Lean.Expr.const `Complex.instSemiring [])))
                          (Lean.Expr.app
                            (Lean.Expr.app
                              (Lean.Expr.const `RingHomInvPair.ids [Lean.Level.zero])
                              (Lean.Expr.const `Complex []))
                            (Lean.Expr.const `Complex.instSemiring [])))
                        (Lean.Expr.forallE
                          (Lean.Name.mkNum `a._@._internal._hyg 0)
                          (Lean.Expr.app (Lean.Expr.const `Fin []) (Lean.Expr.bvar 2))
                          (Lean.Expr.const `Complex [])
                          (Lean.BinderInfo.default)))
                      (Lean.Expr.app
                        (Lean.Expr.app
                          (Lean.Expr.app
                            (Lean.Expr.const `Pi.topologicalSpace [Lean.Level.zero, Lean.Level.zero])
                            (Lean.Expr.app (Lean.Expr.const `Fin []) (Lean.Expr.bvar 2)))
                          (Lean.Expr.lam
                            (Lean.Name.mkNum `a._@._internal._hyg 0)
                            (Lean.Expr.app (Lean.Expr.const `Fin []) (Lean.Expr.bvar 2))
                            (Lean.Expr.const `Complex [])
                            (Lean.BinderInfo.default)))
                        (Lean.Expr.lam
                          `i
                          (Lean.Expr.app (Lean.Expr.const `Fin []) (Lean.Expr.bvar 2))
                          (Lean.Expr.app
                            (Lean.Expr.app
                              (Lean.Expr.const `UniformSpace.toTopologicalSpace [Lean.Level.zero])
                              (Lean.Expr.const `Complex []))
                            (Lean.Expr.app
                              (Lean.Expr.app
                                (Lean.Expr.const `PseudoMetricSpace.toUniformSpace [Lean.Level.zero])
                                (Lean.Expr.const `Complex []))
                              (Lean.Expr.app
                                (Lean.Expr.app
                                  (Lean.Expr.const `SeminormedRing.toPseudoMetricSpace [Lean.Level.zero])
                                  (Lean.Expr.const `Complex []))
                                (Lean.Expr.app
                                  (Lean.Expr.app
                                    (Lean.Expr.const `SeminormedCommRing.toSeminormedRing [Lean.Level.zero])
                                    (Lean.Expr.const `Complex []))
                                  (Lean.Expr.app
                                    (Lean.Expr.app
                                      (Lean.Expr.const `NormedCommRing.toSeminormedCommRing [Lean.Level.zero])
                                      (Lean.Expr.const `Complex []))
                                    (Lean.Expr.app
                                      (Lean.Expr.app
                                        (Lean.Expr.const `NormedField.toNormedCommRing [Lean.Level.zero])
                                        (Lean.Expr.const `Complex []))
                                      (Lean.Expr.const `Complex.instNormedField [])))))))
                          (Lean.BinderInfo.default))))
                    (Lean.Expr.app
                      (Lean.Expr.app
                        (Lean.Expr.app
                          (Lean.Expr.const `Pi.addCommMonoid [Lean.Level.zero, Lean.Level.zero])
                          (Lean.Expr.app (Lean.Expr.const `Fin []) (Lean.Expr.bvar 2)))
                        (Lean.Expr.lam
                          (Lean.Name.mkNum `a._@._internal._hyg 0)
                          (Lean.Expr.app (Lean.Expr.const `Fin []) (Lean.Expr.bvar 2))
                          (Lean.Expr.const `Complex [])
                          (Lean.BinderInfo.default)))
                      (Lean.Expr.lam
                        `i
                        (Lean.Expr.app (Lean.Expr.const `Fin []) (Lean.Expr.bvar 2))
                        (Lean.Expr.const `Complex.instAddCommMonoid [])
                        (Lean.BinderInfo.default))))
                  (Lean.Expr.forallE
                    (Lean.Name.mkNum `a._@._internal._hyg 0)
                    (Lean.Expr.app (Lean.Expr.const `Fin []) (Lean.Expr.bvar 2))
                    (Lean.Expr.const `Complex [])
                    (Lean.BinderInfo.default)))
                (Lean.Expr.app
                  (Lean.Expr.app
                    (Lean.Expr.app
                      (Lean.Expr.const `Pi.topologicalSpace [Lean.Level.zero, Lean.Level.zero])
                      (Lean.Expr.app (Lean.Expr.const `Fin []) (Lean.Expr.bvar 2)))
                    (Lean.Expr.lam
                      (Lean.Name.mkNum `a._@._internal._hyg 0)
                      (Lean.Expr.app (Lean.Expr.const `Fin []) (Lean.Expr.bvar 2))
                      (Lean.Expr.const `Complex [])
                      (Lean.BinderInfo.default)))
                  (Lean.Expr.lam
                    `i
                    (Lean.Expr.app (Lean.Expr.const `Fin []) (Lean.Expr.bvar 2))
                    (Lean.Expr.app
                      (Lean.Expr.app
                        (Lean.Expr.const `UniformSpace.toTopologicalSpace [Lean.Level.zero])
                        (Lean.Expr.const `Complex []))
                      (Lean.Expr.app
                        (Lean.Expr.app
                          (Lean.Expr.const `PseudoMetricSpace.toUniformSpace [Lean.Level.zero])
                          (Lean.Expr.const `Complex []))
                        (Lean.Expr.app
                          (Lean.Expr.app
                            (Lean.Expr.const `SeminormedRing.toPseudoMetricSpace [Lean.Level.zero])
                            (Lean.Expr.const `Complex []))
                          (Lean.Expr.app
                            (Lean.Expr.app
                              (Lean.Expr.const `SeminormedCommRing.toSeminormedRing [Lean.Level.zero])
                              (Lean.Expr.const `Complex []))
                            (Lean.Expr.app
                              (Lean.Expr.app
                                (Lean.Expr.const `NormedCommRing.toSeminormedCommRing [Lean.Level.zero])
                                (Lean.Expr.const `Complex []))
                              (Lean.Expr.app
                                (Lean.Expr.app
                                  (Lean.Expr.const `NormedField.toNormedCommRing [Lean.Level.zero])
                                  (Lean.Expr.const `Complex []))
                                (Lean.Expr.const `Complex.instNormedField [])))))))
                    (Lean.BinderInfo.default))))
              (Lean.Expr.app
                (Lean.Expr.app
                  (Lean.Expr.app
                    (Lean.Expr.const `Pi.addCommMonoid [Lean.Level.zero, Lean.Level.zero])
                    (Lean.Expr.app (Lean.Expr.const `Fin []) (Lean.Expr.bvar 2)))
                  (Lean.Expr.lam
                    (Lean.Name.mkNum `a._@._internal._hyg 0)
                    (Lean.Expr.app (Lean.Expr.const `Fin []) (Lean.Expr.bvar 2))
                    (Lean.Expr.const `Complex [])
                    (Lean.BinderInfo.default)))
                (Lean.Expr.lam
                  `i
                  (Lean.Expr.app (Lean.Expr.const `Fin []) (Lean.Expr.bvar 2))
                  (Lean.Expr.const `Complex.instAddCommMonoid [])
                  (Lean.BinderInfo.default))))
            (Lean.Expr.app
              (Lean.Expr.app
                (Lean.Expr.app
                  (Lean.Expr.app
                    (Lean.Expr.app
                      (Lean.Expr.app
                        (Lean.Expr.const `Pi.Function.module [Lean.Level.zero, Lean.Level.zero, Lean.Level.zero])
                        (Lean.Expr.app (Lean.Expr.const `Fin []) (Lean.Expr.bvar 2)))
                      (Lean.Expr.const `Complex []))
                    (Lean.Expr.const `Complex []))
                  (Lean.Expr.const `Complex.instSemiring []))
                (Lean.Expr.const `Complex.instAddCommMonoid []))
              (Lean.Expr.app
                (Lean.Expr.app (Lean.Expr.const `Semiring.toModule [Lean.Level.zero]) (Lean.Expr.const `Complex []))
                (Lean.Expr.const `Complex.instSemiring []))))
          (Lean.Expr.app
            (Lean.Expr.app
              (Lean.Expr.app
                (Lean.Expr.app
                  (Lean.Expr.app
                    (Lean.Expr.app
                      (Lean.Expr.const `Pi.Function.module [Lean.Level.zero, Lean.Level.zero, Lean.Level.zero])
                      (Lean.Expr.app (Lean.Expr.const `Fin []) (Lean.Expr.bvar 2)))
                    (Lean.Expr.const `Complex []))
                  (Lean.Expr.const `Complex []))
                (Lean.Expr.const `Complex.instSemiring []))
              (Lean.Expr.const `Complex.instAddCommMonoid []))
            (Lean.Expr.app
              (Lean.Expr.app (Lean.Expr.const `Semiring.toModule [Lean.Level.zero]) (Lean.Expr.const `Complex []))
              (Lean.Expr.const `Complex.instSemiring []))))
        (Lean.Expr.forallE
          `hf
          (Lean.Expr.app
            (Lean.Expr.app
              (Lean.Expr.app
                (Lean.Expr.app
                  (Lean.Expr.app
                    (Lean.Expr.app
                      (Lean.Expr.app
                        (Lean.Expr.app
                          (Lean.Expr.app
                            (Lean.Expr.app
                              (Lean.Expr.app
                                (Lean.Expr.app
                                  (Lean.Expr.app
                                    (Lean.Expr.const
                                      `HasStrictFDerivAt
                                      [Lean.Level.zero, Lean.Level.zero, Lean.Level.zero])
                                    (Lean.Expr.const `Complex []))
                                  (Lean.Expr.app
                                    (Lean.Expr.app
                                      (Lean.Expr.const `DenselyNormedField.toNontriviallyNormedField [Lean.Level.zero])
                                      (Lean.Expr.const `Complex []))
                                    (Lean.Expr.const `Complex.instDenselyNormedField [])))
                                (Lean.Expr.forallE
                                  (Lean.Name.mkNum `a._@._internal._hyg 0)
                                  (Lean.Expr.app (Lean.Expr.const `Fin []) (Lean.Expr.bvar 3))
                                  (Lean.Expr.const `Complex [])
                                  (Lean.BinderInfo.default)))
                              (Lean.Expr.app
                                (Lean.Expr.app
                                  (Lean.Expr.app
                                    (Lean.Expr.const `Pi.addCommGroup [Lean.Level.zero, Lean.Level.zero])
                                    (Lean.Expr.app (Lean.Expr.const `Fin []) (Lean.Expr.bvar 3)))
                                  (Lean.Expr.lam
                                    (Lean.Name.mkNum `a._@._internal._hyg 0)
                                    (Lean.Expr.app (Lean.Expr.const `Fin []) (Lean.Expr.bvar 3))
                                    (Lean.Expr.const `Complex [])
                                    (Lean.BinderInfo.default)))
                                (Lean.Expr.lam
                                  `i
                                  (Lean.Expr.app (Lean.Expr.const `Fin []) (Lean.Expr.bvar 3))
                                  (Lean.Expr.const `Complex.addCommGroup [])
                                  (Lean.BinderInfo.default))))
                            (Lean.Expr.app
                              (Lean.Expr.app
                                (Lean.Expr.app
                                  (Lean.Expr.app
                                    (Lean.Expr.app
                                      (Lean.Expr.app
                                        (Lean.Expr.const
                                          `Pi.Function.module
                                          [Lean.Level.zero, Lean.Level.zero, Lean.Level.zero])
                                        (Lean.Expr.app (Lean.Expr.const `Fin []) (Lean.Expr.bvar 3)))
                                      (Lean.Expr.const `Complex []))
                                    (Lean.Expr.const `Complex []))
                                  (Lean.Expr.const `Complex.instSemiring []))
                                (Lean.Expr.const `Complex.instAddCommMonoid []))
                              (Lean.Expr.app
                                (Lean.Expr.app
                                  (Lean.Expr.const `Semiring.toModule [Lean.Level.zero])
                                  (Lean.Expr.const `Complex []))
                                (Lean.Expr.const `Complex.instSemiring []))))
                          (Lean.Expr.app
                            (Lean.Expr.app
                              (Lean.Expr.app
                                (Lean.Expr.const `Pi.topologicalSpace [Lean.Level.zero, Lean.Level.zero])
                                (Lean.Expr.app (Lean.Expr.const `Fin []) (Lean.Expr.bvar 3)))
                              (Lean.Expr.lam
                                (Lean.Name.mkNum `a._@._internal._hyg 0)
                                (Lean.Expr.app (Lean.Expr.const `Fin []) (Lean.Expr.bvar 3))
                                (Lean.Expr.const `Complex [])
                                (Lean.BinderInfo.default)))
                            (Lean.Expr.lam
                              `i
                              (Lean.Expr.app (Lean.Expr.const `Fin []) (Lean.Expr.bvar 3))
                              (Lean.Expr.app
                                (Lean.Expr.app
                                  (Lean.Expr.const `UniformSpace.toTopologicalSpace [Lean.Level.zero])
                                  (Lean.Expr.const `Complex []))
                                (Lean.Expr.app
                                  (Lean.Expr.app
                                    (Lean.Expr.const `PseudoMetricSpace.toUniformSpace [Lean.Level.zero])
                                    (Lean.Expr.const `Complex []))
                                  (Lean.Expr.app
                                    (Lean.Expr.app
                                      (Lean.Expr.const `SeminormedRing.toPseudoMetricSpace [Lean.Level.zero])
                                      (Lean.Expr.const `Complex []))
                                    (Lean.Expr.app
                                      (Lean.Expr.app
                                        (Lean.Expr.const `SeminormedCommRing.toSeminormedRing [Lean.Level.zero])
                                        (Lean.Expr.const `Complex []))
                                      (Lean.Expr.app
                                        (Lean.Expr.app
                                          (Lean.Expr.const `NormedCommRing.toSeminormedCommRing [Lean.Level.zero])
                                          (Lean.Expr.const `Complex []))
                                        (Lean.Expr.app
                                          (Lean.Expr.app
                                            (Lean.Expr.const `NormedField.toNormedCommRing [Lean.Level.zero])
                                            (Lean.Expr.const `Complex []))
                                          (Lean.Expr.const `Complex.instNormedField [])))))))
                              (Lean.BinderInfo.default))))
                        (Lean.Expr.forallE
                          (Lean.Name.mkNum `a._@._internal._hyg 0)
                          (Lean.Expr.app (Lean.Expr.const `Fin []) (Lean.Expr.bvar 3))
                          (Lean.Expr.const `Complex [])
                          (Lean.BinderInfo.default)))
                      (Lean.Expr.app
                        (Lean.Expr.app
                          (Lean.Expr.app
                            (Lean.Expr.const `Pi.addCommGroup [Lean.Level.zero, Lean.Level.zero])
                            (Lean.Expr.app (Lean.Expr.const `Fin []) (Lean.Expr.bvar 3)))
                          (Lean.Expr.lam
                            (Lean.Name.mkNum `a._@._internal._hyg 0)
                            (Lean.Expr.app (Lean.Expr.const `Fin []) (Lean.Expr.bvar 3))
                            (Lean.Expr.const `Complex [])
                            (Lean.BinderInfo.default)))
                        (Lean.Expr.lam
                          `i
                          (Lean.Expr.app (Lean.Expr.const `Fin []) (Lean.Expr.bvar 3))
                          (Lean.Expr.const `Complex.addCommGroup [])
                          (Lean.BinderInfo.default))))
                    (Lean.Expr.app
                      (Lean.Expr.app
                        (Lean.Expr.app
                          (Lean.Expr.app
                            (Lean.Expr.app
                              (Lean.Expr.app
                                (Lean.Expr.const
                                  `Pi.Function.module
                                  [Lean.Level.zero, Lean.Level.zero, Lean.Level.zero])
                                (Lean.Expr.app (Lean.Expr.const `Fin []) (Lean.Expr.bvar 3)))
                              (Lean.Expr.const `Complex []))
                            (Lean.Expr.const `Complex []))
                          (Lean.Expr.const `Complex.instSemiring []))
                        (Lean.Expr.const `Complex.instAddCommMonoid []))
                      (Lean.Expr.app
                        (Lean.Expr.app
                          (Lean.Expr.const `Semiring.toModule [Lean.Level.zero])
                          (Lean.Expr.const `Complex []))
                        (Lean.Expr.const `Complex.instSemiring []))))
                  (Lean.Expr.app
                    (Lean.Expr.app
                      (Lean.Expr.app
                        (Lean.Expr.const `Pi.topologicalSpace [Lean.Level.zero, Lean.Level.zero])
                        (Lean.Expr.app (Lean.Expr.const `Fin []) (Lean.Expr.bvar 3)))
                      (Lean.Expr.lam
                        (Lean.Name.mkNum `a._@._internal._hyg 0)
                        (Lean.Expr.app (Lean.Expr.const `Fin []) (Lean.Expr.bvar 3))
                        (Lean.Expr.const `Complex [])
                        (Lean.BinderInfo.default)))
                    (Lean.Expr.lam
                      `i
                      (Lean.Expr.app (Lean.Expr.const `Fin []) (Lean.Expr.bvar 3))
                      (Lean.Expr.app
                        (Lean.Expr.app
                          (Lean.Expr.const `UniformSpace.toTopologicalSpace [Lean.Level.zero])
                          (Lean.Expr.const `Complex []))
                        (Lean.Expr.app
                          (Lean.Expr.app
                            (Lean.Expr.const `PseudoMetricSpace.toUniformSpace [Lean.Level.zero])
                            (Lean.Expr.const `Complex []))
                          (Lean.Expr.app
                            (Lean.Expr.app
                              (Lean.Expr.const `SeminormedRing.toPseudoMetricSpace [Lean.Level.zero])
                              (Lean.Expr.const `Complex []))
                            (Lean.Expr.app
                              (Lean.Expr.app
                                (Lean.Expr.const `SeminormedCommRing.toSeminormedRing [Lean.Level.zero])
                                (Lean.Expr.const `Complex []))
                              (Lean.Expr.app
                                (Lean.Expr.app
                                  (Lean.Expr.const `NormedCommRing.toSeminormedCommRing [Lean.Level.zero])
                                  (Lean.Expr.const `Complex []))
                                (Lean.Expr.app
                                  (Lean.Expr.app
                                    (Lean.Expr.const `NormedField.toNormedCommRing [Lean.Level.zero])
                                    (Lean.Expr.const `Complex []))
                                  (Lean.Expr.const `Complex.instNormedField [])))))))
                      (Lean.BinderInfo.default))))
                (Lean.Expr.bvar 2))
              (Lean.Expr.app
                (Lean.Expr.app
                  (Lean.Expr.app
                    (Lean.Expr.app
                      (Lean.Expr.app
                        (Lean.Expr.app
                          (Lean.Expr.app
                            (Lean.Expr.app
                              (Lean.Expr.app
                                (Lean.Expr.app
                                  (Lean.Expr.app
                                    (Lean.Expr.app
                                      (Lean.Expr.app
                                        (Lean.Expr.app
                                          (Lean.Expr.app
                                            (Lean.Expr.app
                                              (Lean.Expr.app
                                                (Lean.Expr.const
                                                  `ContinuousLinearEquiv.toContinuousLinearMap
                                                  [Lean.Level.zero, Lean.Level.zero, Lean.Level.zero, Lean.Level.zero])
                                                (Lean.Expr.const `Complex []))
                                              (Lean.Expr.const `Complex []))
                                            (Lean.Expr.const `Complex.instSemiring []))
                                          (Lean.Expr.const `Complex.instSemiring []))
                                        (Lean.Expr.app
                                          (Lean.Expr.app
                                            (Lean.Expr.const `RingHom.id [Lean.Level.zero])
                                            (Lean.Expr.const `Complex []))
                                          (Lean.Expr.app
                                            (Lean.Expr.app
                                              (Lean.Expr.const `Semiring.toNonAssocSemiring [Lean.Level.zero])
                                              (Lean.Expr.const `Complex []))
                                            (Lean.Expr.const `Complex.instSemiring []))))
                                      (Lean.Expr.app
                                        (Lean.Expr.app
                                          (Lean.Expr.const `RingHom.id [Lean.Level.zero])
                                          (Lean.Expr.const `Complex []))
                                        (Lean.Expr.app
                                          (Lean.Expr.app
                                            (Lean.Expr.const `Semiring.toNonAssocSemiring [Lean.Level.zero])
                                            (Lean.Expr.const `Complex []))
                                          (Lean.Expr.const `Complex.instSemiring []))))
                                    (Lean.Expr.app
                                      (Lean.Expr.app
                                        (Lean.Expr.const `RingHomInvPair.ids [Lean.Level.zero])
                                        (Lean.Expr.const `Complex []))
                                      (Lean.Expr.const `Complex.instSemiring [])))
                                  (Lean.Expr.app
                                    (Lean.Expr.app
                                      (Lean.Expr.const `RingHomInvPair.ids [Lean.Level.zero])
                                      (Lean.Expr.const `Complex []))
                                    (Lean.Expr.const `Complex.instSemiring [])))
                                (Lean.Expr.forallE
                                  (Lean.Name.mkNum `a._@._internal._hyg 0)
                                  (Lean.Expr.app (Lean.Expr.const `Fin []) (Lean.Expr.bvar 3))
                                  (Lean.Expr.const `Complex [])
                                  (Lean.BinderInfo.default)))
                              (Lean.Expr.app
                                (Lean.Expr.app
                                  (Lean.Expr.app
                                    (Lean.Expr.const `Pi.topologicalSpace [Lean.Level.zero, Lean.Level.zero])
                                    (Lean.Expr.app (Lean.Expr.const `Fin []) (Lean.Expr.bvar 3)))
                                  (Lean.Expr.lam
                                    (Lean.Name.mkNum `a._@._internal._hyg 0)
                                    (Lean.Expr.app (Lean.Expr.const `Fin []) (Lean.Expr.bvar 3))
                                    (Lean.Expr.const `Complex [])
                                    (Lean.BinderInfo.default)))
                                (Lean.Expr.lam
                                  `i
                                  (Lean.Expr.app (Lean.Expr.const `Fin []) (Lean.Expr.bvar 3))
                                  (Lean.Expr.app
                                    (Lean.Expr.app
                                      (Lean.Expr.const `UniformSpace.toTopologicalSpace [Lean.Level.zero])
                                      (Lean.Expr.const `Complex []))
                                    (Lean.Expr.app
                                      (Lean.Expr.app
                                        (Lean.Expr.const `PseudoMetricSpace.toUniformSpace [Lean.Level.zero])
                                        (Lean.Expr.const `Complex []))
                                      (Lean.Expr.app
                                        (Lean.Expr.app
                                          (Lean.Expr.const `SeminormedRing.toPseudoMetricSpace [Lean.Level.zero])
                                          (Lean.Expr.const `Complex []))
                                        (Lean.Expr.app
                                          (Lean.Expr.app
                                            (Lean.Expr.const `SeminormedCommRing.toSeminormedRing [Lean.Level.zero])
                                            (Lean.Expr.const `Complex []))
                                          (Lean.Expr.app
                                            (Lean.Expr.app
                                              (Lean.Expr.const `NormedCommRing.toSeminormedCommRing [Lean.Level.zero])
                                              (Lean.Expr.const `Complex []))
                                            (Lean.Expr.app
                                              (Lean.Expr.app
                                                (Lean.Expr.const `NormedField.toNormedCommRing [Lean.Level.zero])
                                                (Lean.Expr.const `Complex []))
                                              (Lean.Expr.const `Complex.instNormedField [])))))))
                                  (Lean.BinderInfo.default))))
                            (Lean.Expr.app
                              (Lean.Expr.app
                                (Lean.Expr.app
                                  (Lean.Expr.const `Pi.addCommMonoid [Lean.Level.zero, Lean.Level.zero])
                                  (Lean.Expr.app (Lean.Expr.const `Fin []) (Lean.Expr.bvar 3)))
                                (Lean.Expr.lam
                                  (Lean.Name.mkNum `a._@._internal._hyg 0)
                                  (Lean.Expr.app (Lean.Expr.const `Fin []) (Lean.Expr.bvar 3))
                                  (Lean.Expr.const `Complex [])
                                  (Lean.BinderInfo.default)))
                              (Lean.Expr.lam
                                `i
                                (Lean.Expr.app (Lean.Expr.const `Fin []) (Lean.Expr.bvar 3))
                                (Lean.Expr.const `Complex.instAddCommMonoid [])
                                (Lean.BinderInfo.default))))
                          (Lean.Expr.forallE
                            (Lean.Name.mkNum `a._@._internal._hyg 0)
                            (Lean.Expr.app (Lean.Expr.const `Fin []) (Lean.Expr.bvar 3))
                            (Lean.Expr.const `Complex [])
                            (Lean.BinderInfo.default)))
                        (Lean.Expr.app
                          (Lean.Expr.app
                            (Lean.Expr.app
                              (Lean.Expr.const `Pi.topologicalSpace [Lean.Level.zero, Lean.Level.zero])
                              (Lean.Expr.app (Lean.Expr.const `Fin []) (Lean.Expr.bvar 3)))
                            (Lean.Expr.lam
                              (Lean.Name.mkNum `a._@._internal._hyg 0)
                              (Lean.Expr.app (Lean.Expr.const `Fin []) (Lean.Expr.bvar 3))
                              (Lean.Expr.const `Complex [])
                              (Lean.BinderInfo.default)))
                          (Lean.Expr.lam
                            `i
                            (Lean.Expr.app (Lean.Expr.const `Fin []) (Lean.Expr.bvar 3))
                            (Lean.Expr.app
                              (Lean.Expr.app
                                (Lean.Expr.const `UniformSpace.toTopologicalSpace [Lean.Level.zero])
                                (Lean.Expr.const `Complex []))
                              (Lean.Expr.app
                                (Lean.Expr.app
                                  (Lean.Expr.const `PseudoMetricSpace.toUniformSpace [Lean.Level.zero])
                                  (Lean.Expr.const `Complex []))
                                (Lean.Expr.app
                                  (Lean.Expr.app
                                    (Lean.Expr.const `SeminormedRing.toPseudoMetricSpace [Lean.Level.zero])
                                    (Lean.Expr.const `Complex []))
                                  (Lean.Expr.app
                                    (Lean.Expr.app
                                      (Lean.Expr.const `SeminormedCommRing.toSeminormedRing [Lean.Level.zero])
                                      (Lean.Expr.const `Complex []))
                                    (Lean.Expr.app
                                      (Lean.Expr.app
                                        (Lean.Expr.const `NormedCommRing.toSeminormedCommRing [Lean.Level.zero])
                                        (Lean.Expr.const `Complex []))
                                      (Lean.Expr.app
                                        (Lean.Expr.app
                                          (Lean.Expr.const `NormedField.toNormedCommRing [Lean.Level.zero])
                                          (Lean.Expr.const `Complex []))
                                        (Lean.Expr.const `Complex.instNormedField [])))))))
                            (Lean.BinderInfo.default))))
                      (Lean.Expr.app
                        (Lean.Expr.app
                          (Lean.Expr.app
                            (Lean.Expr.const `Pi.addCommMonoid [Lean.Level.zero, Lean.Level.zero])
                            (Lean.Expr.app (Lean.Expr.const `Fin []) (Lean.Expr.bvar 3)))
                          (Lean.Expr.lam
                            (Lean.Name.mkNum `a._@._internal._hyg 0)
                            (Lean.Expr.app (Lean.Expr.const `Fin []) (Lean.Expr.bvar 3))
                            (Lean.Expr.const `Complex [])
                            (Lean.BinderInfo.default)))
                        (Lean.Expr.lam
                          `i
                          (Lean.Expr.app (Lean.Expr.const `Fin []) (Lean.Expr.bvar 3))
                          (Lean.Expr.const `Complex.instAddCommMonoid [])
                          (Lean.BinderInfo.default))))
                    (Lean.Expr.app
                      (Lean.Expr.app
                        (Lean.Expr.app
                          (Lean.Expr.app
                            (Lean.Expr.app
                              (Lean.Expr.app
                                (Lean.Expr.const
                                  `Pi.Function.module
                                  [Lean.Level.zero, Lean.Level.zero, Lean.Level.zero])
                                (Lean.Expr.app (Lean.Expr.const `Fin []) (Lean.Expr.bvar 3)))
                              (Lean.Expr.const `Complex []))
                            (Lean.Expr.const `Complex []))
                          (Lean.Expr.const `Complex.instSemiring []))
                        (Lean.Expr.const `Complex.instAddCommMonoid []))
                      (Lean.Expr.app
                        (Lean.Expr.app
                          (Lean.Expr.const `Semiring.toModule [Lean.Level.zero])
                          (Lean.Expr.const `Complex []))
                        (Lean.Expr.const `Complex.instSemiring []))))
                  (Lean.Expr.app
                    (Lean.Expr.app
                      (Lean.Expr.app
                        (Lean.Expr.app
                          (Lean.Expr.app
                            (Lean.Expr.app
                              (Lean.Expr.const `Pi.Function.module [Lean.Level.zero, Lean.Level.zero, Lean.Level.zero])
                              (Lean.Expr.app (Lean.Expr.const `Fin []) (Lean.Expr.bvar 3)))
                            (Lean.Expr.const `Complex []))
                          (Lean.Expr.const `Complex []))
                        (Lean.Expr.const `Complex.instSemiring []))
                      (Lean.Expr.const `Complex.instAddCommMonoid []))
                    (Lean.Expr.app
                      (Lean.Expr.app
                        (Lean.Expr.const `Semiring.toModule [Lean.Level.zero])
                        (Lean.Expr.const `Complex []))
                      (Lean.Expr.const `Complex.instSemiring []))))
                (Lean.Expr.bvar 0)))
            (Lean.Expr.bvar 1))
          (Lean.Expr.app
            (Lean.Expr.app (Lean.Expr.const `NLA.MF14Degree44.polynomiallyDenseRange []) (Lean.Expr.bvar 4))
            (Lean.Expr.bvar 3))
          (Lean.BinderInfo.default))
        (Lean.BinderInfo.default))
      (Lean.BinderInfo.default))
    (Lean.BinderInfo.default))
  (Lean.BinderInfo.default)
LEVELJSON NLA.MF14Degree44.polynomial_density_of_strict_derivative []
TYPEJSON NLA.MF14Degree44.degeneration_identity Lean.Expr.forallE
  `alpha
  (Lean.Expr.const `Complex [])
  (Lean.Expr.forallE
    `eta
    (Lean.Expr.const `Complex [])
    (Lean.Expr.forallE
      `gamma
      (Lean.Expr.const `Complex [])
      (Lean.Expr.forallE
        `s
        (Lean.Expr.const `Complex [])
        (Lean.Expr.app
          (Lean.Expr.app
            (Lean.Expr.app
              (Lean.Expr.const `Eq [Lean.Level.succ (Lean.Level.zero)])
              (Lean.Expr.const `NLA.MF14Degree44.Poly []))
            (Lean.Expr.app
              (Lean.Expr.app
                (Lean.Expr.app
                  (Lean.Expr.app
                    (Lean.Expr.app
                      (Lean.Expr.app
                        (Lean.Expr.const `HSub.hSub [Lean.Level.zero, Lean.Level.zero, Lean.Level.zero])
                        (Lean.Expr.const `NLA.MF14Degree44.Poly []))
                      (Lean.Expr.const `NLA.MF14Degree44.Poly []))
                    (Lean.Expr.const `NLA.MF14Degree44.Poly []))
                  (Lean.Expr.app
                    (Lean.Expr.app
                      (Lean.Expr.const `instHSub [Lean.Level.zero])
                      (Lean.Expr.const `NLA.MF14Degree44.Poly []))
                    (Lean.Expr.app
                      (Lean.Expr.app
                        (Lean.Expr.const `Polynomial.instSub [Lean.Level.zero])
                        (Lean.Expr.const `Complex []))
                      (Lean.Expr.const `Complex.instRing []))))
                (Lean.Expr.app
                  (Lean.Expr.app
                    (Lean.Expr.app
                      (Lean.Expr.app (Lean.Expr.const `NLA.MF14Degree44.degenerationE []) (Lean.Expr.bvar 3))
                      (Lean.Expr.bvar 2))
                    (Lean.Expr.bvar 1))
                  (Lean.Expr.bvar 0)))
              (Lean.Expr.app
                (Lean.Expr.const `NLA.MF14Degree44.lowPart6 [])
                (Lean.Expr.app
                  (Lean.Expr.app
                    (Lean.Expr.app
                      (Lean.Expr.app (Lean.Expr.const `NLA.MF14Degree44.degenerationE []) (Lean.Expr.bvar 3))
                      (Lean.Expr.bvar 2))
                    (Lean.Expr.bvar 1))
                  (Lean.Expr.bvar 0)))))
          (Lean.Expr.app
            (Lean.Expr.app
              (Lean.Expr.app
                (Lean.Expr.const `Neg.neg [Lean.Level.zero])
                (Lean.Expr.app
                  (Lean.Expr.app (Lean.Expr.const `Polynomial [Lean.Level.zero]) (Lean.Expr.const `Complex []))
                  (Lean.Expr.const `Complex.instSemiring [])))
              (Lean.Expr.app
                (Lean.Expr.app (Lean.Expr.const `Polynomial.instNeg [Lean.Level.zero]) (Lean.Expr.const `Complex []))
                (Lean.Expr.const `Complex.instRing [])))
            (Lean.Expr.app
              (Lean.Expr.app
                (Lean.Expr.app
                  (Lean.Expr.app
                    (Lean.Expr.app
                      (Lean.Expr.app
                        (Lean.Expr.const `HMul.hMul [Lean.Level.zero, Lean.Level.zero, Lean.Level.zero])
                        (Lean.Expr.app
                          (Lean.Expr.app (Lean.Expr.const `Polynomial [Lean.Level.zero]) (Lean.Expr.const `Complex []))
                          (Lean.Expr.const `Complex.instSemiring [])))
                      (Lean.Expr.const `NLA.MF14Degree44.Poly []))
                    (Lean.Expr.app
                      (Lean.Expr.app (Lean.Expr.const `Polynomial [Lean.Level.zero]) (Lean.Expr.const `Complex []))
                      (Lean.Expr.const `Complex.instSemiring [])))
                  (Lean.Expr.app
                    (Lean.Expr.app
                      (Lean.Expr.const `instHMul [Lean.Level.zero])
                      (Lean.Expr.app
                        (Lean.Expr.app (Lean.Expr.const `Polynomial [Lean.Level.zero]) (Lean.Expr.const `Complex []))
                        (Lean.Expr.const `Complex.instSemiring [])))
                    (Lean.Expr.app
                      (Lean.Expr.app
                        (Lean.Expr.const `Polynomial.instMul [Lean.Level.zero])
                        (Lean.Expr.const `Complex []))
                      (Lean.Expr.const `Complex.instSemiring []))))
                (Lean.Expr.app
                  (Lean.Expr.app
                    (Lean.Expr.app
                      (Lean.Expr.app
                        (Lean.Expr.app
                          (Lean.Expr.app
                            (Lean.Expr.const
                              `DFunLike.coe
                              [Lean.Level.succ (Lean.Level.zero),
                               Lean.Level.succ (Lean.Level.zero),
                               Lean.Level.succ (Lean.Level.zero)])
                            (Lean.Expr.app
                              (Lean.Expr.app
                                (Lean.Expr.app
                                  (Lean.Expr.app
                                    (Lean.Expr.const `RingHom [Lean.Level.zero, Lean.Level.zero])
                                    (Lean.Expr.const `Complex []))
                                  (Lean.Expr.app
                                    (Lean.Expr.app
                                      (Lean.Expr.const `Polynomial [Lean.Level.zero])
                                      (Lean.Expr.const `Complex []))
                                    (Lean.Expr.const `Complex.instSemiring [])))
                                (Lean.Expr.app
                                  (Lean.Expr.app
                                    (Lean.Expr.const `Semiring.toNonAssocSemiring [Lean.Level.zero])
                                    (Lean.Expr.const `Complex []))
                                  (Lean.Expr.const `Complex.instSemiring [])))
                              (Lean.Expr.app
                                (Lean.Expr.app
                                  (Lean.Expr.const `Semiring.toNonAssocSemiring [Lean.Level.zero])
                                  (Lean.Expr.app
                                    (Lean.Expr.app
                                      (Lean.Expr.const `Polynomial [Lean.Level.zero])
                                      (Lean.Expr.const `Complex []))
                                    (Lean.Expr.const `Complex.instSemiring [])))
                                (Lean.Expr.app
                                  (Lean.Expr.app
                                    (Lean.Expr.const `Polynomial.semiring [Lean.Level.zero])
                                    (Lean.Expr.const `Complex []))
                                  (Lean.Expr.const `Complex.instSemiring [])))))
                          (Lean.Expr.const `Complex []))
                        (Lean.Expr.lam
                          (Lean.Name.mkNum (Lean.Name.mkStr (Lean.Name.mkStr (Lean.Name.mkNum `x.«_@».Mathlib.Data.FunLike.Basic 2582841819) "_hygCtx") "_hyg") 11)
                          (Lean.Expr.const `Complex [])
                          (Lean.Expr.app
                            (Lean.Expr.app
                              (Lean.Expr.const `Polynomial [Lean.Level.zero])
                              (Lean.Expr.const `Complex []))
                            (Lean.Expr.const `Complex.instSemiring []))
                          (Lean.BinderInfo.default)))
                      (Lean.Expr.app
                        (Lean.Expr.app
                          (Lean.Expr.app
                            (Lean.Expr.app
                              (Lean.Expr.const `RingHom.instFunLike [Lean.Level.zero, Lean.Level.zero])
                              (Lean.Expr.const `Complex []))
                            (Lean.Expr.app
                              (Lean.Expr.app
                                (Lean.Expr.const `Polynomial [Lean.Level.zero])
                                (Lean.Expr.const `Complex []))
                              (Lean.Expr.const `Complex.instSemiring [])))
                          (Lean.Expr.app
                            (Lean.Expr.app
                              (Lean.Expr.const `Semiring.toNonAssocSemiring [Lean.Level.zero])
                              (Lean.Expr.const `Complex []))
                            (Lean.Expr.const `Complex.instSemiring [])))
                        (Lean.Expr.app
                          (Lean.Expr.app
                            (Lean.Expr.const `Semiring.toNonAssocSemiring [Lean.Level.zero])
                            (Lean.Expr.app
                              (Lean.Expr.app
                                (Lean.Expr.const `Polynomial [Lean.Level.zero])
                                (Lean.Expr.const `Complex []))
                              (Lean.Expr.const `Complex.instSemiring [])))
                          (Lean.Expr.app
                            (Lean.Expr.app
                              (Lean.Expr.const `Polynomial.semiring [Lean.Level.zero])
                              (Lean.Expr.const `Complex []))
                            (Lean.Expr.const `Complex.instSemiring [])))))
                    (Lean.Expr.app
                      (Lean.Expr.app (Lean.Expr.const `Polynomial.C [Lean.Level.zero]) (Lean.Expr.const `Complex []))
                      (Lean.Expr.const `Complex.instSemiring [])))
                  (Lean.Expr.app
                    (Lean.Expr.app
                      (Lean.Expr.app
                        (Lean.Expr.app
                          (Lean.Expr.app
                            (Lean.Expr.app
                              (Lean.Expr.const `HPow.hPow [Lean.Level.zero, Lean.Level.zero, Lean.Level.zero])
                              (Lean.Expr.const `Complex []))
                            (Lean.Expr.const `Nat []))
                          (Lean.Expr.const `Complex []))
                        (Lean.Expr.app
                          (Lean.Expr.app
                            (Lean.Expr.app
                              (Lean.Expr.const `instHPow [Lean.Level.zero, Lean.Level.zero])
                              (Lean.Expr.const `Complex []))
                            (Lean.Expr.const `Nat []))
                          (Lean.Expr.app
                            (Lean.Expr.app
                              (Lean.Expr.const `NPow.toPow [Lean.Level.zero])
                              (Lean.Expr.const `Complex []))
                            (Lean.Expr.app
                              (Lean.Expr.app
                                (Lean.Expr.const `Monoid.toNPow [Lean.Level.zero])
                                (Lean.Expr.const `Complex []))
                              (Lean.Expr.app
                                (Lean.Expr.app
                                  (Lean.Expr.const `Semiring.toMonoid [Lean.Level.zero])
                                  (Lean.Expr.const `Complex []))
                                (Lean.Expr.const `Complex.instSemiring []))))))
                      (Lean.Expr.bvar 0))
                    (Lean.Expr.app
                      (Lean.Expr.app
                        (Lean.Expr.app (Lean.Expr.const `OfNat.ofNat [Lean.Level.zero]) (Lean.Expr.const `Nat []))
                        (Lean.Expr.lit (Lean.Literal.natVal 4)))
                      (Lean.Expr.app (Lean.Expr.const `instOfNatNat []) (Lean.Expr.lit (Lean.Literal.natVal 4)))))))
              (Lean.Expr.app
                (Lean.Expr.app
                  (Lean.Expr.app
                    (Lean.Expr.app (Lean.Expr.const `NLA.MF14Degree44.degenerationZ []) (Lean.Expr.bvar 3))
                    (Lean.Expr.bvar 2))
                  (Lean.Expr.bvar 1))
                (Lean.Expr.bvar 0)))))
        (Lean.BinderInfo.default))
      (Lean.BinderInfo.default))
    (Lean.BinderInfo.default))
  (Lean.BinderInfo.default)
LEVELJSON NLA.MF14Degree44.degeneration_identity []
TYPEJSON NLA.MF14Degree44.degeneration_at_zero Lean.Expr.forallE
  `alpha
  (Lean.Expr.const `Complex [])
  (Lean.Expr.forallE
    `eta
    (Lean.Expr.const `Complex [])
    (Lean.Expr.forallE
      `gamma
      (Lean.Expr.const `Complex [])
      (Lean.Expr.app
        (Lean.Expr.app
          (Lean.Expr.app
            (Lean.Expr.const `Eq [Lean.Level.succ (Lean.Level.zero)])
            (Lean.Expr.const `NLA.MF14Degree44.Poly []))
          (Lean.Expr.app
            (Lean.Expr.app
              (Lean.Expr.app
                (Lean.Expr.app (Lean.Expr.const `NLA.MF14Degree44.degenerationZ []) (Lean.Expr.bvar 2))
                (Lean.Expr.bvar 1))
              (Lean.Expr.bvar 0))
            (Lean.Expr.app
              (Lean.Expr.app
                (Lean.Expr.app (Lean.Expr.const `OfNat.ofNat [Lean.Level.zero]) (Lean.Expr.const `Complex []))
                (Lean.Expr.lit (Lean.Literal.natVal 0)))
              (Lean.Expr.app
                (Lean.Expr.app (Lean.Expr.const `Zero.toOfNat0 [Lean.Level.zero]) (Lean.Expr.const `Complex []))
                (Lean.Expr.const `Complex.instZero [])))))
        (Lean.Expr.app
          (Lean.Expr.app
            (Lean.Expr.app
              (Lean.Expr.app
                (Lean.Expr.app
                  (Lean.Expr.app
                    (Lean.Expr.const `HAdd.hAdd [Lean.Level.zero, Lean.Level.zero, Lean.Level.zero])
                    (Lean.Expr.app
                      (Lean.Expr.app (Lean.Expr.const `Polynomial [Lean.Level.zero]) (Lean.Expr.const `Complex []))
                      (Lean.Expr.const `Complex.instSemiring [])))
                  (Lean.Expr.app
                    (Lean.Expr.app (Lean.Expr.const `Polynomial [Lean.Level.zero]) (Lean.Expr.const `Complex []))
                    (Lean.Expr.const `Complex.instSemiring [])))
                (Lean.Expr.const `NLA.MF14Degree44.Poly []))
              (Lean.Expr.app
                (Lean.Expr.app
                  (Lean.Expr.const `instHAdd [Lean.Level.zero])
                  (Lean.Expr.app
                    (Lean.Expr.app (Lean.Expr.const `Polynomial [Lean.Level.zero]) (Lean.Expr.const `Complex []))
                    (Lean.Expr.const `Complex.instSemiring [])))
                (Lean.Expr.app
                  (Lean.Expr.app (Lean.Expr.const `Polynomial.instAdd [Lean.Level.zero]) (Lean.Expr.const `Complex []))
                  (Lean.Expr.const `Complex.instSemiring []))))
            (Lean.Expr.app
              (Lean.Expr.app
                (Lean.Expr.app
                  (Lean.Expr.app
                    (Lean.Expr.app
                      (Lean.Expr.app
                        (Lean.Expr.const `HPow.hPow [Lean.Level.zero, Lean.Level.zero, Lean.Level.zero])
                        (Lean.Expr.app
                          (Lean.Expr.app (Lean.Expr.const `Polynomial [Lean.Level.zero]) (Lean.Expr.const `Complex []))
                          (Lean.Expr.const `Complex.instSemiring [])))
                      (Lean.Expr.const `Nat []))
                    (Lean.Expr.app
                      (Lean.Expr.app (Lean.Expr.const `Polynomial [Lean.Level.zero]) (Lean.Expr.const `Complex []))
                      (Lean.Expr.const `Complex.instSemiring [])))
                  (Lean.Expr.app
                    (Lean.Expr.app
                      (Lean.Expr.app
                        (Lean.Expr.const `instHPow [Lean.Level.zero, Lean.Level.zero])
                        (Lean.Expr.app
                          (Lean.Expr.app (Lean.Expr.const `Polynomial [Lean.Level.zero]) (Lean.Expr.const `Complex []))
                          (Lean.Expr.const `Complex.instSemiring [])))
                      (Lean.Expr.const `Nat []))
                    (Lean.Expr.app
                      (Lean.Expr.app
                        (Lean.Expr.const `NPow.toPow [Lean.Level.zero])
                        (Lean.Expr.app
                          (Lean.Expr.app (Lean.Expr.const `Polynomial [Lean.Level.zero]) (Lean.Expr.const `Complex []))
                          (Lean.Expr.const `Complex.instSemiring [])))
                      (Lean.Expr.app
                        (Lean.Expr.app
                          (Lean.Expr.const `Monoid.toNPow [Lean.Level.zero])
                          (Lean.Expr.app
                            (Lean.Expr.app
                              (Lean.Expr.const `Polynomial [Lean.Level.zero])
                              (Lean.Expr.const `Complex []))
                            (Lean.Expr.const `Complex.instSemiring [])))
                        (Lean.Expr.app
                          (Lean.Expr.app
                            (Lean.Expr.const `Semiring.toMonoid [Lean.Level.zero])
                            (Lean.Expr.app
                              (Lean.Expr.app
                                (Lean.Expr.const `Polynomial [Lean.Level.zero])
                                (Lean.Expr.const `Complex []))
                              (Lean.Expr.const `Complex.instSemiring [])))
                          (Lean.Expr.app
                            (Lean.Expr.app
                              (Lean.Expr.const `Polynomial.semiring [Lean.Level.zero])
                              (Lean.Expr.const `Complex []))
                            (Lean.Expr.const `Complex.instSemiring [])))))))
                (Lean.Expr.app
                  (Lean.Expr.app (Lean.Expr.const `Polynomial.X [Lean.Level.zero]) (Lean.Expr.const `Complex []))
                  (Lean.Expr.const `Complex.instSemiring [])))
              (Lean.Expr.app
                (Lean.Expr.app
                  (Lean.Expr.app (Lean.Expr.const `OfNat.ofNat [Lean.Level.zero]) (Lean.Expr.const `Nat []))
                  (Lean.Expr.lit (Lean.Literal.natVal 12)))
                (Lean.Expr.app (Lean.Expr.const `instOfNatNat []) (Lean.Expr.lit (Lean.Literal.natVal 12))))))
          (Lean.Expr.app
            (Lean.Expr.app
              (Lean.Expr.app
                (Lean.Expr.app
                  (Lean.Expr.app
                    (Lean.Expr.app
                      (Lean.Expr.const `HMul.hMul [Lean.Level.zero, Lean.Level.zero, Lean.Level.zero])
                      (Lean.Expr.app
                        (Lean.Expr.app (Lean.Expr.const `Polynomial [Lean.Level.zero]) (Lean.Expr.const `Complex []))
                        (Lean.Expr.const `Complex.instSemiring [])))
                    (Lean.Expr.app
                      (Lean.Expr.app (Lean.Expr.const `Polynomial [Lean.Level.zero]) (Lean.Expr.const `Complex []))
                      (Lean.Expr.const `Complex.instSemiring [])))
                  (Lean.Expr.app
                    (Lean.Expr.app (Lean.Expr.const `Polynomial [Lean.Level.zero]) (Lean.Expr.const `Complex []))
                    (Lean.Expr.const `Complex.instSemiring [])))
                (Lean.Expr.app
                  (Lean.Expr.app
                    (Lean.Expr.const `instHMul [Lean.Level.zero])
                    (Lean.Expr.app
                      (Lean.Expr.app (Lean.Expr.const `Polynomial [Lean.Level.zero]) (Lean.Expr.const `Complex []))
                      (Lean.Expr.const `Complex.instSemiring [])))
                  (Lean.Expr.app
                    (Lean.Expr.app
                      (Lean.Expr.const `Polynomial.instMul [Lean.Level.zero])
                      (Lean.Expr.const `Complex []))
                    (Lean.Expr.const `Complex.instSemiring []))))
              (Lean.Expr.app
                (Lean.Expr.app
                  (Lean.Expr.app
                    (Lean.Expr.app
                      (Lean.Expr.app
                        (Lean.Expr.app
                          (Lean.Expr.const
                            `DFunLike.coe
                            [Lean.Level.succ (Lean.Level.zero),
                             Lean.Level.succ (Lean.Level.zero),
                             Lean.Level.succ (Lean.Level.zero)])
                          (Lean.Expr.app
                            (Lean.Expr.app
                              (Lean.Expr.app
                                (Lean.Expr.app
                                  (Lean.Expr.const `RingHom [Lean.Level.zero, Lean.Level.zero])
                                  (Lean.Expr.const `Complex []))
                                (Lean.Expr.app
                                  (Lean.Expr.app
                                    (Lean.Expr.const `Polynomial [Lean.Level.zero])
                                    (Lean.Expr.const `Complex []))
                                  (Lean.Expr.const `Complex.instSemiring [])))
                              (Lean.Expr.app
                                (Lean.Expr.app
                                  (Lean.Expr.const `Semiring.toNonAssocSemiring [Lean.Level.zero])
                                  (Lean.Expr.const `Complex []))
                                (Lean.Expr.const `Complex.instSemiring [])))
                            (Lean.Expr.app
                              (Lean.Expr.app
                                (Lean.Expr.const `Semiring.toNonAssocSemiring [Lean.Level.zero])
                                (Lean.Expr.app
                                  (Lean.Expr.app
                                    (Lean.Expr.const `Polynomial [Lean.Level.zero])
                                    (Lean.Expr.const `Complex []))
                                  (Lean.Expr.const `Complex.instSemiring [])))
                              (Lean.Expr.app
                                (Lean.Expr.app
                                  (Lean.Expr.const `Polynomial.semiring [Lean.Level.zero])
                                  (Lean.Expr.const `Complex []))
                                (Lean.Expr.const `Complex.instSemiring [])))))
                        (Lean.Expr.const `Complex []))
                      (Lean.Expr.lam
                        (Lean.Name.mkNum (Lean.Name.mkStr (Lean.Name.mkStr (Lean.Name.mkNum `x.«_@».Mathlib.Data.FunLike.Basic 2582841819) "_hygCtx") "_hyg") 11)
                        (Lean.Expr.const `Complex [])
                        (Lean.Expr.app
                          (Lean.Expr.app (Lean.Expr.const `Polynomial [Lean.Level.zero]) (Lean.Expr.const `Complex []))
                          (Lean.Expr.const `Complex.instSemiring []))
                        (Lean.BinderInfo.default)))
                    (Lean.Expr.app
                      (Lean.Expr.app
                        (Lean.Expr.app
                          (Lean.Expr.app
                            (Lean.Expr.const `RingHom.instFunLike [Lean.Level.zero, Lean.Level.zero])
                            (Lean.Expr.const `Complex []))
                          (Lean.Expr.app
                            (Lean.Expr.app
                              (Lean.Expr.const `Polynomial [Lean.Level.zero])
                              (Lean.Expr.const `Complex []))
                            (Lean.Expr.const `Complex.instSemiring [])))
                        (Lean.Expr.app
                          (Lean.Expr.app
                            (Lean.Expr.const `Semiring.toNonAssocSemiring [Lean.Level.zero])
                            (Lean.Expr.const `Complex []))
                          (Lean.Expr.const `Complex.instSemiring [])))
                      (Lean.Expr.app
                        (Lean.Expr.app
                          (Lean.Expr.const `Semiring.toNonAssocSemiring [Lean.Level.zero])
                          (Lean.Expr.app
                            (Lean.Expr.app
                              (Lean.Expr.const `Polynomial [Lean.Level.zero])
                              (Lean.Expr.const `Complex []))
                            (Lean.Expr.const `Complex.instSemiring [])))
                        (Lean.Expr.app
                          (Lean.Expr.app
                            (Lean.Expr.const `Polynomial.semiring [Lean.Level.zero])
                            (Lean.Expr.const `Complex []))
                          (Lean.Expr.const `Complex.instSemiring [])))))
                  (Lean.Expr.app
                    (Lean.Expr.app (Lean.Expr.const `Polynomial.C [Lean.Level.zero]) (Lean.Expr.const `Complex []))
                    (Lean.Expr.const `Complex.instSemiring [])))
                (Lean.Expr.app
                  (Lean.Expr.app
                    (Lean.Expr.app
                      (Lean.Expr.app
                        (Lean.Expr.app
                          (Lean.Expr.app
                            (Lean.Expr.const `HSub.hSub [Lean.Level.zero, Lean.Level.zero, Lean.Level.zero])
                            (Lean.Expr.const `Complex []))
                          (Lean.Expr.const `Complex []))
                        (Lean.Expr.const `Complex []))
                      (Lean.Expr.app
                        (Lean.Expr.app (Lean.Expr.const `instHSub [Lean.Level.zero]) (Lean.Expr.const `Complex []))
                        (Lean.Expr.const `Complex.instSub [])))
                    (Lean.Expr.app
                      (Lean.Expr.app
                        (Lean.Expr.app
                          (Lean.Expr.app
                            (Lean.Expr.app
                              (Lean.Expr.app
                                (Lean.Expr.const `HMul.hMul [Lean.Level.zero, Lean.Level.zero, Lean.Level.zero])
                                (Lean.Expr.const `Complex []))
                              (Lean.Expr.const `Complex []))
                            (Lean.Expr.const `Complex []))
                          (Lean.Expr.app
                            (Lean.Expr.app (Lean.Expr.const `instHMul [Lean.Level.zero]) (Lean.Expr.const `Complex []))
                            (Lean.Expr.const `Complex.instMul [])))
                        (Lean.Expr.app
                          (Lean.Expr.app
                            (Lean.Expr.app
                              (Lean.Expr.const `OfNat.ofNat [Lean.Level.zero])
                              (Lean.Expr.const `Complex []))
                            (Lean.Expr.lit (Lean.Literal.natVal 3)))
                          (Lean.Expr.app
                            (Lean.Expr.app
                              (Lean.Expr.app
                                (Lean.Expr.app
                                  (Lean.Expr.const `instOfNatAtLeastTwo [Lean.Level.zero])
                                  (Lean.Expr.const `Complex []))
                                (Lean.Expr.lit (Lean.Literal.natVal 3)))
                              (Lean.Expr.const `Complex.instNatCast []))
                            (Lean.Expr.app
                              (Lean.Expr.app
                                (Lean.Expr.const `Nat.instAtLeastTwoHAddOfNat [])
                                (Lean.Expr.app
                                  (Lean.Expr.app
                                    (Lean.Expr.app
                                      (Lean.Expr.const `OfNat.ofNat [Lean.Level.zero])
                                      (Lean.Expr.const `Nat []))
                                    (Lean.Expr.lit (Lean.Literal.natVal 2)))
                                  (Lean.Expr.app
                                    (Lean.Expr.const `instOfNatNat [])
                                    (Lean.Expr.lit (Lean.Literal.natVal 2)))))
                              (Lean.Expr.app
                                (Lean.Expr.const `Nat.instNeZeroSucc [])
                                (Lean.Expr.app
                                  (Lean.Expr.app
                                    (Lean.Expr.app
                                      (Lean.Expr.const `OfNat.ofNat [Lean.Level.zero])
                                      (Lean.Expr.const `Nat []))
                                    (Lean.Expr.lit (Lean.Literal.natVal 1)))
                                  (Lean.Expr.app
                                    (Lean.Expr.const `instOfNatNat [])
                                    (Lean.Expr.lit (Lean.Literal.natVal 1)))))))))
                      (Lean.Expr.bvar 2)))
                  (Lean.Expr.app
                    (Lean.Expr.app
                      (Lean.Expr.app
                        (Lean.Expr.app
                          (Lean.Expr.app
                            (Lean.Expr.app
                              (Lean.Expr.const `HMul.hMul [Lean.Level.zero, Lean.Level.zero, Lean.Level.zero])
                              (Lean.Expr.const `Complex []))
                            (Lean.Expr.const `Complex []))
                          (Lean.Expr.const `Complex []))
                        (Lean.Expr.app
                          (Lean.Expr.app (Lean.Expr.const `instHMul [Lean.Level.zero]) (Lean.Expr.const `Complex []))
                          (Lean.Expr.const `Complex.instMul [])))
                      (Lean.Expr.app
                        (Lean.Expr.app
                          (Lean.Expr.app (Lean.Expr.const `OfNat.ofNat [Lean.Level.zero]) (Lean.Expr.const `Complex []))
                          (Lean.Expr.lit (Lean.Literal.natVal 4)))
                        (Lean.Expr.app
                          (Lean.Expr.app
                            (Lean.Expr.app
                              (Lean.Expr.app
                                (Lean.Expr.const `instOfNatAtLeastTwo [Lean.Level.zero])
                                (Lean.Expr.const `Complex []))
                              (Lean.Expr.lit (Lean.Literal.natVal 4)))
                            (Lean.Expr.const `Complex.instNatCast []))
                          (Lean.Expr.app
                            (Lean.Expr.app
                              (Lean.Expr.const `Nat.instAtLeastTwoHAddOfNat [])
                              (Lean.Expr.app
                                (Lean.Expr.app
                                  (Lean.Expr.app
                                    (Lean.Expr.const `OfNat.ofNat [Lean.Level.zero])
                                    (Lean.Expr.const `Nat []))
                                  (Lean.Expr.lit (Lean.Literal.natVal 3)))
                                (Lean.Expr.app
                                  (Lean.Expr.const `instOfNatNat [])
                                  (Lean.Expr.lit (Lean.Literal.natVal 3)))))
                            (Lean.Expr.app
                              (Lean.Expr.const `Nat.instNeZeroSucc [])
                              (Lean.Expr.app
                                (Lean.Expr.app
                                  (Lean.Expr.app
                                    (Lean.Expr.const `OfNat.ofNat [Lean.Level.zero])
                                    (Lean.Expr.const `Nat []))
                                  (Lean.Expr.lit (Lean.Literal.natVal 2)))
                                (Lean.Expr.app
                                  (Lean.Expr.const `instOfNatNat [])
                                  (Lean.Expr.lit (Lean.Literal.natVal 2)))))))))
                    (Lean.Expr.app
                      (Lean.Expr.app
                        (Lean.Expr.app
                          (Lean.Expr.app
                            (Lean.Expr.app
                              (Lean.Expr.app
                                (Lean.Expr.const `HPow.hPow [Lean.Level.zero, Lean.Level.zero, Lean.Level.zero])
                                (Lean.Expr.const `Complex []))
                              (Lean.Expr.const `Nat []))
                            (Lean.Expr.const `Complex []))
                          (Lean.Expr.app
                            (Lean.Expr.app
                              (Lean.Expr.app
                                (Lean.Expr.const `instHPow [Lean.Level.zero, Lean.Level.zero])
                                (Lean.Expr.const `Complex []))
                              (Lean.Expr.const `Nat []))
                            (Lean.Expr.app
                              (Lean.Expr.app
                                (Lean.Expr.const `NPow.toPow [Lean.Level.zero])
                                (Lean.Expr.const `Complex []))
                              (Lean.Expr.app
                                (Lean.Expr.app
                                  (Lean.Expr.const `Monoid.toNPow [Lean.Level.zero])
                                  (Lean.Expr.const `Complex []))
                                (Lean.Expr.app
                                  (Lean.Expr.app
                                    (Lean.Expr.const `Semiring.toMonoid [Lean.Level.zero])
                                    (Lean.Expr.const `Complex []))
                                  (Lean.Expr.const `Complex.instSemiring []))))))
                        (Lean.Expr.bvar 0))
                      (Lean.Expr.app
                        (Lean.Expr.app
                          (Lean.Expr.app (Lean.Expr.const `OfNat.ofNat [Lean.Level.zero]) (Lean.Expr.const `Nat []))
                          (Lean.Expr.lit (Lean.Literal.natVal 2)))
                        (Lean.Expr.app (Lean.Expr.const `instOfNatNat []) (Lean.Expr.lit (Lean.Literal.natVal 2)))))))))
            (Lean.Expr.app
              (Lean.Expr.app
                (Lean.Expr.app
                  (Lean.Expr.app
                    (Lean.Expr.app
                      (Lean.Expr.app
                        (Lean.Expr.const `HPow.hPow [Lean.Level.zero, Lean.Level.zero, Lean.Level.zero])
                        (Lean.Expr.app
                          (Lean.Expr.app (Lean.Expr.const `Polynomial [Lean.Level.zero]) (Lean.Expr.const `Complex []))
                          (Lean.Expr.const `Complex.instSemiring [])))
                      (Lean.Expr.const `Nat []))
                    (Lean.Expr.app
                      (Lean.Expr.app (Lean.Expr.const `Polynomial [Lean.Level.zero]) (Lean.Expr.const `Complex []))
                      (Lean.Expr.const `Complex.instSemiring [])))
                  (Lean.Expr.app
                    (Lean.Expr.app
                      (Lean.Expr.app
                        (Lean.Expr.const `instHPow [Lean.Level.zero, Lean.Level.zero])
                        (Lean.Expr.app
                          (Lean.Expr.app (Lean.Expr.const `Polynomial [Lean.Level.zero]) (Lean.Expr.const `Complex []))
                          (Lean.Expr.const `Complex.instSemiring [])))
                      (Lean.Expr.const `Nat []))
                    (Lean.Expr.app
                      (Lean.Expr.app
                        (Lean.Expr.const `NPow.toPow [Lean.Level.zero])
                        (Lean.Expr.app
                          (Lean.Expr.app (Lean.Expr.const `Polynomial [Lean.Level.zero]) (Lean.Expr.const `Complex []))
                          (Lean.Expr.const `Complex.instSemiring [])))
                      (Lean.Expr.app
                        (Lean.Expr.app
                          (Lean.Expr.const `Monoid.toNPow [Lean.Level.zero])
                          (Lean.Expr.app
                            (Lean.Expr.app
                              (Lean.Expr.const `Polynomial [Lean.Level.zero])
                              (Lean.Expr.const `Complex []))
                            (Lean.Expr.const `Complex.instSemiring [])))
                        (Lean.Expr.app
                          (Lean.Expr.app
                            (Lean.Expr.const `Semiring.toMonoid [Lean.Level.zero])
                            (Lean.Expr.app
                              (Lean.Expr.app
                                (Lean.Expr.const `Polynomial [Lean.Level.zero])
                                (Lean.Expr.const `Complex []))
                              (Lean.Expr.const `Complex.instSemiring [])))
                          (Lean.Expr.app
                            (Lean.Expr.app
                              (Lean.Expr.const `Polynomial.semiring [Lean.Level.zero])
                              (Lean.Expr.const `Complex []))
                            (Lean.Expr.const `Complex.instSemiring [])))))))
                (Lean.Expr.app
                  (Lean.Expr.app (Lean.Expr.const `Polynomial.X [Lean.Level.zero]) (Lean.Expr.const `Complex []))
                  (Lean.Expr.const `Complex.instSemiring [])))
              (Lean.Expr.app
                (Lean.Expr.app
                  (Lean.Expr.app (Lean.Expr.const `OfNat.ofNat [Lean.Level.zero]) (Lean.Expr.const `Nat []))
                  (Lean.Expr.lit (Lean.Literal.natVal 11)))
                (Lean.Expr.app (Lean.Expr.const `instOfNatNat []) (Lean.Expr.lit (Lean.Literal.natVal 11))))))))
      (Lean.BinderInfo.default))
    (Lean.BinderInfo.default))
  (Lean.BinderInfo.default)
LEVELJSON NLA.MF14Degree44.degeneration_at_zero []
TYPEJSON NLA.MF14Degree44.degeneration_in_span Lean.Expr.forallE
  `alpha
  (Lean.Expr.const `Complex [])
  (Lean.Expr.forallE
    `eta
    (Lean.Expr.const `Complex [])
    (Lean.Expr.forallE
      `gamma
      (Lean.Expr.const `Complex [])
      (Lean.Expr.forallE
        `s
        (Lean.Expr.const `Complex [])
        (Lean.Expr.forallE
          `hs
          (Lean.Expr.app
            (Lean.Expr.app
              (Lean.Expr.app (Lean.Expr.const `Ne [Lean.Level.succ (Lean.Level.zero)]) (Lean.Expr.const `Complex []))
              (Lean.Expr.bvar 0))
            (Lean.Expr.app
              (Lean.Expr.app
                (Lean.Expr.app (Lean.Expr.const `OfNat.ofNat [Lean.Level.zero]) (Lean.Expr.const `Complex []))
                (Lean.Expr.lit (Lean.Literal.natVal 0)))
              (Lean.Expr.app
                (Lean.Expr.app (Lean.Expr.const `Zero.toOfNat0 [Lean.Level.zero]) (Lean.Expr.const `Complex []))
                (Lean.Expr.const `Complex.instZero []))))
          (Lean.Expr.app
            (Lean.Expr.app
              (Lean.Expr.app
                (Lean.Expr.app
                  (Lean.Expr.app
                    (Lean.Expr.const `Membership.mem [Lean.Level.zero, Lean.Level.zero])
                    (Lean.Expr.const `NLA.MF14Degree44.Poly []))
                  (Lean.Expr.app
                    (Lean.Expr.app
                      (Lean.Expr.app
                        (Lean.Expr.app
                          (Lean.Expr.app
                            (Lean.Expr.const `Submodule [Lean.Level.zero, Lean.Level.zero])
                            (Lean.Expr.const `Complex []))
                          (Lean.Expr.const `NLA.MF14Degree44.Poly []))
                        (Lean.Expr.const `Complex.instSemiring []))
                      (Lean.Expr.app
                        (Lean.Expr.app
                          (Lean.Expr.const `Semiring.toAddCommMonoid [Lean.Level.zero])
                          (Lean.Expr.const `NLA.MF14Degree44.Poly []))
                        (Lean.Expr.app
                          (Lean.Expr.app
                            (Lean.Expr.const `Polynomial.semiring [Lean.Level.zero])
                            (Lean.Expr.const `Complex []))
                          (Lean.Expr.const `Complex.instSemiring []))))
                    (Lean.Expr.app
                      (Lean.Expr.app
                        (Lean.Expr.app
                          (Lean.Expr.app
                            (Lean.Expr.app
                              (Lean.Expr.const `Polynomial.module [Lean.Level.zero, Lean.Level.zero])
                              (Lean.Expr.const `Complex []))
                            (Lean.Expr.const `Complex.instSemiring []))
                          (Lean.Expr.const `Complex []))
                        (Lean.Expr.const `Complex.instSemiring []))
                      (Lean.Expr.app
                        (Lean.Expr.app
                          (Lean.Expr.const `Semiring.toModule [Lean.Level.zero])
                          (Lean.Expr.const `Complex []))
                        (Lean.Expr.const `Complex.instSemiring [])))))
                (Lean.Expr.app
                  (Lean.Expr.app
                    (Lean.Expr.app
                      (Lean.Expr.const `SetLike.instMembership [Lean.Level.zero, Lean.Level.zero])
                      (Lean.Expr.app
                        (Lean.Expr.app
                          (Lean.Expr.app
                            (Lean.Expr.app
                              (Lean.Expr.app
                                (Lean.Expr.const `Submodule [Lean.Level.zero, Lean.Level.zero])
                                (Lean.Expr.const `Complex []))
                              (Lean.Expr.const `NLA.MF14Degree44.Poly []))
                            (Lean.Expr.const `Complex.instSemiring []))
                          (Lean.Expr.app
                            (Lean.Expr.app
                              (Lean.Expr.const `Semiring.toAddCommMonoid [Lean.Level.zero])
                              (Lean.Expr.const `NLA.MF14Degree44.Poly []))
                            (Lean.Expr.app
                              (Lean.Expr.app
                                (Lean.Expr.const `Polynomial.semiring [Lean.Level.zero])
                                (Lean.Expr.const `Complex []))
                              (Lean.Expr.const `Complex.instSemiring []))))
                        (Lean.Expr.app
                          (Lean.Expr.app
                            (Lean.Expr.app
                              (Lean.Expr.app
                                (Lean.Expr.app
                                  (Lean.Expr.const `Polynomial.module [Lean.Level.zero, Lean.Level.zero])
                                  (Lean.Expr.const `Complex []))
                                (Lean.Expr.const `Complex.instSemiring []))
                              (Lean.Expr.const `Complex []))
                            (Lean.Expr.const `Complex.instSemiring []))
                          (Lean.Expr.app
                            (Lean.Expr.app
                              (Lean.Expr.const `Semiring.toModule [Lean.Level.zero])
                              (Lean.Expr.const `Complex []))
                            (Lean.Expr.const `Complex.instSemiring [])))))
                    (Lean.Expr.const `NLA.MF14Degree44.Poly []))
                  (Lean.Expr.app
                    (Lean.Expr.app
                      (Lean.Expr.app
                        (Lean.Expr.app
                          (Lean.Expr.app
                            (Lean.Expr.const `Submodule.setLike [Lean.Level.zero, Lean.Level.zero])
                            (Lean.Expr.const `Complex []))
                          (Lean.Expr.const `NLA.MF14Degree44.Poly []))
                        (Lean.Expr.const `Complex.instSemiring []))
                      (Lean.Expr.app
                        (Lean.Expr.app
                          (Lean.Expr.const `Semiring.toAddCommMonoid [Lean.Level.zero])
                          (Lean.Expr.const `NLA.MF14Degree44.Poly []))
                        (Lean.Expr.app
                          (Lean.Expr.app
                            (Lean.Expr.const `Polynomial.semiring [Lean.Level.zero])
                            (Lean.Expr.const `Complex []))
                          (Lean.Expr.const `Complex.instSemiring []))))
                    (Lean.Expr.app
                      (Lean.Expr.app
                        (Lean.Expr.app
                          (Lean.Expr.app
                            (Lean.Expr.app
                              (Lean.Expr.const `Polynomial.module [Lean.Level.zero, Lean.Level.zero])
                              (Lean.Expr.const `Complex []))
                            (Lean.Expr.const `Complex.instSemiring []))
                          (Lean.Expr.const `Complex []))
                        (Lean.Expr.const `Complex.instSemiring []))
                      (Lean.Expr.app
                        (Lean.Expr.app
                          (Lean.Expr.const `Semiring.toModule [Lean.Level.zero])
                          (Lean.Expr.const `Complex []))
                        (Lean.Expr.const `Complex.instSemiring []))))))
              (Lean.Expr.app
                (Lean.Expr.app
                  (Lean.Expr.app
                    (Lean.Expr.app (Lean.Expr.const `NLA.MF14Degree44.productSpan []) (Lean.Expr.bvar 4))
                    (Lean.Expr.bvar 3))
                  (Lean.Expr.bvar 2))
                (Lean.Expr.bvar 1)))
            (Lean.Expr.app
              (Lean.Expr.app
                (Lean.Expr.app
                  (Lean.Expr.app (Lean.Expr.const `NLA.MF14Degree44.degenerationZ []) (Lean.Expr.bvar 4))
                  (Lean.Expr.bvar 3))
                (Lean.Expr.bvar 2))
              (Lean.Expr.bvar 1)))
          (Lean.BinderInfo.default))
        (Lean.BinderInfo.default))
      (Lean.BinderInfo.default))
    (Lean.BinderInfo.default))
  (Lean.BinderInfo.default)
LEVELJSON NLA.MF14Degree44.degeneration_in_span []
TYPEJSON NLA.MF14Degree44.monic_border_joint_closure Lean.Expr.forallE
  `alpha
  (Lean.Expr.const `Complex [])
  (Lean.Expr.forallE
    `beta
    (Lean.Expr.const `Complex [])
    (Lean.Expr.forallE
      `xi
      (Lean.Expr.forallE
        (Lean.Name.mkNum `a._@._internal._hyg 0)
        (Lean.Expr.app
          (Lean.Expr.const `Fin [])
          (Lean.Expr.app
            (Lean.Expr.app
              (Lean.Expr.app (Lean.Expr.const `OfNat.ofNat [Lean.Level.zero]) (Lean.Expr.const `Nat []))
              (Lean.Expr.lit (Lean.Literal.natVal 7)))
            (Lean.Expr.app (Lean.Expr.const `instOfNatNat []) (Lean.Expr.lit (Lean.Literal.natVal 7)))))
        (Lean.Expr.const `Complex [])
        (Lean.BinderInfo.default))
      (Lean.Expr.app
        (Lean.Expr.app
          (Lean.Expr.app
            (Lean.Expr.app
              (Lean.Expr.app
                (Lean.Expr.const `Membership.mem [Lean.Level.zero, Lean.Level.zero])
                (Lean.Expr.const `NLA.MF14Degree44.QuadSpace []))
              (Lean.Expr.app (Lean.Expr.const `Set [Lean.Level.zero]) (Lean.Expr.const `NLA.MF14Degree44.QuadSpace [])))
            (Lean.Expr.app
              (Lean.Expr.const `Set.instMembership [Lean.Level.zero])
              (Lean.Expr.const `NLA.MF14Degree44.QuadSpace [])))
          (Lean.Expr.const `NLA.MF14Degree44.jointFourClosure []))
        (Lean.Expr.app
          (Lean.Expr.const `NLA.MF14Degree44.quadVector [])
          (Lean.Expr.app
            (Lean.Expr.app
              (Lean.Expr.app (Lean.Expr.const `NLA.MF14Degree44.borderQuad []) (Lean.Expr.bvar 2))
              (Lean.Expr.bvar 1))
            (Lean.Expr.bvar 0))))
      (Lean.BinderInfo.default))
    (Lean.BinderInfo.default))
  (Lean.BinderInfo.default)
LEVELJSON NLA.MF14Degree44.monic_border_joint_closure []
TYPEJSON NLA.MF14Degree44.continuation_actual_output Lean.Expr.forallE
  `theta
  (Lean.Expr.const `NLA.MF14Degree44.Parameters [])
  (Lean.Expr.forallE
    `v
    (Lean.Expr.const `NLA.MF14Degree44.Quad [])
    (Lean.Expr.forallE
      `hv
      (Lean.Expr.app (Lean.Expr.const `NLA.MF14Degree44.JointFourAvailable []) (Lean.Expr.bvar 0))
      (Lean.Expr.app
        (Lean.Expr.const `NLA.MF14.IsSevenProductOutput [])
        (Lean.Expr.app
          (Lean.Expr.app (Lean.Expr.const `NLA.MF14Degree44.continuationPolynomial []) (Lean.Expr.bvar 2))
          (Lean.Expr.bvar 1)))
      (Lean.BinderInfo.default))
    (Lean.BinderInfo.default))
  (Lean.BinderInfo.default)
LEVELJSON NLA.MF14Degree44.continuation_actual_output []
TYPEJSON NLA.MF14Degree44.continuation_degree_bound Lean.Expr.forallE
  `theta
  (Lean.Expr.const `NLA.MF14Degree44.Parameters [])
  (Lean.Expr.forallE
    `z
    (Lean.Expr.const `NLA.MF14Degree44.QuadSpace [])
    (Lean.Expr.app
      (Lean.Expr.app
        (Lean.Expr.app
          (Lean.Expr.app (Lean.Expr.const `LE.le [Lean.Level.zero]) (Lean.Expr.const `Nat []))
          (Lean.Expr.const `instLENat []))
        (Lean.Expr.app
          (Lean.Expr.app
            (Lean.Expr.app (Lean.Expr.const `Polynomial.natDegree [Lean.Level.zero]) (Lean.Expr.const `Complex []))
            (Lean.Expr.const `Complex.instSemiring []))
          (Lean.Expr.app
            (Lean.Expr.app (Lean.Expr.const `NLA.MF14Degree44.continuationPolynomial []) (Lean.Expr.bvar 1))
            (Lean.Expr.app (Lean.Expr.const `NLA.MF14Degree44.decodeQuad []) (Lean.Expr.bvar 0)))))
      (Lean.Expr.app
        (Lean.Expr.app
          (Lean.Expr.app (Lean.Expr.const `OfNat.ofNat [Lean.Level.zero]) (Lean.Expr.const `Nat []))
          (Lean.Expr.lit (Lean.Literal.natVal 96)))
        (Lean.Expr.app (Lean.Expr.const `instOfNatNat []) (Lean.Expr.lit (Lean.Literal.natVal 96)))))
    (Lean.BinderInfo.default))
  (Lean.BinderInfo.default)
LEVELJSON NLA.MF14Degree44.continuation_degree_bound []
TYPEJSON NLA.MF14Degree44.continuation_closure_transfer Lean.Expr.forallE
  `theta
  (Lean.Expr.const `NLA.MF14Degree44.Parameters [])
  (Lean.Expr.forallE
    `z
    (Lean.Expr.const `NLA.MF14Degree44.QuadSpace [])
    (Lean.Expr.forallE
      `hz
      (Lean.Expr.app
        (Lean.Expr.app
          (Lean.Expr.app
            (Lean.Expr.app
              (Lean.Expr.app
                (Lean.Expr.const `Membership.mem [Lean.Level.zero, Lean.Level.zero])
                (Lean.Expr.const `NLA.MF14Degree44.QuadSpace []))
              (Lean.Expr.app (Lean.Expr.const `Set [Lean.Level.zero]) (Lean.Expr.const `NLA.MF14Degree44.QuadSpace [])))
            (Lean.Expr.app
              (Lean.Expr.const `Set.instMembership [Lean.Level.zero])
              (Lean.Expr.const `NLA.MF14Degree44.QuadSpace [])))
          (Lean.Expr.const `NLA.MF14Degree44.jointFourClosure []))
        (Lean.Expr.bvar 0))
      (Lean.Expr.app
        (Lean.Expr.app
          (Lean.Expr.app
            (Lean.Expr.app
              (Lean.Expr.app
                (Lean.Expr.const `Membership.mem [Lean.Level.zero, Lean.Level.zero])
                (Lean.Expr.const `NLA.MF14.CoefficientSpace []))
              (Lean.Expr.app (Lean.Expr.const `Set [Lean.Level.zero]) (Lean.Expr.const `NLA.MF14.CoefficientSpace [])))
            (Lean.Expr.app
              (Lean.Expr.const `Set.instMembership [Lean.Level.zero])
              (Lean.Expr.const `NLA.MF14.CoefficientSpace [])))
          (Lean.Expr.const `NLA.MF14.sevenProductClosure []))
        (Lean.Expr.app
          (Lean.Expr.app (Lean.Expr.const `NLA.MF14Degree44.continuationMap []) (Lean.Expr.bvar 2))
          (Lean.Expr.bvar 1)))
      (Lean.BinderInfo.default))
    (Lean.BinderInfo.default))
  (Lean.BinderInfo.default)
LEVELJSON NLA.MF14Degree44.continuation_closure_transfer []
TYPEJSON NLA.MF14Degree44.family_image_mem_closure Lean.Expr.forallE
  `theta
  (Lean.Expr.const `NLA.MF14Degree44.Parameters [])
  (Lean.Expr.app
    (Lean.Expr.app
      (Lean.Expr.app
        (Lean.Expr.app
          (Lean.Expr.app
            (Lean.Expr.const `Membership.mem [Lean.Level.zero, Lean.Level.zero])
            (Lean.Expr.const `NLA.MF14.CoefficientSpace []))
          (Lean.Expr.app (Lean.Expr.const `Set [Lean.Level.zero]) (Lean.Expr.const `NLA.MF14.CoefficientSpace [])))
        (Lean.Expr.app
          (Lean.Expr.const `Set.instMembership [Lean.Level.zero])
          (Lean.Expr.const `NLA.MF14.CoefficientSpace [])))
      (Lean.Expr.const `NLA.MF14.sevenProductClosure []))
    (Lean.Expr.app (Lean.Expr.const `NLA.MF14Degree44.fullFamilyVector []) (Lean.Expr.bvar 0)))
  (Lean.BinderInfo.default)
LEVELJSON NLA.MF14Degree44.family_image_mem_closure []
TYPEJSON NLA.MF14Degree44.family_degree_and_full_vector Lean.Expr.forallE
  `theta
  (Lean.Expr.const `NLA.MF14Degree44.Parameters [])
  (Lean.Expr.app
    (Lean.Expr.app
      (Lean.Expr.const `And [])
      (Lean.Expr.app
        (Lean.Expr.app
          (Lean.Expr.app
            (Lean.Expr.app (Lean.Expr.const `LE.le [Lean.Level.zero]) (Lean.Expr.const `Nat []))
            (Lean.Expr.const `instLENat []))
          (Lean.Expr.app
            (Lean.Expr.app
              (Lean.Expr.app (Lean.Expr.const `Polynomial.natDegree [Lean.Level.zero]) (Lean.Expr.const `Complex []))
              (Lean.Expr.const `Complex.instSemiring []))
            (Lean.Expr.app (Lean.Expr.const `NLA.MF14Degree44.familyPolynomial []) (Lean.Expr.bvar 0))))
        (Lean.Expr.app
          (Lean.Expr.app
            (Lean.Expr.app (Lean.Expr.const `OfNat.ofNat [Lean.Level.zero]) (Lean.Expr.const `Nat []))
            (Lean.Expr.lit (Lean.Literal.natVal 44)))
          (Lean.Expr.app (Lean.Expr.const `instOfNatNat []) (Lean.Expr.lit (Lean.Literal.natVal 44))))))
    (Lean.Expr.app
      (Lean.Expr.app
        (Lean.Expr.app
          (Lean.Expr.const `Eq [Lean.Level.succ (Lean.Level.zero)])
          (Lean.Expr.const `NLA.MF14.CoefficientSpace []))
        (Lean.Expr.app (Lean.Expr.const `NLA.MF14Degree44.fullFamilyVector []) (Lean.Expr.bvar 0)))
      (Lean.Expr.app
        (Lean.Expr.const `NLA.MF14Degree44.embed44 [])
        (Lean.Expr.app (Lean.Expr.const `NLA.MF14Degree44.coefficientMap []) (Lean.Expr.bvar 0)))))
  (Lean.BinderInfo.default)
LEVELJSON NLA.MF14Degree44.family_degree_and_full_vector []
TYPEJSON NLA.MF14Degree44.coefficient_map_smooth Lean.Expr.app
  (Lean.Expr.app
    (Lean.Expr.app
      (Lean.Expr.app
        (Lean.Expr.app
          (Lean.Expr.app
            (Lean.Expr.app
              (Lean.Expr.app
                (Lean.Expr.app
                  (Lean.Expr.app
                    (Lean.Expr.const `ContDiff [Lean.Level.zero, Lean.Level.zero, Lean.Level.zero])
                    (Lean.Expr.const `Complex []))
                  (Lean.Expr.app
                    (Lean.Expr.app
                      (Lean.Expr.const `DenselyNormedField.toNontriviallyNormedField [Lean.Level.zero])
                      (Lean.Expr.const `Complex []))
                    (Lean.Expr.const `Complex.instDenselyNormedField [])))
                (Lean.Expr.const `NLA.MF14Degree44.Parameters []))
              (Lean.Expr.app
                (Lean.Expr.app
                  (Lean.Expr.app
                    (Lean.Expr.app
                      (Lean.Expr.const `Pi.normedAddCommGroup [Lean.Level.zero, Lean.Level.zero])
                      (Lean.Expr.app
                        (Lean.Expr.const `Fin [])
                        (Lean.Expr.app
                          (Lean.Expr.app
                            (Lean.Expr.app (Lean.Expr.const `OfNat.ofNat [Lean.Level.zero]) (Lean.Expr.const `Nat []))
                            (Lean.Expr.lit (Lean.Literal.natVal 45)))
                          (Lean.Expr.app (Lean.Expr.const `instOfNatNat []) (Lean.Expr.lit (Lean.Literal.natVal 45))))))
                    (Lean.Expr.lam
                      (Lean.Name.mkNum `a._@._internal._hyg 0)
                      (Lean.Expr.app
                        (Lean.Expr.const `Fin [])
                        (Lean.Expr.app
                          (Lean.Expr.app
                            (Lean.Expr.app (Lean.Expr.const `OfNat.ofNat [Lean.Level.zero]) (Lean.Expr.const `Nat []))
                            (Lean.Expr.lit (Lean.Literal.natVal 45)))
                          (Lean.Expr.app (Lean.Expr.const `instOfNatNat []) (Lean.Expr.lit (Lean.Literal.natVal 45)))))
                      (Lean.Expr.const `Complex [])
                      (Lean.BinderInfo.default)))
                  (Lean.Expr.app
                    (Lean.Expr.const `Fin.fintype [])
                    (Lean.Expr.app
                      (Lean.Expr.app
                        (Lean.Expr.app (Lean.Expr.const `OfNat.ofNat [Lean.Level.zero]) (Lean.Expr.const `Nat []))
                        (Lean.Expr.lit (Lean.Literal.natVal 45)))
                      (Lean.Expr.app (Lean.Expr.const `instOfNatNat []) (Lean.Expr.lit (Lean.Literal.natVal 45))))))
                (Lean.Expr.lam
                  `i
                  (Lean.Expr.app
                    (Lean.Expr.const `Fin [])
                    (Lean.Expr.app
                      (Lean.Expr.app
                        (Lean.Expr.app (Lean.Expr.const `OfNat.ofNat [Lean.Level.zero]) (Lean.Expr.const `Nat []))
                        (Lean.Expr.lit (Lean.Literal.natVal 45)))
                      (Lean.Expr.app (Lean.Expr.const `instOfNatNat []) (Lean.Expr.lit (Lean.Literal.natVal 45)))))
                  (Lean.Expr.const `Complex.instNormedAddCommGroup [])
                  (Lean.BinderInfo.default))))
            (Lean.Expr.app
              (Lean.Expr.app
                (Lean.Expr.app
                  (Lean.Expr.app
                    (Lean.Expr.app
                      (Lean.Expr.app
                        (Lean.Expr.app
                          (Lean.Expr.const `Pi.normedSpace [Lean.Level.zero, Lean.Level.zero, Lean.Level.zero])
                          (Lean.Expr.const `Complex []))
                        (Lean.Expr.app
                          (Lean.Expr.app
                            (Lean.Expr.const `NontriviallyNormedField.toNormedField [Lean.Level.zero])
                            (Lean.Expr.const `Complex []))
                          (Lean.Expr.app
                            (Lean.Expr.app
                              (Lean.Expr.const `DenselyNormedField.toNontriviallyNormedField [Lean.Level.zero])
                              (Lean.Expr.const `Complex []))
                            (Lean.Expr.const `Complex.instDenselyNormedField []))))
                      (Lean.Expr.app
                        (Lean.Expr.const `Fin [])
                        (Lean.Expr.app
                          (Lean.Expr.app
                            (Lean.Expr.app (Lean.Expr.const `OfNat.ofNat [Lean.Level.zero]) (Lean.Expr.const `Nat []))
                            (Lean.Expr.lit (Lean.Literal.natVal 45)))
                          (Lean.Expr.app (Lean.Expr.const `instOfNatNat []) (Lean.Expr.lit (Lean.Literal.natVal 45))))))
                    (Lean.Expr.lam
                      (Lean.Name.mkNum `a._@._internal._hyg 0)
                      (Lean.Expr.app
                        (Lean.Expr.const `Fin [])
                        (Lean.Expr.app
                          (Lean.Expr.app
                            (Lean.Expr.app (Lean.Expr.const `OfNat.ofNat [Lean.Level.zero]) (Lean.Expr.const `Nat []))
                            (Lean.Expr.lit (Lean.Literal.natVal 45)))
                          (Lean.Expr.app (Lean.Expr.const `instOfNatNat []) (Lean.Expr.lit (Lean.Literal.natVal 45)))))
                      (Lean.Expr.const `Complex [])
                      (Lean.BinderInfo.default)))
                  (Lean.Expr.app
                    (Lean.Expr.const `Fin.fintype [])
                    (Lean.Expr.app
                      (Lean.Expr.app
                        (Lean.Expr.app (Lean.Expr.const `OfNat.ofNat [Lean.Level.zero]) (Lean.Expr.const `Nat []))
                        (Lean.Expr.lit (Lean.Literal.natVal 45)))
                      (Lean.Expr.app (Lean.Expr.const `instOfNatNat []) (Lean.Expr.lit (Lean.Literal.natVal 45))))))
                (Lean.Expr.lam
                  `i
                  (Lean.Expr.app
                    (Lean.Expr.const `Fin [])
                    (Lean.Expr.app
                      (Lean.Expr.app
                        (Lean.Expr.app (Lean.Expr.const `OfNat.ofNat [Lean.Level.zero]) (Lean.Expr.const `Nat []))
                        (Lean.Expr.lit (Lean.Literal.natVal 45)))
                      (Lean.Expr.app (Lean.Expr.const `instOfNatNat []) (Lean.Expr.lit (Lean.Literal.natVal 45)))))
                  (Lean.Expr.app
                    (Lean.Expr.app
                      (Lean.Expr.const `NonUnitalSeminormedRing.toSeminormedAddCommGroup [Lean.Level.zero])
                      (Lean.Expr.const `Complex []))
                    (Lean.Expr.app
                      (Lean.Expr.app
                        (Lean.Expr.const `NonUnitalSeminormedCommRing.toNonUnitalSeminormedRing [Lean.Level.zero])
                        (Lean.Expr.const `Complex []))
                      (Lean.Expr.app
                        (Lean.Expr.app
                          (Lean.Expr.const `SeminormedCommRing.toNonUnitalSeminormedCommRing [Lean.Level.zero])
                          (Lean.Expr.const `Complex []))
                        (Lean.Expr.app
                          (Lean.Expr.app
                            (Lean.Expr.const `NormedCommRing.toSeminormedCommRing [Lean.Level.zero])
                            (Lean.Expr.const `Complex []))
                          (Lean.Expr.app
                            (Lean.Expr.app
                              (Lean.Expr.const `NormedField.toNormedCommRing [Lean.Level.zero])
                              (Lean.Expr.const `Complex []))
                            (Lean.Expr.const `Complex.instNormedField []))))))
                  (Lean.BinderInfo.default)))
              (Lean.Expr.lam
                `i
                (Lean.Expr.app
                  (Lean.Expr.const `Fin [])
                  (Lean.Expr.app
                    (Lean.Expr.app
                      (Lean.Expr.app (Lean.Expr.const `OfNat.ofNat [Lean.Level.zero]) (Lean.Expr.const `Nat []))
                      (Lean.Expr.lit (Lean.Literal.natVal 45)))
                    (Lean.Expr.app (Lean.Expr.const `instOfNatNat []) (Lean.Expr.lit (Lean.Literal.natVal 45)))))
                (Lean.Expr.app
                  (Lean.Expr.app
                    (Lean.Expr.const `NormedField.toNormedSpace [Lean.Level.zero])
                    (Lean.Expr.const `Complex []))
                  (Lean.Expr.app
                    (Lean.Expr.app
                      (Lean.Expr.const `NontriviallyNormedField.toNormedField [Lean.Level.zero])
                      (Lean.Expr.const `Complex []))
                    (Lean.Expr.app
                      (Lean.Expr.app
                        (Lean.Expr.const `DenselyNormedField.toNontriviallyNormedField [Lean.Level.zero])
                        (Lean.Expr.const `Complex []))
                      (Lean.Expr.const `Complex.instDenselyNormedField []))))
                (Lean.BinderInfo.default))))
          (Lean.Expr.forallE
            (Lean.Name.mkNum `a._@._internal._hyg 0)
            (Lean.Expr.app
              (Lean.Expr.const `Fin [])
              (Lean.Expr.app
                (Lean.Expr.app
                  (Lean.Expr.app (Lean.Expr.const `OfNat.ofNat [Lean.Level.zero]) (Lean.Expr.const `Nat []))
                  (Lean.Expr.lit (Lean.Literal.natVal 45)))
                (Lean.Expr.app (Lean.Expr.const `instOfNatNat []) (Lean.Expr.lit (Lean.Literal.natVal 45)))))
            (Lean.Expr.const `Complex [])
            (Lean.BinderInfo.default)))
        (Lean.Expr.app
          (Lean.Expr.app
            (Lean.Expr.app
              (Lean.Expr.app
                (Lean.Expr.const `Pi.normedAddCommGroup [Lean.Level.zero, Lean.Level.zero])
                (Lean.Expr.app
                  (Lean.Expr.const `Fin [])
                  (Lean.Expr.app
                    (Lean.Expr.app
                      (Lean.Expr.app (Lean.Expr.const `OfNat.ofNat [Lean.Level.zero]) (Lean.Expr.const `Nat []))
                      (Lean.Expr.lit (Lean.Literal.natVal 45)))
                    (Lean.Expr.app (Lean.Expr.const `instOfNatNat []) (Lean.Expr.lit (Lean.Literal.natVal 45))))))
              (Lean.Expr.lam
                (Lean.Name.mkNum `a._@._internal._hyg 0)
                (Lean.Expr.app
                  (Lean.Expr.const `Fin [])
                  (Lean.Expr.app
                    (Lean.Expr.app
                      (Lean.Expr.app (Lean.Expr.const `OfNat.ofNat [Lean.Level.zero]) (Lean.Expr.const `Nat []))
                      (Lean.Expr.lit (Lean.Literal.natVal 45)))
                    (Lean.Expr.app (Lean.Expr.const `instOfNatNat []) (Lean.Expr.lit (Lean.Literal.natVal 45)))))
                (Lean.Expr.const `Complex [])
                (Lean.BinderInfo.default)))
            (Lean.Expr.app
              (Lean.Expr.const `Fin.fintype [])
              (Lean.Expr.app
                (Lean.Expr.app
                  (Lean.Expr.app (Lean.Expr.const `OfNat.ofNat [Lean.Level.zero]) (Lean.Expr.const `Nat []))
                  (Lean.Expr.lit (Lean.Literal.natVal 45)))
                (Lean.Expr.app (Lean.Expr.const `instOfNatNat []) (Lean.Expr.lit (Lean.Literal.natVal 45))))))
          (Lean.Expr.lam
            `i
            (Lean.Expr.app
              (Lean.Expr.const `Fin [])
              (Lean.Expr.app
                (Lean.Expr.app
                  (Lean.Expr.app (Lean.Expr.const `OfNat.ofNat [Lean.Level.zero]) (Lean.Expr.const `Nat []))
                  (Lean.Expr.lit (Lean.Literal.natVal 45)))
                (Lean.Expr.app (Lean.Expr.const `instOfNatNat []) (Lean.Expr.lit (Lean.Literal.natVal 45)))))
            (Lean.Expr.const `Complex.instNormedAddCommGroup [])
            (Lean.BinderInfo.default))))
      (Lean.Expr.app
        (Lean.Expr.app
          (Lean.Expr.app
            (Lean.Expr.app
              (Lean.Expr.app
                (Lean.Expr.app
                  (Lean.Expr.app
                    (Lean.Expr.const `Pi.normedSpace [Lean.Level.zero, Lean.Level.zero, Lean.Level.zero])
                    (Lean.Expr.const `Complex []))
                  (Lean.Expr.app
                    (Lean.Expr.app
                      (Lean.Expr.const `NontriviallyNormedField.toNormedField [Lean.Level.zero])
                      (Lean.Expr.const `Complex []))
                    (Lean.Expr.app
                      (Lean.Expr.app
                        (Lean.Expr.const `DenselyNormedField.toNontriviallyNormedField [Lean.Level.zero])
                        (Lean.Expr.const `Complex []))
                      (Lean.Expr.const `Complex.instDenselyNormedField []))))
                (Lean.Expr.app
                  (Lean.Expr.const `Fin [])
                  (Lean.Expr.app
                    (Lean.Expr.app
                      (Lean.Expr.app (Lean.Expr.const `OfNat.ofNat [Lean.Level.zero]) (Lean.Expr.const `Nat []))
                      (Lean.Expr.lit (Lean.Literal.natVal 45)))
                    (Lean.Expr.app (Lean.Expr.const `instOfNatNat []) (Lean.Expr.lit (Lean.Literal.natVal 45))))))
              (Lean.Expr.lam
                (Lean.Name.mkNum `a._@._internal._hyg 0)
                (Lean.Expr.app
                  (Lean.Expr.const `Fin [])
                  (Lean.Expr.app
                    (Lean.Expr.app
                      (Lean.Expr.app (Lean.Expr.const `OfNat.ofNat [Lean.Level.zero]) (Lean.Expr.const `Nat []))
                      (Lean.Expr.lit (Lean.Literal.natVal 45)))
                    (Lean.Expr.app (Lean.Expr.const `instOfNatNat []) (Lean.Expr.lit (Lean.Literal.natVal 45)))))
                (Lean.Expr.const `Complex [])
                (Lean.BinderInfo.default)))
            (Lean.Expr.app
              (Lean.Expr.const `Fin.fintype [])
              (Lean.Expr.app
                (Lean.Expr.app
                  (Lean.Expr.app (Lean.Expr.const `OfNat.ofNat [Lean.Level.zero]) (Lean.Expr.const `Nat []))
                  (Lean.Expr.lit (Lean.Literal.natVal 45)))
                (Lean.Expr.app (Lean.Expr.const `instOfNatNat []) (Lean.Expr.lit (Lean.Literal.natVal 45))))))
          (Lean.Expr.lam
            `i
            (Lean.Expr.app
              (Lean.Expr.const `Fin [])
              (Lean.Expr.app
                (Lean.Expr.app
                  (Lean.Expr.app (Lean.Expr.const `OfNat.ofNat [Lean.Level.zero]) (Lean.Expr.const `Nat []))
                  (Lean.Expr.lit (Lean.Literal.natVal 45)))
                (Lean.Expr.app (Lean.Expr.const `instOfNatNat []) (Lean.Expr.lit (Lean.Literal.natVal 45)))))
            (Lean.Expr.app
              (Lean.Expr.app
                (Lean.Expr.const `NonUnitalSeminormedRing.toSeminormedAddCommGroup [Lean.Level.zero])
                (Lean.Expr.const `Complex []))
              (Lean.Expr.app
                (Lean.Expr.app
                  (Lean.Expr.const `NonUnitalSeminormedCommRing.toNonUnitalSeminormedRing [Lean.Level.zero])
                  (Lean.Expr.const `Complex []))
                (Lean.Expr.app
                  (Lean.Expr.app
                    (Lean.Expr.const `SeminormedCommRing.toNonUnitalSeminormedCommRing [Lean.Level.zero])
                    (Lean.Expr.const `Complex []))
                  (Lean.Expr.app
                    (Lean.Expr.app
                      (Lean.Expr.const `NormedCommRing.toSeminormedCommRing [Lean.Level.zero])
                      (Lean.Expr.const `Complex []))
                    (Lean.Expr.app
                      (Lean.Expr.app
                        (Lean.Expr.const `NormedField.toNormedCommRing [Lean.Level.zero])
                        (Lean.Expr.const `Complex []))
                      (Lean.Expr.const `Complex.instNormedField []))))))
            (Lean.BinderInfo.default)))
        (Lean.Expr.lam
          `i
          (Lean.Expr.app
            (Lean.Expr.const `Fin [])
            (Lean.Expr.app
              (Lean.Expr.app
                (Lean.Expr.app (Lean.Expr.const `OfNat.ofNat [Lean.Level.zero]) (Lean.Expr.const `Nat []))
                (Lean.Expr.lit (Lean.Literal.natVal 45)))
              (Lean.Expr.app (Lean.Expr.const `instOfNatNat []) (Lean.Expr.lit (Lean.Literal.natVal 45)))))
          (Lean.Expr.app
            (Lean.Expr.app (Lean.Expr.const `NormedField.toNormedSpace [Lean.Level.zero]) (Lean.Expr.const `Complex []))
            (Lean.Expr.app
              (Lean.Expr.app
                (Lean.Expr.const `NontriviallyNormedField.toNormedField [Lean.Level.zero])
                (Lean.Expr.const `Complex []))
              (Lean.Expr.app
                (Lean.Expr.app
                  (Lean.Expr.const `DenselyNormedField.toNontriviallyNormedField [Lean.Level.zero])
                  (Lean.Expr.const `Complex []))
                (Lean.Expr.const `Complex.instDenselyNormedField []))))
          (Lean.BinderInfo.default))))
    (Lean.Expr.app
      (Lean.Expr.app
        (Lean.Expr.const `Top.top [Lean.Level.zero])
        (Lean.Expr.app (Lean.Expr.const `WithTop [Lean.Level.zero]) (Lean.Expr.const `ENat [])))
      (Lean.Expr.app (Lean.Expr.const `WithTop.top [Lean.Level.zero]) (Lean.Expr.const `ENat []))))
  (Lean.Expr.const `NLA.MF14Degree44.coefficientMap [])
LEVELJSON NLA.MF14Degree44.coefficient_map_smooth []
TYPEJSON NLA.MF14Degree44.coefficient_jacobian_identity Lean.Expr.app
  (Lean.Expr.app
    (Lean.Expr.app
      (Lean.Expr.const `Eq [Lean.Level.succ (Lean.Level.zero)])
      (Lean.Expr.app
        (Lean.Expr.app
          (Lean.Expr.app
            (Lean.Expr.const `Matrix [Lean.Level.zero, Lean.Level.zero, Lean.Level.zero])
            (Lean.Expr.app
              (Lean.Expr.const `Fin [])
              (Lean.Expr.app
                (Lean.Expr.app
                  (Lean.Expr.app (Lean.Expr.const `OfNat.ofNat [Lean.Level.zero]) (Lean.Expr.const `Nat []))
                  (Lean.Expr.lit (Lean.Literal.natVal 45)))
                (Lean.Expr.app (Lean.Expr.const `instOfNatNat []) (Lean.Expr.lit (Lean.Literal.natVal 45))))))
          (Lean.Expr.app
            (Lean.Expr.const `Fin [])
            (Lean.Expr.app
              (Lean.Expr.app
                (Lean.Expr.app (Lean.Expr.const `OfNat.ofNat [Lean.Level.zero]) (Lean.Expr.const `Nat []))
                (Lean.Expr.lit (Lean.Literal.natVal 45)))
              (Lean.Expr.app (Lean.Expr.const `instOfNatNat []) (Lean.Expr.lit (Lean.Literal.natVal 45))))))
        (Lean.Expr.const `Complex [])))
    (Lean.Expr.app
      (Lean.Expr.app
        (Lean.Expr.app
          (Lean.Expr.const `NLA.MF14Degree44.jacobianAt [])
          (Lean.Expr.app
            (Lean.Expr.app
              (Lean.Expr.app (Lean.Expr.const `OfNat.ofNat [Lean.Level.zero]) (Lean.Expr.const `Nat []))
              (Lean.Expr.lit (Lean.Literal.natVal 45)))
            (Lean.Expr.app (Lean.Expr.const `instOfNatNat []) (Lean.Expr.lit (Lean.Literal.natVal 45)))))
        (Lean.Expr.const `NLA.MF14Degree44.coefficientMap []))
      (Lean.Expr.const `NLA.MF14Degree44.basePoint [])))
  (Lean.Expr.lam
    `i
    (Lean.Expr.app
      (Lean.Expr.const `Fin [])
      (Lean.Expr.app
        (Lean.Expr.app
          (Lean.Expr.app (Lean.Expr.const `OfNat.ofNat [Lean.Level.zero]) (Lean.Expr.const `Nat []))
          (Lean.Expr.lit (Lean.Literal.natVal 45)))
        (Lean.Expr.app (Lean.Expr.const `instOfNatNat []) (Lean.Expr.lit (Lean.Literal.natVal 45)))))
    (Lean.Expr.lam
      `j
      (Lean.Expr.app
        (Lean.Expr.const `Fin [])
        (Lean.Expr.app
          (Lean.Expr.app
            (Lean.Expr.app (Lean.Expr.const `OfNat.ofNat [Lean.Level.zero]) (Lean.Expr.const `Nat []))
            (Lean.Expr.lit (Lean.Literal.natVal 45)))
          (Lean.Expr.app (Lean.Expr.const `instOfNatNat []) (Lean.Expr.lit (Lean.Literal.natVal 45)))))
      (Lean.Expr.app
        (Lean.Expr.app
          (Lean.Expr.app (Lean.Expr.const `Int.cast [Lean.Level.zero]) (Lean.Expr.const `Complex []))
          (Lean.Expr.const `Complex.instIntCast []))
        (Lean.Expr.app
          (Lean.Expr.app (Lean.Expr.const `NLA.MF14Degree44.integerJacobian []) (Lean.Expr.bvar 1))
          (Lean.Expr.bvar 0)))
      (Lean.BinderInfo.default))
    (Lean.BinderInfo.default))
LEVELJSON NLA.MF14Degree44.coefficient_jacobian_identity []
TYPEJSON NLA.MF14Degree44.integer_jacobian_mod3_inverse Lean.Expr.app
  (Lean.Expr.app
    (Lean.Expr.const `Exists [Lean.Level.succ (Lean.Level.zero)])
    (Lean.Expr.app
      (Lean.Expr.app
        (Lean.Expr.app
          (Lean.Expr.const `Matrix [Lean.Level.zero, Lean.Level.zero, Lean.Level.zero])
          (Lean.Expr.app
            (Lean.Expr.const `Fin [])
            (Lean.Expr.app
              (Lean.Expr.app
                (Lean.Expr.app (Lean.Expr.const `OfNat.ofNat [Lean.Level.zero]) (Lean.Expr.const `Nat []))
                (Lean.Expr.lit (Lean.Literal.natVal 45)))
              (Lean.Expr.app (Lean.Expr.const `instOfNatNat []) (Lean.Expr.lit (Lean.Literal.natVal 45))))))
        (Lean.Expr.app
          (Lean.Expr.const `Fin [])
          (Lean.Expr.app
            (Lean.Expr.app
              (Lean.Expr.app (Lean.Expr.const `OfNat.ofNat [Lean.Level.zero]) (Lean.Expr.const `Nat []))
              (Lean.Expr.lit (Lean.Literal.natVal 45)))
            (Lean.Expr.app (Lean.Expr.const `instOfNatNat []) (Lean.Expr.lit (Lean.Literal.natVal 45))))))
      (Lean.Expr.app
        (Lean.Expr.const `ZMod [])
        (Lean.Expr.app
          (Lean.Expr.app
            (Lean.Expr.app (Lean.Expr.const `OfNat.ofNat [Lean.Level.zero]) (Lean.Expr.const `Nat []))
            (Lean.Expr.lit (Lean.Literal.natVal 3)))
          (Lean.Expr.app (Lean.Expr.const `instOfNatNat []) (Lean.Expr.lit (Lean.Literal.natVal 3)))))))
  (Lean.Expr.lam
    `B
    (Lean.Expr.app
      (Lean.Expr.app
        (Lean.Expr.app
          (Lean.Expr.const `Matrix [Lean.Level.zero, Lean.Level.zero, Lean.Level.zero])
          (Lean.Expr.app
            (Lean.Expr.const `Fin [])
            (Lean.Expr.app
              (Lean.Expr.app
                (Lean.Expr.app (Lean.Expr.const `OfNat.ofNat [Lean.Level.zero]) (Lean.Expr.const `Nat []))
                (Lean.Expr.lit (Lean.Literal.natVal 45)))
              (Lean.Expr.app (Lean.Expr.const `instOfNatNat []) (Lean.Expr.lit (Lean.Literal.natVal 45))))))
        (Lean.Expr.app
          (Lean.Expr.const `Fin [])
          (Lean.Expr.app
            (Lean.Expr.app
              (Lean.Expr.app (Lean.Expr.const `OfNat.ofNat [Lean.Level.zero]) (Lean.Expr.const `Nat []))
              (Lean.Expr.lit (Lean.Literal.natVal 45)))
            (Lean.Expr.app (Lean.Expr.const `instOfNatNat []) (Lean.Expr.lit (Lean.Literal.natVal 45))))))
      (Lean.Expr.app
        (Lean.Expr.const `ZMod [])
        (Lean.Expr.app
          (Lean.Expr.app
            (Lean.Expr.app (Lean.Expr.const `OfNat.ofNat [Lean.Level.zero]) (Lean.Expr.const `Nat []))
            (Lean.Expr.lit (Lean.Literal.natVal 3)))
          (Lean.Expr.app (Lean.Expr.const `instOfNatNat []) (Lean.Expr.lit (Lean.Literal.natVal 3))))))
    (Lean.Expr.app
      (Lean.Expr.app
        (Lean.Expr.app
          (Lean.Expr.const `Eq [Lean.Level.succ (Lean.Level.zero)])
          (Lean.Expr.app
            (Lean.Expr.app
              (Lean.Expr.app
                (Lean.Expr.const `Matrix [Lean.Level.zero, Lean.Level.zero, Lean.Level.zero])
                (Lean.Expr.app
                  (Lean.Expr.const `Fin [])
                  (Lean.Expr.app
                    (Lean.Expr.app
                      (Lean.Expr.app (Lean.Expr.const `OfNat.ofNat [Lean.Level.zero]) (Lean.Expr.const `Nat []))
                      (Lean.Expr.lit (Lean.Literal.natVal 45)))
                    (Lean.Expr.app (Lean.Expr.const `instOfNatNat []) (Lean.Expr.lit (Lean.Literal.natVal 45))))))
              (Lean.Expr.app
                (Lean.Expr.const `Fin [])
                (Lean.Expr.app
                  (Lean.Expr.app
                    (Lean.Expr.app (Lean.Expr.const `OfNat.ofNat [Lean.Level.zero]) (Lean.Expr.const `Nat []))
                    (Lean.Expr.lit (Lean.Literal.natVal 45)))
                  (Lean.Expr.app (Lean.Expr.const `instOfNatNat []) (Lean.Expr.lit (Lean.Literal.natVal 45))))))
            (Lean.Expr.app
              (Lean.Expr.const `ZMod [])
              (Lean.Expr.app
                (Lean.Expr.app
                  (Lean.Expr.app (Lean.Expr.const `OfNat.ofNat [Lean.Level.zero]) (Lean.Expr.const `Nat []))
                  (Lean.Expr.lit (Lean.Literal.natVal 3)))
                (Lean.Expr.app (Lean.Expr.const `instOfNatNat []) (Lean.Expr.lit (Lean.Literal.natVal 3)))))))
        (Lean.Expr.app
          (Lean.Expr.app
            (Lean.Expr.app
              (Lean.Expr.app
                (Lean.Expr.app
                  (Lean.Expr.app
                    (Lean.Expr.const `HMul.hMul [Lean.Level.zero, Lean.Level.zero, Lean.Level.zero])
                    (Lean.Expr.app
                      (Lean.Expr.app
                        (Lean.Expr.app
                          (Lean.Expr.const `Matrix [Lean.Level.zero, Lean.Level.zero, Lean.Level.zero])
                          (Lean.Expr.app
                            (Lean.Expr.const `Fin [])
                            (Lean.Expr.app
                              (Lean.Expr.app
                                (Lean.Expr.app
                                  (Lean.Expr.const `OfNat.ofNat [Lean.Level.zero])
                                  (Lean.Expr.const `Nat []))
                                (Lean.Expr.lit (Lean.Literal.natVal 45)))
                              (Lean.Expr.app
                                (Lean.Expr.const `instOfNatNat [])
                                (Lean.Expr.lit (Lean.Literal.natVal 45))))))
                        (Lean.Expr.app
                          (Lean.Expr.const `Fin [])
                          (Lean.Expr.app
                            (Lean.Expr.app
                              (Lean.Expr.app (Lean.Expr.const `OfNat.ofNat [Lean.Level.zero]) (Lean.Expr.const `Nat []))
                              (Lean.Expr.lit (Lean.Literal.natVal 45)))
                            (Lean.Expr.app
                              (Lean.Expr.const `instOfNatNat [])
                              (Lean.Expr.lit (Lean.Literal.natVal 45))))))
                      (Lean.Expr.app
                        (Lean.Expr.const `ZMod [])
                        (Lean.Expr.app
                          (Lean.Expr.app
                            (Lean.Expr.app (Lean.Expr.const `OfNat.ofNat [Lean.Level.zero]) (Lean.Expr.const `Nat []))
                            (Lean.Expr.lit (Lean.Literal.natVal 3)))
                          (Lean.Expr.app (Lean.Expr.const `instOfNatNat []) (Lean.Expr.lit (Lean.Literal.natVal 3)))))))
                  (Lean.Expr.app
                    (Lean.Expr.app
                      (Lean.Expr.app
                        (Lean.Expr.const `Matrix [Lean.Level.zero, Lean.Level.zero, Lean.Level.zero])
                        (Lean.Expr.app
                          (Lean.Expr.const `Fin [])
                          (Lean.Expr.app
                            (Lean.Expr.app
                              (Lean.Expr.app (Lean.Expr.const `OfNat.ofNat [Lean.Level.zero]) (Lean.Expr.const `Nat []))
                              (Lean.Expr.lit (Lean.Literal.natVal 45)))
                            (Lean.Expr.app
                              (Lean.Expr.const `instOfNatNat [])
                              (Lean.Expr.lit (Lean.Literal.natVal 45))))))
                      (Lean.Expr.app
                        (Lean.Expr.const `Fin [])
                        (Lean.Expr.app
                          (Lean.Expr.app
                            (Lean.Expr.app (Lean.Expr.const `OfNat.ofNat [Lean.Level.zero]) (Lean.Expr.const `Nat []))
                            (Lean.Expr.lit (Lean.Literal.natVal 45)))
                          (Lean.Expr.app (Lean.Expr.const `instOfNatNat []) (Lean.Expr.lit (Lean.Literal.natVal 45))))))
                    (Lean.Expr.app
                      (Lean.Expr.const `ZMod [])
                      (Lean.Expr.app
                        (Lean.Expr.app
                          (Lean.Expr.app (Lean.Expr.const `OfNat.ofNat [Lean.Level.zero]) (Lean.Expr.const `Nat []))
                          (Lean.Expr.lit (Lean.Literal.natVal 3)))
                        (Lean.Expr.app (Lean.Expr.const `instOfNatNat []) (Lean.Expr.lit (Lean.Literal.natVal 3)))))))
                (Lean.Expr.app
                  (Lean.Expr.app
                    (Lean.Expr.app
                      (Lean.Expr.const `Matrix [Lean.Level.zero, Lean.Level.zero, Lean.Level.zero])
                      (Lean.Expr.app
                        (Lean.Expr.const `Fin [])
                        (Lean.Expr.app
                          (Lean.Expr.app
                            (Lean.Expr.app (Lean.Expr.const `OfNat.ofNat [Lean.Level.zero]) (Lean.Expr.const `Nat []))
                            (Lean.Expr.lit (Lean.Literal.natVal 45)))
                          (Lean.Expr.app (Lean.Expr.const `instOfNatNat []) (Lean.Expr.lit (Lean.Literal.natVal 45))))))
                    (Lean.Expr.app
                      (Lean.Expr.const `Fin [])
                      (Lean.Expr.app
                        (Lean.Expr.app
                          (Lean.Expr.app (Lean.Expr.const `OfNat.ofNat [Lean.Level.zero]) (Lean.Expr.const `Nat []))
                          (Lean.Expr.lit (Lean.Literal.natVal 45)))
                        (Lean.Expr.app (Lean.Expr.const `instOfNatNat []) (Lean.Expr.lit (Lean.Literal.natVal 45))))))
                  (Lean.Expr.app
                    (Lean.Expr.const `ZMod [])
                    (Lean.Expr.app
                      (Lean.Expr.app
                        (Lean.Expr.app (Lean.Expr.const `OfNat.ofNat [Lean.Level.zero]) (Lean.Expr.const `Nat []))
                        (Lean.Expr.lit (Lean.Literal.natVal 3)))
                      (Lean.Expr.app (Lean.Expr.const `instOfNatNat []) (Lean.Expr.lit (Lean.Literal.natVal 3)))))))
              (Lean.Expr.app
                (Lean.Expr.app
                  (Lean.Expr.app
                    (Lean.Expr.app
                      (Lean.Expr.app
                        (Lean.Expr.app
                          (Lean.Expr.app
                            (Lean.Expr.const
                              `Matrix.instHMulOfFintypeOfMulOfAddCommMonoid
                              [Lean.Level.zero, Lean.Level.zero, Lean.Level.zero, Lean.Level.zero])
                            (Lean.Expr.app
                              (Lean.Expr.const `Fin [])
                              (Lean.Expr.app
                                (Lean.Expr.app
                                  (Lean.Expr.app
                                    (Lean.Expr.const `OfNat.ofNat [Lean.Level.zero])
                                    (Lean.Expr.const `Nat []))
                                  (Lean.Expr.lit (Lean.Literal.natVal 45)))
                                (Lean.Expr.app
                                  (Lean.Expr.const `instOfNatNat [])
                                  (Lean.Expr.lit (Lean.Literal.natVal 45))))))
                          (Lean.Expr.app
                            (Lean.Expr.const `Fin [])
                            (Lean.Expr.app
                              (Lean.Expr.app
                                (Lean.Expr.app
                                  (Lean.Expr.const `OfNat.ofNat [Lean.Level.zero])
                                  (Lean.Expr.const `Nat []))
                                (Lean.Expr.lit (Lean.Literal.natVal 45)))
                              (Lean.Expr.app
                                (Lean.Expr.const `instOfNatNat [])
                                (Lean.Expr.lit (Lean.Literal.natVal 45))))))
                        (Lean.Expr.app
                          (Lean.Expr.const `Fin [])
                          (Lean.Expr.app
                            (Lean.Expr.app
                              (Lean.Expr.app (Lean.Expr.const `OfNat.ofNat [Lean.Level.zero]) (Lean.Expr.const `Nat []))
                              (Lean.Expr.lit (Lean.Literal.natVal 45)))
                            (Lean.Expr.app
                              (Lean.Expr.const `instOfNatNat [])
                              (Lean.Expr.lit (Lean.Literal.natVal 45))))))
                      (Lean.Expr.app
                        (Lean.Expr.const `ZMod [])
                        (Lean.Expr.app
                          (Lean.Expr.app
                            (Lean.Expr.app (Lean.Expr.const `OfNat.ofNat [Lean.Level.zero]) (Lean.Expr.const `Nat []))
                            (Lean.Expr.lit (Lean.Literal.natVal 3)))
                          (Lean.Expr.app (Lean.Expr.const `instOfNatNat []) (Lean.Expr.lit (Lean.Literal.natVal 3))))))
                    (Lean.Expr.app
                      (Lean.Expr.const `Fin.fintype [])
                      (Lean.Expr.app
                        (Lean.Expr.app
                          (Lean.Expr.app (Lean.Expr.const `OfNat.ofNat [Lean.Level.zero]) (Lean.Expr.const `Nat []))
                          (Lean.Expr.lit (Lean.Literal.natVal 45)))
                        (Lean.Expr.app (Lean.Expr.const `instOfNatNat []) (Lean.Expr.lit (Lean.Literal.natVal 45))))))
                  (Lean.Expr.app
                    (Lean.Expr.app
                      (Lean.Expr.const `Distrib.toMul [Lean.Level.zero])
                      (Lean.Expr.app
                        (Lean.Expr.const `ZMod [])
                        (Lean.Expr.app
                          (Lean.Expr.app
                            (Lean.Expr.app (Lean.Expr.const `OfNat.ofNat [Lean.Level.zero]) (Lean.Expr.const `Nat []))
                            (Lean.Expr.lit (Lean.Literal.natVal 3)))
                          (Lean.Expr.app (Lean.Expr.const `instOfNatNat []) (Lean.Expr.lit (Lean.Literal.natVal 3))))))
                    (Lean.Expr.app
                      (Lean.Expr.app
                        (Lean.Expr.const `instDistribOfSemiring [Lean.Level.zero])
                        (Lean.Expr.app
                          (Lean.Expr.const `ZMod [])
                          (Lean.Expr.app
                            (Lean.Expr.app
                              (Lean.Expr.app (Lean.Expr.const `OfNat.ofNat [Lean.Level.zero]) (Lean.Expr.const `Nat []))
                              (Lean.Expr.lit (Lean.Literal.natVal 3)))
                            (Lean.Expr.app
                              (Lean.Expr.const `instOfNatNat [])
                              (Lean.Expr.lit (Lean.Literal.natVal 3))))))
                      (Lean.Expr.app
                        (Lean.Expr.app
                          (Lean.Expr.const `CommSemiring.toSemiring [Lean.Level.zero])
                          (Lean.Expr.app
                            (Lean.Expr.const `ZMod [])
                            (Lean.Expr.app
                              (Lean.Expr.app
                                (Lean.Expr.app
                                  (Lean.Expr.const `OfNat.ofNat [Lean.Level.zero])
                                  (Lean.Expr.const `Nat []))
                                (Lean.Expr.lit (Lean.Literal.natVal 3)))
                              (Lean.Expr.app
                                (Lean.Expr.const `instOfNatNat [])
                                (Lean.Expr.lit (Lean.Literal.natVal 3))))))
                        (Lean.Expr.app
                          (Lean.Expr.app
                            (Lean.Expr.const `CommRing.toCommSemiring [Lean.Level.zero])
                            (Lean.Expr.app
                              (Lean.Expr.const `ZMod [])
                              (Lean.Expr.app
                                (Lean.Expr.app
                                  (Lean.Expr.app
                                    (Lean.Expr.const `OfNat.ofNat [Lean.Level.zero])
                                    (Lean.Expr.const `Nat []))
                                  (Lean.Expr.lit (Lean.Literal.natVal 3)))
                                (Lean.Expr.app
                                  (Lean.Expr.const `instOfNatNat [])
                                  (Lean.Expr.lit (Lean.Literal.natVal 3))))))
                          (Lean.Expr.app
                            (Lean.Expr.const `ZMod.commRing [])
                            (Lean.Expr.app
                              (Lean.Expr.app
                                (Lean.Expr.app
                                  (Lean.Expr.const `OfNat.ofNat [Lean.Level.zero])
                                  (Lean.Expr.const `Nat []))
                                (Lean.Expr.lit (Lean.Literal.natVal 3)))
                              (Lean.Expr.app
                                (Lean.Expr.const `instOfNatNat [])
                                (Lean.Expr.lit (Lean.Literal.natVal 3))))))))))
                (Lean.Expr.app
                  (Lean.Expr.app
                    (Lean.Expr.const `Semiring.toAddCommMonoid [Lean.Level.zero])
                    (Lean.Expr.app
                      (Lean.Expr.const `ZMod [])
                      (Lean.Expr.app
                        (Lean.Expr.app
                          (Lean.Expr.app (Lean.Expr.const `OfNat.ofNat [Lean.Level.zero]) (Lean.Expr.const `Nat []))
                          (Lean.Expr.lit (Lean.Literal.natVal 3)))
                        (Lean.Expr.app (Lean.Expr.const `instOfNatNat []) (Lean.Expr.lit (Lean.Literal.natVal 3))))))
                  (Lean.Expr.app
                    (Lean.Expr.app
                      (Lean.Expr.const `CommSemiring.toSemiring [Lean.Level.zero])
                      (Lean.Expr.app
                        (Lean.Expr.const `ZMod [])
                        (Lean.Expr.app
                          (Lean.Expr.app
                            (Lean.Expr.app (Lean.Expr.const `OfNat.ofNat [Lean.Level.zero]) (Lean.Expr.const `Nat []))
                            (Lean.Expr.lit (Lean.Literal.natVal 3)))
                          (Lean.Expr.app (Lean.Expr.const `instOfNatNat []) (Lean.Expr.lit (Lean.Literal.natVal 3))))))
                    (Lean.Expr.app
                      (Lean.Expr.app
                        (Lean.Expr.const `CommRing.toCommSemiring [Lean.Level.zero])
                        (Lean.Expr.app
                          (Lean.Expr.const `ZMod [])
                          (Lean.Expr.app
                            (Lean.Expr.app
                              (Lean.Expr.app (Lean.Expr.const `OfNat.ofNat [Lean.Level.zero]) (Lean.Expr.const `Nat []))
                              (Lean.Expr.lit (Lean.Literal.natVal 3)))
                            (Lean.Expr.app
                              (Lean.Expr.const `instOfNatNat [])
                              (Lean.Expr.lit (Lean.Literal.natVal 3))))))
                      (Lean.Expr.app
                        (Lean.Expr.const `ZMod.commRing [])
                        (Lean.Expr.app
                          (Lean.Expr.app
                            (Lean.Expr.app (Lean.Expr.const `OfNat.ofNat [Lean.Level.zero]) (Lean.Expr.const `Nat []))
                            (Lean.Expr.lit (Lean.Literal.natVal 3)))
                          (Lean.Expr.app
                            (Lean.Expr.const `instOfNatNat [])
                            (Lean.Expr.lit (Lean.Literal.natVal 3))))))))))
            (Lean.Expr.const `NLA.MF14Degree44.integerJacobianMod3 []))
          (Lean.Expr.bvar 0)))
      (Lean.Expr.app
        (Lean.Expr.app
          (Lean.Expr.app
            (Lean.Expr.const `OfNat.ofNat [Lean.Level.zero])
            (Lean.Expr.app
              (Lean.Expr.app
                (Lean.Expr.app
                  (Lean.Expr.const `Matrix [Lean.Level.zero, Lean.Level.zero, Lean.Level.zero])
                  (Lean.Expr.app
                    (Lean.Expr.const `Fin [])
                    (Lean.Expr.app
                      (Lean.Expr.app
                        (Lean.Expr.app (Lean.Expr.const `OfNat.ofNat [Lean.Level.zero]) (Lean.Expr.const `Nat []))
                        (Lean.Expr.lit (Lean.Literal.natVal 45)))
                      (Lean.Expr.app (Lean.Expr.const `instOfNatNat []) (Lean.Expr.lit (Lean.Literal.natVal 45))))))
                (Lean.Expr.app
                  (Lean.Expr.const `Fin [])
                  (Lean.Expr.app
                    (Lean.Expr.app
                      (Lean.Expr.app (Lean.Expr.const `OfNat.ofNat [Lean.Level.zero]) (Lean.Expr.const `Nat []))
                      (Lean.Expr.lit (Lean.Literal.natVal 45)))
                    (Lean.Expr.app (Lean.Expr.const `instOfNatNat []) (Lean.Expr.lit (Lean.Literal.natVal 45))))))
              (Lean.Expr.app
                (Lean.Expr.const `ZMod [])
                (Lean.Expr.app
                  (Lean.Expr.app
                    (Lean.Expr.app (Lean.Expr.const `OfNat.ofNat [Lean.Level.zero]) (Lean.Expr.const `Nat []))
                    (Lean.Expr.lit (Lean.Literal.natVal 3)))
                  (Lean.Expr.app (Lean.Expr.const `instOfNatNat []) (Lean.Expr.lit (Lean.Literal.natVal 3)))))))
          (Lean.Expr.lit (Lean.Literal.natVal 1)))
        (Lean.Expr.app
          (Lean.Expr.app
            (Lean.Expr.const `One.toOfNat1 [Lean.Level.zero])
            (Lean.Expr.app
              (Lean.Expr.app
                (Lean.Expr.app
                  (Lean.Expr.const `Matrix [Lean.Level.zero, Lean.Level.zero, Lean.Level.zero])
                  (Lean.Expr.app
                    (Lean.Expr.const `Fin [])
                    (Lean.Expr.app
                      (Lean.Expr.app
                        (Lean.Expr.app (Lean.Expr.const `OfNat.ofNat [Lean.Level.zero]) (Lean.Expr.const `Nat []))
                        (Lean.Expr.lit (Lean.Literal.natVal 45)))
                      (Lean.Expr.app (Lean.Expr.const `instOfNatNat []) (Lean.Expr.lit (Lean.Literal.natVal 45))))))
                (Lean.Expr.app
                  (Lean.Expr.const `Fin [])
                  (Lean.Expr.app
                    (Lean.Expr.app
                      (Lean.Expr.app (Lean.Expr.const `OfNat.ofNat [Lean.Level.zero]) (Lean.Expr.const `Nat []))
                      (Lean.Expr.lit (Lean.Literal.natVal 45)))
                    (Lean.Expr.app (Lean.Expr.const `instOfNatNat []) (Lean.Expr.lit (Lean.Literal.natVal 45))))))
              (Lean.Expr.app
                (Lean.Expr.const `ZMod [])
                (Lean.Expr.app
                  (Lean.Expr.app
                    (Lean.Expr.app (Lean.Expr.const `OfNat.ofNat [Lean.Level.zero]) (Lean.Expr.const `Nat []))
                    (Lean.Expr.lit (Lean.Literal.natVal 3)))
                  (Lean.Expr.app (Lean.Expr.const `instOfNatNat []) (Lean.Expr.lit (Lean.Literal.natVal 3)))))))
          (Lean.Expr.app
            (Lean.Expr.app
              (Lean.Expr.app
                (Lean.Expr.app
                  (Lean.Expr.app
                    (Lean.Expr.const `Matrix.one [Lean.Level.zero, Lean.Level.zero])
                    (Lean.Expr.app
                      (Lean.Expr.const `Fin [])
                      (Lean.Expr.app
                        (Lean.Expr.app
                          (Lean.Expr.app (Lean.Expr.const `OfNat.ofNat [Lean.Level.zero]) (Lean.Expr.const `Nat []))
                          (Lean.Expr.lit (Lean.Literal.natVal 45)))
                        (Lean.Expr.app (Lean.Expr.const `instOfNatNat []) (Lean.Expr.lit (Lean.Literal.natVal 45))))))
                  (Lean.Expr.app
                    (Lean.Expr.const `ZMod [])
                    (Lean.Expr.app
                      (Lean.Expr.app
                        (Lean.Expr.app (Lean.Expr.const `OfNat.ofNat [Lean.Level.zero]) (Lean.Expr.const `Nat []))
                        (Lean.Expr.lit (Lean.Literal.natVal 3)))
                      (Lean.Expr.app (Lean.Expr.const `instOfNatNat []) (Lean.Expr.lit (Lean.Literal.natVal 3))))))
                (Lean.Expr.app
                  (Lean.Expr.const `instDecidableEqFin [])
                  (Lean.Expr.app
                    (Lean.Expr.app
                      (Lean.Expr.app (Lean.Expr.const `OfNat.ofNat [Lean.Level.zero]) (Lean.Expr.const `Nat []))
                      (Lean.Expr.lit (Lean.Literal.natVal 45)))
                    (Lean.Expr.app (Lean.Expr.const `instOfNatNat []) (Lean.Expr.lit (Lean.Literal.natVal 45))))))
              (Lean.Expr.app
                (Lean.Expr.app
                  (Lean.Expr.const `MulZeroClass.toZero [Lean.Level.zero])
                  (Lean.Expr.app
                    (Lean.Expr.const `ZMod [])
                    (Lean.Expr.app
                      (Lean.Expr.app
                        (Lean.Expr.app (Lean.Expr.const `OfNat.ofNat [Lean.Level.zero]) (Lean.Expr.const `Nat []))
                        (Lean.Expr.lit (Lean.Literal.natVal 3)))
                      (Lean.Expr.app (Lean.Expr.const `instOfNatNat []) (Lean.Expr.lit (Lean.Literal.natVal 3))))))
                (Lean.Expr.app
                  (Lean.Expr.app
                    (Lean.Expr.const `instMulZeroClassOfSemiring [Lean.Level.zero])
                    (Lean.Expr.app
                      (Lean.Expr.const `ZMod [])
                      (Lean.Expr.app
                        (Lean.Expr.app
                          (Lean.Expr.app (Lean.Expr.const `OfNat.ofNat [Lean.Level.zero]) (Lean.Expr.const `Nat []))
                          (Lean.Expr.lit (Lean.Literal.natVal 3)))
                        (Lean.Expr.app (Lean.Expr.const `instOfNatNat []) (Lean.Expr.lit (Lean.Literal.natVal 3))))))
                  (Lean.Expr.app
                    (Lean.Expr.app
                      (Lean.Expr.const `CommSemiring.toSemiring [Lean.Level.zero])
                      (Lean.Expr.app
                        (Lean.Expr.const `ZMod [])
                        (Lean.Expr.app
                          (Lean.Expr.app
                            (Lean.Expr.app (Lean.Expr.const `OfNat.ofNat [Lean.Level.zero]) (Lean.Expr.const `Nat []))
                            (Lean.Expr.lit (Lean.Literal.natVal 3)))
                          (Lean.Expr.app (Lean.Expr.const `instOfNatNat []) (Lean.Expr.lit (Lean.Literal.natVal 3))))))
                    (Lean.Expr.app
                      (Lean.Expr.app
                        (Lean.Expr.const `CommRing.toCommSemiring [Lean.Level.zero])
                        (Lean.Expr.app
                          (Lean.Expr.const `ZMod [])
                          (Lean.Expr.app
                            (Lean.Expr.app
                              (Lean.Expr.app (Lean.Expr.const `OfNat.ofNat [Lean.Level.zero]) (Lean.Expr.const `Nat []))
                              (Lean.Expr.lit (Lean.Literal.natVal 3)))
                            (Lean.Expr.app
                              (Lean.Expr.const `instOfNatNat [])
                              (Lean.Expr.lit (Lean.Literal.natVal 3))))))
                      (Lean.Expr.app
                        (Lean.Expr.const `ZMod.commRing [])
                        (Lean.Expr.app
                          (Lean.Expr.app
                            (Lean.Expr.app (Lean.Expr.const `OfNat.ofNat [Lean.Level.zero]) (Lean.Expr.const `Nat []))
                            (Lean.Expr.lit (Lean.Literal.natVal 3)))
                          (Lean.Expr.app
                            (Lean.Expr.const `instOfNatNat [])
                            (Lean.Expr.lit (Lean.Literal.natVal 3))))))))))
            (Lean.Expr.app
              (Lean.Expr.app
                (Lean.Expr.const `AddMonoidWithOne.toOne [Lean.Level.zero])
                (Lean.Expr.app
                  (Lean.Expr.const `ZMod [])
                  (Lean.Expr.app
                    (Lean.Expr.app
                      (Lean.Expr.app (Lean.Expr.const `OfNat.ofNat [Lean.Level.zero]) (Lean.Expr.const `Nat []))
                      (Lean.Expr.lit (Lean.Literal.natVal 3)))
                    (Lean.Expr.app (Lean.Expr.const `instOfNatNat []) (Lean.Expr.lit (Lean.Literal.natVal 3))))))
              (Lean.Expr.app
                (Lean.Expr.app
                  (Lean.Expr.const `AddGroupWithOne.toAddMonoidWithOne [Lean.Level.zero])
                  (Lean.Expr.app
                    (Lean.Expr.const `ZMod [])
                    (Lean.Expr.app
                      (Lean.Expr.app
                        (Lean.Expr.app (Lean.Expr.const `OfNat.ofNat [Lean.Level.zero]) (Lean.Expr.const `Nat []))
                        (Lean.Expr.lit (Lean.Literal.natVal 3)))
                      (Lean.Expr.app (Lean.Expr.const `instOfNatNat []) (Lean.Expr.lit (Lean.Literal.natVal 3))))))
                (Lean.Expr.app
                  (Lean.Expr.app
                    (Lean.Expr.const `Ring.toAddGroupWithOne [Lean.Level.zero])
                    (Lean.Expr.app
                      (Lean.Expr.const `ZMod [])
                      (Lean.Expr.app
                        (Lean.Expr.app
                          (Lean.Expr.app (Lean.Expr.const `OfNat.ofNat [Lean.Level.zero]) (Lean.Expr.const `Nat []))
                          (Lean.Expr.lit (Lean.Literal.natVal 3)))
                        (Lean.Expr.app (Lean.Expr.const `instOfNatNat []) (Lean.Expr.lit (Lean.Literal.natVal 3))))))
                  (Lean.Expr.app
                    (Lean.Expr.app
                      (Lean.Expr.const `CommRing.toRing [Lean.Level.zero])
                      (Lean.Expr.app
                        (Lean.Expr.const `ZMod [])
                        (Lean.Expr.app
                          (Lean.Expr.app
                            (Lean.Expr.app (Lean.Expr.const `OfNat.ofNat [Lean.Level.zero]) (Lean.Expr.const `Nat []))
                            (Lean.Expr.lit (Lean.Literal.natVal 3)))
                          (Lean.Expr.app (Lean.Expr.const `instOfNatNat []) (Lean.Expr.lit (Lean.Literal.natVal 3))))))
                    (Lean.Expr.app
                      (Lean.Expr.const `ZMod.commRing [])
                      (Lean.Expr.app
                        (Lean.Expr.app
                          (Lean.Expr.app (Lean.Expr.const `OfNat.ofNat [Lean.Level.zero]) (Lean.Expr.const `Nat []))
                          (Lean.Expr.lit (Lean.Literal.natVal 3)))
                        (Lean.Expr.app
                          (Lean.Expr.const `instOfNatNat [])
                          (Lean.Expr.lit (Lean.Literal.natVal 3)))))))))))))
    (Lean.BinderInfo.default))
LEVELJSON NLA.MF14Degree44.integer_jacobian_mod3_inverse []
TYPEJSON NLA.MF14Degree44.coefficient_derivative_bijective Lean.Expr.app
  (Lean.Expr.app
    (Lean.Expr.app
      (Lean.Expr.const `Function.Bijective [Lean.Level.succ (Lean.Level.zero), Lean.Level.succ (Lean.Level.zero)])
      (Lean.Expr.const `NLA.MF14Degree44.Parameters []))
    (Lean.Expr.forallE
      (Lean.Name.mkNum `a._@._internal._hyg 0)
      (Lean.Expr.app
        (Lean.Expr.const `Fin [])
        (Lean.Expr.app
          (Lean.Expr.app
            (Lean.Expr.app (Lean.Expr.const `OfNat.ofNat [Lean.Level.zero]) (Lean.Expr.const `Nat []))
            (Lean.Expr.lit (Lean.Literal.natVal 45)))
          (Lean.Expr.app (Lean.Expr.const `instOfNatNat []) (Lean.Expr.lit (Lean.Literal.natVal 45)))))
      (Lean.Expr.const `Complex [])
      (Lean.BinderInfo.default)))
  (Lean.Expr.app
    (Lean.Expr.app
      (Lean.Expr.app
        (Lean.Expr.app
          (Lean.Expr.app
            (Lean.Expr.const
              `DFunLike.coe
              [Lean.Level.succ (Lean.Level.zero), Lean.Level.succ (Lean.Level.zero), Lean.Level.succ (Lean.Level.zero)])
            (Lean.Expr.app
              (Lean.Expr.app
                (Lean.Expr.app
                  (Lean.Expr.app
                    (Lean.Expr.app
                      (Lean.Expr.app
                        (Lean.Expr.app
                          (Lean.Expr.app
                            (Lean.Expr.app
                              (Lean.Expr.app
                                (Lean.Expr.app
                                  (Lean.Expr.app
                                    (Lean.Expr.app
                                      (Lean.Expr.const
                                        `ContinuousLinearMap
                                        [Lean.Level.zero, Lean.Level.zero, Lean.Level.zero, Lean.Level.zero])
                                      (Lean.Expr.const `Complex []))
                                    (Lean.Expr.const `Complex []))
                                  (Lean.Expr.app
                                    (Lean.Expr.app
                                      (Lean.Expr.const `DivisionSemiring.toSemiring [Lean.Level.zero])
                                      (Lean.Expr.const `Complex []))
                                    (Lean.Expr.app
                                      (Lean.Expr.app
                                        (Lean.Expr.const `Semifield.toDivisionSemiring [Lean.Level.zero])
                                        (Lean.Expr.const `Complex []))
                                      (Lean.Expr.app
                                        (Lean.Expr.app
                                          (Lean.Expr.const `Field.toSemifield [Lean.Level.zero])
                                          (Lean.Expr.const `Complex []))
                                        (Lean.Expr.app
                                          (Lean.Expr.app
                                            (Lean.Expr.const `NormedField.toField [Lean.Level.zero])
                                            (Lean.Expr.const `Complex []))
                                          (Lean.Expr.app
                                            (Lean.Expr.app
                                              (Lean.Expr.const `NontriviallyNormedField.toNormedField [Lean.Level.zero])
                                              (Lean.Expr.const `Complex []))
                                            (Lean.Expr.app
                                              (Lean.Expr.app
                                                (Lean.Expr.const
                                                  `DenselyNormedField.toNontriviallyNormedField
                                                  [Lean.Level.zero])
                                                (Lean.Expr.const `Complex []))
                                              (Lean.Expr.const `Complex.instDenselyNormedField []))))))))
                                (Lean.Expr.app
                                  (Lean.Expr.app
                                    (Lean.Expr.const `DivisionSemiring.toSemiring [Lean.Level.zero])
                                    (Lean.Expr.const `Complex []))
                                  (Lean.Expr.app
                                    (Lean.Expr.app
                                      (Lean.Expr.const `Semifield.toDivisionSemiring [Lean.Level.zero])
                                      (Lean.Expr.const `Complex []))
                                    (Lean.Expr.app
                                      (Lean.Expr.app
                                        (Lean.Expr.const `Field.toSemifield [Lean.Level.zero])
                                        (Lean.Expr.const `Complex []))
                                      (Lean.Expr.app
                                        (Lean.Expr.app
                                          (Lean.Expr.const `NormedField.toField [Lean.Level.zero])
                                          (Lean.Expr.const `Complex []))
                                        (Lean.Expr.app
                                          (Lean.Expr.app
                                            (Lean.Expr.const `NontriviallyNormedField.toNormedField [Lean.Level.zero])
                                            (Lean.Expr.const `Complex []))
                                          (Lean.Expr.app
                                            (Lean.Expr.app
                                              (Lean.Expr.const
                                                `DenselyNormedField.toNontriviallyNormedField
                                                [Lean.Level.zero])
                                              (Lean.Expr.const `Complex []))
                                            (Lean.Expr.const `Complex.instDenselyNormedField []))))))))
                              (Lean.Expr.app
                                (Lean.Expr.app
                                  (Lean.Expr.const `RingHom.id [Lean.Level.zero])
                                  (Lean.Expr.const `Complex []))
                                (Lean.Expr.app
                                  (Lean.Expr.app
                                    (Lean.Expr.const `Semiring.toNonAssocSemiring [Lean.Level.zero])
                                    (Lean.Expr.const `Complex []))
                                  (Lean.Expr.app
                                    (Lean.Expr.app
                                      (Lean.Expr.const `DivisionSemiring.toSemiring [Lean.Level.zero])
                                      (Lean.Expr.const `Complex []))
                                    (Lean.Expr.app
                                      (Lean.Expr.app
                                        (Lean.Expr.const `Semifield.toDivisionSemiring [Lean.Level.zero])
                                        (Lean.Expr.const `Complex []))
                                      (Lean.Expr.app
                                        (Lean.Expr.app
                                          (Lean.Expr.const `Field.toSemifield [Lean.Level.zero])
                                          (Lean.Expr.const `Complex []))
                                        (Lean.Expr.app
                                          (Lean.Expr.app
                                            (Lean.Expr.const `NormedField.toField [Lean.Level.zero])
                                            (Lean.Expr.const `Complex []))
                                          (Lean.Expr.app
                                            (Lean.Expr.app
                                              (Lean.Expr.const `NontriviallyNormedField.toNormedField [Lean.Level.zero])
                                              (Lean.Expr.const `Complex []))
                                            (Lean.Expr.app
                                              (Lean.Expr.app
                                                (Lean.Expr.const
                                                  `DenselyNormedField.toNontriviallyNormedField
                                                  [Lean.Level.zero])
                                                (Lean.Expr.const `Complex []))
                                              (Lean.Expr.const `Complex.instDenselyNormedField []))))))))))
                            (Lean.Expr.const `NLA.MF14Degree44.Parameters []))
                          (Lean.Expr.app
                            (Lean.Expr.app
                              (Lean.Expr.app
                                (Lean.Expr.const `Pi.topologicalSpace [Lean.Level.zero, Lean.Level.zero])
                                (Lean.Expr.app
                                  (Lean.Expr.const `Fin [])
                                  (Lean.Expr.app
                                    (Lean.Expr.app
                                      (Lean.Expr.app
                                        (Lean.Expr.const `OfNat.ofNat [Lean.Level.zero])
                                        (Lean.Expr.const `Nat []))
                                      (Lean.Expr.lit (Lean.Literal.natVal 45)))
                                    (Lean.Expr.app
                                      (Lean.Expr.const `instOfNatNat [])
                                      (Lean.Expr.lit (Lean.Literal.natVal 45))))))
                              (Lean.Expr.lam
                                (Lean.Name.mkNum `a._@._internal._hyg 0)
                                (Lean.Expr.app
                                  (Lean.Expr.const `Fin [])
                                  (Lean.Expr.app
                                    (Lean.Expr.app
                                      (Lean.Expr.app
                                        (Lean.Expr.const `OfNat.ofNat [Lean.Level.zero])
                                        (Lean.Expr.const `Nat []))
                                      (Lean.Expr.lit (Lean.Literal.natVal 45)))
                                    (Lean.Expr.app
                                      (Lean.Expr.const `instOfNatNat [])
                                      (Lean.Expr.lit (Lean.Literal.natVal 45)))))
                                (Lean.Expr.const `Complex [])
                                (Lean.BinderInfo.default)))
                            (Lean.Expr.lam
                              `i
                              (Lean.Expr.app
                                (Lean.Expr.const `Fin [])
                                (Lean.Expr.app
                                  (Lean.Expr.app
                                    (Lean.Expr.app
                                      (Lean.Expr.const `OfNat.ofNat [Lean.Level.zero])
                                      (Lean.Expr.const `Nat []))
                                    (Lean.Expr.lit (Lean.Literal.natVal 45)))
                                  (Lean.Expr.app
                                    (Lean.Expr.const `instOfNatNat [])
                                    (Lean.Expr.lit (Lean.Literal.natVal 45)))))
                              (Lean.Expr.app
                                (Lean.Expr.app
                                  (Lean.Expr.const `UniformSpace.toTopologicalSpace [Lean.Level.zero])
                                  (Lean.Expr.const `Complex []))
                                (Lean.Expr.app
                                  (Lean.Expr.app
                                    (Lean.Expr.const `PseudoMetricSpace.toUniformSpace [Lean.Level.zero])
                                    (Lean.Expr.const `Complex []))
                                  (Lean.Expr.app
                                    (Lean.Expr.app
                                      (Lean.Expr.const `SeminormedRing.toPseudoMetricSpace [Lean.Level.zero])
                                      (Lean.Expr.const `Complex []))
                                    (Lean.Expr.app
                                      (Lean.Expr.app
                                        (Lean.Expr.const `SeminormedCommRing.toSeminormedRing [Lean.Level.zero])
                                        (Lean.Expr.const `Complex []))
                                      (Lean.Expr.app
                                        (Lean.Expr.app
                                          (Lean.Expr.const `NormedCommRing.toSeminormedCommRing [Lean.Level.zero])
                                          (Lean.Expr.const `Complex []))
                                        (Lean.Expr.app
                                          (Lean.Expr.app
                                            (Lean.Expr.const `NormedField.toNormedCommRing [Lean.Level.zero])
                                            (Lean.Expr.const `Complex []))
                                          (Lean.Expr.const `Complex.instNormedField [])))))))
                              (Lean.BinderInfo.default))))
                        (Lean.Expr.app
                          (Lean.Expr.app
                            (Lean.Expr.const `AddCommGroup.toAddCommMonoid [Lean.Level.zero])
                            (Lean.Expr.const `NLA.MF14Degree44.Parameters []))
                          (Lean.Expr.app
                            (Lean.Expr.app
                              (Lean.Expr.app
                                (Lean.Expr.const `Pi.addCommGroup [Lean.Level.zero, Lean.Level.zero])
                                (Lean.Expr.app
                                  (Lean.Expr.const `Fin [])
                                  (Lean.Expr.app
                                    (Lean.Expr.app
                                      (Lean.Expr.app
                                        (Lean.Expr.const `OfNat.ofNat [Lean.Level.zero])
                                        (Lean.Expr.const `Nat []))
                                      (Lean.Expr.lit (Lean.Literal.natVal 45)))
                                    (Lean.Expr.app
                                      (Lean.Expr.const `instOfNatNat [])
                                      (Lean.Expr.lit (Lean.Literal.natVal 45))))))
                              (Lean.Expr.lam
                                (Lean.Name.mkNum `a._@._internal._hyg 0)
                                (Lean.Expr.app
                                  (Lean.Expr.const `Fin [])
                                  (Lean.Expr.app
                                    (Lean.Expr.app
                                      (Lean.Expr.app
                                        (Lean.Expr.const `OfNat.ofNat [Lean.Level.zero])
                                        (Lean.Expr.const `Nat []))
                                      (Lean.Expr.lit (Lean.Literal.natVal 45)))
                                    (Lean.Expr.app
                                      (Lean.Expr.const `instOfNatNat [])
                                      (Lean.Expr.lit (Lean.Literal.natVal 45)))))
                                (Lean.Expr.const `Complex [])
                                (Lean.BinderInfo.default)))
                            (Lean.Expr.lam
                              `i
                              (Lean.Expr.app
                                (Lean.Expr.const `Fin [])
                                (Lean.Expr.app
                                  (Lean.Expr.app
                                    (Lean.Expr.app
                                      (Lean.Expr.const `OfNat.ofNat [Lean.Level.zero])
                                      (Lean.Expr.const `Nat []))
                                    (Lean.Expr.lit (Lean.Literal.natVal 45)))
                                  (Lean.Expr.app
                                    (Lean.Expr.const `instOfNatNat [])
                                    (Lean.Expr.lit (Lean.Literal.natVal 45)))))
                              (Lean.Expr.const `Complex.addCommGroup [])
                              (Lean.BinderInfo.default)))))
                      (Lean.Expr.forallE
                        (Lean.Name.mkNum `a._@._internal._hyg 0)
                        (Lean.Expr.app
                          (Lean.Expr.const `Fin [])
                          (Lean.Expr.app
                            (Lean.Expr.app
                              (Lean.Expr.app (Lean.Expr.const `OfNat.ofNat [Lean.Level.zero]) (Lean.Expr.const `Nat []))
                              (Lean.Expr.lit (Lean.Literal.natVal 45)))
                            (Lean.Expr.app
                              (Lean.Expr.const `instOfNatNat [])
                              (Lean.Expr.lit (Lean.Literal.natVal 45)))))
                        (Lean.Expr.const `Complex [])
                        (Lean.BinderInfo.default)))
                    (Lean.Expr.app
                      (Lean.Expr.app
                        (Lean.Expr.app
                          (Lean.Expr.const `Pi.topologicalSpace [Lean.Level.zero, Lean.Level.zero])
                          (Lean.Expr.app
                            (Lean.Expr.const `Fin [])
                            (Lean.Expr.app
                              (Lean.Expr.app
                                (Lean.Expr.app
                                  (Lean.Expr.const `OfNat.ofNat [Lean.Level.zero])
                                  (Lean.Expr.const `Nat []))
                                (Lean.Expr.lit (Lean.Literal.natVal 45)))
                              (Lean.Expr.app
                                (Lean.Expr.const `instOfNatNat [])
                                (Lean.Expr.lit (Lean.Literal.natVal 45))))))
                        (Lean.Expr.lam
                          (Lean.Name.mkNum `a._@._internal._hyg 0)
                          (Lean.Expr.app
                            (Lean.Expr.const `Fin [])
                            (Lean.Expr.app
                              (Lean.Expr.app
                                (Lean.Expr.app
                                  (Lean.Expr.const `OfNat.ofNat [Lean.Level.zero])
                                  (Lean.Expr.const `Nat []))
                                (Lean.Expr.lit (Lean.Literal.natVal 45)))
                              (Lean.Expr.app
                                (Lean.Expr.const `instOfNatNat [])
                                (Lean.Expr.lit (Lean.Literal.natVal 45)))))
                          (Lean.Expr.const `Complex [])
                          (Lean.BinderInfo.default)))
                      (Lean.Expr.lam
                        `i
                        (Lean.Expr.app
                          (Lean.Expr.const `Fin [])
                          (Lean.Expr.app
                            (Lean.Expr.app
                              (Lean.Expr.app (Lean.Expr.const `OfNat.ofNat [Lean.Level.zero]) (Lean.Expr.const `Nat []))
                              (Lean.Expr.lit (Lean.Literal.natVal 45)))
                            (Lean.Expr.app
                              (Lean.Expr.const `instOfNatNat [])
                              (Lean.Expr.lit (Lean.Literal.natVal 45)))))
                        (Lean.Expr.app
                          (Lean.Expr.app
                            (Lean.Expr.const `UniformSpace.toTopologicalSpace [Lean.Level.zero])
                            (Lean.Expr.const `Complex []))
                          (Lean.Expr.app
                            (Lean.Expr.app
                              (Lean.Expr.const `PseudoMetricSpace.toUniformSpace [Lean.Level.zero])
                              (Lean.Expr.const `Complex []))
                            (Lean.Expr.app
                              (Lean.Expr.app
                                (Lean.Expr.const `SeminormedRing.toPseudoMetricSpace [Lean.Level.zero])
                                (Lean.Expr.const `Complex []))
                              (Lean.Expr.app
                                (Lean.Expr.app
                                  (Lean.Expr.const `SeminormedCommRing.toSeminormedRing [Lean.Level.zero])
                                  (Lean.Expr.const `Complex []))
                                (Lean.Expr.app
                                  (Lean.Expr.app
                                    (Lean.Expr.const `NormedCommRing.toSeminormedCommRing [Lean.Level.zero])
                                    (Lean.Expr.const `Complex []))
                                  (Lean.Expr.app
                                    (Lean.Expr.app
                                      (Lean.Expr.const `NormedField.toNormedCommRing [Lean.Level.zero])
                                      (Lean.Expr.const `Complex []))
                                    (Lean.Expr.const `Complex.instNormedField [])))))))
                        (Lean.BinderInfo.default))))
                  (Lean.Expr.app
                    (Lean.Expr.app
                      (Lean.Expr.const `AddCommGroup.toAddCommMonoid [Lean.Level.zero])
                      (Lean.Expr.forallE
                        (Lean.Name.mkNum `a._@._internal._hyg 0)
                        (Lean.Expr.app
                          (Lean.Expr.const `Fin [])
                          (Lean.Expr.app
                            (Lean.Expr.app
                              (Lean.Expr.app (Lean.Expr.const `OfNat.ofNat [Lean.Level.zero]) (Lean.Expr.const `Nat []))
                              (Lean.Expr.lit (Lean.Literal.natVal 45)))
                            (Lean.Expr.app
                              (Lean.Expr.const `instOfNatNat [])
                              (Lean.Expr.lit (Lean.Literal.natVal 45)))))
                        (Lean.Expr.const `Complex [])
                        (Lean.BinderInfo.default)))
                    (Lean.Expr.app
                      (Lean.Expr.app
                        (Lean.Expr.app
                          (Lean.Expr.const `Pi.addCommGroup [Lean.Level.zero, Lean.Level.zero])
                          (Lean.Expr.app
                            (Lean.Expr.const `Fin [])
                            (Lean.Expr.app
                              (Lean.Expr.app
                                (Lean.Expr.app
                                  (Lean.Expr.const `OfNat.ofNat [Lean.Level.zero])
                                  (Lean.Expr.const `Nat []))
                                (Lean.Expr.lit (Lean.Literal.natVal 45)))
                              (Lean.Expr.app
                                (Lean.Expr.const `instOfNatNat [])
                                (Lean.Expr.lit (Lean.Literal.natVal 45))))))
                        (Lean.Expr.lam
                          (Lean.Name.mkNum `a._@._internal._hyg 0)
                          (Lean.Expr.app
                            (Lean.Expr.const `Fin [])
                            (Lean.Expr.app
                              (Lean.Expr.app
                                (Lean.Expr.app
                                  (Lean.Expr.const `OfNat.ofNat [Lean.Level.zero])
                                  (Lean.Expr.const `Nat []))
                                (Lean.Expr.lit (Lean.Literal.natVal 45)))
                              (Lean.Expr.app
                                (Lean.Expr.const `instOfNatNat [])
                                (Lean.Expr.lit (Lean.Literal.natVal 45)))))
                          (Lean.Expr.const `Complex [])
                          (Lean.BinderInfo.default)))
                      (Lean.Expr.lam
                        `i
                        (Lean.Expr.app
                          (Lean.Expr.const `Fin [])
                          (Lean.Expr.app
                            (Lean.Expr.app
                              (Lean.Expr.app (Lean.Expr.const `OfNat.ofNat [Lean.Level.zero]) (Lean.Expr.const `Nat []))
                              (Lean.Expr.lit (Lean.Literal.natVal 45)))
                            (Lean.Expr.app
                              (Lean.Expr.const `instOfNatNat [])
                              (Lean.Expr.lit (Lean.Literal.natVal 45)))))
                        (Lean.Expr.const `Complex.addCommGroup [])
                        (Lean.BinderInfo.default)))))
                (Lean.Expr.app
                  (Lean.Expr.app
                    (Lean.Expr.app
                      (Lean.Expr.app
                        (Lean.Expr.app
                          (Lean.Expr.app
                            (Lean.Expr.const `Pi.Function.module [Lean.Level.zero, Lean.Level.zero, Lean.Level.zero])
                            (Lean.Expr.app
                              (Lean.Expr.const `Fin [])
                              (Lean.Expr.app
                                (Lean.Expr.app
                                  (Lean.Expr.app
                                    (Lean.Expr.const `OfNat.ofNat [Lean.Level.zero])
                                    (Lean.Expr.const `Nat []))
                                  (Lean.Expr.lit (Lean.Literal.natVal 45)))
                                (Lean.Expr.app
                                  (Lean.Expr.const `instOfNatNat [])
                                  (Lean.Expr.lit (Lean.Literal.natVal 45))))))
                          (Lean.Expr.const `Complex []))
                        (Lean.Expr.const `Complex []))
                      (Lean.Expr.app
                        (Lean.Expr.app
                          (Lean.Expr.const `DivisionSemiring.toSemiring [Lean.Level.zero])
                          (Lean.Expr.const `Complex []))
                        (Lean.Expr.app
                          (Lean.Expr.app
                            (Lean.Expr.const `Semifield.toDivisionSemiring [Lean.Level.zero])
                            (Lean.Expr.const `Complex []))
                          (Lean.Expr.app
                            (Lean.Expr.app
                              (Lean.Expr.const `Field.toSemifield [Lean.Level.zero])
                              (Lean.Expr.const `Complex []))
                            (Lean.Expr.app
                              (Lean.Expr.app
                                (Lean.Expr.const `NormedField.toField [Lean.Level.zero])
                                (Lean.Expr.const `Complex []))
                              (Lean.Expr.app
                                (Lean.Expr.app
                                  (Lean.Expr.const `NontriviallyNormedField.toNormedField [Lean.Level.zero])
                                  (Lean.Expr.const `Complex []))
                                (Lean.Expr.app
                                  (Lean.Expr.app
                                    (Lean.Expr.const `DenselyNormedField.toNontriviallyNormedField [Lean.Level.zero])
                                    (Lean.Expr.const `Complex []))
                                  (Lean.Expr.const `Complex.instDenselyNormedField []))))))))
                    (Lean.Expr.const `Complex.instAddCommMonoid []))
                  (Lean.Expr.app
                    (Lean.Expr.app (Lean.Expr.const `Semiring.toModule [Lean.Level.zero]) (Lean.Expr.const `Complex []))
                    (Lean.Expr.app
                      (Lean.Expr.app
                        (Lean.Expr.const `DivisionSemiring.toSemiring [Lean.Level.zero])
                        (Lean.Expr.const `Complex []))
                      (Lean.Expr.app
                        (Lean.Expr.app
                          (Lean.Expr.const `Semifield.toDivisionSemiring [Lean.Level.zero])
                          (Lean.Expr.const `Complex []))
                        (Lean.Expr.app
                          (Lean.Expr.app
                            (Lean.Expr.const `Field.toSemifield [Lean.Level.zero])
                            (Lean.Expr.const `Complex []))
                          (Lean.Expr.app
                            (Lean.Expr.app
                              (Lean.Expr.const `NormedField.toField [Lean.Level.zero])
                              (Lean.Expr.const `Complex []))
                            (Lean.Expr.app
                              (Lean.Expr.app
                                (Lean.Expr.const `NontriviallyNormedField.toNormedField [Lean.Level.zero])
                                (Lean.Expr.const `Complex []))
                              (Lean.Expr.app
                                (Lean.Expr.app
                                  (Lean.Expr.const `DenselyNormedField.toNontriviallyNormedField [Lean.Level.zero])
                                  (Lean.Expr.const `Complex []))
                                (Lean.Expr.const `Complex.instDenselyNormedField []))))))))))
              (Lean.Expr.app
                (Lean.Expr.app
                  (Lean.Expr.app
                    (Lean.Expr.app
                      (Lean.Expr.app
                        (Lean.Expr.app
                          (Lean.Expr.const `Pi.Function.module [Lean.Level.zero, Lean.Level.zero, Lean.Level.zero])
                          (Lean.Expr.app
                            (Lean.Expr.const `Fin [])
                            (Lean.Expr.app
                              (Lean.Expr.app
                                (Lean.Expr.app
                                  (Lean.Expr.const `OfNat.ofNat [Lean.Level.zero])
                                  (Lean.Expr.const `Nat []))
                                (Lean.Expr.lit (Lean.Literal.natVal 45)))
                              (Lean.Expr.app
                                (Lean.Expr.const `instOfNatNat [])
                                (Lean.Expr.lit (Lean.Literal.natVal 45))))))
                        (Lean.Expr.const `Complex []))
                      (Lean.Expr.const `Complex []))
                    (Lean.Expr.app
                      (Lean.Expr.app
                        (Lean.Expr.const `DivisionSemiring.toSemiring [Lean.Level.zero])
                        (Lean.Expr.const `Complex []))
                      (Lean.Expr.app
                        (Lean.Expr.app
                          (Lean.Expr.const `Semifield.toDivisionSemiring [Lean.Level.zero])
                          (Lean.Expr.const `Complex []))
                        (Lean.Expr.app
                          (Lean.Expr.app
                            (Lean.Expr.const `Field.toSemifield [Lean.Level.zero])
                            (Lean.Expr.const `Complex []))
                          (Lean.Expr.app
                            (Lean.Expr.app
                              (Lean.Expr.const `NormedField.toField [Lean.Level.zero])
                              (Lean.Expr.const `Complex []))
                            (Lean.Expr.app
                              (Lean.Expr.app
                                (Lean.Expr.const `NontriviallyNormedField.toNormedField [Lean.Level.zero])
                                (Lean.Expr.const `Complex []))
                              (Lean.Expr.app
                                (Lean.Expr.app
                                  (Lean.Expr.const `DenselyNormedField.toNontriviallyNormedField [Lean.Level.zero])
                                  (Lean.Expr.const `Complex []))
                                (Lean.Expr.const `Complex.instDenselyNormedField []))))))))
                  (Lean.Expr.const `Complex.instAddCommMonoid []))
                (Lean.Expr.app
                  (Lean.Expr.app (Lean.Expr.const `Semiring.toModule [Lean.Level.zero]) (Lean.Expr.const `Complex []))
                  (Lean.Expr.app
                    (Lean.Expr.app
                      (Lean.Expr.const `DivisionSemiring.toSemiring [Lean.Level.zero])
                      (Lean.Expr.const `Complex []))
                    (Lean.Expr.app
                      (Lean.Expr.app
                        (Lean.Expr.const `Semifield.toDivisionSemiring [Lean.Level.zero])
                        (Lean.Expr.const `Complex []))
                      (Lean.Expr.app
                        (Lean.Expr.app
                          (Lean.Expr.const `Field.toSemifield [Lean.Level.zero])
                          (Lean.Expr.const `Complex []))
                        (Lean.Expr.app
                          (Lean.Expr.app
                            (Lean.Expr.const `NormedField.toField [Lean.Level.zero])
                            (Lean.Expr.const `Complex []))
                          (Lean.Expr.app
                            (Lean.Expr.app
                              (Lean.Expr.const `NontriviallyNormedField.toNormedField [Lean.Level.zero])
                              (Lean.Expr.const `Complex []))
                            (Lean.Expr.app
                              (Lean.Expr.app
                                (Lean.Expr.const `DenselyNormedField.toNontriviallyNormedField [Lean.Level.zero])
                                (Lean.Expr.const `Complex []))
                              (Lean.Expr.const `Complex.instDenselyNormedField [])))))))))))
          (Lean.Expr.const `NLA.MF14Degree44.Parameters []))
        (Lean.Expr.lam
          (Lean.Name.mkNum (Lean.Name.mkStr (Lean.Name.mkStr (Lean.Name.mkNum `x.«_@».Mathlib.Data.FunLike.Basic 2582841819) "_hygCtx") "_hyg") 11)
          (Lean.Expr.const `NLA.MF14Degree44.Parameters [])
          (Lean.Expr.forallE
            (Lean.Name.mkNum `a._@._internal._hyg 0)
            (Lean.Expr.app
              (Lean.Expr.const `Fin [])
              (Lean.Expr.app
                (Lean.Expr.app
                  (Lean.Expr.app (Lean.Expr.const `OfNat.ofNat [Lean.Level.zero]) (Lean.Expr.const `Nat []))
                  (Lean.Expr.lit (Lean.Literal.natVal 45)))
                (Lean.Expr.app (Lean.Expr.const `instOfNatNat []) (Lean.Expr.lit (Lean.Literal.natVal 45)))))
            (Lean.Expr.const `Complex [])
            (Lean.BinderInfo.default))
          (Lean.BinderInfo.default)))
      (Lean.Expr.app
        (Lean.Expr.app
          (Lean.Expr.app
            (Lean.Expr.app
              (Lean.Expr.app
                (Lean.Expr.app
                  (Lean.Expr.app
                    (Lean.Expr.app
                      (Lean.Expr.app
                        (Lean.Expr.app
                          (Lean.Expr.app
                            (Lean.Expr.app
                              (Lean.Expr.app
                                (Lean.Expr.const
                                  `ContinuousLinearMap.funLike
                                  [Lean.Level.zero, Lean.Level.zero, Lean.Level.zero, Lean.Level.zero])
                                (Lean.Expr.const `Complex []))
                              (Lean.Expr.const `Complex []))
                            (Lean.Expr.app
                              (Lean.Expr.app
                                (Lean.Expr.const `DivisionSemiring.toSemiring [Lean.Level.zero])
                                (Lean.Expr.const `Complex []))
                              (Lean.Expr.app
                                (Lean.Expr.app
                                  (Lean.Expr.const `Semifield.toDivisionSemiring [Lean.Level.zero])
                                  (Lean.Expr.const `Complex []))
                                (Lean.Expr.app
                                  (Lean.Expr.app
                                    (Lean.Expr.const `Field.toSemifield [Lean.Level.zero])
                                    (Lean.Expr.const `Complex []))
                                  (Lean.Expr.app
                                    (Lean.Expr.app
                                      (Lean.Expr.const `NormedField.toField [Lean.Level.zero])
                                      (Lean.Expr.const `Complex []))
                                    (Lean.Expr.app
                                      (Lean.Expr.app
                                        (Lean.Expr.const `NontriviallyNormedField.toNormedField [Lean.Level.zero])
                                        (Lean.Expr.const `Complex []))
                                      (Lean.Expr.app
                                        (Lean.Expr.app
                                          (Lean.Expr.const
                                            `DenselyNormedField.toNontriviallyNormedField
                                            [Lean.Level.zero])
                                          (Lean.Expr.const `Complex []))
                                        (Lean.Expr.const `Complex.instDenselyNormedField []))))))))
                          (Lean.Expr.app
                            (Lean.Expr.app
                              (Lean.Expr.const `DivisionSemiring.toSemiring [Lean.Level.zero])
                              (Lean.Expr.const `Complex []))
                            (Lean.Expr.app
                              (Lean.Expr.app
                                (Lean.Expr.const `Semifield.toDivisionSemiring [Lean.Level.zero])
                                (Lean.Expr.const `Complex []))
                              (Lean.Expr.app
                                (Lean.Expr.app
                                  (Lean.Expr.const `Field.toSemifield [Lean.Level.zero])
                                  (Lean.Expr.const `Complex []))
                                (Lean.Expr.app
                                  (Lean.Expr.app
                                    (Lean.Expr.const `NormedField.toField [Lean.Level.zero])
                                    (Lean.Expr.const `Complex []))
                                  (Lean.Expr.app
                                    (Lean.Expr.app
                                      (Lean.Expr.const `NontriviallyNormedField.toNormedField [Lean.Level.zero])
                                      (Lean.Expr.const `Complex []))
                                    (Lean.Expr.app
                                      (Lean.Expr.app
                                        (Lean.Expr.const
                                          `DenselyNormedField.toNontriviallyNormedField
                                          [Lean.Level.zero])
                                        (Lean.Expr.const `Complex []))
                                      (Lean.Expr.const `Complex.instDenselyNormedField []))))))))
                        (Lean.Expr.app
                          (Lean.Expr.app (Lean.Expr.const `RingHom.id [Lean.Level.zero]) (Lean.Expr.const `Complex []))
                          (Lean.Expr.app
                            (Lean.Expr.app
                              (Lean.Expr.const `Semiring.toNonAssocSemiring [Lean.Level.zero])
                              (Lean.Expr.const `Complex []))
                            (Lean.Expr.app
                              (Lean.Expr.app
                                (Lean.Expr.const `DivisionSemiring.toSemiring [Lean.Level.zero])
                                (Lean.Expr.const `Complex []))
                              (Lean.Expr.app
                                (Lean.Expr.app
                                  (Lean.Expr.const `Semifield.toDivisionSemiring [Lean.Level.zero])
                                  (Lean.Expr.const `Complex []))
                                (Lean.Expr.app
                                  (Lean.Expr.app
                                    (Lean.Expr.const `Field.toSemifield [Lean.Level.zero])
                                    (Lean.Expr.const `Complex []))
                                  (Lean.Expr.app
                                    (Lean.Expr.app
                                      (Lean.Expr.const `NormedField.toField [Lean.Level.zero])
                                      (Lean.Expr.const `Complex []))
                                    (Lean.Expr.app
                                      (Lean.Expr.app
                                        (Lean.Expr.const `NontriviallyNormedField.toNormedField [Lean.Level.zero])
                                        (Lean.Expr.const `Complex []))
                                      (Lean.Expr.app
                                        (Lean.Expr.app
                                          (Lean.Expr.const
                                            `DenselyNormedField.toNontriviallyNormedField
                                            [Lean.Level.zero])
                                          (Lean.Expr.const `Complex []))
                                        (Lean.Expr.const `Complex.instDenselyNormedField []))))))))))
                      (Lean.Expr.const `NLA.MF14Degree44.Parameters []))
                    (Lean.Expr.app
                      (Lean.Expr.app
                        (Lean.Expr.app
                          (Lean.Expr.const `Pi.topologicalSpace [Lean.Level.zero, Lean.Level.zero])
                          (Lean.Expr.app
                            (Lean.Expr.const `Fin [])
                            (Lean.Expr.app
                              (Lean.Expr.app
                                (Lean.Expr.app
                                  (Lean.Expr.const `OfNat.ofNat [Lean.Level.zero])
                                  (Lean.Expr.const `Nat []))
                                (Lean.Expr.lit (Lean.Literal.natVal 45)))
                              (Lean.Expr.app
                                (Lean.Expr.const `instOfNatNat [])
                                (Lean.Expr.lit (Lean.Literal.natVal 45))))))
                        (Lean.Expr.lam
                          (Lean.Name.mkNum `a._@._internal._hyg 0)
                          (Lean.Expr.app
                            (Lean.Expr.const `Fin [])
                            (Lean.Expr.app
                              (Lean.Expr.app
                                (Lean.Expr.app
                                  (Lean.Expr.const `OfNat.ofNat [Lean.Level.zero])
                                  (Lean.Expr.const `Nat []))
                                (Lean.Expr.lit (Lean.Literal.natVal 45)))
                              (Lean.Expr.app
                                (Lean.Expr.const `instOfNatNat [])
                                (Lean.Expr.lit (Lean.Literal.natVal 45)))))
                          (Lean.Expr.const `Complex [])
                          (Lean.BinderInfo.default)))
                      (Lean.Expr.lam
                        `i
                        (Lean.Expr.app
                          (Lean.Expr.const `Fin [])
                          (Lean.Expr.app
                            (Lean.Expr.app
                              (Lean.Expr.app (Lean.Expr.const `OfNat.ofNat [Lean.Level.zero]) (Lean.Expr.const `Nat []))
                              (Lean.Expr.lit (Lean.Literal.natVal 45)))
                            (Lean.Expr.app
                              (Lean.Expr.const `instOfNatNat [])
                              (Lean.Expr.lit (Lean.Literal.natVal 45)))))
                        (Lean.Expr.app
                          (Lean.Expr.app
                            (Lean.Expr.const `UniformSpace.toTopologicalSpace [Lean.Level.zero])
                            (Lean.Expr.const `Complex []))
                          (Lean.Expr.app
                            (Lean.Expr.app
                              (Lean.Expr.const `PseudoMetricSpace.toUniformSpace [Lean.Level.zero])
                              (Lean.Expr.const `Complex []))
                            (Lean.Expr.app
                              (Lean.Expr.app
                                (Lean.Expr.const `SeminormedRing.toPseudoMetricSpace [Lean.Level.zero])
                                (Lean.Expr.const `Complex []))
                              (Lean.Expr.app
                                (Lean.Expr.app
                                  (Lean.Expr.const `SeminormedCommRing.toSeminormedRing [Lean.Level.zero])
                                  (Lean.Expr.const `Complex []))
                                (Lean.Expr.app
                                  (Lean.Expr.app
                                    (Lean.Expr.const `NormedCommRing.toSeminormedCommRing [Lean.Level.zero])
                                    (Lean.Expr.const `Complex []))
                                  (Lean.Expr.app
                                    (Lean.Expr.app
                                      (Lean.Expr.const `NormedField.toNormedCommRing [Lean.Level.zero])
                                      (Lean.Expr.const `Complex []))
                                    (Lean.Expr.const `Complex.instNormedField [])))))))
                        (Lean.BinderInfo.default))))
                  (Lean.Expr.app
                    (Lean.Expr.app
                      (Lean.Expr.const `AddCommGroup.toAddCommMonoid [Lean.Level.zero])
                      (Lean.Expr.const `NLA.MF14Degree44.Parameters []))
                    (Lean.Expr.app
                      (Lean.Expr.app
                        (Lean.Expr.app
                          (Lean.Expr.const `Pi.addCommGroup [Lean.Level.zero, Lean.Level.zero])
                          (Lean.Expr.app
                            (Lean.Expr.const `Fin [])
                            (Lean.Expr.app
                              (Lean.Expr.app
                                (Lean.Expr.app
                                  (Lean.Expr.const `OfNat.ofNat [Lean.Level.zero])
                                  (Lean.Expr.const `Nat []))
                                (Lean.Expr.lit (Lean.Literal.natVal 45)))
                              (Lean.Expr.app
                                (Lean.Expr.const `instOfNatNat [])
                                (Lean.Expr.lit (Lean.Literal.natVal 45))))))
                        (Lean.Expr.lam
                          (Lean.Name.mkNum `a._@._internal._hyg 0)
                          (Lean.Expr.app
                            (Lean.Expr.const `Fin [])
                            (Lean.Expr.app
                              (Lean.Expr.app
                                (Lean.Expr.app
                                  (Lean.Expr.const `OfNat.ofNat [Lean.Level.zero])
                                  (Lean.Expr.const `Nat []))
                                (Lean.Expr.lit (Lean.Literal.natVal 45)))
                              (Lean.Expr.app
                                (Lean.Expr.const `instOfNatNat [])
                                (Lean.Expr.lit (Lean.Literal.natVal 45)))))
                          (Lean.Expr.const `Complex [])
                          (Lean.BinderInfo.default)))
                      (Lean.Expr.lam
                        `i
                        (Lean.Expr.app
                          (Lean.Expr.const `Fin [])
                          (Lean.Expr.app
                            (Lean.Expr.app
                              (Lean.Expr.app (Lean.Expr.const `OfNat.ofNat [Lean.Level.zero]) (Lean.Expr.const `Nat []))
                              (Lean.Expr.lit (Lean.Literal.natVal 45)))
                            (Lean.Expr.app
                              (Lean.Expr.const `instOfNatNat [])
                              (Lean.Expr.lit (Lean.Literal.natVal 45)))))
                        (Lean.Expr.const `Complex.addCommGroup [])
                        (Lean.BinderInfo.default)))))
                (Lean.Expr.forallE
                  (Lean.Name.mkNum `a._@._internal._hyg 0)
                  (Lean.Expr.app
                    (Lean.Expr.const `Fin [])
                    (Lean.Expr.app
                      (Lean.Expr.app
                        (Lean.Expr.app (Lean.Expr.const `OfNat.ofNat [Lean.Level.zero]) (Lean.Expr.const `Nat []))
                        (Lean.Expr.lit (Lean.Literal.natVal 45)))
                      (Lean.Expr.app (Lean.Expr.const `instOfNatNat []) (Lean.Expr.lit (Lean.Literal.natVal 45)))))
                  (Lean.Expr.const `Complex [])
                  (Lean.BinderInfo.default)))
              (Lean.Expr.app
                (Lean.Expr.app
                  (Lean.Expr.app
                    (Lean.Expr.const `Pi.topologicalSpace [Lean.Level.zero, Lean.Level.zero])
                    (Lean.Expr.app
                      (Lean.Expr.const `Fin [])
                      (Lean.Expr.app
                        (Lean.Expr.app
                          (Lean.Expr.app (Lean.Expr.const `OfNat.ofNat [Lean.Level.zero]) (Lean.Expr.const `Nat []))
                          (Lean.Expr.lit (Lean.Literal.natVal 45)))
                        (Lean.Expr.app (Lean.Expr.const `instOfNatNat []) (Lean.Expr.lit (Lean.Literal.natVal 45))))))
                  (Lean.Expr.lam
                    (Lean.Name.mkNum `a._@._internal._hyg 0)
                    (Lean.Expr.app
                      (Lean.Expr.const `Fin [])
                      (Lean.Expr.app
                        (Lean.Expr.app
                          (Lean.Expr.app (Lean.Expr.const `OfNat.ofNat [Lean.Level.zero]) (Lean.Expr.const `Nat []))
                          (Lean.Expr.lit (Lean.Literal.natVal 45)))
                        (Lean.Expr.app (Lean.Expr.const `instOfNatNat []) (Lean.Expr.lit (Lean.Literal.natVal 45)))))
                    (Lean.Expr.const `Complex [])
                    (Lean.BinderInfo.default)))
                (Lean.Expr.lam
                  `i
                  (Lean.Expr.app
                    (Lean.Expr.const `Fin [])
                    (Lean.Expr.app
                      (Lean.Expr.app
                        (Lean.Expr.app (Lean.Expr.const `OfNat.ofNat [Lean.Level.zero]) (Lean.Expr.const `Nat []))
                        (Lean.Expr.lit (Lean.Literal.natVal 45)))
                      (Lean.Expr.app (Lean.Expr.const `instOfNatNat []) (Lean.Expr.lit (Lean.Literal.natVal 45)))))
                  (Lean.Expr.app
                    (Lean.Expr.app
                      (Lean.Expr.const `UniformSpace.toTopologicalSpace [Lean.Level.zero])
                      (Lean.Expr.const `Complex []))
                    (Lean.Expr.app
                      (Lean.Expr.app
                        (Lean.Expr.const `PseudoMetricSpace.toUniformSpace [Lean.Level.zero])
                        (Lean.Expr.const `Complex []))
                      (Lean.Expr.app
                        (Lean.Expr.app
                          (Lean.Expr.const `SeminormedRing.toPseudoMetricSpace [Lean.Level.zero])
                          (Lean.Expr.const `Complex []))
                        (Lean.Expr.app
                          (Lean.Expr.app
                            (Lean.Expr.const `SeminormedCommRing.toSeminormedRing [Lean.Level.zero])
                            (Lean.Expr.const `Complex []))
                          (Lean.Expr.app
                            (Lean.Expr.app
                              (Lean.Expr.const `NormedCommRing.toSeminormedCommRing [Lean.Level.zero])
                              (Lean.Expr.const `Complex []))
                            (Lean.Expr.app
                              (Lean.Expr.app
                                (Lean.Expr.const `NormedField.toNormedCommRing [Lean.Level.zero])
                                (Lean.Expr.const `Complex []))
                              (Lean.Expr.const `Complex.instNormedField [])))))))
                  (Lean.BinderInfo.default))))
            (Lean.Expr.app
              (Lean.Expr.app
                (Lean.Expr.const `AddCommGroup.toAddCommMonoid [Lean.Level.zero])
                (Lean.Expr.forallE
                  (Lean.Name.mkNum `a._@._internal._hyg 0)
                  (Lean.Expr.app
                    (Lean.Expr.const `Fin [])
                    (Lean.Expr.app
                      (Lean.Expr.app
                        (Lean.Expr.app (Lean.Expr.const `OfNat.ofNat [Lean.Level.zero]) (Lean.Expr.const `Nat []))
                        (Lean.Expr.lit (Lean.Literal.natVal 45)))
                      (Lean.Expr.app (Lean.Expr.const `instOfNatNat []) (Lean.Expr.lit (Lean.Literal.natVal 45)))))
                  (Lean.Expr.const `Complex [])
                  (Lean.BinderInfo.default)))
              (Lean.Expr.app
                (Lean.Expr.app
                  (Lean.Expr.app
                    (Lean.Expr.const `Pi.addCommGroup [Lean.Level.zero, Lean.Level.zero])
                    (Lean.Expr.app
                      (Lean.Expr.const `Fin [])
                      (Lean.Expr.app
                        (Lean.Expr.app
                          (Lean.Expr.app (Lean.Expr.const `OfNat.ofNat [Lean.Level.zero]) (Lean.Expr.const `Nat []))
                          (Lean.Expr.lit (Lean.Literal.natVal 45)))
                        (Lean.Expr.app (Lean.Expr.const `instOfNatNat []) (Lean.Expr.lit (Lean.Literal.natVal 45))))))
                  (Lean.Expr.lam
                    (Lean.Name.mkNum `a._@._internal._hyg 0)
                    (Lean.Expr.app
                      (Lean.Expr.const `Fin [])
                      (Lean.Expr.app
                        (Lean.Expr.app
                          (Lean.Expr.app (Lean.Expr.const `OfNat.ofNat [Lean.Level.zero]) (Lean.Expr.const `Nat []))
                          (Lean.Expr.lit (Lean.Literal.natVal 45)))
                        (Lean.Expr.app (Lean.Expr.const `instOfNatNat []) (Lean.Expr.lit (Lean.Literal.natVal 45)))))
                    (Lean.Expr.const `Complex [])
                    (Lean.BinderInfo.default)))
                (Lean.Expr.lam
                  `i
                  (Lean.Expr.app
                    (Lean.Expr.const `Fin [])
                    (Lean.Expr.app
                      (Lean.Expr.app
                        (Lean.Expr.app (Lean.Expr.const `OfNat.ofNat [Lean.Level.zero]) (Lean.Expr.const `Nat []))
                        (Lean.Expr.lit (Lean.Literal.natVal 45)))
                      (Lean.Expr.app (Lean.Expr.const `instOfNatNat []) (Lean.Expr.lit (Lean.Literal.natVal 45)))))
                  (Lean.Expr.const `Complex.addCommGroup [])
                  (Lean.BinderInfo.default)))))
          (Lean.Expr.app
            (Lean.Expr.app
              (Lean.Expr.app
                (Lean.Expr.app
                  (Lean.Expr.app
                    (Lean.Expr.app
                      (Lean.Expr.const `Pi.Function.module [Lean.Level.zero, Lean.Level.zero, Lean.Level.zero])
                      (Lean.Expr.app
                        (Lean.Expr.const `Fin [])
                        (Lean.Expr.app
                          (Lean.Expr.app
                            (Lean.Expr.app (Lean.Expr.const `OfNat.ofNat [Lean.Level.zero]) (Lean.Expr.const `Nat []))
                            (Lean.Expr.lit (Lean.Literal.natVal 45)))
                          (Lean.Expr.app (Lean.Expr.const `instOfNatNat []) (Lean.Expr.lit (Lean.Literal.natVal 45))))))
                    (Lean.Expr.const `Complex []))
                  (Lean.Expr.const `Complex []))
                (Lean.Expr.app
                  (Lean.Expr.app
                    (Lean.Expr.const `DivisionSemiring.toSemiring [Lean.Level.zero])
                    (Lean.Expr.const `Complex []))
                  (Lean.Expr.app
                    (Lean.Expr.app
                      (Lean.Expr.const `Semifield.toDivisionSemiring [Lean.Level.zero])
                      (Lean.Expr.const `Complex []))
                    (Lean.Expr.app
                      (Lean.Expr.app
                        (Lean.Expr.const `Field.toSemifield [Lean.Level.zero])
                        (Lean.Expr.const `Complex []))
                      (Lean.Expr.app
                        (Lean.Expr.app
                          (Lean.Expr.const `NormedField.toField [Lean.Level.zero])
                          (Lean.Expr.const `Complex []))
                        (Lean.Expr.app
                          (Lean.Expr.app
                            (Lean.Expr.const `NontriviallyNormedField.toNormedField [Lean.Level.zero])
                            (Lean.Expr.const `Complex []))
                          (Lean.Expr.app
                            (Lean.Expr.app
                              (Lean.Expr.const `DenselyNormedField.toNontriviallyNormedField [Lean.Level.zero])
                              (Lean.Expr.const `Complex []))
                            (Lean.Expr.const `Complex.instDenselyNormedField []))))))))
              (Lean.Expr.const `Complex.instAddCommMonoid []))
            (Lean.Expr.app
              (Lean.Expr.app (Lean.Expr.const `Semiring.toModule [Lean.Level.zero]) (Lean.Expr.const `Complex []))
              (Lean.Expr.app
                (Lean.Expr.app
                  (Lean.Expr.const `DivisionSemiring.toSemiring [Lean.Level.zero])
                  (Lean.Expr.const `Complex []))
                (Lean.Expr.app
                  (Lean.Expr.app
                    (Lean.Expr.const `Semifield.toDivisionSemiring [Lean.Level.zero])
                    (Lean.Expr.const `Complex []))
                  (Lean.Expr.app
                    (Lean.Expr.app (Lean.Expr.const `Field.toSemifield [Lean.Level.zero]) (Lean.Expr.const `Complex []))
                    (Lean.Expr.app
                      (Lean.Expr.app
                        (Lean.Expr.const `NormedField.toField [Lean.Level.zero])
                        (Lean.Expr.const `Complex []))
                      (Lean.Expr.app
                        (Lean.Expr.app
                          (Lean.Expr.const `NontriviallyNormedField.toNormedField [Lean.Level.zero])
                          (Lean.Expr.const `Complex []))
                        (Lean.Expr.app
                          (Lean.Expr.app
                            (Lean.Expr.const `DenselyNormedField.toNontriviallyNormedField [Lean.Level.zero])
                            (Lean.Expr.const `Complex []))
                          (Lean.Expr.const `Complex.instDenselyNormedField []))))))))))
        (Lean.Expr.app
          (Lean.Expr.app
            (Lean.Expr.app
              (Lean.Expr.app
                (Lean.Expr.app
                  (Lean.Expr.app
                    (Lean.Expr.const `Pi.Function.module [Lean.Level.zero, Lean.Level.zero, Lean.Level.zero])
                    (Lean.Expr.app
                      (Lean.Expr.const `Fin [])
                      (Lean.Expr.app
                        (Lean.Expr.app
                          (Lean.Expr.app (Lean.Expr.const `OfNat.ofNat [Lean.Level.zero]) (Lean.Expr.const `Nat []))
                          (Lean.Expr.lit (Lean.Literal.natVal 45)))
                        (Lean.Expr.app (Lean.Expr.const `instOfNatNat []) (Lean.Expr.lit (Lean.Literal.natVal 45))))))
                  (Lean.Expr.const `Complex []))
                (Lean.Expr.const `Complex []))
              (Lean.Expr.app
                (Lean.Expr.app
                  (Lean.Expr.const `DivisionSemiring.toSemiring [Lean.Level.zero])
                  (Lean.Expr.const `Complex []))
                (Lean.Expr.app
                  (Lean.Expr.app
                    (Lean.Expr.const `Semifield.toDivisionSemiring [Lean.Level.zero])
                    (Lean.Expr.const `Complex []))
                  (Lean.Expr.app
                    (Lean.Expr.app (Lean.Expr.const `Field.toSemifield [Lean.Level.zero]) (Lean.Expr.const `Complex []))
                    (Lean.Expr.app
                      (Lean.Expr.app
                        (Lean.Expr.const `NormedField.toField [Lean.Level.zero])
                        (Lean.Expr.const `Complex []))
                      (Lean.Expr.app
                        (Lean.Expr.app
                          (Lean.Expr.const `NontriviallyNormedField.toNormedField [Lean.Level.zero])
                          (Lean.Expr.const `Complex []))
                        (Lean.Expr.app
                          (Lean.Expr.app
                            (Lean.Expr.const `DenselyNormedField.toNontriviallyNormedField [Lean.Level.zero])
                            (Lean.Expr.const `Complex []))
                          (Lean.Expr.const `Complex.instDenselyNormedField []))))))))
            (Lean.Expr.const `Complex.instAddCommMonoid []))
          (Lean.Expr.app
            (Lean.Expr.app (Lean.Expr.const `Semiring.toModule [Lean.Level.zero]) (Lean.Expr.const `Complex []))
            (Lean.Expr.app
              (Lean.Expr.app
                (Lean.Expr.const `DivisionSemiring.toSemiring [Lean.Level.zero])
                (Lean.Expr.const `Complex []))
              (Lean.Expr.app
                (Lean.Expr.app
                  (Lean.Expr.const `Semifield.toDivisionSemiring [Lean.Level.zero])
                  (Lean.Expr.const `Complex []))
                (Lean.Expr.app
                  (Lean.Expr.app (Lean.Expr.const `Field.toSemifield [Lean.Level.zero]) (Lean.Expr.const `Complex []))
                  (Lean.Expr.app
                    (Lean.Expr.app
                      (Lean.Expr.const `NormedField.toField [Lean.Level.zero])
                      (Lean.Expr.const `Complex []))
                    (Lean.Expr.app
                      (Lean.Expr.app
                        (Lean.Expr.const `NontriviallyNormedField.toNormedField [Lean.Level.zero])
                        (Lean.Expr.const `Complex []))
                      (Lean.Expr.app
                        (Lean.Expr.app
                          (Lean.Expr.const `DenselyNormedField.toNontriviallyNormedField [Lean.Level.zero])
                          (Lean.Expr.const `Complex []))
                        (Lean.Expr.const `Complex.instDenselyNormedField [])))))))))))
    (Lean.Expr.app
      (Lean.Expr.app
        (Lean.Expr.app
          (Lean.Expr.app
            (Lean.Expr.app
              (Lean.Expr.app
                (Lean.Expr.app
                  (Lean.Expr.app
                    (Lean.Expr.app
                      (Lean.Expr.app
                        (Lean.Expr.app
                          (Lean.Expr.app
                            (Lean.Expr.const `fderiv [Lean.Level.zero, Lean.Level.zero, Lean.Level.zero])
                            (Lean.Expr.const `Complex []))
                          (Lean.Expr.app
                            (Lean.Expr.app
                              (Lean.Expr.const `DenselyNormedField.toNontriviallyNormedField [Lean.Level.zero])
                              (Lean.Expr.const `Complex []))
                            (Lean.Expr.const `Complex.instDenselyNormedField [])))
                        (Lean.Expr.const `NLA.MF14Degree44.Parameters []))
                      (Lean.Expr.app
                        (Lean.Expr.app
                          (Lean.Expr.app
                            (Lean.Expr.const `Pi.addCommGroup [Lean.Level.zero, Lean.Level.zero])
                            (Lean.Expr.app
                              (Lean.Expr.const `Fin [])
                              (Lean.Expr.app
                                (Lean.Expr.app
                                  (Lean.Expr.app
                                    (Lean.Expr.const `OfNat.ofNat [Lean.Level.zero])
                                    (Lean.Expr.const `Nat []))
                                  (Lean.Expr.lit (Lean.Literal.natVal 45)))
                                (Lean.Expr.app
                                  (Lean.Expr.const `instOfNatNat [])
                                  (Lean.Expr.lit (Lean.Literal.natVal 45))))))
                          (Lean.Expr.lam
                            (Lean.Name.mkNum `a._@._internal._hyg 0)
                            (Lean.Expr.app
                              (Lean.Expr.const `Fin [])
                              (Lean.Expr.app
                                (Lean.Expr.app
                                  (Lean.Expr.app
                                    (Lean.Expr.const `OfNat.ofNat [Lean.Level.zero])
                                    (Lean.Expr.const `Nat []))
                                  (Lean.Expr.lit (Lean.Literal.natVal 45)))
                                (Lean.Expr.app
                                  (Lean.Expr.const `instOfNatNat [])
                                  (Lean.Expr.lit (Lean.Literal.natVal 45)))))
                            (Lean.Expr.const `Complex [])
                            (Lean.BinderInfo.default)))
                        (Lean.Expr.lam
                          `i
                          (Lean.Expr.app
                            (Lean.Expr.const `Fin [])
                            (Lean.Expr.app
                              (Lean.Expr.app
                                (Lean.Expr.app
                                  (Lean.Expr.const `OfNat.ofNat [Lean.Level.zero])
                                  (Lean.Expr.const `Nat []))
                                (Lean.Expr.lit (Lean.Literal.natVal 45)))
                              (Lean.Expr.app
                                (Lean.Expr.const `instOfNatNat [])
                                (Lean.Expr.lit (Lean.Literal.natVal 45)))))
                          (Lean.Expr.const `Complex.addCommGroup [])
                          (Lean.BinderInfo.default))))
                    (Lean.Expr.app
                      (Lean.Expr.app
                        (Lean.Expr.app
                          (Lean.Expr.app
                            (Lean.Expr.app
                              (Lean.Expr.app
                                (Lean.Expr.const
                                  `Pi.Function.module
                                  [Lean.Level.zero, Lean.Level.zero, Lean.Level.zero])
                                (Lean.Expr.app
                                  (Lean.Expr.const `Fin [])
                                  (Lean.Expr.app
                                    (Lean.Expr.app
                                      (Lean.Expr.app
                                        (Lean.Expr.const `OfNat.ofNat [Lean.Level.zero])
                                        (Lean.Expr.const `Nat []))
                                      (Lean.Expr.lit (Lean.Literal.natVal 45)))
                                    (Lean.Expr.app
                                      (Lean.Expr.const `instOfNatNat [])
                                      (Lean.Expr.lit (Lean.Literal.natVal 45))))))
                              (Lean.Expr.const `Complex []))
                            (Lean.Expr.const `Complex []))
                          (Lean.Expr.app
                            (Lean.Expr.app
                              (Lean.Expr.const `DivisionSemiring.toSemiring [Lean.Level.zero])
                              (Lean.Expr.const `Complex []))
                            (Lean.Expr.app
                              (Lean.Expr.app
                                (Lean.Expr.const `Semifield.toDivisionSemiring [Lean.Level.zero])
                                (Lean.Expr.const `Complex []))
                              (Lean.Expr.app
                                (Lean.Expr.app
                                  (Lean.Expr.const `Field.toSemifield [Lean.Level.zero])
                                  (Lean.Expr.const `Complex []))
                                (Lean.Expr.app
                                  (Lean.Expr.app
                                    (Lean.Expr.const `NormedField.toField [Lean.Level.zero])
                                    (Lean.Expr.const `Complex []))
                                  (Lean.Expr.app
                                    (Lean.Expr.app
                                      (Lean.Expr.const `NontriviallyNormedField.toNormedField [Lean.Level.zero])
                                      (Lean.Expr.const `Complex []))
                                    (Lean.Expr.app
                                      (Lean.Expr.app
                                        (Lean.Expr.const
                                          `DenselyNormedField.toNontriviallyNormedField
                                          [Lean.Level.zero])
                                        (Lean.Expr.const `Complex []))
                                      (Lean.Expr.const `Complex.instDenselyNormedField []))))))))
                        (Lean.Expr.const `Complex.instAddCommMonoid []))
                      (Lean.Expr.app
                        (Lean.Expr.app
                          (Lean.Expr.const `Semiring.toModule [Lean.Level.zero])
                          (Lean.Expr.const `Complex []))
                        (Lean.Expr.app
                          (Lean.Expr.app
                            (Lean.Expr.const `DivisionSemiring.toSemiring [Lean.Level.zero])
                            (Lean.Expr.const `Complex []))
                          (Lean.Expr.app
                            (Lean.Expr.app
                              (Lean.Expr.const `Semifield.toDivisionSemiring [Lean.Level.zero])
                              (Lean.Expr.const `Complex []))
                            (Lean.Expr.app
                              (Lean.Expr.app
                                (Lean.Expr.const `Field.toSemifield [Lean.Level.zero])
                                (Lean.Expr.const `Complex []))
                              (Lean.Expr.app
                                (Lean.Expr.app
                                  (Lean.Expr.const `NormedField.toField [Lean.Level.zero])
                                  (Lean.Expr.const `Complex []))
                                (Lean.Expr.app
                                  (Lean.Expr.app
                                    (Lean.Expr.const `NontriviallyNormedField.toNormedField [Lean.Level.zero])
                                    (Lean.Expr.const `Complex []))
                                  (Lean.Expr.app
                                    (Lean.Expr.app
                                      (Lean.Expr.const `DenselyNormedField.toNontriviallyNormedField [Lean.Level.zero])
                                      (Lean.Expr.const `Complex []))
                                    (Lean.Expr.const `Complex.instDenselyNormedField []))))))))))
                  (Lean.Expr.app
                    (Lean.Expr.app
                      (Lean.Expr.app
                        (Lean.Expr.const `Pi.topologicalSpace [Lean.Level.zero, Lean.Level.zero])
                        (Lean.Expr.app
                          (Lean.Expr.const `Fin [])
                          (Lean.Expr.app
                            (Lean.Expr.app
                              (Lean.Expr.app (Lean.Expr.const `OfNat.ofNat [Lean.Level.zero]) (Lean.Expr.const `Nat []))
                              (Lean.Expr.lit (Lean.Literal.natVal 45)))
                            (Lean.Expr.app
                              (Lean.Expr.const `instOfNatNat [])
                              (Lean.Expr.lit (Lean.Literal.natVal 45))))))
                      (Lean.Expr.lam
                        (Lean.Name.mkNum `a._@._internal._hyg 0)
                        (Lean.Expr.app
                          (Lean.Expr.const `Fin [])
                          (Lean.Expr.app
                            (Lean.Expr.app
                              (Lean.Expr.app (Lean.Expr.const `OfNat.ofNat [Lean.Level.zero]) (Lean.Expr.const `Nat []))
                              (Lean.Expr.lit (Lean.Literal.natVal 45)))
                            (Lean.Expr.app
                              (Lean.Expr.const `instOfNatNat [])
                              (Lean.Expr.lit (Lean.Literal.natVal 45)))))
                        (Lean.Expr.const `Complex [])
                        (Lean.BinderInfo.default)))
                    (Lean.Expr.lam
                      `i
                      (Lean.Expr.app
                        (Lean.Expr.const `Fin [])
                        (Lean.Expr.app
                          (Lean.Expr.app
                            (Lean.Expr.app (Lean.Expr.const `OfNat.ofNat [Lean.Level.zero]) (Lean.Expr.const `Nat []))
                            (Lean.Expr.lit (Lean.Literal.natVal 45)))
                          (Lean.Expr.app (Lean.Expr.const `instOfNatNat []) (Lean.Expr.lit (Lean.Literal.natVal 45)))))
                      (Lean.Expr.app
                        (Lean.Expr.app
                          (Lean.Expr.const `UniformSpace.toTopologicalSpace [Lean.Level.zero])
                          (Lean.Expr.const `Complex []))
                        (Lean.Expr.app
                          (Lean.Expr.app
                            (Lean.Expr.const `PseudoMetricSpace.toUniformSpace [Lean.Level.zero])
                            (Lean.Expr.const `Complex []))
                          (Lean.Expr.app
                            (Lean.Expr.app
                              (Lean.Expr.const `SeminormedRing.toPseudoMetricSpace [Lean.Level.zero])
                              (Lean.Expr.const `Complex []))
                            (Lean.Expr.app
                              (Lean.Expr.app
                                (Lean.Expr.const `SeminormedCommRing.toSeminormedRing [Lean.Level.zero])
                                (Lean.Expr.const `Complex []))
                              (Lean.Expr.app
                                (Lean.Expr.app
                                  (Lean.Expr.const `NormedCommRing.toSeminormedCommRing [Lean.Level.zero])
                                  (Lean.Expr.const `Complex []))
                                (Lean.Expr.app
                                  (Lean.Expr.app
                                    (Lean.Expr.const `NormedField.toNormedCommRing [Lean.Level.zero])
                                    (Lean.Expr.const `Complex []))
                                  (Lean.Expr.const `Complex.instNormedField [])))))))
                      (Lean.BinderInfo.default))))
                (Lean.Expr.forallE
                  (Lean.Name.mkNum `a._@._internal._hyg 0)
                  (Lean.Expr.app
                    (Lean.Expr.const `Fin [])
                    (Lean.Expr.app
                      (Lean.Expr.app
                        (Lean.Expr.app (Lean.Expr.const `OfNat.ofNat [Lean.Level.zero]) (Lean.Expr.const `Nat []))
                        (Lean.Expr.lit (Lean.Literal.natVal 45)))
                      (Lean.Expr.app (Lean.Expr.const `instOfNatNat []) (Lean.Expr.lit (Lean.Literal.natVal 45)))))
                  (Lean.Expr.const `Complex [])
                  (Lean.BinderInfo.default)))
              (Lean.Expr.app
                (Lean.Expr.app
                  (Lean.Expr.app
                    (Lean.Expr.const `Pi.addCommGroup [Lean.Level.zero, Lean.Level.zero])
                    (Lean.Expr.app
                      (Lean.Expr.const `Fin [])
                      (Lean.Expr.app
                        (Lean.Expr.app
                          (Lean.Expr.app (Lean.Expr.const `OfNat.ofNat [Lean.Level.zero]) (Lean.Expr.const `Nat []))
                          (Lean.Expr.lit (Lean.Literal.natVal 45)))
                        (Lean.Expr.app (Lean.Expr.const `instOfNatNat []) (Lean.Expr.lit (Lean.Literal.natVal 45))))))
                  (Lean.Expr.lam
                    (Lean.Name.mkNum `a._@._internal._hyg 0)
                    (Lean.Expr.app
                      (Lean.Expr.const `Fin [])
                      (Lean.Expr.app
                        (Lean.Expr.app
                          (Lean.Expr.app (Lean.Expr.const `OfNat.ofNat [Lean.Level.zero]) (Lean.Expr.const `Nat []))
                          (Lean.Expr.lit (Lean.Literal.natVal 45)))
                        (Lean.Expr.app (Lean.Expr.const `instOfNatNat []) (Lean.Expr.lit (Lean.Literal.natVal 45)))))
                    (Lean.Expr.const `Complex [])
                    (Lean.BinderInfo.default)))
                (Lean.Expr.lam
                  `i
                  (Lean.Expr.app
                    (Lean.Expr.const `Fin [])
                    (Lean.Expr.app
                      (Lean.Expr.app
                        (Lean.Expr.app (Lean.Expr.const `OfNat.ofNat [Lean.Level.zero]) (Lean.Expr.const `Nat []))
                        (Lean.Expr.lit (Lean.Literal.natVal 45)))
                      (Lean.Expr.app (Lean.Expr.const `instOfNatNat []) (Lean.Expr.lit (Lean.Literal.natVal 45)))))
                  (Lean.Expr.const `Complex.addCommGroup [])
                  (Lean.BinderInfo.default))))
            (Lean.Expr.app
              (Lean.Expr.app
                (Lean.Expr.app
                  (Lean.Expr.app
                    (Lean.Expr.app
                      (Lean.Expr.app
                        (Lean.Expr.const `Pi.Function.module [Lean.Level.zero, Lean.Level.zero, Lean.Level.zero])
                        (Lean.Expr.app
                          (Lean.Expr.const `Fin [])
                          (Lean.Expr.app
                            (Lean.Expr.app
                              (Lean.Expr.app (Lean.Expr.const `OfNat.ofNat [Lean.Level.zero]) (Lean.Expr.const `Nat []))
                              (Lean.Expr.lit (Lean.Literal.natVal 45)))
                            (Lean.Expr.app
                              (Lean.Expr.const `instOfNatNat [])
                              (Lean.Expr.lit (Lean.Literal.natVal 45))))))
                      (Lean.Expr.const `Complex []))
                    (Lean.Expr.const `Complex []))
                  (Lean.Expr.app
                    (Lean.Expr.app
                      (Lean.Expr.const `DivisionSemiring.toSemiring [Lean.Level.zero])
                      (Lean.Expr.const `Complex []))
                    (Lean.Expr.app
                      (Lean.Expr.app
                        (Lean.Expr.const `Semifield.toDivisionSemiring [Lean.Level.zero])
                        (Lean.Expr.const `Complex []))
                      (Lean.Expr.app
                        (Lean.Expr.app
                          (Lean.Expr.const `Field.toSemifield [Lean.Level.zero])
                          (Lean.Expr.const `Complex []))
                        (Lean.Expr.app
                          (Lean.Expr.app
                            (Lean.Expr.const `NormedField.toField [Lean.Level.zero])
                            (Lean.Expr.const `Complex []))
                          (Lean.Expr.app
                            (Lean.Expr.app
                              (Lean.Expr.const `NontriviallyNormedField.toNormedField [Lean.Level.zero])
                              (Lean.Expr.const `Complex []))
                            (Lean.Expr.app
                              (Lean.Expr.app
                                (Lean.Expr.const `DenselyNormedField.toNontriviallyNormedField [Lean.Level.zero])
                                (Lean.Expr.const `Complex []))
                              (Lean.Expr.const `Complex.instDenselyNormedField []))))))))
                (Lean.Expr.const `Complex.instAddCommMonoid []))
              (Lean.Expr.app
                (Lean.Expr.app (Lean.Expr.const `Semiring.toModule [Lean.Level.zero]) (Lean.Expr.const `Complex []))
                (Lean.Expr.app
                  (Lean.Expr.app
                    (Lean.Expr.const `DivisionSemiring.toSemiring [Lean.Level.zero])
                    (Lean.Expr.const `Complex []))
                  (Lean.Expr.app
                    (Lean.Expr.app
                      (Lean.Expr.const `Semifield.toDivisionSemiring [Lean.Level.zero])
                      (Lean.Expr.const `Complex []))
                    (Lean.Expr.app
                      (Lean.Expr.app
                        (Lean.Expr.const `Field.toSemifield [Lean.Level.zero])
                        (Lean.Expr.const `Complex []))
                      (Lean.Expr.app
                        (Lean.Expr.app
                          (Lean.Expr.const `NormedField.toField [Lean.Level.zero])
                          (Lean.Expr.const `Complex []))
                        (Lean.Expr.app
                          (Lean.Expr.app
                            (Lean.Expr.const `NontriviallyNormedField.toNormedField [Lean.Level.zero])
                            (Lean.Expr.const `Complex []))
                          (Lean.Expr.app
                            (Lean.Expr.app
                              (Lean.Expr.const `DenselyNormedField.toNontriviallyNormedField [Lean.Level.zero])
                              (Lean.Expr.const `Complex []))
                            (Lean.Expr.const `Complex.instDenselyNormedField []))))))))))
          (Lean.Expr.app
            (Lean.Expr.app
              (Lean.Expr.app
                (Lean.Expr.const `Pi.topologicalSpace [Lean.Level.zero, Lean.Level.zero])
                (Lean.Expr.app
                  (Lean.Expr.const `Fin [])
                  (Lean.Expr.app
                    (Lean.Expr.app
                      (Lean.Expr.app (Lean.Expr.const `OfNat.ofNat [Lean.Level.zero]) (Lean.Expr.const `Nat []))
                      (Lean.Expr.lit (Lean.Literal.natVal 45)))
                    (Lean.Expr.app (Lean.Expr.const `instOfNatNat []) (Lean.Expr.lit (Lean.Literal.natVal 45))))))
              (Lean.Expr.lam
                (Lean.Name.mkNum `a._@._internal._hyg 0)
                (Lean.Expr.app
                  (Lean.Expr.const `Fin [])
                  (Lean.Expr.app
                    (Lean.Expr.app
                      (Lean.Expr.app (Lean.Expr.const `OfNat.ofNat [Lean.Level.zero]) (Lean.Expr.const `Nat []))
                      (Lean.Expr.lit (Lean.Literal.natVal 45)))
                    (Lean.Expr.app (Lean.Expr.const `instOfNatNat []) (Lean.Expr.lit (Lean.Literal.natVal 45)))))
                (Lean.Expr.const `Complex [])
                (Lean.BinderInfo.default)))
            (Lean.Expr.lam
              `i
              (Lean.Expr.app
                (Lean.Expr.const `Fin [])
                (Lean.Expr.app
                  (Lean.Expr.app
                    (Lean.Expr.app (Lean.Expr.const `OfNat.ofNat [Lean.Level.zero]) (Lean.Expr.const `Nat []))
                    (Lean.Expr.lit (Lean.Literal.natVal 45)))
                  (Lean.Expr.app (Lean.Expr.const `instOfNatNat []) (Lean.Expr.lit (Lean.Literal.natVal 45)))))
              (Lean.Expr.app
                (Lean.Expr.app
                  (Lean.Expr.const `UniformSpace.toTopologicalSpace [Lean.Level.zero])
                  (Lean.Expr.const `Complex []))
                (Lean.Expr.app
                  (Lean.Expr.app
                    (Lean.Expr.const `PseudoMetricSpace.toUniformSpace [Lean.Level.zero])
                    (Lean.Expr.const `Complex []))
                  (Lean.Expr.app
                    (Lean.Expr.app
                      (Lean.Expr.const `SeminormedRing.toPseudoMetricSpace [Lean.Level.zero])
                      (Lean.Expr.const `Complex []))
                    (Lean.Expr.app
                      (Lean.Expr.app
                        (Lean.Expr.const `SeminormedCommRing.toSeminormedRing [Lean.Level.zero])
                        (Lean.Expr.const `Complex []))
                      (Lean.Expr.app
                        (Lean.Expr.app
                          (Lean.Expr.const `NormedCommRing.toSeminormedCommRing [Lean.Level.zero])
                          (Lean.Expr.const `Complex []))
                        (Lean.Expr.app
                          (Lean.Expr.app
                            (Lean.Expr.const `NormedField.toNormedCommRing [Lean.Level.zero])
                            (Lean.Expr.const `Complex []))
                          (Lean.Expr.const `Complex.instNormedField [])))))))
              (Lean.BinderInfo.default))))
        (Lean.Expr.const `NLA.MF14Degree44.coefficientMap []))
      (Lean.Expr.const `NLA.MF14Degree44.basePoint [])))
LEVELJSON NLA.MF14Degree44.coefficient_derivative_bijective []
TYPEJSON NLA.MF14Degree44.degree44_coverage Lean.Expr.app
  (Lean.Expr.const `NLA.MF14.CoversDegree [])
  (Lean.Expr.app
    (Lean.Expr.app
      (Lean.Expr.app (Lean.Expr.const `OfNat.ofNat [Lean.Level.zero]) (Lean.Expr.const `Nat []))
      (Lean.Expr.lit (Lean.Literal.natVal 44)))
    (Lean.Expr.app (Lean.Expr.const `instOfNatNat []) (Lean.Expr.lit (Lean.Literal.natVal 44))))
LEVELJSON NLA.MF14Degree44.degree44_coverage []
TYPEJSON NLA.MF14Degree44.original_equality_false Lean.Expr.app
  (Lean.Expr.const `Not [])
  (Lean.Expr.app
    (Lean.Expr.app
      (Lean.Expr.app
        (Lean.Expr.app (Lean.Expr.const `IsGreatest [Lean.Level.zero]) (Lean.Expr.const `Nat []))
        (Lean.Expr.const `instLENat []))
      (Lean.Expr.const `NLA.MF14.coveredDegrees []))
    (Lean.Expr.app
      (Lean.Expr.app
        (Lean.Expr.app (Lean.Expr.const `OfNat.ofNat [Lean.Level.zero]) (Lean.Expr.const `Nat []))
        (Lean.Expr.lit (Lean.Literal.natVal 42)))
      (Lean.Expr.app (Lean.Expr.const `instOfNatNat []) (Lean.Expr.lit (Lean.Literal.natVal 42)))))
LEVELJSON NLA.MF14Degree44.original_equality_false []
