2026-09-19T09:09:25.2289003Z Current runner version: '2.337.0'
2026-09-19T09:09:25.2306440Z ##[group]Runner Image Provisioner
2026-09-19T09:09:25.2306962Z Hosted Compute Agent
2026-09-19T09:09:25.2307361Z Version: 20260828.587
2026-09-19T09:09:25.2307777Z Commit: abac92662cab4cc7352de4f9f9d2e2419aad9c29
2026-09-19T09:09:25.2308192Z Build Date: 2026-08-28T16:44:25Z
2026-09-19T09:09:25.2308671Z Worker ID: {0d2aa266-b532-44a1-ba60-f7e0c4ac95de}
2026-09-19T09:09:25.2309085Z Azure Region: westus2
2026-09-19T09:09:25.2309450Z ##[endgroup]
2026-09-19T09:09:25.2310204Z ##[group]Operating System
2026-09-19T09:09:25.2310565Z Ubuntu
2026-09-19T09:09:25.2310943Z 24.04.5
2026-09-19T09:09:25.2311255Z LTS
2026-09-19T09:09:25.2311553Z ##[endgroup]
2026-09-19T09:09:25.2311949Z ##[group]Runner Image
2026-09-19T09:09:25.2312334Z Image: ubuntu-24.04
2026-09-19T09:09:25.2312701Z Version: 20260907.300.1
2026-09-19T09:09:25.2313432Z Included Software: https://github.com/actions/runner-images/blob/ubuntu24/20260907.300/images/ubuntu/Ubuntu2404-Readme.md
2026-09-19T09:09:25.2314496Z Image Release: https://github.com/actions/runner-images/releases/tag/ubuntu24%2F20260907.300
2026-09-19T09:09:25.2315075Z ##[endgroup]
2026-09-19T09:09:25.2315740Z ##[group]GITHUB_TOKEN Permissions
2026-09-19T09:09:25.2316900Z Contents: read
2026-09-19T09:09:25.2317300Z Metadata: read
2026-09-19T09:09:25.2317631Z ##[endgroup]
2026-09-19T09:09:25.2318893Z Secret source: None
2026-09-19T09:09:25.2319492Z Cache mode: write
2026-09-19T09:09:25.2319893Z Prepare workflow directory
2026-09-19T09:09:25.2520257Z Prepare all required actions
2026-09-19T09:09:25.2550552Z Getting action download info
2026-09-19T09:09:25.6364815Z Download action repository 'actions/checkout@11d5960a326750d5838078e36cf38b85af677262' (SHA:11d5960a326750d5838078e36cf38b85af677262)
2026-09-19T09:09:25.7580246Z Download action repository 'actions/setup-go@924ae3a1cded613372ab5595356fb5720e22ba16' (SHA:924ae3a1cded613372ab5595356fb5720e22ba16)
2026-09-19T09:09:26.0008899Z Download action repository 'leanprover/lean-action@96e06131c0e9943c780388fd166f55d1e2fa0433' (SHA:96e06131c0e9943c780388fd166f55d1e2fa0433)
2026-09-19T09:09:26.1833978Z Download action repository 'actions/upload-artifact@ea165f8d65b6e75b540449e92b4886f43607fa02' (SHA:ea165f8d65b6e75b540449e92b4886f43607fa02)
2026-09-19T09:09:26.3994307Z Getting action download info
2026-09-19T09:09:26.5619852Z Download action repository 'actions/cache@v5' (SHA:caa296126883cff596d87d8935842f9db880ef25)
2026-09-19T09:09:27.0735743Z Complete job name: verify (MF-14, matrix-functions-and-stability/MF-14/lean)
2026-09-19T09:09:27.1283554Z Node 20 is being deprecated. This workflow is running with Node 24 by default. If you need to temporarily use Node 20, you can set the ACTIONS_ALLOW_USE_UNSECURE_NODE_VERSION=true environment variable. For more information see: https://github.blog/changelog/2025-09-19-deprecation-of-node-20-on-github-actions-runners/
2026-09-19T09:09:27.1289973Z ##[group]Run actions/checkout@11d5960a326750d5838078e36cf38b85af677262
2026-09-19T09:09:27.1290825Z with:
2026-09-19T09:09:27.1291351Z   persist-credentials: false
2026-09-19T09:09:27.1291981Z   repository: ajt60gaibb/OpenProblemsInNLA
2026-09-19T09:09:27.1296578Z   token: ***
2026-09-19T09:09:27.1297081Z   ssh-strict: true
2026-09-19T09:09:27.1297586Z   ssh-user: git
2026-09-19T09:09:27.1298077Z   clean: true
2026-09-19T09:09:27.1298611Z   sparse-checkout-cone-mode: true
2026-09-19T09:09:27.1299212Z   fetch-depth: 1
2026-09-19T09:09:27.1299725Z   fetch-tags: false
2026-09-19T09:09:27.1300242Z   show-progress: true
2026-09-19T09:09:27.1300786Z   lfs: false
2026-09-19T09:09:27.1301279Z   submodules: false
2026-09-19T09:09:27.1301804Z   set-safe-directory: true
2026-09-19T09:09:27.1302438Z   allow-unsafe-pr-checkout: false
2026-09-19T09:09:27.1303139Z ##[endgroup]
2026-09-19T09:09:27.1974781Z Syncing repository: ajt60gaibb/OpenProblemsInNLA
2026-09-19T09:09:27.1976917Z ##[group]Getting Git version info
2026-09-19T09:09:27.1977816Z Working directory is '/home/runner/work/OpenProblemsInNLA/OpenProblemsInNLA'
2026-09-19T09:09:27.1979827Z [command]/usr/bin/git version
2026-09-19T09:09:27.2058945Z git version 2.55.0
2026-09-19T09:09:27.2074468Z ##[endgroup]
2026-09-19T09:09:27.2086726Z Temporarily overriding HOME='/home/runner/work/_temp/68eccf16-a2b9-4141-90c7-eb6d75540f25' before making global git config changes
2026-09-19T09:09:27.2089069Z Adding repository directory to the temporary git global config as a safe directory
2026-09-19T09:09:27.2096108Z [command]/usr/bin/git config --global --add safe.directory /home/runner/work/OpenProblemsInNLA/OpenProblemsInNLA
2026-09-19T09:09:27.2165332Z Deleting the contents of '/home/runner/work/OpenProblemsInNLA/OpenProblemsInNLA'
2026-09-19T09:09:27.2167494Z ##[group]Initializing the repository
2026-09-19T09:09:27.2168861Z [command]/usr/bin/git init /home/runner/work/OpenProblemsInNLA/OpenProblemsInNLA
2026-09-19T09:09:27.2267176Z hint: Using 'master' as the name for the initial branch. This default branch name
2026-09-19T09:09:27.2269023Z hint: will change to "main" in Git 3.0. To configure the initial branch name
2026-09-19T09:09:27.2271054Z hint: to use in all of your new repositories, which will suppress this warning,
2026-09-19T09:09:27.2273918Z hint: call:
2026-09-19T09:09:27.2275077Z hint:
2026-09-19T09:09:27.2276200Z hint: 	git config --global init.defaultBranch <name>
2026-09-19T09:09:27.2277433Z hint:
2026-09-19T09:09:27.2278671Z hint: Names commonly chosen instead of 'master' are 'main', 'trunk' and
2026-09-19T09:09:27.2280578Z hint: 'development'. The just-created branch can be renamed via this command:
2026-09-19T09:09:27.2281987Z hint:
2026-09-19T09:09:27.2282912Z hint: 	git branch -m <name>
2026-09-19T09:09:27.2283908Z hint:
2026-09-19T09:09:27.2285353Z hint: Disable this message with "git config set advice.defaultBranchName false"
2026-09-19T09:09:27.2287503Z Initialized empty Git repository in /home/runner/work/OpenProblemsInNLA/OpenProblemsInNLA/.git/
2026-09-19T09:09:27.2290174Z [command]/usr/bin/git remote add origin https://github.com/ajt60gaibb/OpenProblemsInNLA
2026-09-19T09:09:27.2325894Z ##[endgroup]
2026-09-19T09:09:27.2327302Z ##[group]Disabling automatic garbage collection
2026-09-19T09:09:27.2328699Z [command]/usr/bin/git config --local gc.auto 0
2026-09-19T09:09:27.2357666Z ##[endgroup]
2026-09-19T09:09:27.2358486Z ##[group]Setting up auth
2026-09-19T09:09:27.2363576Z [command]/usr/bin/git config --local --name-only --get-regexp core\.sshCommand
2026-09-19T09:09:27.2393176Z [command]/usr/bin/git submodule foreach --recursive sh -c "git config --local --name-only --get-regexp 'core\.sshCommand' && git config --local --unset-all 'core.sshCommand' || :"
2026-09-19T09:09:27.2684488Z [command]/usr/bin/git config --local --name-only --get-regexp http\.https\:\/\/github\.com\/\.extraheader
2026-09-19T09:09:27.2713158Z [command]/usr/bin/git submodule foreach --recursive sh -c "git config --local --name-only --get-regexp 'http\.https\:\/\/github\.com\/\.extraheader' && git config --local --unset-all 'http.https://github.com/.extraheader' || :"
2026-09-19T09:09:27.2880855Z [command]/usr/bin/git config --local --name-only --get-regexp ^includeIf\.gitdir:
2026-09-19T09:09:27.2908736Z [command]/usr/bin/git submodule foreach --recursive git config --local --show-origin --name-only --get-regexp remote.origin.url
2026-09-19T09:09:27.3097840Z [command]/usr/bin/git config --local http.https://github.com/.extraheader AUTHORIZATION: basic ***
2026-09-19T09:09:27.3133215Z ##[endgroup]
2026-09-19T09:09:27.3134567Z ##[group]Fetching the repository
2026-09-19T09:09:27.3142139Z [command]/usr/bin/git -c protocol.version=2 fetch --no-tags --prune --no-recurse-submodules --depth=1 origin +84f2d7bd1f2d7613e8e7812f60ece7800dca429d:refs/remotes/pull/305/merge
2026-09-19T09:09:39.5525111Z From https://github.com/ajt60gaibb/OpenProblemsInNLA
2026-09-19T09:09:39.5525598Z  * [new ref]           84f2d7bd1f2d7613e8e7812f60ece7800dca429d -> pull/305/merge
2026-09-19T09:09:39.5528184Z ##[endgroup]
2026-09-19T09:09:39.5528599Z ##[group]Determining the checkout info
2026-09-19T09:09:39.5530449Z ##[endgroup]
2026-09-19T09:09:39.5536463Z [command]/usr/bin/git sparse-checkout disable
2026-09-19T09:09:39.5584967Z [command]/usr/bin/git config --local --unset-all extensions.worktreeConfig
2026-09-19T09:09:39.5616965Z ##[group]Checking out the ref
2026-09-19T09:09:39.5620620Z [command]/usr/bin/git checkout --progress --force refs/remotes/pull/305/merge
2026-09-19T09:09:40.5916055Z Updating files:  42% (17032/39626)
2026-09-19T09:09:40.6129635Z Updating files:  43% (17040/39626)
2026-09-19T09:09:40.6566808Z Updating files:  44% (17436/39626)
2026-09-19T09:09:40.6837325Z Updating files:  45% (17832/39626)
2026-09-19T09:09:40.7059578Z Updating files:  46% (18228/39626)
2026-09-19T09:09:40.7256712Z Updating files:  47% (18625/39626)
2026-09-19T09:09:40.8234440Z Updating files:  48% (19021/39626)
2026-09-19T09:09:40.8419314Z Updating files:  49% (19417/39626)
2026-09-19T09:09:40.8626168Z Updating files:  50% (19813/39626)
2026-09-19T09:09:40.8797599Z Updating files:  51% (20210/39626)
2026-09-19T09:09:40.9007440Z Updating files:  52% (20606/39626)
2026-09-19T09:09:40.9246358Z Updating files:  53% (21002/39626)
2026-09-19T09:09:40.9459070Z Updating files:  54% (21399/39626)
2026-09-19T09:09:40.9611613Z Updating files:  55% (21795/39626)
2026-09-19T09:09:40.9834024Z Updating files:  56% (22191/39626)
2026-09-19T09:09:41.0015861Z Updating files:  57% (22587/39626)
2026-09-19T09:09:41.0200315Z Updating files:  58% (22984/39626)
2026-09-19T09:09:41.0398304Z Updating files:  59% (23380/39626)
2026-09-19T09:09:41.0658698Z Updating files:  60% (23776/39626)
2026-09-19T09:09:41.0858332Z Updating files:  61% (24172/39626)
2026-09-19T09:09:41.1100477Z Updating files:  62% (24569/39626)
2026-09-19T09:09:41.1274953Z Updating files:  63% (24965/39626)
2026-09-19T09:09:41.1442956Z Updating files:  64% (25361/39626)
2026-09-19T09:09:41.1593766Z Updating files:  65% (25757/39626)
2026-09-19T09:09:41.1744888Z Updating files:  66% (26154/39626)
2026-09-19T09:09:41.1888548Z Updating files:  67% (26550/39626)
2026-09-19T09:09:41.2051354Z Updating files:  68% (26946/39626)
2026-09-19T09:09:41.2297680Z Updating files:  69% (27342/39626)
2026-09-19T09:09:41.2499242Z Updating files:  70% (27739/39626)
2026-09-19T09:09:41.2674347Z Updating files:  71% (28135/39626)
2026-09-19T09:09:41.2877579Z Updating files:  72% (28531/39626)
2026-09-19T09:09:41.3019854Z Updating files:  73% (28927/39626)
2026-09-19T09:09:41.3198217Z Updating files:  74% (29324/39626)
2026-09-19T09:09:41.3353034Z Updating files:  75% (29720/39626)
2026-09-19T09:09:41.3478761Z Updating files:  76% (30116/39626)
2026-09-19T09:09:41.3645215Z Updating files:  77% (30513/39626)
2026-09-19T09:09:41.3843432Z Updating files:  78% (30909/39626)
2026-09-19T09:09:41.3983262Z Updating files:  79% (31305/39626)
2026-09-19T09:09:41.4150780Z Updating files:  80% (31701/39626)
2026-09-19T09:09:41.4317954Z Updating files:  81% (32098/39626)
2026-09-19T09:09:41.4464836Z Updating files:  82% (32494/39626)
2026-09-19T09:09:41.4655371Z Updating files:  83% (32890/39626)
2026-09-19T09:09:41.4949553Z Updating files:  84% (33286/39626)
2026-09-19T09:09:41.5195742Z Updating files:  85% (33683/39626)
2026-09-19T09:09:41.5552273Z Updating files:  86% (34079/39626)
2026-09-19T09:09:41.6301244Z Updating files:  87% (34475/39626)
2026-09-19T09:09:41.6686006Z Updating files:  87% (34479/39626)
2026-09-19T09:09:41.7110530Z Updating files:  88% (34871/39626)
2026-09-19T09:09:41.8224564Z Updating files:  89% (35268/39626)
2026-09-19T09:09:41.8477521Z Updating files:  90% (35664/39626)
2026-09-19T09:09:41.9055046Z Updating files:  91% (36060/39626)
2026-09-19T09:09:41.9614685Z Updating files:  92% (36456/39626)
2026-09-19T09:09:42.0311431Z Updating files:  93% (36853/39626)
2026-09-19T09:09:42.0572375Z Updating files:  94% (37249/39626)
2026-09-19T09:09:42.1797781Z Updating files:  95% (37645/39626)
2026-09-19T09:09:42.2050039Z Updating files:  96% (38041/39626)
2026-09-19T09:09:42.2251252Z Updating files:  97% (38438/39626)
2026-09-19T09:09:42.2421120Z Updating files:  98% (38834/39626)
2026-09-19T09:09:42.2580081Z Updating files:  99% (39230/39626)
2026-09-19T09:09:42.2580639Z Updating files: 100% (39626/39626)
2026-09-19T09:09:42.2580902Z Updating files: 100% (39626/39626), done.
2026-09-19T09:09:42.2886490Z Note: switching to 'refs/remotes/pull/305/merge'.
2026-09-19T09:09:42.2886704Z 
2026-09-19T09:09:42.2886873Z You are in 'detached HEAD' state. You can look around, make experimental
2026-09-19T09:09:42.2887259Z changes and commit them, and you can discard any commits you make in this
2026-09-19T09:09:42.2887641Z state without impacting any branches by switching back to a branch.
2026-09-19T09:09:42.2887875Z 
2026-09-19T09:09:42.2887995Z If you want to create a new branch to retain commits you create, you may
2026-09-19T09:09:42.2888230Z do so (now or later) by using -c with the switch command. Example:
2026-09-19T09:09:42.2888399Z 
2026-09-19T09:09:42.2888490Z   git switch -c <new-branch-name>
2026-09-19T09:09:42.2888628Z 
2026-09-19T09:09:42.2888706Z Or undo this operation with:
2026-09-19T09:09:42.2888830Z 
2026-09-19T09:09:42.2888909Z   git switch -
2026-09-19T09:09:42.2889001Z 
2026-09-19T09:09:42.2889166Z Turn off this advice by setting config variable advice.detachedHead to false
2026-09-19T09:09:42.2889389Z 
2026-09-19T09:09:42.2889666Z HEAD is now at 84f2d7bd Merge c89c859a6b21c399a99f5e9f5fb2b7f472c96657 into 71563f17926cd826a892c2bba0e294894ee57a5c
2026-09-19T09:09:42.2997912Z ##[endgroup]
2026-09-19T09:09:42.3037946Z [command]/usr/bin/git log -1 --format=%H
2026-09-19T09:09:42.3066077Z 84f2d7bd1f2d7613e8e7812f60ece7800dca429d
2026-09-19T09:09:42.3080043Z ##[group]Removing auth
2026-09-19T09:09:42.3080389Z [command]/usr/bin/git config --local --name-only --get-regexp core\.sshCommand
2026-09-19T09:09:42.3109087Z [command]/usr/bin/git submodule foreach --recursive sh -c "git config --local --name-only --get-regexp 'core\.sshCommand' && git config --local --unset-all 'core.sshCommand' || :"
2026-09-19T09:09:42.3301394Z [command]/usr/bin/git config --local --name-only --get-regexp http\.https\:\/\/github\.com\/\.extraheader
2026-09-19T09:09:42.3322526Z http.https://github.com/.extraheader
2026-09-19T09:09:42.3327906Z [command]/usr/bin/git config --local --unset-all http.https://github.com/.extraheader
2026-09-19T09:09:42.3357566Z [command]/usr/bin/git submodule foreach --recursive sh -c "git config --local --name-only --get-regexp 'http\.https\:\/\/github\.com\/\.extraheader' && git config --local --unset-all 'http.https://github.com/.extraheader' || :"
2026-09-19T09:09:42.3547471Z [command]/usr/bin/git config --local --name-only --get-regexp ^includeIf\.gitdir:
2026-09-19T09:09:42.3595341Z [command]/usr/bin/git submodule foreach --recursive git config --local --show-origin --name-only --get-regexp remote.origin.url
2026-09-19T09:09:42.3776340Z ##[endgroup]
2026-09-19T09:09:42.3927389Z ##[group]Run python3 -m pip install -r tools/lean/requirements.txt
2026-09-19T09:09:42.3927715Z [36;1mpython3 -m pip install -r tools/lean/requirements.txt[0m
2026-09-19T09:09:42.3927954Z [36;1mpython3 tools/lean/validate_manifest.py "$LEAN_PROJECT"[0m
2026-09-19T09:09:42.3958975Z shell: /usr/bin/bash -e {0}
2026-09-19T09:09:42.3959118Z env:
2026-09-19T09:09:42.3959266Z   LEAN_PROJECT: matrix-functions-and-stability/MF-14/lean
2026-09-19T09:09:42.3959445Z ##[endgroup]
2026-09-19T09:09:44.0333327Z Defaulting to user installation because normal site-packages is not writeable
2026-09-19T09:09:46.8551925Z Collecting PyYAML==6.0.3 (from -r tools/lean/requirements.txt (line 1))
2026-09-19T09:09:46.8969102Z   Downloading pyyaml-6.0.3-cp312-cp312-manylinux2014_x86_64.manylinux_2_17_x86_64.manylinux_2_28_x86_64.whl.metadata (2.4 kB)
2026-09-19T09:09:46.9669268Z Collecting jsonschema==4.26.0 (from -r tools/lean/requirements.txt (line 2))
2026-09-19T09:09:46.9736466Z   Downloading jsonschema-4.26.0-py3-none-any.whl.metadata (7.6 kB)
2026-09-19T09:09:46.9851429Z Requirement already satisfied: attrs>=22.2.0 in /usr/lib/python3/dist-packages (from jsonschema==4.26.0->-r tools/lean/requirements.txt (line 2)) (23.2.0)
2026-09-19T09:09:47.3478706Z Collecting jsonschema-specifications>=2023.03.6 (from jsonschema==4.26.0->-r tools/lean/requirements.txt (line 2))
2026-09-19T09:09:47.3544826Z   Downloading jsonschema_specifications-2025.9.1-py3-none-any.whl.metadata (2.9 kB)
2026-09-19T09:09:47.5269585Z Collecting referencing>=0.28.4 (from jsonschema==4.26.0->-r tools/lean/requirements.txt (line 2))
2026-09-19T09:09:47.5332561Z   Downloading referencing-0.37.0-py3-none-any.whl.metadata (2.8 kB)
2026-09-19T09:09:47.7526664Z Collecting rpds-py>=0.25.0 (from jsonschema==4.26.0->-r tools/lean/requirements.txt (line 2))
2026-09-19T09:09:47.7593190Z   Downloading rpds_py-2026.6.3-cp312-cp312-manylinux_2_17_x86_64.manylinux2014_x86_64.whl.metadata (4.1 kB)
2026-09-19T09:09:47.7870652Z Requirement already satisfied: typing-extensions>=4.4.0 in /usr/lib/python3/dist-packages (from referencing>=0.28.4->jsonschema==4.26.0->-r tools/lean/requirements.txt (line 2)) (4.10.0)
2026-09-19T09:09:47.7949898Z Downloading pyyaml-6.0.3-cp312-cp312-manylinux2014_x86_64.manylinux_2_17_x86_64.manylinux_2_28_x86_64.whl (807 kB)
2026-09-19T09:09:47.8267113Z    ━━━━━━━━━━━━━━━━━━━━━━━━━━━━━━━━━━━━━━━━ 807.9/807.9 kB 26.5 MB/s eta 0:00:00
2026-09-19T09:09:47.8332180Z Downloading jsonschema-4.26.0-py3-none-any.whl (90 kB)
2026-09-19T09:09:47.8389402Z    ━━━━━━━━━━━━━━━━━━━━━━━━━━━━━━━━━━━━━━━━ 90.6/90.6 kB 17.3 MB/s eta 0:00:00
2026-09-19T09:09:47.8458603Z Downloading jsonschema_specifications-2025.9.1-py3-none-any.whl (18 kB)
2026-09-19T09:09:47.8555069Z Downloading referencing-0.37.0-py3-none-any.whl (26 kB)
2026-09-19T09:09:47.9947569Z Downloading rpds_py-2026.6.3-cp312-cp312-manylinux_2_17_x86_64.manylinux2014_x86_64.whl (366 kB)
2026-09-19T09:09:47.9990929Z    ━━━━━━━━━━━━━━━━━━━━━━━━━━━━━━━━━━━━━━━ 366.2/366.2 kB 119.6 MB/s eta 0:00:00
2026-09-19T09:09:48.2864517Z Installing collected packages: rpds-py, PyYAML, referencing, jsonschema-specifications, jsonschema
2026-09-19T09:09:48.7922292Z Successfully installed PyYAML-6.0.3 jsonschema-4.26.0 jsonschema-specifications-2025.9.1 referencing-0.37.0 rpds-py-2026.6.3
2026-09-19T09:09:49.0261528Z Manifest schema and comparator coverage: PASS (25 declarations)
2026-09-19T09:09:49.0414787Z ##[group]Run actions/setup-go@924ae3a1cded613372ab5595356fb5720e22ba16
2026-09-19T09:09:49.0415003Z with:
2026-09-19T09:09:49.0415114Z   go-version: 1.27.1
2026-09-19T09:09:49.0415232Z   cache: false
2026-09-19T09:09:49.0415341Z   check-latest: false
2026-09-19T09:09:49.0416621Z   token: ***
2026-09-19T09:09:49.0416733Z ##[endgroup]
2026-09-19T09:09:49.1237090Z Setup go version spec 1.27.1
2026-09-19T09:09:49.1244577Z Attempting to download 1.27.1...
2026-09-19T09:09:49.7825079Z matching 1.27.1...
2026-09-19T09:09:49.7841940Z Acquiring 1.27.1 from https://github.com/actions/go-versions/releases/download/1.27.1-33583469715/go-1.27.1-linux-x64.tar.gz
2026-09-19T09:09:50.1705036Z Extracting Go...
2026-09-19T09:09:50.1853474Z [command]/usr/bin/tar xz --warning=no-unknown-keyword --overwrite -C /home/runner/work/_temp/a0009683-836d-477f-a20e-d13b3641e1f3 -f /home/runner/work/_temp/89f9a1f2-37cc-4c92-b9fd-c877e52ce817
2026-09-19T09:09:51.4560607Z Successfully extracted go to /home/runner/work/_temp/a0009683-836d-477f-a20e-d13b3641e1f3
2026-09-19T09:09:51.4560890Z Adding to the cache ...
2026-09-19T09:09:56.0663027Z Successfully cached go to /opt/hostedtoolcache/go/1.27.1/x64
2026-09-19T09:09:56.0664839Z Added go to the path
2026-09-19T09:09:56.0666402Z Successfully set up Go version 1.27.1
2026-09-19T09:09:56.0823332Z go version go1.27.1 linux/amd64
2026-09-19T09:09:56.0823465Z 
2026-09-19T09:09:56.0823655Z ##[group]go env
2026-09-19T09:09:56.3636063Z AR='ar'
2026-09-19T09:09:56.3636284Z CC='gcc'
2026-09-19T09:09:56.3636504Z CGO_CFLAGS='-O2 -g'
2026-09-19T09:09:56.3636705Z CGO_CPPFLAGS=''
2026-09-19T09:09:56.3636891Z CGO_CXXFLAGS='-O2 -g'
2026-09-19T09:09:56.3637081Z CGO_ENABLED='1'
2026-09-19T09:09:56.3637279Z CGO_FFLAGS='-O2 -g'
2026-09-19T09:09:56.3637450Z CGO_LDFLAGS='-O2 -g'
2026-09-19T09:09:56.3637627Z CXX='g++'
2026-09-19T09:09:56.3637788Z GCCGO='gccgo'
2026-09-19T09:09:56.3638222Z GO111MODULE=''
2026-09-19T09:09:56.3638382Z GOAMD64='v1'
2026-09-19T09:09:56.3638543Z GOARCH='amd64'
2026-09-19T09:09:56.3638714Z GOAUTH='netrc'
2026-09-19T09:09:56.3638891Z GOBIN='/home/runner/go/bin'
2026-09-19T09:09:56.3639113Z GOCACHE='/home/runner/.cache/go-build'
2026-09-19T09:09:56.3639335Z GOCACHEPROG=''
2026-09-19T09:09:56.3639501Z GODEBUG=''
2026-09-19T09:09:56.3639682Z GOENV='/home/runner/.config/go/env'
2026-09-19T09:09:56.3639891Z GOEXE=''
2026-09-19T09:09:56.3640045Z GOEXPERIMENT=''
2026-09-19T09:09:56.3640252Z GOFIPS140='off'
2026-09-19T09:09:56.3640415Z GOFLAGS=''
2026-09-19T09:09:56.3641004Z GOGCCFLAGS='-fPIC -m64 -pthread -Wl,--no-gc-sections -fmessage-length=0 -ffile-prefix-map=/tmp/go-build2457948281=/tmp/go-build -gno-record-gcc-switches'
2026-09-19T09:09:56.3641564Z GOHOSTARCH='amd64'
2026-09-19T09:09:56.3641768Z GOHOSTOS='linux'
2026-09-19T09:09:56.3641935Z GOINSECURE=''
2026-09-19T09:09:56.3642097Z GOMOD='/dev/null'
2026-09-19T09:09:56.3642294Z GOMODCACHE='/home/runner/go/pkg/mod'
2026-09-19T09:09:56.3642515Z GONOPROXY=''
2026-09-19T09:09:56.3642670Z GONOSUMDB=''
2026-09-19T09:09:56.3642830Z GOOS='linux'
2026-09-19T09:09:56.3642991Z GOPACKAGESDRIVER=''
2026-09-19T09:09:56.3643174Z GOPATH='/home/runner/go'
2026-09-19T09:09:56.3643355Z GOPRIVATE=''
2026-09-19T09:09:56.3643581Z GOPROXY='https://proxy.golang.org,direct'
2026-09-19T09:09:56.3643853Z GOROOT='/opt/hostedtoolcache/go/1.27.1/x64'
2026-09-19T09:09:56.3644097Z GOSUMDB='sum.golang.org'
2026-09-19T09:09:56.3644421Z GOTELEMETRY='local'
2026-09-19T09:09:56.3644645Z GOTELEMETRYDIR='/home/runner/.config/go/telemetry'
2026-09-19T09:09:56.3644892Z GOTMPDIR=''
2026-09-19T09:09:56.3645053Z GOTOOLCHAIN='local'
2026-09-19T09:09:56.3645317Z GOTOOLDIR='/opt/hostedtoolcache/go/1.27.1/x64/pkg/tool/linux_amd64'
2026-09-19T09:09:56.3645610Z GOVCS=''
2026-09-19T09:09:56.3645771Z GOVERSION='go1.27.1'
2026-09-19T09:09:56.3645946Z GOWORK=''
2026-09-19T09:09:56.3646112Z PKG_CONFIG='pkg-config'
2026-09-19T09:09:56.3646234Z 
2026-09-19T09:09:56.3646572Z ##[endgroup]
2026-09-19T09:09:56.3904610Z ##[group]Run leanprover/lean-action@96e06131c0e9943c780388fd166f55d1e2fa0433
2026-09-19T09:09:56.3904841Z with:
2026-09-19T09:09:56.3905013Z   lake-package-directory: matrix-functions-and-stability/MF-14/lean
2026-09-19T09:09:56.3905215Z   auto-config: false
2026-09-19T09:09:56.3905333Z   build: false
2026-09-19T09:09:56.3905437Z   test: false
2026-09-19T09:09:56.3905539Z   lint: false
2026-09-19T09:09:56.3905651Z   use-mathlib-cache: false
2026-09-19T09:09:56.3905781Z   use-github-cache: false
2026-09-19T09:09:56.3905904Z   mk_all-check: false
2026-09-19T09:09:56.3906035Z   check-reservoir-eligibility: false
2026-09-19T09:09:56.3906179Z   leanchecker: false
2026-09-19T09:09:56.3906292Z   lean4checker: false
2026-09-19T09:09:56.3906404Z   nanoda: false
2026-09-19T09:09:56.3906517Z   nanoda-allow-sorry: true
2026-09-19T09:09:56.3906642Z   axiom-audit: false
2026-09-19T09:09:56.3906798Z   axiom-audit-allow: propext,Classical.choice,Quot.sound
2026-09-19T09:09:56.3907067Z   reinstall-transient-toolchain: false
2026-09-19T09:09:56.3907237Z env:
2026-09-19T09:09:56.3907340Z   GOTOOLCHAIN: local
2026-09-19T09:09:56.3907453Z ##[endgroup]
2026-09-19T09:09:56.3948795Z ##[start-action display=install elan;id=__leanprover_lean-action.__run]
2026-09-19T09:09:56.3965066Z ##[group]Run : Install Elan
2026-09-19T09:09:56.3965231Z [36;1m: Install Elan[0m
2026-09-19T09:09:56.3965385Z [36;1m${GITHUB_ACTION_PATH}/scripts/install_elan.sh[0m
2026-09-19T09:09:56.3997825Z shell: /usr/bin/bash --noprofile --norc -e -o pipefail {0}
2026-09-19T09:09:56.3998010Z env:
2026-09-19T09:09:56.3998119Z   GOTOOLCHAIN: local
2026-09-19T09:09:56.3998239Z ##[endgroup]
2026-09-19T09:09:56.4066435Z ##[group]Elan Installation Output
2026-09-19T09:09:56.4973250Z info: downloading installer
2026-09-19T09:09:57.4926058Z info: downloading https://releases.lean-lang.org/lean4/v4.33.1/lean-4.33.1-linux.tar.zst
2026-09-19T09:10:03.0464827Z info: installing /home/runner/.elan/toolchains/leanprover--lean4---v4.33.1
2026-09-19T09:10:15.1692719Z Lean (version 4.33.1, x86_64-unknown-linux-gnu, commit 819816b2e0a3bf405af45ae5c7af2491d8f5bee6, Release)
2026-09-19T09:10:15.2045252Z Lake version 5.0.0-src+819816b (Lean version 4.33.1)
2026-09-19T09:10:15.2081582Z ##[endgroup]
2026-09-19T09:10:15.2081664Z 
2026-09-19T09:10:15.2097522Z ##[end-action id=__leanprover_lean-action.__run;outcome=success;conclusion=success;duration_ms=18814]
2026-09-19T09:10:15.2101437Z ##[start-action display=configure `lean-action`;id=__leanprover_lean-action.config]
2026-09-19T09:10:15.2112716Z ##[group]Run : Configure Lean Action
2026-09-19T09:10:15.2112899Z [36;1m: Configure Lean Action[0m
2026-09-19T09:10:15.2113054Z [36;1m${GITHUB_ACTION_PATH}/scripts/config.sh[0m
2026-09-19T09:10:15.2143149Z shell: /usr/bin/bash --noprofile --norc -e -o pipefail {0}
2026-09-19T09:10:15.2143326Z env:
2026-09-19T09:10:15.2143430Z   GOTOOLCHAIN: local
2026-09-19T09:10:15.2143547Z   AUTO_CONFIG: false
2026-09-19T09:10:15.2143658Z   BUILD: false
2026-09-19T09:10:15.2143788Z   TEST: false
2026-09-19T09:10:15.2143886Z   LINT: false
2026-09-19T09:10:15.2143988Z ##[endgroup]
2026-09-19T09:10:15.2269805Z ##[group]Configure lean-action
2026-09-19T09:10:15.2323684Z ##[end-action id=__leanprover_lean-action.config;outcome=success;conclusion=success;duration_ms=22]
2026-09-19T09:10:15.2327361Z ##[start-action display=reinstall transient toolchain;id=__leanprover_lean-action.__run_2]
2026-09-19T09:10:15.2331800Z ##[end-action id=__leanprover_lean-action.__run_2;outcome=skipped;conclusion=skipped;duration_ms=0]
2026-09-19T09:10:15.2333460Z ##[start-action display=ensure all files are imported;id=__leanprover_lean-action.mk_all]
2026-09-19T09:10:15.2335764Z ##[end-action id=__leanprover_lean-action.mk_all;outcome=skipped;conclusion=skipped;duration_ms=0]
2026-09-19T09:10:15.2336733Z ##[start-action display=Run actions/cache/restore@v5;id=__leanprover_lean-action.__actions_cache]
2026-09-19T09:10:15.2338562Z ##[end-action id=__leanprover_lean-action.__actions_cache;outcome=skipped;conclusion=skipped;duration_ms=0]
2026-09-19T09:10:15.2339462Z ##[start-action display=detect mathlib;id=__leanprover_lean-action.detect-mathlib]
2026-09-19T09:10:15.2341774Z ##[end-action id=__leanprover_lean-action.detect-mathlib;outcome=skipped;conclusion=skipped;duration_ms=0]
2026-09-19T09:10:15.2343066Z ##[start-action display=get mathlib cache;id=__leanprover_lean-action.__run_3]
2026-09-19T09:10:15.2356514Z ##[end-action id=__leanprover_lean-action.__run_3;outcome=skipped;conclusion=skipped;duration_ms=0]
2026-09-19T09:10:15.2377471Z ##[start-action display=build ajt60gaibb/OpenProblemsInNLA;id=__leanprover_lean-action.build]
2026-09-19T09:10:15.2380947Z ##[end-action id=__leanprover_lean-action.build;outcome=skipped;conclusion=skipped;duration_ms=0]
2026-09-19T09:10:15.2382446Z ##[start-action display=Run actions/cache/save@v5;id=__leanprover_lean-action.__actions_cache_2]
2026-09-19T09:10:15.2385092Z ##[end-action id=__leanprover_lean-action.__actions_cache_2;outcome=skipped;conclusion=skipped;duration_ms=0]
2026-09-19T09:10:15.2387913Z ##[start-action display=test ajt60gaibb/OpenProblemsInNLA;id=__leanprover_lean-action.test]
2026-09-19T09:10:15.2390594Z ##[end-action id=__leanprover_lean-action.test;outcome=skipped;conclusion=skipped;duration_ms=0]
2026-09-19T09:10:15.2391910Z ##[start-action display=lint ajt60gaibb/OpenProblemsInNLA;id=__leanprover_lean-action.lint]
2026-09-19T09:10:15.2393992Z ##[end-action id=__leanprover_lean-action.lint;outcome=skipped;conclusion=skipped;duration_ms=0]
2026-09-19T09:10:15.2395128Z ##[start-action display=check reservoir eligibility;id=__leanprover_lean-action.__run_4]
2026-09-19T09:10:15.2396727Z ##[end-action id=__leanprover_lean-action.__run_4;outcome=skipped;conclusion=skipped;duration_ms=0]
2026-09-19T09:10:15.2397916Z ##[start-action display=check environment with leanchecker;id=__leanprover_lean-action.__run_5]
2026-09-19T09:10:15.2400091Z ##[end-action id=__leanprover_lean-action.__run_5;outcome=skipped;conclusion=skipped;duration_ms=0]
2026-09-19T09:10:15.2401264Z ##[start-action display=check environment with nanoda;id=__leanprover_lean-action.nanoda]
2026-09-19T09:10:15.2402738Z ##[end-action id=__leanprover_lean-action.nanoda;outcome=skipped;conclusion=skipped;duration_ms=0]
2026-09-19T09:10:15.2403821Z ##[start-action display=audit axioms with axiom-audit;id=__leanprover_lean-action.axiom-audit]
2026-09-19T09:10:15.2405535Z ##[end-action id=__leanprover_lean-action.axiom-audit;outcome=skipped;conclusion=skipped;duration_ms=0]
2026-09-19T09:10:15.2441434Z ##[group]Run sudo apt-get update
2026-09-19T09:10:15.2441610Z [36;1msudo apt-get update[0m
2026-09-19T09:10:15.2441779Z [36;1msudo apt-get install -y bubblewrap dbus-user-session[0m
2026-09-19T09:10:15.2442007Z [36;1msudo sysctl -w kernel.apparmor_restrict_unprivileged_userns=0[0m
2026-09-19T09:10:15.2442213Z [36;1msudo loginctl enable-linger "$(id -un)"[0m
2026-09-19T09:10:15.2442390Z [36;1msudo systemctl start "user@$(id -u).service"[0m
2026-09-19T09:10:15.2442590Z [36;1mecho "XDG_RUNTIME_DIR=/run/user/$(id -u)" >> "$GITHUB_ENV"[0m
2026-09-19T09:10:15.2442857Z [36;1mecho "DBUS_SESSION_BUS_ADDRESS=unix:path=/run/user/$(id -u)/bus" >> "$GITHUB_ENV"[0m
2026-09-19T09:10:15.2472011Z shell: /usr/bin/bash -e {0}
2026-09-19T09:10:15.2472138Z env:
2026-09-19T09:10:15.2472251Z   GOTOOLCHAIN: local
2026-09-19T09:10:15.2472365Z ##[endgroup]
2026-09-19T09:10:15.5118002Z Get:1 file:/etc/apt/apt-mirrors.txt Mirrorlist [144 B]
2026-09-19T09:10:15.5514380Z Hit:2 http://azure.archive.ubuntu.com/ubuntu noble InRelease
2026-09-19T09:10:15.5545693Z Get:3 http://azure.archive.ubuntu.com/ubuntu noble-updates InRelease [126 kB]
2026-09-19T09:10:15.5620774Z Get:6 https://packages.microsoft.com/ubuntu/24.04/prod noble InRelease [3600 B]
2026-09-19T09:10:15.5718636Z Get:4 http://azure.archive.ubuntu.com/ubuntu noble-backports InRelease [126 kB]
2026-09-19T09:10:15.6034888Z Get:5 http://azure.archive.ubuntu.com/ubuntu noble-security InRelease [126 kB]
2026-09-19T09:10:15.6155200Z Get:7 https://dl.google.com/linux/chrome-stable/deb stable InRelease [2548 B]
2026-09-19T09:10:15.6468152Z Get:8 https://packages.microsoft.com/ubuntu/24.04/prod noble/main arm64 Packages [429 kB]
2026-09-19T09:10:15.7138244Z Get:9 http://azure.archive.ubuntu.com/ubuntu noble-updates/main amd64 Packages [1275 kB]
2026-09-19T09:10:15.7152120Z Get:20 https://packages.microsoft.com/ubuntu/24.04/prod noble/main amd64 Packages [478 kB]
2026-09-19T09:10:15.7928639Z Get:10 http://azure.archive.ubuntu.com/ubuntu noble-updates/main Translation-en [294 kB]
2026-09-19T09:10:15.8115757Z Get:11 http://azure.archive.ubuntu.com/ubuntu noble-updates/main amd64 Components [180 kB]
2026-09-19T09:10:15.8211795Z Get:12 http://azure.archive.ubuntu.com/ubuntu noble-updates/universe amd64 Packages [1689 kB]
2026-09-19T09:10:15.8328937Z Get:35 https://dl.google.com/linux/chrome-stable/deb stable/main amd64 Packages [1408 B]
2026-09-19T09:10:15.8414126Z Get:13 http://azure.archive.ubuntu.com/ubuntu noble-updates/universe Translation-en [338 kB]
2026-09-19T09:10:15.8611025Z Get:14 http://azure.archive.ubuntu.com/ubuntu noble-updates/universe amd64 Components [388 kB]
2026-09-19T09:10:15.8709798Z Get:15 http://azure.archive.ubuntu.com/ubuntu noble-updates/restricted amd64 Packages [1580 kB]
2026-09-19T09:10:15.9012968Z Get:16 http://azure.archive.ubuntu.com/ubuntu noble-updates/restricted Translation-en [359 kB]
2026-09-19T09:10:15.9404602Z Get:17 http://azure.archive.ubuntu.com/ubuntu noble-updates/multiverse amd64 Packages [45.7 kB]
2026-09-19T09:10:15.9506180Z Get:18 http://azure.archive.ubuntu.com/ubuntu noble-updates/multiverse Translation-en [13.1 kB]
2026-09-19T09:10:16.0187834Z Get:19 http://azure.archive.ubuntu.com/ubuntu noble-updates/multiverse amd64 Components [940 B]
2026-09-19T09:10:16.0202133Z Get:21 http://azure.archive.ubuntu.com/ubuntu noble-backports/main amd64 Packages [65.9 kB]
2026-09-19T09:10:16.0400021Z Get:22 http://azure.archive.ubuntu.com/ubuntu noble-backports/main amd64 Components [5764 B]
2026-09-19T09:10:16.0701783Z Get:23 http://azure.archive.ubuntu.com/ubuntu noble-backports/universe amd64 Packages [34.6 kB]
2026-09-19T09:10:16.0862183Z Get:24 http://azure.archive.ubuntu.com/ubuntu noble-backports/universe Translation-en [18.7 kB]
2026-09-19T09:10:16.1292944Z Get:25 http://azure.archive.ubuntu.com/ubuntu noble-backports/universe amd64 Components [12.6 kB]
2026-09-19T09:10:16.1306748Z Get:26 http://azure.archive.ubuntu.com/ubuntu noble-security/main amd64 Packages [1009 kB]
2026-09-19T09:10:16.1812736Z Get:27 http://azure.archive.ubuntu.com/ubuntu noble-security/main Translation-en [214 kB]
2026-09-19T09:10:16.1901374Z Get:28 http://azure.archive.ubuntu.com/ubuntu noble-security/main amd64 Components [46.3 kB]
2026-09-19T09:10:16.2703988Z Get:29 http://azure.archive.ubuntu.com/ubuntu noble-security/universe amd64 Packages [1208 kB]
2026-09-19T09:10:16.3197437Z Get:30 http://azure.archive.ubuntu.com/ubuntu noble-security/universe Translation-en [243 kB]
2026-09-19T09:10:16.3681229Z Get:31 http://azure.archive.ubuntu.com/ubuntu noble-security/universe amd64 Components [76.2 kB]
2026-09-19T09:10:16.4189771Z Get:32 http://azure.archive.ubuntu.com/ubuntu noble-security/restricted amd64 Packages [1449 kB]
2026-09-19T09:10:16.4685328Z Get:33 http://azure.archive.ubuntu.com/ubuntu noble-security/restricted Translation-en [336 kB]
2026-09-19T09:10:16.5147408Z Get:34 http://azure.archive.ubuntu.com/ubuntu noble-security/multiverse Translation-en [11.3 kB]
2026-09-19T09:10:22.5815512Z Fetched 12.2 MB in 1s (10.9 MB/s)
2026-09-19T09:10:23.0438892Z Reading package lists...
2026-09-19T09:10:23.2028680Z Reading package lists...
2026-09-19T09:10:23.3443610Z Building dependency tree...
2026-09-19T09:10:23.3449069Z Reading state information...
2026-09-19T09:10:23.6770275Z dbus-user-session is already the newest version (1.14.10-4ubuntu4.1).
2026-09-19T09:10:23.6770816Z dbus-user-session set to manually installed.
2026-09-19T09:10:23.6771185Z The following NEW packages will be installed:
2026-09-19T09:10:23.6773673Z   bubblewrap
2026-09-19T09:10:23.6980122Z 0 upgraded, 1 newly installed, 0 to remove and 73 not upgraded.
2026-09-19T09:10:23.6980404Z Need to get 50.4 kB of archives.
2026-09-19T09:10:23.6980596Z After this operation, 133 kB of additional disk space will be used.
2026-09-19T09:10:23.6980823Z Get:1 file:/etc/apt/apt-mirrors.txt Mirrorlist [144 B]
2026-09-19T09:10:24.0119710Z Get:2 http://azure.archive.ubuntu.com/ubuntu noble-updates/main amd64 bubblewrap amd64 0.9.0-1ubuntu0.3 [50.4 kB]
2026-09-19T09:10:24.6816271Z Fetched 50.4 kB in 1s (72.6 kB/s)
2026-09-19T09:10:24.9522188Z Selecting previously unselected package bubblewrap.
2026-09-19T09:10:25.2203721Z (Reading database ... 
2026-09-19T09:10:25.2203938Z (Reading database ... 5%
2026-09-19T09:10:25.2204084Z (Reading database ... 10%
2026-09-19T09:10:25.2204366Z (Reading database ... 15%
2026-09-19T09:10:25.2204536Z (Reading database ... 20%
2026-09-19T09:10:25.2204665Z (Reading database ... 25%
2026-09-19T09:10:25.2204791Z (Reading database ... 30%
2026-09-19T09:10:25.2204917Z (Reading database ... 35%
2026-09-19T09:10:25.2205071Z (Reading database ... 40%
2026-09-19T09:10:25.2205196Z (Reading database ... 45%
2026-09-19T09:10:25.2205321Z (Reading database ... 50%
2026-09-19T09:10:25.2249296Z (Reading database ... 55%
2026-09-19T09:10:26.1325176Z (Reading database ... 60%
2026-09-19T09:10:26.5835627Z (Reading database ... 65%
2026-09-19T09:10:26.8317081Z (Reading database ... 70%
2026-09-19T09:10:27.0845632Z (Reading database ... 75%
2026-09-19T09:10:27.3394088Z (Reading database ... 80%
2026-09-19T09:10:27.7540664Z (Reading database ... 85%
2026-09-19T09:10:27.9743334Z (Reading database ... 90%
2026-09-19T09:10:28.4837746Z (Reading database ... 95%
2026-09-19T09:10:28.4837967Z (Reading database ... 100%
2026-09-19T09:10:28.4838176Z (Reading database ... 201818 files and directories currently installed.)
2026-09-19T09:10:28.4875427Z Preparing to unpack .../bubblewrap_0.9.0-1ubuntu0.3_amd64.deb ...
2026-09-19T09:10:28.5092951Z Unpacking bubblewrap (0.9.0-1ubuntu0.3) ...
2026-09-19T09:10:28.5569278Z Setting up bubblewrap (0.9.0-1ubuntu0.3) ...
2026-09-19T09:10:28.5612797Z Processing triggers for man-db (2.12.0-4build2) ...
2026-09-19T09:10:28.5633136Z Not building database; man-db/auto-update is not 'true'.
2026-09-19T09:10:29.4806991Z 
2026-09-19T09:10:29.4807550Z Running kernel seems to be up-to-date.
2026-09-19T09:10:29.4807802Z 
2026-09-19T09:10:29.4807908Z No services need to be restarted.
2026-09-19T09:10:29.4808010Z 
2026-09-19T09:10:29.4808081Z No containers need to be restarted.
2026-09-19T09:10:29.4808563Z 
2026-09-19T09:10:29.4808641Z No user sessions are running outdated binaries.
2026-09-19T09:10:29.4808759Z 
2026-09-19T09:10:29.4808877Z No VM guests are running outdated hypervisor (qemu) binaries on this host.
2026-09-19T09:10:30.1804965Z kernel.apparmor_restrict_unprivileged_userns = 0
2026-09-19T09:10:30.2047986Z ##[group]Run ulimit -n 65536
2026-09-19T09:10:30.2048275Z [36;1mulimit -n 65536[0m
2026-09-19T09:10:30.2048555Z [36;1mtools/lean/bootstrap.sh "$RUNNER_TEMP/nla-lean-tools"[0m
2026-09-19T09:10:30.2048978Z [36;1mtools/lean/verify.sh "$LEAN_PROJECT" "$RUNNER_TEMP/nla-lean-tools"[0m
2026-09-19T09:10:30.2082505Z shell: /usr/bin/bash -e {0}
2026-09-19T09:10:30.2082652Z env:
2026-09-19T09:10:30.2082761Z   GOTOOLCHAIN: local
2026-09-19T09:10:30.2082893Z   XDG_RUNTIME_DIR: /run/user/1001
2026-09-19T09:10:30.2083069Z   DBUS_SESSION_BUS_ADDRESS: unix:path=/run/user/1001/bus
2026-09-19T09:10:30.2083284Z   LEAN_PROJECT: matrix-functions-and-stability/MF-14/lean
2026-09-19T09:10:30.2083460Z ##[endgroup]
2026-09-19T09:10:31.2729819Z Running elan toolchain install leanprover/lean4:v4.33.1
2026-09-19T09:10:31.2730132Z Log: /home/runner/work/_temp/nla-lean-tools/logs/bootstrap/elan.log
2026-09-19T09:10:31.2745474Z info: toolchain 'leanprover/lean4:v4.33.1' is already installed
2026-09-19T09:10:31.3388452Z Running go build -mod=readonly -buildvcs=false -o /home/runner/work/_temp/nla-lean-tools/.tools/bin/landrun ./cmd/landrun
2026-09-19T09:10:31.3389088Z Log: /home/runner/work/_temp/nla-lean-tools/logs/bootstrap/landrun-build.log
2026-09-19T09:10:31.3427148Z go: downloading github.com/urfave/cli/v3 v3.6.2
2026-09-19T09:10:31.3542844Z go: downloading github.com/landlock-lsm/go-landlock v0.9.0
2026-09-19T09:10:31.5003359Z go: downloading kernel.org/pub/linux/libs/security/libcap/psx v1.2.77
2026-09-19T09:10:31.5003765Z go: downloading golang.org/x/sys v0.40.0
2026-09-19T09:10:37.4067350Z Running lake build lean4export comparator
2026-09-19T09:10:37.4067737Z Log: /home/runner/work/_temp/nla-lean-tools/logs/bootstrap/comparator-build.log
2026-09-19T09:10:37.7406165Z ✔ [3/20] Built Comparator.Util (286ms)
2026-09-19T09:10:37.8400757Z ✔ [4/20] Built Comparator.Util:c.o (97ms)
2026-09-19T09:10:38.6436481Z ✔ [5/20] Built Export.Parse (1.1s)
2026-09-19T09:10:38.9446081Z ✔ [6/20] Built Comparator.Axioms (355ms)
2026-09-19T09:10:39.2434968Z ✔ [7/20] Built Comparator.Axioms:c.o (271ms)
2026-09-19T09:10:39.5428853Z ✔ [8/20] Built Export (2.1s)
2026-09-19T09:10:39.5430378Z ✔ [9/20] Built Comparator.Compare (527ms)
2026-09-19T09:10:39.9445923Z ✔ [10/20] Built Comparator (384ms)
2026-09-19T09:10:39.9495254Z ✔ [11/20] Built Comparator.Compare:c.o (392ms)
2026-09-19T09:10:39.9535281Z ✔ [12/20] Built Comparator:c.o (53ms)
2026-09-19T09:10:41.0511214Z ✔ [13/20] Built Main (1.1s)
2026-09-19T09:10:41.2468580Z ✔ [14/20] Built Main:c.o (186ms)
2026-09-19T09:10:41.5471303Z ✔ [15/20] Built Main (1.6s)
2026-09-19T09:10:41.7478851Z ✔ [16/20] Built Export:c.o (2.2s)
2026-09-19T09:10:41.8505584Z ✔ [17/20] Built Export.Parse:c.o (3.2s)
2026-09-19T09:10:42.3505354Z ✔ [18/20] Built Main:c.o (729ms)
2026-09-19T09:10:42.6492883Z ✔ [19/20] Built lean4export:exe (869ms)
2026-09-19T09:10:42.9496610Z ✔ [20/20] Built comparator:exe (624ms)
2026-09-19T09:10:42.9500026Z Build completed successfully (20 jobs).
2026-09-19T09:10:43.1577934Z Tools built; isolation and checker controls run during verify. Receipt: /home/runner/work/_temp/nla-lean-tools/bootstrap.json
2026-09-19T09:10:43.4495179Z Running /usr/bin/timeout --kill-after=5s 45s systemd-run -p RuntimeMaxSec=40 --user --quiet --wait --pipe --collect -p 'RestrictAddressFamilies=~AF_UNIX' --working-directory /home/runner/work/_temp/nla-lean-tools /usr/bin/env -i PATH=/home/runner/.elan/toolchains/leanprover--lean4---v4.33.1/bin:/home/runner/.elan/bin:/home/runner/go/bin:/opt/hostedtoolcache/go/1.27.1/x64/bin:/snap/bin:/home/runner/.local/bin:/opt/pipx_bin:/home/runner/.cargo/bin:/home/runner/.config/composer/vendor/bin:/usr/local/.ghcup/bin:/home/runner/.dotnet/tools:/usr/local/sbin:/usr/local/bin:/usr/sbin:/usr/bin:/sbin:/bin:/usr/games:/usr/local/games:/snap/bin HOME=/home/runner LANG=C.UTF-8 XDG_RUNTIME_DIR=/run/user/1001 DBUS_SESSION_BUS_ADDRESS=unix:path=/run/user/1001/bus GIT_TERMINAL_PROMPT=0 GIT_CONFIG_NOSYSTEM=1 GIT_CONFIG_GLOBAL=/dev/null COMPARATOR_BIN=/home/runner/work/_temp/nla-lean-tools/.tools/comparator/.lake/build/bin/comparator COMPARATOR_LEAN4EXPORT=/home/runner/work/_temp/nla-lean-tools/.tools/lean4export/.lake/build/bin/lean4export COMPARATOR_LANDRUN=/home/runner/work/_temp/nla-lean-tools/scripts/strict_landrun.py XDG_CACHE_HOME=/home/runner/work/_temp/nla-lean-tools/.tools/cache TMPDIR=/home/runner/work/_temp/nla-lean-tools/.verification-tmp /usr/bin/true
2026-09-19T09:10:43.4498051Z Log: /home/runner/work/_temp/nla-lean-tools/logs/verify-20260919T091043Z-4019/user-service.log
2026-09-19T09:10:43.4798939Z Running python3 /home/runner/work/_temp/nla-lean-tools/reproduction/checks/sandbox_probe_ci.py
2026-09-19T09:10:43.4799546Z Log: /home/runner/work/_temp/nla-lean-tools/logs/verify-20260919T091043Z-4019/sandbox.log
2026-09-19T09:10:43.5025928Z START sandbox mode: build
2026-09-19T09:10:43.5610646Z START sandbox mode: export
2026-09-19T09:10:43.6173626Z START sandbox negative case: unknown option
2026-09-19T09:10:43.6438217Z START sandbox negative case: unexpected --rw
2026-09-19T09:10:43.6709147Z START sandbox negative case: unexpected --rwx
2026-09-19T09:10:43.6963396Z START sandbox negative case: relative --rwx
2026-09-19T09:10:43.7350414Z MODE build: exit=0
2026-09-19T09:10:43.7350845Z Running as unit: run-u2.service; invocation ID: 2b7bc3d3026d4393b6ca19a74969fa4d
2026-09-19T09:10:43.7351250Z PASS outside .lake write-open: denied errno=30
2026-09-19T09:10:43.7351523Z PASS outside .lake truncate: denied errno=30
2026-09-19T09:10:43.7351816Z PASS outside .lake read-only truncate-open: denied errno=30
2026-09-19T09:10:43.7352143Z PASS symlink from .lake to outside write: denied errno=30
2026-09-19T09:10:43.7352430Z PASS outside .lake creation: denied errno=30
2026-09-19T09:10:43.7352670Z PASS build .lake write: allowed
2026-09-19T09:10:43.7352885Z PASS user namespace: private
2026-09-19T09:10:43.7353095Z PASS pid namespace: private
2026-09-19T09:10:43.7353292Z PASS mnt namespace: private
2026-09-19T09:10:43.7353485Z PASS net namespace: private
2026-09-19T09:10:43.7354825Z PASS ipc namespace: private
2026-09-19T09:10:43.7355074Z PASS uts namespace: private
2026-09-19T09:10:43.7355288Z PASS host parent: absent from private /proc
2026-09-19T09:10:43.7355540Z PASS host parent signal lookup: denied errno=3
2026-09-19T09:10:43.7355816Z PASS host loopback listener: unreachable errno=13
2026-09-19T09:10:43.7356077Z PASS AF_UNIX socket creation: denied errno=97
2026-09-19T09:10:43.7356314Z PASS effective capabilities: none
2026-09-19T09:10:43.7356514Z PASS no_new_privs: set
2026-09-19T09:10:43.7356687Z Sandbox UID: 1001
2026-09-19T09:10:43.7356894Z PASS nested namespace write attempt: rejected exit=1
2026-09-19T09:10:43.7357160Z bwrap: setting up uid map: Permission denied
2026-09-19T09:10:43.7357393Z Finished with result: success
2026-09-19T09:10:43.7357622Z Main processes terminated with: code=exited/status=0
2026-09-19T09:10:43.7357855Z Service runtime: 49ms
2026-09-19T09:10:43.7358033Z CPU time consumed: 50ms
2026-09-19T09:10:43.7358207Z Memory peak: 256.0K
2026-09-19T09:10:43.7358378Z Memory swap peak: 0B
2026-09-19T09:10:43.7358479Z 
2026-09-19T09:10:43.7358578Z MODE export: exit=0
2026-09-19T09:10:43.7359029Z Running as unit: run-u3.service; invocation ID: 6cea9841bea24661ae62214ac3e35239
2026-09-19T09:10:43.7359694Z PASS outside .lake write-open: denied errno=30
2026-09-19T09:10:43.7360115Z PASS outside .lake truncate: denied errno=30
2026-09-19T09:10:43.7360466Z PASS outside .lake read-only truncate-open: denied errno=30
2026-09-19T09:10:43.7360840Z PASS symlink from .lake to outside write: denied errno=30
2026-09-19T09:10:43.7361274Z PASS outside .lake creation: denied errno=30
2026-09-19T09:10:43.7361597Z PASS export .lake write-open: denied errno=30
2026-09-19T09:10:43.7361939Z PASS export .lake truncate: denied errno=30
2026-09-19T09:10:43.7362253Z PASS user namespace: private
2026-09-19T09:10:43.7362538Z PASS pid namespace: private
2026-09-19T09:10:43.7362906Z PASS mnt namespace: private
2026-09-19T09:10:43.7363182Z PASS net namespace: private
2026-09-19T09:10:43.7363628Z PASS ipc namespace: private
2026-09-19T09:10:43.7363914Z PASS uts namespace: private
2026-09-19T09:10:43.7364339Z PASS host parent: absent from private /proc
2026-09-19T09:10:43.7378909Z PASS host parent signal lookup: denied errno=3
2026-09-19T09:10:43.7379230Z PASS host loopback listener: unreachable errno=13
2026-09-19T09:10:43.7379524Z PASS AF_UNIX socket creation: denied errno=97
2026-09-19T09:10:43.7379786Z PASS effective capabilities: none
2026-09-19T09:10:43.7380014Z PASS no_new_privs: set
2026-09-19T09:10:43.7380208Z Sandbox UID: 1001
2026-09-19T09:10:43.7380424Z PASS nested namespace write attempt: rejected exit=1
2026-09-19T09:10:43.7380730Z bwrap: setting up uid map: Permission denied
2026-09-19T09:10:43.7380993Z Finished with result: success
2026-09-19T09:10:43.7381266Z Main processes terminated with: code=exited/status=0
2026-09-19T09:10:43.7381530Z Service runtime: 47ms
2026-09-19T09:10:43.7381720Z CPU time consumed: 47ms
2026-09-19T09:10:43.7381913Z Memory peak: 256.0K
2026-09-19T09:10:43.7382105Z Memory swap peak: 0B
2026-09-19T09:10:43.7382254Z 
2026-09-19T09:10:43.7382349Z NEGATIVE unknown option: exit=2
2026-09-19T09:10:43.7382676Z Running as unit: run-u4.service; invocation ID: af696727feb24a9c82ed4266982f31f7
2026-09-19T09:10:43.7383176Z strict Comparator sandbox: unsupported Comparator Landrun option: --unrestricted-filesystem
2026-09-19T09:10:43.7383571Z Finished with result: exit-code
2026-09-19T09:10:43.7383828Z Main processes terminated with: code=exited/status=2
2026-09-19T09:10:43.7384089Z Service runtime: 17ms
2026-09-19T09:10:43.7384484Z CPU time consumed: 17ms
2026-09-19T09:10:43.7384694Z Memory peak: 256.0K
2026-09-19T09:10:43.7384956Z Memory swap peak: 0B
2026-09-19T09:10:43.7385094Z 
2026-09-19T09:10:43.7385215Z NEGATIVE unexpected --rw: exit=2
2026-09-19T09:10:43.7385549Z Running as unit: run-u5.service; invocation ID: fdd3ac0b7ecf42a29ae5897a3f22f153
2026-09-19T09:10:43.7385974Z strict Comparator sandbox: only private /dev may be passed with --rw
2026-09-19T09:10:43.7386303Z Finished with result: exit-code
2026-09-19T09:10:43.7386564Z Main processes terminated with: code=exited/status=2
2026-09-19T09:10:43.7386826Z Service runtime: 17ms
2026-09-19T09:10:43.7387021Z CPU time consumed: 16ms
2026-09-19T09:10:43.7387216Z Memory peak: 256.0K
2026-09-19T09:10:43.7387398Z Memory swap peak: 0B
2026-09-19T09:10:43.7387514Z 
2026-09-19T09:10:43.7387616Z NEGATIVE unexpected --rwx: exit=2
2026-09-19T09:10:43.7387948Z Running as unit: run-u6.service; invocation ID: c0776810eec742eb95f4b031d5498267
2026-09-19T09:10:43.7388405Z strict Comparator sandbox: only this project's existing .lake may be writable
2026-09-19T09:10:43.7388777Z Finished with result: exit-code
2026-09-19T09:10:43.7389042Z Main processes terminated with: code=exited/status=2
2026-09-19T09:10:43.7389307Z Service runtime: 19ms
2026-09-19T09:10:43.7389496Z CPU time consumed: 19ms
2026-09-19T09:10:43.7389685Z Memory peak: 256.0K
2026-09-19T09:10:43.7389881Z Memory swap peak: 0B
2026-09-19T09:10:43.7389986Z 
2026-09-19T09:10:43.7390082Z NEGATIVE relative --rwx: exit=2
2026-09-19T09:10:43.7390299Z Running as unit: run-u7.service
2026-09-19T09:10:43.7390620Z strict Comparator sandbox: only this project's existing .lake may be writable
2026-09-19T09:10:43.7411907Z Finished with result: exit-code
2026-09-19T09:10:43.7412110Z Main processes terminated with: code=exited/status=2
2026-09-19T09:10:43.7412284Z Service runtime: 17ms
2026-09-19T09:10:43.7412403Z CPU time consumed: 17ms
2026-09-19T09:10:43.7412521Z Memory peak: 2.7M
2026-09-19T09:10:43.7412631Z Memory swap peak: 0B
2026-09-19T09:10:43.7412701Z 
2026-09-19T09:10:43.7412842Z Outer and export fixture contents unchanged; only designated build fixture written.
2026-09-19T09:10:43.7414723Z Running bash /home/runner/work/_temp/nla-lean-tools/reproduction/checks/run_replay.sh
2026-09-19T09:10:43.7415127Z Log: /home/runner/work/_temp/nla-lean-tools/logs/verify-20260919T091043Z-4019/kernel-controls.log
2026-09-19T09:10:43.8354684Z Replay probe: RestrictAddressFamilies=~AF_UNIX (deny AF_UNIX sockets).
2026-09-19T09:10:43.8781724Z Lean (version 4.33.1, x86_64-unknown-linux-gnu, Release)
2026-09-19T09:10:43.9048359Z /home/runner/.elan/toolchains/leanprover--lean4---v4.33.1/lib/lean/Init.olean
2026-09-19T09:10:43.9048803Z /home/runner/.elan/toolchains/leanprover--lean4---v4.33.1/lib/lean/Init.olean
2026-09-19T09:10:43.9049118Z /home/runner/work/_temp/nla-lean-tools/.tools/comparator/.lake/build/lib/lean/Main.olean
2026-09-19T09:10:44.8535859Z Trusted base fixture: 11 constants
2026-09-19T09:10:44.8536108Z BEGIN honest_with_inductives_and_quotients
2026-09-19T09:10:44.8536367Z Running Lean default kernel on solution.
2026-09-19T09:10:44.8536545Z Lean default kernel accepts the solution
2026-09-19T09:10:44.8536723Z RETURN honest_with_inductives_and_quotients: accepted
2026-09-19T09:10:44.8536933Z BEGIN invalid_raw_proof
2026-09-19T09:10:44.8537074Z Running Lean default kernel on solution.
2026-09-19T09:10:44.8537253Z Lean default kernel rejects the solution
2026-09-19T09:10:44.8537538Z RETURN invalid_raw_proof: rejected: while replaying declaration 'PinnedReplayProbe.invalid':
2026-09-19T09:10:44.8537876Z (kernel) declaration type mismatch, 'PinnedReplayProbe.invalid' has type
2026-09-19T09:10:44.8538106Z   True
2026-09-19T09:10:44.8538231Z but it is expected to have type
2026-09-19T09:10:44.8538394Z   False
2026-09-19T09:10:44.8538511Z BEGIN quotient_postcheck_mismatch
2026-09-19T09:10:44.8538685Z Running Lean default kernel on solution.
2026-09-19T09:10:44.8538840Z Lean default kernel accepts the solution
2026-09-19T09:10:44.8539020Z Quotient post-check rejects the solution
2026-09-19T09:10:44.8539257Z RETURN quotient_postcheck_mismatch: rejected: Quotient constant mismatch on: Quot.lift
2026-09-19T09:10:44.8539583Z PASS: all three actual Comparator.runBuiltinKernel cases behaved as required
2026-09-19T09:10:44.9428878Z Running python3 /home/runner/work/_temp/nla-lean-tools/reproduction/checks/comparator_regressions.py
2026-09-19T09:10:44.9429546Z Log: /home/runner/work/_temp/nla-lean-tools/logs/verify-20260919T091043Z-4019/comparator-controls.log
2026-09-19T09:10:44.9632276Z Comparator regressions: RestrictAddressFamilies=~AF_UNIX; .tools/env.sh selects the real strict sandbox.
2026-09-19T09:10:44.9637622Z 
2026-09-19T09:10:44.9637737Z CASE simple_match
2026-09-19T09:10:46.4121418Z info: ComparatorRegression: no previous manifest, creating one from scratch
2026-09-19T09:10:46.4121848Z info: toolchain not updated; already up-to-date
2026-09-19T09:10:46.4122101Z Building Challenge
2026-09-19T09:10:46.4122602Z ⚠ [2/3] Built Challenge (171ms)
2026-09-19T09:10:46.4122865Z warning: Challenge.lean:1:8: declaration uses `sorry`
2026-09-19T09:10:46.4123165Z Build completed successfully (3 jobs).
2026-09-19T09:10:46.4124592Z Exporting #[Quot, Quot.mk, Quot.lift, Quot.ind, comm, propext, Quot.sound, Classical.choice, Nat.add, Nat.sub, Nat.mul, Nat.pow, Nat.gcd, Nat.div, Nat.mod, Nat.beq, Nat.ble, Nat.land, Nat.lor, Nat.xor, Nat.shiftLeft, Nat.shiftRight, String.ofList, Char.ofNat, List, eagerReduce, Nat, String, String.mk, Char, optParam, autoParam, semiOutParam, outParam] from Challenge
2026-09-19T09:10:46.4125872Z Building Solution
2026-09-19T09:10:46.4126109Z ✔ [2/3] Built Solution (191ms)
2026-09-19T09:10:46.4126340Z Build completed successfully (3 jobs).
2026-09-19T09:10:46.4127727Z Exporting #[Quot, Quot.mk, Quot.lift, Quot.ind, comm, propext, Quot.sound, Classical.choice, Nat.add, Nat.sub, Nat.mul, Nat.pow, Nat.gcd, Nat.div, Nat.mod, Nat.beq, Nat.ble, Nat.land, Nat.lor, Nat.xor, Nat.shiftLeft, Nat.shiftRight, String.ofList, Char.ofNat, List, eagerReduce, Nat, String, String.mk, Char, optParam, autoParam, semiOutParam, outParam] from Solution
2026-09-19T09:10:46.4128809Z Running Lean default kernel on solution.
2026-09-19T09:10:46.4129020Z Lean default kernel accepts the solution
2026-09-19T09:10:46.4129174Z Your solution is okay!
2026-09-19T09:10:46.4129372Z PASS simple_match: exit 0, expected 0; required phase: Your solution is okay!
2026-09-19T09:10:46.4129545Z 
2026-09-19T09:10:46.4129602Z CASE simple_mismatch
2026-09-19T09:10:47.7542444Z info: ComparatorRegression: no previous manifest, creating one from scratch
2026-09-19T09:10:47.7542917Z info: toolchain not updated; already up-to-date
2026-09-19T09:10:47.7543169Z Building Challenge
2026-09-19T09:10:47.7543657Z ⚠ [2/3] Built Challenge (180ms)
2026-09-19T09:10:47.7543927Z warning: Challenge.lean:1:8: declaration uses `sorry`
2026-09-19T09:10:47.7544377Z Build completed successfully (3 jobs).
2026-09-19T09:10:47.7545674Z Exporting #[Quot, Quot.mk, Quot.lift, Quot.ind, comm, propext, Quot.sound, Classical.choice, Nat.add, Nat.sub, Nat.mul, Nat.pow, Nat.gcd, Nat.div, Nat.mod, Nat.beq, Nat.ble, Nat.land, Nat.lor, Nat.xor, Nat.shiftLeft, Nat.shiftRight, String.ofList, Char.ofNat, List, eagerReduce, Nat, String, String.mk, Char, optParam, autoParam, semiOutParam, outParam] from Challenge
2026-09-19T09:10:47.7546801Z Building Solution
2026-09-19T09:10:47.7547052Z ✔ [2/3] Built Solution (177ms)
2026-09-19T09:10:47.7547282Z Build completed successfully (3 jobs).
2026-09-19T09:10:47.7548420Z Exporting #[Quot, Quot.mk, Quot.lift, Quot.ind, comm, propext, Quot.sound, Classical.choice, Nat.add, Nat.sub, Nat.mul, Nat.pow, Nat.gcd, Nat.div, Nat.mod, Nat.beq, Nat.ble, Nat.land, Nat.lor, Nat.xor, Nat.shiftLeft, Nat.shiftRight, String.ofList, Char.ofNat, List, eagerReduce, Nat, String, String.mk, Char, optParam, autoParam, semiOutParam, outParam] from Solution
2026-09-19T09:10:47.7549748Z uncaught exception: Challenge and solution constant kind don't match: 'comm'
2026-09-19T09:10:47.7550300Z PASS simple_mismatch: exit 1, expected 1; required phase: Challenge and solution constant kind don't match: 'comm'
2026-09-19T09:10:47.7550568Z 
2026-09-19T09:10:47.7550624Z CASE simple_axiom_issue
2026-09-19T09:10:49.0962889Z info: ComparatorRegression: no previous manifest, creating one from scratch
2026-09-19T09:10:49.0963321Z info: toolchain not updated; already up-to-date
2026-09-19T09:10:49.0963574Z Building Challenge
2026-09-19T09:10:49.0964076Z ⚠ [2/3] Built Challenge (183ms)
2026-09-19T09:10:49.0964551Z warning: Challenge.lean:1:8: declaration uses `sorry`
2026-09-19T09:10:49.0964846Z Build completed successfully (3 jobs).
2026-09-19T09:10:49.0966035Z Exporting #[Quot, Quot.mk, Quot.lift, Quot.ind, comm, propext, Quot.sound, Classical.choice, Nat.add, Nat.sub, Nat.mul, Nat.pow, Nat.gcd, Nat.div, Nat.mod, Nat.beq, Nat.ble, Nat.land, Nat.lor, Nat.xor, Nat.shiftLeft, Nat.shiftRight, String.ofList, Char.ofNat, List, eagerReduce, Nat, String, String.mk, Char, optParam, autoParam, semiOutParam, outParam] from Challenge
2026-09-19T09:10:49.0967175Z Building Solution
2026-09-19T09:10:49.0967415Z ✔ [2/3] Built Solution (180ms)
2026-09-19T09:10:49.0967634Z Build completed successfully (3 jobs).
2026-09-19T09:10:49.0968802Z Exporting #[Quot, Quot.mk, Quot.lift, Quot.ind, comm, propext, Quot.sound, Classical.choice, Nat.add, Nat.sub, Nat.mul, Nat.pow, Nat.gcd, Nat.div, Nat.mod, Nat.beq, Nat.ble, Nat.land, Nat.lor, Nat.xor, Nat.shiftLeft, Nat.shiftRight, String.ofList, Char.ofNat, List, eagerReduce, Nat, String, String.mk, Char, optParam, autoParam, semiOutParam, outParam] from Solution
2026-09-19T09:10:49.0969919Z uncaught exception: Illegal axiom detected: 'helper'
2026-09-19T09:10:49.0970303Z PASS simple_axiom_issue: exit 1, expected 1; required phase: Illegal axiom detected: 'helper'
2026-09-19T09:10:49.0970707Z 
2026-09-19T09:10:49.0970768Z CASE simple_kind_mismatch
2026-09-19T09:10:50.4305681Z info: ComparatorRegression: no previous manifest, creating one from scratch
2026-09-19T09:10:50.4306239Z info: toolchain not updated; already up-to-date
2026-09-19T09:10:50.4306683Z Building Challenge
2026-09-19T09:10:50.4307183Z ⚠ [2/3] Built Challenge (196ms)
2026-09-19T09:10:50.4307439Z warning: Challenge.lean:1:8: declaration uses `sorry`
2026-09-19T09:10:50.4307716Z Build completed successfully (3 jobs).
2026-09-19T09:10:50.4308672Z Exporting #[Quot, Quot.mk, Quot.lift, Quot.ind, comm, propext, Quot.sound, Classical.choice, Nat.add, Nat.sub, Nat.mul, Nat.pow, Nat.gcd, Nat.div, Nat.mod, Nat.beq, Nat.ble, Nat.land, Nat.lor, Nat.xor, Nat.shiftLeft, Nat.shiftRight, String.ofList, Char.ofNat, List, eagerReduce, Nat, String, String.mk, Char, optParam, autoParam, semiOutParam, outParam] from Challenge
2026-09-19T09:10:50.4309792Z Building Solution
2026-09-19T09:10:50.4310026Z ✔ [2/3] Built Solution (181ms)
2026-09-19T09:10:50.4310245Z Build completed successfully (3 jobs).
2026-09-19T09:10:50.4311353Z Exporting #[Quot, Quot.mk, Quot.lift, Quot.ind, comm, propext, Quot.sound, Classical.choice, Nat.add, Nat.sub, Nat.mul, Nat.pow, Nat.gcd, Nat.div, Nat.mod, Nat.beq, Nat.ble, Nat.land, Nat.lor, Nat.xor, Nat.shiftLeft, Nat.shiftRight, String.ofList, Char.ofNat, List, eagerReduce, Nat, String, String.mk, Char, optParam, autoParam, semiOutParam, outParam] from Solution
2026-09-19T09:10:50.4312296Z uncaught exception: Illegal axiom detected: 'helper'
2026-09-19T09:10:50.4312568Z PASS simple_kind_mismatch: exit 1, expected 1; required phase: Illegal axiom detected: 'helper'
2026-09-19T09:10:50.4312763Z 
2026-09-19T09:10:50.4312819Z CASE type_mismatch
2026-09-19T09:10:51.7543077Z info: ComparatorRegression: no previous manifest, creating one from scratch
2026-09-19T09:10:51.7543528Z info: toolchain not updated; already up-to-date
2026-09-19T09:10:51.7543835Z Building Challenge
2026-09-19T09:10:51.7544470Z ✔ [2/3] Built Challenge (179ms)
2026-09-19T09:10:51.7544715Z Build completed successfully (3 jobs).
2026-09-19T09:10:51.7545717Z Exporting #[Quot, Quot.mk, Quot.lift, Quot.ind, checked, propext, Quot.sound, Classical.choice, Nat.add, Nat.sub, Nat.mul, Nat.pow, Nat.gcd, Nat.div, Nat.mod, Nat.beq, Nat.ble, Nat.land, Nat.lor, Nat.xor, Nat.shiftLeft, Nat.shiftRight, String.ofList, Char.ofNat, List, eagerReduce, Nat, String, String.mk, Char, optParam, autoParam, semiOutParam, outParam] from Challenge
2026-09-19T09:10:51.7546575Z Building Solution
2026-09-19T09:10:51.7546724Z ✔ [2/3] Built Solution (179ms)
2026-09-19T09:10:51.7546874Z Build completed successfully (3 jobs).
2026-09-19T09:10:51.7547610Z Exporting #[Quot, Quot.mk, Quot.lift, Quot.ind, checked, propext, Quot.sound, Classical.choice, Nat.add, Nat.sub, Nat.mul, Nat.pow, Nat.gcd, Nat.div, Nat.mod, Nat.beq, Nat.ble, Nat.land, Nat.lor, Nat.xor, Nat.shiftLeft, Nat.shiftRight, String.ofList, Char.ofNat, List, eagerReduce, Nat, String, String.mk, Char, optParam, autoParam, semiOutParam, outParam] from Solution
2026-09-19T09:10:51.7548481Z uncaught exception: Challenge and solution theorem statement do not match: 'checked'
2026-09-19T09:10:51.7548866Z PASS type_mismatch: exit 1, expected 1; required phase: Challenge and solution theorem statement do not match: 'checked'
2026-09-19T09:10:51.7570111Z PASS: all five Comparator regressions
2026-09-19T09:10:51.7633791Z Running systemd-run --user --quiet --wait --pipe --collect -p 'RestrictAddressFamilies=~AF_UNIX' --working-directory /home/runner/work/_temp/nla-lean-tools/.verification-tmp/nla-axiom-nqaoe4p2 /usr/bin/env -i PATH=/home/runner/.elan/toolchains/leanprover--lean4---v4.33.1/bin:/home/runner/.elan/bin:/home/runner/go/bin:/opt/hostedtoolcache/go/1.27.1/x64/bin:/snap/bin:/home/runner/.local/bin:/opt/pipx_bin:/home/runner/.cargo/bin:/home/runner/.config/composer/vendor/bin:/usr/local/.ghcup/bin:/home/runner/.dotnet/tools:/usr/local/sbin:/usr/local/bin:/usr/sbin:/usr/bin:/sbin:/bin:/usr/games:/usr/local/games:/snap/bin HOME=/home/runner LANG=C.UTF-8 XDG_RUNTIME_DIR=/run/user/1001 DBUS_SESSION_BUS_ADDRESS=unix:path=/run/user/1001/bus GIT_TERMINAL_PROMPT=0 GIT_CONFIG_NOSYSTEM=1 GIT_CONFIG_GLOBAL=/dev/null COMPARATOR_BIN=/home/runner/work/_temp/nla-lean-tools/.tools/comparator/.lake/build/bin/comparator COMPARATOR_LEAN4EXPORT=/home/runner/work/_temp/nla-lean-tools/.tools/lean4export/.lake/build/bin/lean4export COMPARATOR_LANDRUN=/home/runner/work/_temp/nla-lean-tools/scripts/strict_landrun.py XDG_CACHE_HOME=/home/runner/work/_temp/nla-lean-tools/.tools/cache TMPDIR=/home/runner/work/_temp/nla-lean-tools/.verification-tmp lake env /home/runner/work/_temp/nla-lean-tools/.tools/comparator/.lake/build/bin/comparator comparator.json
2026-09-19T09:10:51.7638492Z Log: /home/runner/work/_temp/nla-lean-tools/logs/verify-20260919T091043Z-4019/negative-sorry.log
2026-09-19T09:10:51.8043219Z info: NlaAxiomFixture: no previous manifest, creating one from scratch
2026-09-19T09:10:51.8043607Z info: toolchain not updated; already up-to-date
2026-09-19T09:10:51.8648438Z Building Challenge
2026-09-19T09:10:52.6335792Z ✔ [2/3] Built Challenge (633ms)
2026-09-19T09:10:52.6337905Z Build completed successfully (3 jobs).
2026-09-19T09:10:53.3771533Z Exporting #[Quot, Quot.mk, Quot.lift, Quot.ind, checked, Classical.choice, Quot.sound, propext, Nat.add, Nat.sub, Nat.mul, Nat.pow, Nat.gcd, Nat.div, Nat.mod, Nat.beq, Nat.ble, Nat.land, Nat.lor, Nat.xor, Nat.shiftLeft, Nat.shiftRight, String.ofList, Char.ofNat, List, eagerReduce, Nat, String, String.mk, Char, optParam, autoParam, semiOutParam, outParam] from Challenge
2026-09-19T09:10:53.3772319Z Building Solution
2026-09-19T09:10:54.1479187Z ⚠ [2/3] Built Solution (647ms)
2026-09-19T09:10:54.1479594Z warning: Solution.lean:2:8: declaration uses `sorry`
2026-09-19T09:10:54.1481815Z Build completed successfully (3 jobs).
2026-09-19T09:10:54.9181980Z Exporting #[Quot, Quot.mk, Quot.lift, Quot.ind, checked, Classical.choice, Quot.sound, propext, Nat.add, Nat.sub, Nat.mul, Nat.pow, Nat.gcd, Nat.div, Nat.mod, Nat.beq, Nat.ble, Nat.land, Nat.lor, Nat.xor, Nat.shiftLeft, Nat.shiftRight, String.ofList, Char.ofNat, List, eagerReduce, Nat, String, String.mk, Char, optParam, autoParam, semiOutParam, outParam] from Solution
2026-09-19T09:10:54.9182791Z uncaught exception: Illegal axiom detected: 'sorryAx'
2026-09-19T09:10:54.9269358Z Running systemd-run --user --quiet --wait --pipe --collect -p 'RestrictAddressFamilies=~AF_UNIX' --working-directory /home/runner/work/_temp/nla-lean-tools/.verification-tmp/nla-axiom-_6zotb9i /usr/bin/env -i PATH=/home/runner/.elan/toolchains/leanprover--lean4---v4.33.1/bin:/home/runner/.elan/bin:/home/runner/go/bin:/opt/hostedtoolcache/go/1.27.1/x64/bin:/snap/bin:/home/runner/.local/bin:/opt/pipx_bin:/home/runner/.cargo/bin:/home/runner/.config/composer/vendor/bin:/usr/local/.ghcup/bin:/home/runner/.dotnet/tools:/usr/local/sbin:/usr/local/bin:/usr/sbin:/usr/bin:/sbin:/bin:/usr/games:/usr/local/games:/snap/bin HOME=/home/runner LANG=C.UTF-8 XDG_RUNTIME_DIR=/run/user/1001 DBUS_SESSION_BUS_ADDRESS=unix:path=/run/user/1001/bus GIT_TERMINAL_PROMPT=0 GIT_CONFIG_NOSYSTEM=1 GIT_CONFIG_GLOBAL=/dev/null COMPARATOR_BIN=/home/runner/work/_temp/nla-lean-tools/.tools/comparator/.lake/build/bin/comparator COMPARATOR_LEAN4EXPORT=/home/runner/work/_temp/nla-lean-tools/.tools/lean4export/.lake/build/bin/lean4export COMPARATOR_LANDRUN=/home/runner/work/_temp/nla-lean-tools/scripts/strict_landrun.py XDG_CACHE_HOME=/home/runner/work/_temp/nla-lean-tools/.tools/cache TMPDIR=/home/runner/work/_temp/nla-lean-tools/.verification-tmp lake env /home/runner/work/_temp/nla-lean-tools/.tools/comparator/.lake/build/bin/comparator comparator.json
2026-09-19T09:10:54.9271992Z Log: /home/runner/work/_temp/nla-lean-tools/logs/verify-20260919T091043Z-4019/negative-native.log
2026-09-19T09:10:54.9647391Z info: NlaAxiomFixture: no previous manifest, creating one from scratch
2026-09-19T09:10:54.9647819Z info: toolchain not updated; already up-to-date
2026-09-19T09:10:55.0243793Z Building Challenge
2026-09-19T09:10:55.7874541Z ✔ [2/3] Built Challenge (652ms)
2026-09-19T09:10:55.7877252Z Build completed successfully (3 jobs).
2026-09-19T09:10:56.5809568Z Exporting #[Quot, Quot.mk, Quot.lift, Quot.ind, checked, Classical.choice, Quot.sound, propext, Nat.add, Nat.sub, Nat.mul, Nat.pow, Nat.gcd, Nat.div, Nat.mod, Nat.beq, Nat.ble, Nat.land, Nat.lor, Nat.xor, Nat.shiftLeft, Nat.shiftRight, String.ofList, Char.ofNat, List, eagerReduce, Nat, String, String.mk, Char, optParam, autoParam, semiOutParam, outParam] from Challenge
2026-09-19T09:10:56.5810693Z Building Solution
2026-09-19T09:10:57.3469072Z ✔ [2/3] Built Solution (639ms)
2026-09-19T09:10:57.3471406Z Build completed successfully (3 jobs).
2026-09-19T09:10:58.1121441Z Exporting #[Quot, Quot.mk, Quot.lift, Quot.ind, checked, Classical.choice, Quot.sound, propext, Nat.add, Nat.sub, Nat.mul, Nat.pow, Nat.gcd, Nat.div, Nat.mod, Nat.beq, Nat.ble, Nat.land, Nat.lor, Nat.xor, Nat.shiftLeft, Nat.shiftRight, String.ofList, Char.ofNat, List, eagerReduce, Nat, String, String.mk, Char, optParam, autoParam, semiOutParam, outParam] from Solution
2026-09-19T09:10:58.1122420Z uncaught exception: Illegal axiom detected: 'checked._native.native_decide.ax_1_1'
2026-09-19T09:10:58.8069536Z Running lake env true
2026-09-19T09:10:58.8069867Z Log: /home/runner/work/_temp/nla-lean-tools/logs/verify-20260919T091043Z-4019/dependencies.log
2026-09-19T09:10:58.8418383Z info: leancert: cloning https://github.com/alerad/leancert
2026-09-19T09:10:59.7656610Z info: leancert: checking out revision '621a43d7cf21f87872392a01e874f2f1dbddc926'
2026-09-19T09:10:59.7959373Z info: mathlib: cloning https://github.com/leanprover-community/mathlib4.git
2026-09-19T09:11:26.3380849Z info: mathlib: checking out revision '0df444a360eaa60ab8c11dca51a86af692955474'
2026-09-19T09:11:27.6655776Z info: plausible: cloning https://github.com/leanprover-community/plausible
2026-09-19T09:11:28.3603422Z info: plausible: checking out revision 'b7eb3304aeae834b12dda98993a37f6a41f6f0bb'
2026-09-19T09:11:28.3705660Z info: LeanSearchClient: cloning https://github.com/leanprover-community/LeanSearchClient
2026-09-19T09:11:28.9930981Z info: LeanSearchClient: checking out revision '5f4d51b81cbd3f6b32b156bfad9056621a040404'
2026-09-19T09:11:29.0037105Z info: importGraph: cloning https://github.com/leanprover-community/import-graph
2026-09-19T09:11:30.2376627Z info: importGraph: checking out revision '16f02aa7642864af59f1ff0e384a015994db9118'
2026-09-19T09:11:30.2495526Z info: proofwidgets: cloning https://github.com/leanprover-community/ProofWidgets4
2026-09-19T09:11:31.9406571Z info: proofwidgets: checking out revision '4be2e3d5087eeb272cf5a8853b8f9dd025ef5957'
2026-09-19T09:11:32.3060967Z info: aesop: cloning https://github.com/leanprover-community/aesop
2026-09-19T09:11:33.1525125Z info: aesop: checking out revision '3448c0bcc5ce01b2d1546e483ec3620e32df3d0e'
2026-09-19T09:11:33.1663949Z info: Qq: cloning https://github.com/leanprover-community/quote4
2026-09-19T09:11:34.0306366Z info: Qq: checking out revision '92c15be17b7caf78c2ad767ec40f89052d908d81'
2026-09-19T09:11:34.0408376Z info: batteries: cloning https://github.com/leanprover-community/batteries
2026-09-19T09:11:35.9866673Z info: batteries: checking out revision '4488d40d070b9700d4d5a6aa342f0d40c31b2a2d'
2026-09-19T09:11:36.0053783Z info: Cli: cloning https://github.com/leanprover/lean4-cli
2026-09-19T09:11:36.4968763Z info: Cli: checking out revision '6130a47896ce867c6a4a55373441e59e565bad0f'
2026-09-19T09:11:36.6223799Z Running lake exe cache get
2026-09-19T09:11:37.3434384Z Log: /home/runner/work/_temp/nla-lean-tools/logs/verify-20260919T091043Z-4019/mathlib-cache.log
2026-09-19T09:11:37.3434951Z ✔ [1/5] Built Cache.Cli (263ms)
2026-09-19T09:11:37.3435114Z ✔ [2/5] Built Cache.Lean (295ms)
2026-09-19T09:11:37.6437452Z ✔ [6/26] Built Cache.Cli:c.o (120ms)
2026-09-19T09:11:37.6437826Z ✔ [7/26] Built Cache.Lean:c.o (158ms)
2026-09-19T09:11:37.8447922Z ✔ [8/26] Built Cache.Infra (307ms)
2026-09-19T09:11:37.9449158Z ✔ [9/26] Built Cache.Infra:c.o (134ms)
2026-09-19T09:11:38.1451613Z ✔ [10/26] Built Batteries.Tactic.OpenPrivate (649ms)
2026-09-19T09:11:38.9459725Z ✔ [11/26] Built Batteries.Tactic.OpenPrivate:c.o (752ms)
2026-09-19T09:11:39.0468403Z ✔ [12/26] Built Cache.IO (945ms)
2026-09-19T09:11:39.6465596Z ✔ [13/26] Built Cache.Hashing (593ms)
2026-09-19T09:11:40.0469900Z ✔ [14/26] Built Cache.IO:c.o (940ms)
2026-09-19T09:11:40.0470485Z ✔ [15/26] Built Cache.Hashing:c.o (334ms)
2026-09-19T09:11:40.9506930Z ✔ [16/26] Built Cache.Requests (1.3s)
2026-09-19T09:11:41.4507629Z ✔ [17/26] Built Cache.Marker (465ms)
2026-09-19T09:11:41.5510589Z ✔ [18/26] Built Cache.Marker:c.o (81ms)
2026-09-19T09:11:41.9521335Z ✔ [19/26] Built Cache.Query (545ms)
2026-09-19T09:11:42.2529344Z ✔ [20/26] Built Cache.Query:c.o (236ms)
2026-09-19T09:11:42.5533312Z ✔ [21/26] Built Cache.Warning (580ms)
2026-09-19T09:11:42.7538113Z ✔ [22/26] Built Cache.Requests:c.o (1.7s)
2026-09-19T09:11:42.7538465Z ✔ [23/26] Built Cache.Warning:c.o (201ms)
2026-09-19T09:11:43.3544706Z ✔ [24/26] Built Cache.Main (779ms)
2026-09-19T09:11:43.8550737Z ✔ [25/26] Built Cache.Main:c.o (527ms)
2026-09-19T09:11:44.4556505Z ✔ [26/26] Built cache:exe (569ms)
2026-09-19T09:11:46.4947308Z Current branch: HEAD
2026-09-19T09:11:46.4947725Z Using cache from origin: (some leanprover-community/mathlib4)
2026-09-19T09:11:46.4948157Z Attempting to download 8690 file(s) from leanprover-community/mathlib4 cache at https://lakecache.blob.core.windows.net/mathlib4-master
2026-09-19T09:11:47.3309025Z 
2026-09-19T09:11:47.4328340Z Downloaded: 1 file(s) [attempted 1/8690 = 0%, 21 KB/s], Decompressed: 0
2026-09-19T09:11:47.8112106Z Downloaded: 64 file(s) [attempted 64/8690 = 0%, 1183 KB/s], Decompressed: 37
2026-09-19T09:11:47.9209490Z Downloaded: 83 file(s) [attempted 83/8690 = 0%, 140 KB/s], Decompressed: 37
2026-09-19T09:11:48.0210351Z Downloaded: 207 file(s) [attempted 207/8690 = 2%, 1133 KB/s], Decompressed: 62
2026-09-19T09:11:48.1209434Z Downloaded: 301 file(s) [attempted 301/8690 = 3%, 2867 KB/s], Decompressed: 127
2026-09-19T09:11:48.2222665Z Downloaded: 415 file(s) [attempted 415/8690 = 4%, 192 KB/s], Decompressed: 127
2026-09-19T09:11:48.3217486Z Downloaded: 518 file(s) [attempted 518/8690 = 5%, 2508 KB/s], Decompressed: 127
2026-09-19T09:11:48.4281066Z Downloaded: 638 file(s) [attempted 638/8690 = 7%, 958 KB/s], Decompressed: 253
2026-09-19T09:11:48.5272888Z Downloaded: 754 file(s) [attempted 754/8690 = 8%, 1430 KB/s], Decompressed: 253
2026-09-19T09:11:48.6316588Z Downloaded: 871 file(s) [attempted 871/8690 = 10%, 177 KB/s], Decompressed: 253
2026-09-19T09:11:48.7331477Z Downloaded: 994 file(s) [attempted 994/8690 = 11%, 543 KB/s], Decompressed: 253
2026-09-19T09:11:48.8348335Z Downloaded: 1115 file(s) [attempted 1115/8690 = 12%, 965 KB/s], Decompressed: 253
2026-09-19T09:11:48.9352728Z Downloaded: 1223 file(s) [attempted 1223/8690 = 14%, 482 KB/s], Decompressed: 253
2026-09-19T09:11:49.0355468Z Downloaded: 1356 file(s) [attempted 1356/8690 = 15%, 433 KB/s], Decompressed: 534
2026-09-19T09:11:49.1458300Z Downloaded: 1465 file(s) [attempted 1465/8690 = 16%, 538 KB/s], Decompressed: 534
2026-09-19T09:11:49.2512955Z Downloaded: 1566 file(s) [attempted 1566/8690 = 18%, 438 KB/s], Decompressed: 534
2026-09-19T09:11:49.3597049Z Downloaded: 1671 file(s) [attempted 1671/8690 = 19%, 491 KB/s], Decompressed: 534
2026-09-19T09:11:49.4675722Z Downloaded: 1772 file(s) [attempted 1772/8690 = 20%, 845 KB/s], Decompressed: 534
2026-09-19T09:11:49.5675914Z Downloaded: 1877 file(s) [attempted 1877/8690 = 21%, 3179 KB/s], Decompressed: 534
2026-09-19T09:11:49.6663065Z Downloaded: 1987 file(s) [attempted 1987/8690 = 22%, 134 KB/s], Decompressed: 534
2026-09-19T09:11:49.7688076Z Downloaded: 2083 file(s) [attempted 2083/8690 = 23%, 826 KB/s], Decompressed: 534
2026-09-19T09:11:49.8688991Z Downloaded: 2218 file(s) [attempted 2218/8690 = 25%, 631 KB/s], Decompressed: 534
2026-09-19T09:11:49.9715654Z Downloaded: 2318 file(s) [attempted 2318/8690 = 26%, 3405 KB/s], Decompressed: 534
2026-09-19T09:11:50.0732686Z Downloaded: 2428 file(s) [attempted 2428/8690 = 27%, 639 KB/s], Decompressed: 534
2026-09-19T09:11:50.1760332Z Downloaded: 2554 file(s) [attempted 2554/8690 = 29%, 166 KB/s], Decompressed: 534
2026-09-19T09:11:50.2760094Z Downloaded: 2639 file(s) [attempted 2639/8690 = 30%, 1009 KB/s], Decompressed: 534
2026-09-19T09:11:50.3770765Z Downloaded: 2735 file(s) [attempted 2735/8690 = 31%, 5232 KB/s], Decompressed: 534
2026-09-19T09:11:50.4825489Z Downloaded: 2840 file(s) [attempted 2840/8690 = 32%, 275 KB/s], Decompressed: 1231
2026-09-19T09:11:50.5890034Z Downloaded: 2970 file(s) [attempted 2970/8690 = 34%, 548 KB/s], Decompressed: 1231
2026-09-19T09:11:50.7015536Z Downloaded: 2988 file(s) [attempted 2988/8690 = 34%, 773 KB/s], Decompressed: 1231
2026-09-19T09:11:50.7977702Z Downloaded: 3089 file(s) [attempted 3089/8690 = 35%, 54 KB/s], Decompressed: 1231
2026-09-19T09:11:50.9083275Z Downloaded: 3193 file(s) [attempted 3193/8690 = 36%, 3225 KB/s], Decompressed: 1231
2026-09-19T09:11:51.0098900Z Downloaded: 3297 file(s) [attempted 3297/8690 = 37%, 1345 KB/s], Decompressed: 1231
2026-09-19T09:11:51.1102079Z Downloaded: 3407 file(s) [attempted 3407/8690 = 39%, 57 KB/s], Decompressed: 1231
2026-09-19T09:11:51.2276626Z Downloaded: 3512 file(s) [attempted 3512/8690 = 40%, 145 KB/s], Decompressed: 1231
2026-09-19T09:11:51.3278461Z Downloaded: 3610 file(s) [attempted 3610/8690 = 41%, 3087 KB/s], Decompressed: 1231
2026-09-19T09:11:51.4511085Z Downloaded: 3709 file(s) [attempted 3709/8690 = 42%, 93 KB/s], Decompressed: 1231
2026-09-19T09:11:51.5635506Z Downloaded: 3807 file(s) [attempted 3807/8690 = 43%, 712 KB/s], Decompressed: 1231
2026-09-19T09:11:51.6935681Z Downloaded: 3905 file(s) [attempted 3905/8690 = 44%, 896 KB/s], Decompressed: 1231
2026-09-19T09:11:51.8109521Z Downloaded: 4004 file(s) [attempted 4004/8690 = 46%, 319 KB/s], Decompressed: 1231
2026-09-19T09:11:51.9156662Z Downloaded: 4104 file(s) [attempted 4104/8690 = 47%, 2967 KB/s], Decompressed: 1231
2026-09-19T09:11:52.0147513Z Downloaded: 4214 file(s) [attempted 4214/8690 = 48%, 1172 KB/s], Decompressed: 1231
2026-09-19T09:11:52.1152522Z Downloaded: 4333 file(s) [attempted 4333/8690 = 49%, 145 KB/s], Decompressed: 1231
2026-09-19T09:11:52.3109116Z Downloaded: 4443 file(s) [attempted 4443/8690 = 51%, 185 KB/s], Decompressed: 1231
2026-09-19T09:11:52.4119861Z Downloaded: 4452 file(s) [attempted 4452/8690 = 51%, 971 KB/s], Decompressed: 1231
2026-09-19T09:11:52.5560989Z Downloaded: 4553 file(s) [attempted 4553/8690 = 52%, 370 KB/s], Decompressed: 1231
2026-09-19T09:11:52.6597795Z Downloaded: 4603 file(s) [attempted 4603/8690 = 52%, 1115 KB/s], Decompressed: 1231
2026-09-19T09:11:52.7935368Z Downloaded: 4710 file(s) [attempted 4710/8690 = 54%, 508 KB/s], Decompressed: 1231
2026-09-19T09:11:52.9023249Z Downloaded: 4749 file(s) [attempted 4749/8690 = 54%, 563 KB/s], Decompressed: 1231
2026-09-19T09:11:53.0019305Z Downloaded: 4857 file(s) [attempted 4857/8690 = 55%, 358 KB/s], Decompressed: 1231
2026-09-19T09:11:53.1088065Z Downloaded: 4960 file(s) [attempted 4960/8690 = 57%, 579 KB/s], Decompressed: 1231
2026-09-19T09:11:53.2085971Z Downloaded: 5067 file(s) [attempted 5067/8690 = 58%, 342 KB/s], Decompressed: 1231
2026-09-19T09:11:53.3249906Z Downloaded: 5188 file(s) [attempted 5188/8690 = 59%, 325 KB/s], Decompressed: 1231
2026-09-19T09:11:53.4612426Z Downloaded: 5260 file(s) [attempted 5260/8690 = 60%, 314 KB/s], Decompressed: 1231
2026-09-19T09:11:53.5720678Z Downloaded: 5362 file(s) [attempted 5362/8690 = 61%, 156 KB/s], Decompressed: 1231
2026-09-19T09:11:53.6760402Z Downloaded: 5467 file(s) [attempted 5467/8690 = 62%, 2275 KB/s], Decompressed: 1231
2026-09-19T09:11:53.8178216Z Downloaded: 5583 file(s) [attempted 5583/8690 = 64%, 444 KB/s], Decompressed: 1231
2026-09-19T09:11:53.9202614Z Downloaded: 5637 file(s) [attempted 5637/8690 = 64%, 1720 KB/s], Decompressed: 1231
2026-09-19T09:11:54.0209818Z Downloaded: 5744 file(s) [attempted 5744/8690 = 66%, 4727 KB/s], Decompressed: 1231
2026-09-19T09:11:54.1265617Z Downloaded: 5858 file(s) [attempted 5858/8690 = 67%, 170 KB/s], Decompressed: 1231
2026-09-19T09:11:54.2324113Z Downloaded: 5961 file(s) [attempted 5961/8690 = 68%, 264 KB/s], Decompressed: 1231
2026-09-19T09:11:54.3320269Z Downloaded: 6083 file(s) [attempted 6083/8690 = 70%, 1584 KB/s], Decompressed: 1231
2026-09-19T09:11:54.4324146Z Downloaded: 6208 file(s) [attempted 6208/8690 = 71%, 261 KB/s], Decompressed: 2785
2026-09-19T09:11:54.5835334Z Downloaded: 6325 file(s) [attempted 6325/8690 = 72%, 3608 KB/s], Decompressed: 2785
2026-09-19T09:11:54.6858044Z Downloaded: 6378 file(s) [attempted 6378/8690 = 73%, 165 KB/s], Decompressed: 2785
2026-09-19T09:11:54.7885043Z Downloaded: 6478 file(s) [attempted 6478/8690 = 74%, 791 KB/s], Decompressed: 2785
2026-09-19T09:11:54.8874835Z Downloaded: 6588 file(s) [attempted 6588/8690 = 75%, 265 KB/s], Decompressed: 2785
2026-09-19T09:11:55.0014410Z Downloaded: 6724 file(s) [attempted 6724/8690 = 77%, 577 KB/s], Decompressed: 2785
2026-09-19T09:11:55.1029435Z Downloaded: 6759 file(s) [attempted 6759/8690 = 77%, 617 KB/s], Decompressed: 2785
2026-09-19T09:11:55.2107082Z Downloaded: 6876 file(s) [attempted 6876/8690 = 79%, 802 KB/s], Decompressed: 2785
2026-09-19T09:11:55.3135534Z Downloaded: 6952 file(s) [attempted 6952/8690 = 80%, 3095 KB/s], Decompressed: 2785
2026-09-19T09:11:55.4190468Z Downloaded: 7052 file(s) [attempted 7052/8690 = 81%, 2531 KB/s], Decompressed: 2785
2026-09-19T09:11:55.5197774Z Downloaded: 7151 file(s) [attempted 7151/8690 = 82%, 729 KB/s], Decompressed: 2785
2026-09-19T09:11:55.6254077Z Downloaded: 7263 file(s) [attempted 7263/8690 = 83%, 149 KB/s], Decompressed: 2785
2026-09-19T09:11:55.7288264Z Downloaded: 7400 file(s) [attempted 7400/8690 = 85%, 3975 KB/s], Decompressed: 2785
2026-09-19T09:11:55.8298350Z Downloaded: 7510 file(s) [attempted 7510/8690 = 86%, 580 KB/s], Decompressed: 2785
2026-09-19T09:11:56.0111755Z Downloaded: 7617 file(s) [attempted 7617/8690 = 87%, 81 KB/s], Decompressed: 2785
2026-09-19T09:11:56.1158603Z Downloaded: 7679 file(s) [attempted 7679/8690 = 88%, 579 KB/s], Decompressed: 2785
2026-09-19T09:11:56.2228175Z Downloaded: 7823 file(s) [attempted 7823/8690 = 90%, 129 KB/s], Decompressed: 2785
2026-09-19T09:11:56.4076122Z Downloaded: 7928 file(s) [attempted 7928/8690 = 91%, 728 KB/s], Decompressed: 2785
2026-09-19T09:11:56.5334767Z Downloaded: 7958 file(s) [attempted 7958/8690 = 91%, 1606 KB/s], Decompressed: 2785
2026-09-19T09:11:56.7172056Z Downloaded: 8008 file(s) [attempted 8008/8690 = 92%, 80 KB/s], Decompressed: 2785
2026-09-19T09:11:56.8313337Z Downloaded: 8013 file(s) [attempted 8013/8690 = 92%, 953 KB/s], Decompressed: 2785
2026-09-19T09:11:56.9742808Z Downloaded: 8063 file(s) [attempted 8063/8690 = 92%, 366 KB/s], Decompressed: 2785
2026-09-19T09:11:57.1591710Z Downloaded: 8072 file(s) [attempted 8072/8690 = 92%, 293 KB/s], Decompressed: 2785
2026-09-19T09:11:57.3816247Z Downloaded: 8122 file(s) [attempted 8122/8690 = 93%, 121 KB/s], Decompressed: 2785
2026-09-19T09:11:57.5405349Z Downloaded: 8170 file(s) [attempted 8170/8690 = 94%, 205 KB/s], Decompressed: 2785
2026-09-19T09:11:57.7446765Z Downloaded: 8223 file(s) [attempted 8223/8690 = 94%, 182 KB/s], Decompressed: 2785
2026-09-19T09:11:57.8432692Z Downloaded: 8278 file(s) [attempted 8278/8690 = 95%, 72 KB/s], Decompressed: 2785
2026-09-19T09:11:57.9862262Z Downloaded: 8328 file(s) [attempted 8328/8690 = 95%, 220 KB/s], Decompressed: 2785
2026-09-19T09:11:58.0857829Z Downloaded: 8381 file(s) [attempted 8381/8690 = 96%, 126 KB/s], Decompressed: 2785
2026-09-19T09:11:58.1864805Z Downloaded: 8479 file(s) [attempted 8479/8690 = 97%, 461 KB/s], Decompressed: 2785
2026-09-19T09:11:58.3087647Z Downloaded: 8589 file(s) [attempted 8589/8690 = 98%, 168 KB/s], Decompressed: 2785
2026-09-19T09:11:58.3120528Z Downloaded: 8690 file(s) [attempted 8690/8690 = 100%, 861 KB/s], Decompressed: 2785
2026-09-19T09:12:27.5363736Z Downloaded: 8690 file(s) [attempted 8690/8690 = 100%, 861 KB/s], Decompressed: 2785
2026-09-19T09:12:27.5364013Z Decompressed 8690 file(s)
2026-09-19T09:12:27.5364153Z Already decompressed 8690 file(s)
2026-09-19T09:12:27.6047097Z Running systemd-run --user --quiet --wait --pipe --collect -p 'RestrictAddressFamilies=~AF_UNIX' --working-directory /home/runner/work/_temp/nla-lean-tools/.verification-tmp/nla-fresh-proof-wtxoa6w_/project /usr/bin/env -i PATH=/home/runner/.elan/toolchains/leanprover--lean4---v4.33.1/bin:/home/runner/.elan/bin:/home/runner/go/bin:/opt/hostedtoolcache/go/1.27.1/x64/bin:/snap/bin:/home/runner/.local/bin:/opt/pipx_bin:/home/runner/.cargo/bin:/home/runner/.config/composer/vendor/bin:/usr/local/.ghcup/bin:/home/runner/.dotnet/tools:/usr/local/sbin:/usr/local/bin:/usr/sbin:/usr/bin:/sbin:/bin:/usr/games:/usr/local/games:/snap/bin HOME=/home/runner LANG=C.UTF-8 XDG_RUNTIME_DIR=/run/user/1001 DBUS_SESSION_BUS_ADDRESS=unix:path=/run/user/1001/bus GIT_TERMINAL_PROMPT=0 GIT_CONFIG_NOSYSTEM=1 GIT_CONFIG_GLOBAL=/dev/null COMPARATOR_BIN=/home/runner/work/_temp/nla-lean-tools/.tools/comparator/.lake/build/bin/comparator COMPARATOR_LEAN4EXPORT=/home/runner/work/_temp/nla-lean-tools/.tools/lean4export/.lake/build/bin/lean4export COMPARATOR_LANDRUN=/home/runner/work/_temp/nla-lean-tools/scripts/strict_landrun.py XDG_CACHE_HOME=/home/runner/work/_temp/nla-lean-tools/.tools/cache TMPDIR=/home/runner/work/_temp/nla-lean-tools/.verification-tmp lake env /home/runner/work/_temp/nla-lean-tools/.tools/comparator/.lake/build/bin/comparator comparator.json
2026-09-19T09:12:27.6291459Z Log: /home/runner/work/_temp/nla-lean-tools/logs/verify-20260919T091043Z-4019/comparator.log
2026-09-19T09:12:28.1061226Z Building Challenge
2026-09-19T09:12:31.2539775Z ✔ [2133/2138] Built NLA.MF14.Definitions (1.7s)
2026-09-19T09:12:32.7540046Z ✔ [2134/2138] Built NLA.MF14Degree44.Definitions (1.6s)
2026-09-19T09:12:34.8584838Z ✔ [2135/2138] Built NLA.MF14Degree44.Family (2.1s)
2026-09-19T09:12:36.8601922Z ✔ [2136/2138] Built NLA.MF14Degree44.Degeneration (4.0s)
2026-09-19T09:12:38.1613802Z ⚠ [2137/2138] Built Challenge (1.4s)
2026-09-19T09:12:38.1614368Z warning: Challenge.lean:18:8: declaration uses `sorry`
2026-09-19T09:12:38.1614679Z warning: Challenge.lean:23:8: declaration uses `sorry`
2026-09-19T09:12:38.1614986Z warning: Challenge.lean:28:8: declaration uses `sorry`
2026-09-19T09:12:38.1615321Z warning: Challenge.lean:34:8: declaration uses `sorry`
2026-09-19T09:12:38.1615631Z warning: Challenge.lean:39:8: declaration uses `sorry`
2026-09-19T09:12:38.1615974Z warning: Challenge.lean:47:8: declaration uses `sorry`
2026-09-19T09:12:38.1617804Z warning: Challenge.lean:52:8: declaration uses `sorry`
2026-09-19T09:12:38.1619567Z warning: Challenge.lean:58:8: declaration uses `sorry`
2026-09-19T09:12:38.1619795Z warning: Challenge.lean:63:8: declaration uses `sorry`
2026-09-19T09:12:38.1619989Z warning: Challenge.lean:72:8: declaration uses `sorry`
2026-09-19T09:12:38.1620178Z warning: Challenge.lean:80:8: declaration uses `sorry`
2026-09-19T09:12:38.1620409Z warning: Challenge.lean:86:8: declaration uses `sorry`
2026-09-19T09:12:38.1620589Z warning: Challenge.lean:91:8: declaration uses `sorry`
2026-09-19T09:12:38.1620769Z warning: Challenge.lean:97:8: declaration uses `sorry`
2026-09-19T09:12:38.1620962Z warning: Challenge.lean:102:8: declaration uses `sorry`
2026-09-19T09:12:38.1621150Z warning: Challenge.lean:108:8: declaration uses `sorry`
2026-09-19T09:12:38.1621336Z warning: Challenge.lean:113:8: declaration uses `sorry`
2026-09-19T09:12:38.1621532Z warning: Challenge.lean:119:8: declaration uses `sorry`
2026-09-19T09:12:38.1621715Z warning: Challenge.lean:124:8: declaration uses `sorry`
2026-09-19T09:12:38.1621900Z warning: Challenge.lean:131:8: declaration uses `sorry`
2026-09-19T09:12:38.1622082Z warning: Challenge.lean:135:8: declaration uses `sorry`
2026-09-19T09:12:38.1622266Z warning: Challenge.lean:142:8: declaration uses `sorry`
2026-09-19T09:12:38.1622477Z warning: Challenge.lean:148:8: declaration uses `sorry`
2026-09-19T09:12:38.1634365Z warning: Challenge.lean:153:8: declaration uses `sorry`
2026-09-19T09:12:38.1634664Z warning: Challenge.lean:157:8: declaration uses `sorry`
2026-09-19T09:12:38.1707001Z Build completed successfully (2138 jobs).
2026-09-19T09:12:42.1280267Z Exporting #[Quot, Quot.mk, Quot.lift, Quot.ind, NLA.MF14Degree44.canonical_gate_padding, NLA.MF14Degree44.four_prefix_full_coefficients, NLA.MF14Degree44.three_product_tuple, NLA.MF14Degree44.good_border_parameters_eventually, NLA.MF14Degree44.fourth_span_coordinates, NLA.MF14Degree44.fourth_map_smooth, NLA.MF14Degree44.fourth_jacobian_identity, NLA.MF14Degree44.fourth_minor_identity, NLA.MF14Degree44.fourth_product_joint_closure, NLA.MF14Degree44.polynomial_density_of_strict_derivative, NLA.MF14Degree44.degeneration_identity, NLA.MF14Degree44.degeneration_at_zero, NLA.MF14Degree44.degeneration_in_span, NLA.MF14Degree44.monic_border_joint_closure, NLA.MF14Degree44.continuation_actual_output, NLA.MF14Degree44.continuation_degree_bound, NLA.MF14Degree44.continuation_closure_transfer, NLA.MF14Degree44.family_image_mem_closure, NLA.MF14Degree44.family_degree_and_full_vector, NLA.MF14Degree44.coefficient_map_smooth, NLA.MF14Degree44.coefficient_jacobian_identity, NLA.MF14Degree44.integer_jacobian_mod3_inverse, NLA.MF14Degree44.coefficient_derivative_bijective, NLA.MF14Degree44.degree44_coverage, NLA.MF14Degree44.original_equality_false, propext, Classical.choice, Quot.sound, Nat.add, Nat.sub, Nat.mul, Nat.pow, Nat.gcd, Nat.div, Nat.mod, Nat.beq, Nat.ble, Nat.land, Nat.lor, Nat.xor, Nat.shiftLeft, Nat.shiftRight, String.ofList, Char.ofNat, List, eagerReduce, Nat, String, String.mk, Char, optParam, autoParam, semiOutParam, outParam] from Challenge
2026-09-19T09:12:42.1285084Z Building Solution
2026-09-19T09:12:46.5380461Z ✔ [2779/2812] Built LeanCert.Core.DerivativeIntervals (3.1s)
2026-09-19T09:12:47.3635870Z ✔ [2780/2812] Built LeanCert.Core.Interval (3.0s)
2026-09-19T09:12:48.3666227Z ✔ [2781/2819] Built LeanCert.Contrib.Sinc (4.9s)
2026-09-19T09:12:48.9664321Z ✔ [2782/2819] Built LeanCert.Core.Expr (5.6s)
2026-09-19T09:12:52.8736729Z ✔ [2783/2823] Built LeanCert.Core.Dyadic (4.5s)
2026-09-19T09:12:53.5740358Z ✔ [2784/2823] Built LeanCert.Tactic.Verification (4.6s)
2026-09-19T09:12:53.9750863Z ✔ [2785/2823] Built LeanCert.Core.Taylor (7.5s)
2026-09-19T09:12:54.3755387Z ✔ [2786/2824] Built LeanCert.Core.IntervalRat.Basic (7.1s)
2026-09-19T09:12:56.5822325Z ✔ [2787/2824] Built LeanCert.Core.Support (3.0s)
2026-09-19T09:12:56.8821025Z ✔ [2788/2824] Built LeanCert.Core.IntervalRat.LogReduction (4.0s)
2026-09-19T09:12:56.9820346Z ✔ [2789/2824] Built LeanCert.Tactic.LeanCert.Bridge.Environment (2.6s)
2026-09-19T09:12:57.3827229Z ✔ [2790/2824] Built LeanCert.Meta.Numeral (3.4s)
2026-09-19T09:12:58.9840392Z ✔ [2791/2824] Built LeanCert.Engine.Eval.Result (2.4s)
2026-09-19T09:12:59.5878373Z ✔ [2792/2824] Built LeanCert.Core.TrigReduction (2.7s)
2026-09-19T09:12:59.5882451Z ✔ [2793/2824] Built LeanCert.Tactic.NumericalRefinement (577ms)
2026-09-19T09:13:00.6919252Z ✔ [2794/2824] Built LeanCert.Tactic.IntervalAuto.Types (3.2s)
2026-09-19T09:13:01.0007060Z ✔ [2795/2824] Built LeanCert.Core.IntervalRat.Transcendental (3.9s)
2026-09-19T09:13:02.3021092Z ✔ [2796/2830] Built LeanCert.Tactic.IntervalAuto.Extract (2.7s)
2026-09-19T09:13:05.0111524Z ✔ [2850/2931] Built LeanCert.Tactic.IntervalAuto.Norm (4.1s)
2026-09-19T09:13:05.7132625Z ✔ [2852/2935] Built LeanCert.Meta.ToExpr (5.1s)
2026-09-19T09:13:06.2149202Z ✔ [2853/2935] Built LeanCert.Tactic.VecUtil (3.8s)
2026-09-19T09:13:09.1338986Z ✔ [2854/2935] Built LeanCert.Tactic.FinsetParse (4.1s)
2026-09-19T09:13:09.6469000Z ✔ [2855/2935] Built LeanCert.Tactic.LeanCert.Normalize (3.4s)
2026-09-19T09:13:10.9489428Z ✔ [2856/3068] Built LeanCert.Tactic.BridgeNative (1.8s)
2026-09-19T09:13:11.1499238Z ✔ [3165/3416] Built LeanCert.Tactic.IntervalAuto.Parse (5.4s)
2026-09-19T09:13:11.7508249Z ✔ [3517/3598] Built LeanCert.Tactic.FinSumExpand (2.1s)
2026-09-19T09:13:13.0525980Z ✔ [3518/3602] Built LeanCert.Tactic.LeanCert.Semantic.Domain (1.4s)
2026-09-19T09:13:13.2524635Z ✔ [3519/3605] Built LeanCert.Core.IntervalRat.Taylor (13s)
2026-09-19T09:13:13.8541019Z ✔ [3520/3605] Built LeanCert.Tactic.IntervalAuto.Diagnostic (2.7s)
2026-09-19T09:13:13.9539062Z ✔ [3521/3605] Built LeanCert.Validity.Eventual (2.7s)
2026-09-19T09:13:14.7570480Z ✔ [3522/3605] Built LeanCert.Tactic.LeanCert.Semantic.Goal (1.7s)
2026-09-19T09:13:15.3736034Z ✔ [3523/3605] Built LeanCert.Tactic.VecSimp (1.4s)
2026-09-19T09:13:15.4715447Z ✔ [3524/3609] Built LeanCert.Core.IntervalReal (2.2s)
2026-09-19T09:13:16.1710346Z ✔ [3525/3609] Built LeanCert.Core.IntervalRat.TrigReduced (2.4s)
2026-09-19T09:13:16.5721780Z ✔ [3526/3609] Built LeanCert.Tactic.LeanCert.Semantic.Parse.Comparison (1.3s)
2026-09-19T09:13:19.5848129Z ✔ [3527/3609] Built LeanCert.Tactic.EventualBound (4.8s)
2026-09-19T09:13:21.0924596Z ✔ [3528/3610] Built LeanCert.Core.IntervalRealEndpoints (4.5s)
2026-09-19T09:13:21.3925379Z ✔ [3529/3610] Built LeanCert.Engine.Affine.Basic (5.9s)
2026-09-19T09:13:22.1921008Z ✔ [3530/3610] Built LeanCert.Core.IntervalDyadic (6.0s)
2026-09-19T09:13:22.8934782Z ✔ [3531/3613] Built LeanCert.Tactic.Extension.Protocol (3.3s)
2026-09-19T09:13:24.0987623Z ✔ [3532/3613] Built LeanCert.Tactic.LeanCert.Semantic.Parse.Bound (3.0s)
2026-09-19T09:13:25.3007830Z ✔ [3533/3613] Built LeanCert.Tactic.LeanCert.Diagnostic.Evidence (3.1s)
2026-09-19T09:13:27.1294016Z ✔ [3534/3613] Built LeanCert.Engine.Affine.Nonlinear (4.2s)
2026-09-19T09:13:27.5298281Z ✔ [3535/3613] Built LeanCert.Engine.Eval.Core (6.2s)
2026-09-19T09:13:28.4308536Z ✔ [3536/3617] Built LeanCert.Core.DyadicCell (4.3s)
2026-09-19T09:13:28.6325809Z ✔ [3537/3618] Built LeanCert.Tactic.Extension.Registry (3.3s)
2026-09-19T09:13:28.8320457Z ✔ [3539/3626] Built LeanCert.Tactic.LeanCert.Config (1.7s)
2026-09-19T09:13:30.8402226Z ✔ [3540/3633] Built LeanCert.Core.DyadicFrontier (2.4s)
2026-09-19T09:13:31.0405346Z ✔ [3541/3634] Built LeanCert.Engine.Eval.Extended (3.4s)
2026-09-19T09:13:31.4406923Z ✔ [3542/3638] Built LeanCert.Engine.FloatEval (2.6s)
2026-09-19T09:13:32.2407883Z ✔ [3544/3638] Built LeanCert.Engine.Algebra.QPoly (3.6s)
2026-09-19T09:13:33.1415495Z ✔ [3545/3638] Built LeanCert.Tactic.Extension.Command (2.3s)
2026-09-19T09:13:33.7451041Z ✔ [3546/3641] Built LeanCert.Engine.Bounds.Lemmas (2.8s)
2026-09-19T09:13:34.1453989Z ✔ [3547/3644] Built NLA.MF14.CircuitFoundations (2.6s)
2026-09-19T09:13:35.0482477Z ✔ [3549/3653] Built LeanCert.Engine.Algebra.QPolyIntegral (2.9s)
2026-09-19T09:13:35.4485879Z ✔ [3550/3672] Built LeanCert.Tactic.Extension (2.3s)
2026-09-19T09:13:35.9495602Z ✔ [3554/3673] Built LeanCert.Engine.IntervalEval (2.2s)
2026-09-19T09:13:36.5499893Z ✔ [3555/3673] Built NLA.MF14Degree44.DegenerationCoefficientData (2.5s)
2026-09-19T09:13:37.6541442Z ℹ [3556/3674] Built NLA.MF14Degree44.PolynomialMaps (2.6s)
2026-09-19T09:13:37.6545862Z info: NLA/MF14Degree44/PolynomialMaps.lean:104:0: 'NLA.MF14Degree44.CoefficientPolynomial.mul' depends on axioms: [propext, Classical.choice, Quot.sound]
2026-09-19T09:13:37.6547685Z info: NLA/MF14Degree44/PolynomialMaps.lean:106:0: 'NLA.MF14Degree44.decodeQuad_coefficient_polynomial' depends on axioms: [propext, Classical.choice, Quot.sound]
2026-09-19T09:13:38.0540692Z ℹ [3557/3674] Built NLA.MF14Degree44.GoodParameters (2.6s)
2026-09-19T09:13:38.0542055Z info: NLA/MF14Degree44/GoodParameters.lean:49:0: 'NLA.MF14Degree44.good_border_parameters_eventually' depends on axioms: [propext, Classical.choice, Quot.sound]
2026-09-19T09:13:39.3577500Z ✔ [3558/3674] Built LeanCert.Engine.Affine.Transcendental (3.4s)
2026-09-19T09:13:40.7686229Z ✔ [3559/3674] Built LeanCert.Validity.Bounds.Checked (3.1s)
2026-09-19T09:13:40.9684819Z ✔ [3560/3674] Built LeanCert.Validity.Bounds.Core (2.9s)
2026-09-19T09:13:41.6690139Z ✔ [3561/3674] Built LeanCert.Engine.IntervalEvalDyadic (5.1s)
2026-09-19T09:13:43.4933076Z ✔ [3562/3674] Built LeanCert.Engine.Optimization.Box (2.7s)
2026-09-19T09:13:43.6944415Z ✔ [3563/3678] Built LeanCert.Engine.RootFinding.Basic (4.3s)
2026-09-19T09:13:46.0060833Z ✔ [3566/3678] Built LeanCert.Engine.Integrate (5.1s)
2026-09-19T09:13:46.5079597Z ✔ [3567/3678] Built LeanCert.Engine.AD.Basic (3.1s)
2026-09-19T09:13:48.9094327Z ✔ [3568/3678] Built LeanCert.Engine.TaylorModel.Core (7.3s)
2026-09-19T09:13:49.0091674Z ✔ [3569/3678] Built LeanCert.Engine.IntervalEvalAffine (5.3s)
2026-09-19T09:13:49.9120950Z ✔ [3570/3679] Built LeanCert.Validity.DyadicBounds (3.3s)
2026-09-19T09:13:50.0125525Z ✔ [3572/3679] Built LeanCert.Engine.FinSumDyadic (4.0s)
2026-09-19T09:13:51.8131036Z ✔ [3573/3679] Built LeanCert.Engine.Search.Heuristic (2.8s)
2026-09-19T09:13:53.0148675Z ✔ [3574/3679] Built LeanCert.Engine.TaylorModel.Integral (2.0s)
2026-09-19T09:13:53.2141802Z ✔ [3575/3679] Built LeanCert.Engine.RootFinding.Bisection (4.2s)
2026-09-19T09:13:53.5141303Z ✔ [3576/3679] Built LeanCert.Engine.AD.Transcendental (3.6s)
2026-09-19T09:13:54.2146983Z ✔ [3577/3679] Built LeanCert.Engine.TaylorModel.Special (2.5s)
2026-09-19T09:14:00.2382227Z ✔ [3578/3681] Built LeanCert.Engine.TaylorModel.ExpLog (7.1s)
2026-09-19T09:14:00.2387050Z ✔ [3579/3681] Built LeanCert.Engine.Affine.Environment (6.0s)
2026-09-19T09:14:02.3420319Z ✔ [3581/3681] Built LeanCert.Engine.TaylorModel.Trig (8.8s)
2026-09-19T09:14:03.3439767Z ✔ [3582/3681] Built LeanCert.Engine.TaylorModel.Hyperbolic (10s)
2026-09-19T09:14:03.5452616Z ✔ [3584/3685] Built LeanCert.Engine.WitnessSum (3.2s)
2026-09-19T09:14:04.6624133Z ✔ [3585/3685] Built LeanCert.Engine.AD.Eval (2.3s)
2026-09-19T09:14:05.4645459Z ✔ [3586/3687] Built LeanCert.Engine.TaylorModel.Functions (2.1s)
2026-09-19T09:14:07.7721524Z ✔ [3587/3689] Built LeanCert.Engine.AD.Correctness (3.2s)
2026-09-19T09:14:07.8720613Z ℹ [3588/3689] Built NLA.MF14Degree44.ContinuationPolynomialMaps (7.6s)
2026-09-19T09:14:07.8722465Z info: NLA/MF14Degree44/ContinuationPolynomialMaps.lean:105:0: 'NLA.MF14Degree44.continuation_basis_coefficient_polynomial' depends on axioms: [propext, Classical.choice, Quot.sound]
2026-09-19T09:14:07.8723780Z info: NLA/MF14Degree44/ContinuationPolynomialMaps.lean:107:0: 'NLA.MF14Degree44.continuation_polynomial_coefficient_polynomial' depends on axioms: [propext,
2026-09-19T09:14:07.8724734Z  Classical.choice,
2026-09-19T09:14:07.8725134Z  Quot.sound]
2026-09-19T09:14:07.8726015Z info: NLA/MF14Degree44/ContinuationPolynomialMaps.lean:109:0: 'NLA.MF14Degree44.continuation_map_polynomial' depends on axioms: [propext, Classical.choice, Quot.sound]
2026-09-19T09:14:09.8951204Z ✔ [3589/3691] Built LeanCert.Engine.TaylorModel.Expr (4.4s)
2026-09-19T09:14:11.5083545Z ✔ [3590/3693] Built LeanCert.Engine.AD.Computable (3.7s)
2026-09-19T09:14:12.2083575Z ✔ [3591/3700] Built LeanCert.Engine.TaylorModel (2.3s)
2026-09-19T09:14:13.3089357Z ✔ [3593/3723] Built LeanCert.Engine.AD.PartialCorrectness (5.5s)
2026-09-19T09:14:14.4240720Z ✔ [3594/3723] Built LeanCert.Engine.AD.DomainChecked (2.9s)
2026-09-19T09:14:14.6240764Z ℹ [3595/3723] Built NLA.MF14Degree44.DegreeBounds (11s)
2026-09-19T09:14:14.6242377Z info: NLA/MF14Degree44/DegreeBounds.lean:118:0: 'NLA.MF14Degree44.continuation_degree_bound' depends on axioms: [propext, Classical.choice, Quot.sound]
2026-09-19T09:14:16.8302384Z ✔ [3596/3723] Built NLA.MF14Degree44.Mod3Lists (4.6s)
2026-09-19T09:14:17.2522422Z ℹ [3597/3723] Built NLA.MF14Degree44.FamilyDegreeBounds (2.5s)
2026-09-19T09:14:17.2524395Z info: NLA/MF14Degree44/FamilyDegreeBounds.lean:40:0: 'NLA.MF14Degree44.family_degree_and_full_vector' depends on axioms: [propext, Classical.choice, Quot.sound]
2026-09-19T09:14:17.7524897Z ✔ [3598/3723] Built LeanCert.Engine.AD.Dyadic (3.4s)
2026-09-19T09:14:19.7553254Z ℹ [3599/3723] Built NLA.MF14Degree44.Mod3CastBridge (2.9s)
2026-09-19T09:14:19.7554068Z info: NLA/MF14Degree44/Mod3CastBridge.lean:26:0: 'NLA.MF14Degree44.Mod3Certificate.product_entry_cast' depends on axioms: [propext, Classical.choice, Quot.sound]
2026-09-19T09:14:19.7555214Z info: NLA/MF14Degree44/Mod3CastBridge.lean:28:0: 'NLA.MF14Degree44.Mod3Certificate.matrix_entry_of_natural_residue' depends on axioms: [propext,
2026-09-19T09:14:19.7555798Z  Classical.choice,
2026-09-19T09:14:19.7555990Z  Quot.sound]
2026-09-19T09:14:32.3736679Z ℹ [3600/3723] Built NLA.MF14Degree44.Mod3Rows8 (15s)
2026-09-19T09:14:32.3737504Z info: NLA/MF14Degree44/Mod3Rows8.lean:16:0: 'NLA.MF14Degree44.Mod3Certificate.natural_inverse_row_40' depends on axioms: [propext]
2026-09-19T09:14:32.3738612Z info: NLA/MF14Degree44/Mod3Rows8.lean:25:0: 'NLA.MF14Degree44.Mod3Certificate.natural_inverse_row_41' depends on axioms: [propext]
2026-09-19T09:14:32.3739460Z info: NLA/MF14Degree44/Mod3Rows8.lean:34:0: 'NLA.MF14Degree44.Mod3Certificate.natural_inverse_row_42' depends on axioms: [propext]
2026-09-19T09:14:32.3740300Z info: NLA/MF14Degree44/Mod3Rows8.lean:43:0: 'NLA.MF14Degree44.Mod3Certificate.natural_inverse_row_43' depends on axioms: [propext]
2026-09-19T09:14:32.3741132Z info: NLA/MF14Degree44/Mod3Rows8.lean:52:0: 'NLA.MF14Degree44.Mod3Certificate.natural_inverse_row_44' depends on axioms: [propext]
2026-09-19T09:14:32.8740582Z ℹ [3601/3723] Built NLA.MF14Degree44.Mod3Rows7 (15s)
2026-09-19T09:14:32.8744100Z info: NLA/MF14Degree44/Mod3Rows7.lean:16:0: 'NLA.MF14Degree44.Mod3Certificate.natural_inverse_row_35' depends on axioms: [propext]
2026-09-19T09:14:32.8745161Z info: NLA/MF14Degree44/Mod3Rows7.lean:25:0: 'NLA.MF14Degree44.Mod3Certificate.natural_inverse_row_36' depends on axioms: [propext]
2026-09-19T09:14:32.8746050Z info: NLA/MF14Degree44/Mod3Rows7.lean:34:0: 'NLA.MF14Degree44.Mod3Certificate.natural_inverse_row_37' depends on axioms: [propext]
2026-09-19T09:14:32.8747015Z info: NLA/MF14Degree44/Mod3Rows7.lean:43:0: 'NLA.MF14Degree44.Mod3Certificate.natural_inverse_row_38' depends on axioms: [propext]
2026-09-19T09:14:32.8747783Z info: NLA/MF14Degree44/Mod3Rows7.lean:52:0: 'NLA.MF14Degree44.Mod3Certificate.natural_inverse_row_39' depends on axioms: [propext]
2026-09-19T09:14:33.3739019Z ℹ [3602/3723] Built NLA.MF14Degree44.Mod3Rows6 (15s)
2026-09-19T09:14:33.3741481Z info: NLA/MF14Degree44/Mod3Rows6.lean:16:0: 'NLA.MF14Degree44.Mod3Certificate.natural_inverse_row_30' depends on axioms: [propext]
2026-09-19T09:14:33.3742294Z info: NLA/MF14Degree44/Mod3Rows6.lean:25:0: 'NLA.MF14Degree44.Mod3Certificate.natural_inverse_row_31' depends on axioms: [propext]
2026-09-19T09:14:33.3743043Z info: NLA/MF14Degree44/Mod3Rows6.lean:34:0: 'NLA.MF14Degree44.Mod3Certificate.natural_inverse_row_32' depends on axioms: [propext]
2026-09-19T09:14:33.3743813Z info: NLA/MF14Degree44/Mod3Rows6.lean:43:0: 'NLA.MF14Degree44.Mod3Certificate.natural_inverse_row_33' depends on axioms: [propext]
2026-09-19T09:14:33.3745299Z info: NLA/MF14Degree44/Mod3Rows6.lean:52:0: 'NLA.MF14Degree44.Mod3Certificate.natural_inverse_row_34' depends on axioms: [propext]
2026-09-19T09:14:35.7879298Z ℹ [3603/3723] Built NLA.MF14Degree44.Mod3Rows5 (16s)
2026-09-19T09:14:35.7880708Z info: NLA/MF14Degree44/Mod3Rows5.lean:16:0: 'NLA.MF14Degree44.Mod3Certificate.natural_inverse_row_25' depends on axioms: [propext]
2026-09-19T09:14:35.7881794Z info: NLA/MF14Degree44/Mod3Rows5.lean:25:0: 'NLA.MF14Degree44.Mod3Certificate.natural_inverse_row_26' depends on axioms: [propext]
2026-09-19T09:14:35.7882605Z info: NLA/MF14Degree44/Mod3Rows5.lean:34:0: 'NLA.MF14Degree44.Mod3Certificate.natural_inverse_row_27' depends on axioms: [propext]
2026-09-19T09:14:35.7883335Z info: NLA/MF14Degree44/Mod3Rows5.lean:43:0: 'NLA.MF14Degree44.Mod3Certificate.natural_inverse_row_28' depends on axioms: [propext]
2026-09-19T09:14:35.7884083Z info: NLA/MF14Degree44/Mod3Rows5.lean:52:0: 'NLA.MF14Degree44.Mod3Certificate.natural_inverse_row_29' depends on axioms: [propext]
2026-09-19T09:14:48.3055229Z ℹ [3604/3723] Built NLA.MF14Degree44.Mod3Rows2 (14s)
2026-09-19T09:14:48.3055907Z info: NLA/MF14Degree44/Mod3Rows2.lean:16:0: 'NLA.MF14Degree44.Mod3Certificate.natural_inverse_row_10' depends on axioms: [propext]
2026-09-19T09:14:48.3056748Z info: NLA/MF14Degree44/Mod3Rows2.lean:25:0: 'NLA.MF14Degree44.Mod3Certificate.natural_inverse_row_11' depends on axioms: [propext]
2026-09-19T09:14:48.3057581Z info: NLA/MF14Degree44/Mod3Rows2.lean:34:0: 'NLA.MF14Degree44.Mod3Certificate.natural_inverse_row_12' depends on axioms: [propext]
2026-09-19T09:14:48.3058439Z info: NLA/MF14Degree44/Mod3Rows2.lean:43:0: 'NLA.MF14Degree44.Mod3Certificate.natural_inverse_row_13' depends on axioms: [propext]
2026-09-19T09:14:48.3059245Z info: NLA/MF14Degree44/Mod3Rows2.lean:52:0: 'NLA.MF14Degree44.Mod3Certificate.natural_inverse_row_14' depends on axioms: [propext]
2026-09-19T09:14:48.3129955Z ℹ [3605/3723] Built NLA.MF14Degree44.Mod3Rows3 (15s)
2026-09-19T09:14:48.3130723Z info: NLA/MF14Degree44/Mod3Rows3.lean:16:0: 'NLA.MF14Degree44.Mod3Certificate.natural_inverse_row_15' depends on axioms: [propext]
2026-09-19T09:14:48.3131625Z info: NLA/MF14Degree44/Mod3Rows3.lean:25:0: 'NLA.MF14Degree44.Mod3Certificate.natural_inverse_row_16' depends on axioms: [propext]
2026-09-19T09:14:48.3132555Z info: NLA/MF14Degree44/Mod3Rows3.lean:34:0: 'NLA.MF14Degree44.Mod3Certificate.natural_inverse_row_17' depends on axioms: [propext]
2026-09-19T09:14:48.3133464Z info: NLA/MF14Degree44/Mod3Rows3.lean:43:0: 'NLA.MF14Degree44.Mod3Certificate.natural_inverse_row_18' depends on axioms: [propext]
2026-09-19T09:14:48.3134956Z info: NLA/MF14Degree44/Mod3Rows3.lean:52:0: 'NLA.MF14Degree44.Mod3Certificate.natural_inverse_row_19' depends on axioms: [propext]
2026-09-19T09:14:48.8228743Z ℹ [3606/3723] Built NLA.MF14Degree44.Mod3Rows4 (16s)
2026-09-19T09:14:48.8230500Z info: NLA/MF14Degree44/Mod3Rows4.lean:16:0: 'NLA.MF14Degree44.Mod3Certificate.natural_inverse_row_20' depends on axioms: [propext]
2026-09-19T09:14:48.8231523Z info: NLA/MF14Degree44/Mod3Rows4.lean:25:0: 'NLA.MF14Degree44.Mod3Certificate.natural_inverse_row_21' depends on axioms: [propext]
2026-09-19T09:14:48.8232424Z info: NLA/MF14Degree44/Mod3Rows4.lean:34:0: 'NLA.MF14Degree44.Mod3Certificate.natural_inverse_row_22' depends on axioms: [propext]
2026-09-19T09:14:48.8233300Z info: NLA/MF14Degree44/Mod3Rows4.lean:43:0: 'NLA.MF14Degree44.Mod3Certificate.natural_inverse_row_23' depends on axioms: [propext]
2026-09-19T09:14:48.8234344Z info: NLA/MF14Degree44/Mod3Rows4.lean:52:0: 'NLA.MF14Degree44.Mod3Certificate.natural_inverse_row_24' depends on axioms: [propext]
2026-09-19T09:14:51.6280106Z ℹ [3607/3723] Built NLA.MF14Degree44.Mod3Rows1 (15s)
2026-09-19T09:14:51.6281376Z info: NLA/MF14Degree44/Mod3Rows1.lean:16:0: 'NLA.MF14Degree44.Mod3Certificate.natural_inverse_row_5' depends on axioms: [propext]
2026-09-19T09:14:51.6282334Z info: NLA/MF14Degree44/Mod3Rows1.lean:25:0: 'NLA.MF14Degree44.Mod3Certificate.natural_inverse_row_6' depends on axioms: [propext]
2026-09-19T09:14:51.6283251Z info: NLA/MF14Degree44/Mod3Rows1.lean:34:0: 'NLA.MF14Degree44.Mod3Certificate.natural_inverse_row_7' depends on axioms: [propext]
2026-09-19T09:14:51.6284386Z info: NLA/MF14Degree44/Mod3Rows1.lean:43:0: 'NLA.MF14Degree44.Mod3Certificate.natural_inverse_row_8' depends on axioms: [propext]
2026-09-19T09:14:51.6285279Z info: NLA/MF14Degree44/Mod3Rows1.lean:52:0: 'NLA.MF14Degree44.Mod3Certificate.natural_inverse_row_9' depends on axioms: [propext]
2026-09-19T09:14:52.1298001Z ⚠ [3608/3723] Built NLA.MF14Degree44.Mod3Columns8 (3.8s)
2026-09-19T09:14:52.1299944Z warning: NLA/MF14Degree44/Mod3Columns8.lean:25:13: This simp argument is unused:
2026-09-19T09:14:52.1300444Z   coeff_add
2026-09-19T09:14:52.1300656Z 
2026-09-19T09:14:52.1300875Z Hint: Omit it from the simp argument list.
2026-09-19T09:14:52.1301288Z   [apply] simp only [coeff_C_mul_X_pow]
2026-09-19T09:14:52.1301557Z 
2026-09-19T09:14:52.1301869Z Note: This linter can be disabled with `set_option linter.unusedSimpArgs false`
2026-09-19T09:14:52.1302728Z info: NLA/MF14Degree44/Mod3Columns8.lean:27:0: 'NLA.MF14Degree44.Mod3Certificate.column_table_match_40' depends on axioms: [propext, Classical.choice, Quot.sound]
2026-09-19T09:14:52.1303580Z warning: NLA/MF14Degree44/Mod3Columns8.lean:45:13: This simp argument is unused:
2026-09-19T09:14:52.1304034Z   coeff_add
2026-09-19T09:14:52.1304385Z 
2026-09-19T09:14:52.1304592Z Hint: Omit it from the simp argument list.
2026-09-19T09:14:52.1304978Z   [apply] simp only [coeff_C_mul_X_pow]
2026-09-19T09:14:52.1305245Z 
2026-09-19T09:14:52.1305568Z Note: This linter can be disabled with `set_option linter.unusedSimpArgs false`
2026-09-19T09:14:52.1306416Z info: NLA/MF14Degree44/Mod3Columns8.lean:47:0: 'NLA.MF14Degree44.Mod3Certificate.column_table_match_41' depends on axioms: [propext, Classical.choice, Quot.sound]
2026-09-19T09:14:52.1307641Z warning: NLA/MF14Degree44/Mod3Columns8.lean:65:13: This simp argument is unused:
2026-09-19T09:14:52.1308095Z   coeff_add
2026-09-19T09:14:52.1308291Z 
2026-09-19T09:14:52.1308493Z Hint: Omit it from the simp argument list.
2026-09-19T09:14:52.1308878Z   [apply] simp only [coeff_C_mul_X_pow]
2026-09-19T09:14:52.1309141Z 
2026-09-19T09:14:52.1309437Z Note: This linter can be disabled with `set_option linter.unusedSimpArgs false`
2026-09-19T09:14:52.1310280Z info: NLA/MF14Degree44/Mod3Columns8.lean:67:0: 'NLA.MF14Degree44.Mod3Certificate.column_table_match_42' depends on axioms: [propext, Classical.choice, Quot.sound]
2026-09-19T09:14:52.1311562Z info: NLA/MF14Degree44/Mod3Columns8.lean:87:0: 'NLA.MF14Degree44.Mod3Certificate.column_table_match_43' depends on axioms: [propext, Classical.choice, Quot.sound]
2026-09-19T09:14:52.1313015Z info: NLA/MF14Degree44/Mod3Columns8.lean:107:0: 'NLA.MF14Degree44.Mod3Certificate.column_table_match_44' depends on axioms: [propext, Classical.choice, Quot.sound]
2026-09-19T09:14:52.4306957Z ⚠ [3609/3723] Built NLA.MF14Degree44.Mod3Columns7 (3.7s)
2026-09-19T09:14:52.4309201Z info: NLA/MF14Degree44/Mod3Columns7.lean:27:0: 'NLA.MF14Degree44.Mod3Certificate.column_table_match_35' depends on axioms: [propext, Classical.choice, Quot.sound]
2026-09-19T09:14:52.4310196Z warning: NLA/MF14Degree44/Mod3Columns7.lean:45:13: This simp argument is unused:
2026-09-19T09:14:52.4310706Z   coeff_add
2026-09-19T09:14:52.4310934Z 
2026-09-19T09:14:52.4311156Z Hint: Omit it from the simp argument list.
2026-09-19T09:14:52.4311552Z   [apply] simp only [coeff_C_mul_X_pow]
2026-09-19T09:14:52.4311827Z 
2026-09-19T09:14:52.4312147Z Note: This linter can be disabled with `set_option linter.unusedSimpArgs false`
2026-09-19T09:14:52.4313059Z info: NLA/MF14Degree44/Mod3Columns7.lean:47:0: 'NLA.MF14Degree44.Mod3Certificate.column_table_match_36' depends on axioms: [propext, Classical.choice, Quot.sound]
2026-09-19T09:14:52.4313872Z warning: NLA/MF14Degree44/Mod3Columns7.lean:65:13: This simp argument is unused:
2026-09-19T09:14:52.4314452Z   coeff_add
2026-09-19T09:14:52.4314662Z 
2026-09-19T09:14:52.4314878Z Hint: Omit it from the simp argument list.
2026-09-19T09:14:52.4315266Z   [apply] simp only [coeff_C_mul_X_pow]
2026-09-19T09:14:52.4315530Z 
2026-09-19T09:14:52.4315840Z Note: This linter can be disabled with `set_option linter.unusedSimpArgs false`
2026-09-19T09:14:52.4316662Z info: NLA/MF14Degree44/Mod3Columns7.lean:67:0: 'NLA.MF14Degree44.Mod3Certificate.column_table_match_37' depends on axioms: [propext, Classical.choice, Quot.sound]
2026-09-19T09:14:52.4317468Z warning: NLA/MF14Degree44/Mod3Columns7.lean:85:13: This simp argument is unused:
2026-09-19T09:14:52.4317915Z   coeff_add
2026-09-19T09:14:52.4318122Z 
2026-09-19T09:14:52.4318349Z Hint: Omit it from the simp argument list.
2026-09-19T09:14:52.4318728Z   [apply] simp only [coeff_C_mul_X_pow]
2026-09-19T09:14:52.4318998Z 
2026-09-19T09:14:52.4319308Z Note: This linter can be disabled with `set_option linter.unusedSimpArgs false`
2026-09-19T09:14:52.4320125Z info: NLA/MF14Degree44/Mod3Columns7.lean:87:0: 'NLA.MF14Degree44.Mod3Certificate.column_table_match_38' depends on axioms: [propext, Classical.choice, Quot.sound]
2026-09-19T09:14:52.4321166Z info: NLA/MF14Degree44/Mod3Columns7.lean:107:0: 'NLA.MF14Degree44.Mod3Certificate.column_table_match_39' depends on axioms: [propext, Classical.choice, Quot.sound]
2026-09-19T09:14:55.4358787Z ℹ [3610/3723] Built NLA.MF14Degree44.Mod3Columns6 (3.8s)
2026-09-19T09:14:55.4360341Z info: NLA/MF14Degree44/Mod3Columns6.lean:27:0: 'NLA.MF14Degree44.Mod3Certificate.column_table_match_30' depends on axioms: [propext, Classical.choice, Quot.sound]
2026-09-19T09:14:55.4361664Z info: NLA/MF14Degree44/Mod3Columns6.lean:47:0: 'NLA.MF14Degree44.Mod3Certificate.column_table_match_31' depends on axioms: [propext, Classical.choice, Quot.sound]
2026-09-19T09:14:55.4362826Z info: NLA/MF14Degree44/Mod3Columns6.lean:67:0: 'NLA.MF14Degree44.Mod3Certificate.column_table_match_32' depends on axioms: [propext, Classical.choice, Quot.sound]
2026-09-19T09:14:55.4364469Z info: NLA/MF14Degree44/Mod3Columns6.lean:87:0: 'NLA.MF14Degree44.Mod3Certificate.column_table_match_33' depends on axioms: [propext, Classical.choice, Quot.sound]
2026-09-19T09:14:55.4365637Z info: NLA/MF14Degree44/Mod3Columns6.lean:107:0: 'NLA.MF14Degree44.Mod3Certificate.column_table_match_34' depends on axioms: [propext, Classical.choice, Quot.sound]
2026-09-19T09:14:56.6377623Z ℹ [3611/3723] Built NLA.MF14Degree44.Mod3Columns5 (4.6s)
2026-09-19T09:14:56.6378496Z info: NLA/MF14Degree44/Mod3Columns5.lean:27:0: 'NLA.MF14Degree44.Mod3Certificate.column_table_match_25' depends on axioms: [propext, Classical.choice, Quot.sound]
2026-09-19T09:14:56.6380027Z info: NLA/MF14Degree44/Mod3Columns5.lean:47:0: 'NLA.MF14Degree44.Mod3Certificate.column_table_match_26' depends on axioms: [propext, Classical.choice, Quot.sound]
2026-09-19T09:14:56.6381076Z info: NLA/MF14Degree44/Mod3Columns5.lean:67:0: 'NLA.MF14Degree44.Mod3Certificate.column_table_match_27' depends on axioms: [propext, Classical.choice, Quot.sound]
2026-09-19T09:14:56.6382113Z info: NLA/MF14Degree44/Mod3Columns5.lean:87:0: 'NLA.MF14Degree44.Mod3Certificate.column_table_match_28' depends on axioms: [propext, Classical.choice, Quot.sound]
2026-09-19T09:14:56.6383151Z info: NLA/MF14Degree44/Mod3Columns5.lean:107:0: 'NLA.MF14Degree44.Mod3Certificate.column_table_match_29' depends on axioms: [propext, Classical.choice, Quot.sound]
2026-09-19T09:14:57.0580140Z ℹ [3612/3723] Built NLA.MF14Degree44.Mod3Columns4 (4.6s)
2026-09-19T09:14:57.0581120Z info: NLA/MF14Degree44/Mod3Columns4.lean:27:0: 'NLA.MF14Degree44.Mod3Certificate.column_table_match_20' depends on axioms: [propext, Classical.choice, Quot.sound]
2026-09-19T09:14:57.0582345Z info: NLA/MF14Degree44/Mod3Columns4.lean:47:0: 'NLA.MF14Degree44.Mod3Certificate.column_table_match_21' depends on axioms: [propext, Classical.choice, Quot.sound]
2026-09-19T09:14:57.0583436Z info: NLA/MF14Degree44/Mod3Columns4.lean:67:0: 'NLA.MF14Degree44.Mod3Certificate.column_table_match_22' depends on axioms: [propext, Classical.choice, Quot.sound]
2026-09-19T09:14:57.0584686Z info: NLA/MF14Degree44/Mod3Columns4.lean:87:0: 'NLA.MF14Degree44.Mod3Certificate.column_table_match_23' depends on axioms: [propext, Classical.choice, Quot.sound]
2026-09-19T09:14:57.0585800Z info: NLA/MF14Degree44/Mod3Columns4.lean:107:0: 'NLA.MF14Degree44.Mod3Certificate.column_table_match_24' depends on axioms: [propext, Classical.choice, Quot.sound]
2026-09-19T09:15:01.5696737Z ℹ [3613/3723] Built NLA.MF14Degree44.Mod3Columns3 (6.1s)
2026-09-19T09:15:01.5697803Z info: NLA/MF14Degree44/Mod3Columns3.lean:27:0: 'NLA.MF14Degree44.Mod3Certificate.column_table_match_15' depends on axioms: [propext, Classical.choice, Quot.sound]
2026-09-19T09:15:01.5698839Z info: NLA/MF14Degree44/Mod3Columns3.lean:47:0: 'NLA.MF14Degree44.Mod3Certificate.column_table_match_16' depends on axioms: [propext, Classical.choice, Quot.sound]
2026-09-19T09:15:01.5699813Z info: NLA/MF14Degree44/Mod3Columns3.lean:67:0: 'NLA.MF14Degree44.Mod3Certificate.column_table_match_17' depends on axioms: [propext, Classical.choice, Quot.sound]
2026-09-19T09:15:01.5700797Z info: NLA/MF14Degree44/Mod3Columns3.lean:87:0: 'NLA.MF14Degree44.Mod3Certificate.column_table_match_18' depends on axioms: [propext, Classical.choice, Quot.sound]
2026-09-19T09:15:01.5701768Z info: NLA/MF14Degree44/Mod3Columns3.lean:107:0: 'NLA.MF14Degree44.Mod3Certificate.column_table_match_19' depends on axioms: [propext, Classical.choice, Quot.sound]
2026-09-19T09:15:01.9694900Z ℹ [3614/3723] Built NLA.MF14Degree44.Mod3Columns1 (4.9s)
2026-09-19T09:15:01.9696036Z info: NLA/MF14Degree44/Mod3Columns1.lean:27:0: 'NLA.MF14Degree44.Mod3Certificate.column_table_match_5' depends on axioms: [propext, Classical.choice, Quot.sound]
2026-09-19T09:15:01.9697114Z info: NLA/MF14Degree44/Mod3Columns1.lean:47:0: 'NLA.MF14Degree44.Mod3Certificate.column_table_match_6' depends on axioms: [propext, Classical.choice, Quot.sound]
2026-09-19T09:15:01.9698172Z info: NLA/MF14Degree44/Mod3Columns1.lean:67:0: 'NLA.MF14Degree44.Mod3Certificate.column_table_match_7' depends on axioms: [propext, Classical.choice, Quot.sound]
2026-09-19T09:15:01.9699399Z info: NLA/MF14Degree44/Mod3Columns1.lean:87:0: 'NLA.MF14Degree44.Mod3Certificate.column_table_match_8' depends on axioms: [propext, Classical.choice, Quot.sound]
2026-09-19T09:15:01.9700461Z info: NLA/MF14Degree44/Mod3Columns1.lean:107:0: 'NLA.MF14Degree44.Mod3Certificate.column_table_match_9' depends on axioms: [propext, Classical.choice, Quot.sound]
2026-09-19T09:15:02.2702302Z ℹ [3615/3723] Built NLA.MF14Degree44.Mod3Columns2 (5.6s)
2026-09-19T09:15:02.2703447Z info: NLA/MF14Degree44/Mod3Columns2.lean:27:0: 'NLA.MF14Degree44.Mod3Certificate.column_table_match_10' depends on axioms: [propext, Classical.choice, Quot.sound]
2026-09-19T09:15:02.2705150Z info: NLA/MF14Degree44/Mod3Columns2.lean:47:0: 'NLA.MF14Degree44.Mod3Certificate.column_table_match_11' depends on axioms: [propext, Classical.choice, Quot.sound]
2026-09-19T09:15:02.2706297Z info: NLA/MF14Degree44/Mod3Columns2.lean:67:0: 'NLA.MF14Degree44.Mod3Certificate.column_table_match_12' depends on axioms: [propext, Classical.choice, Quot.sound]
2026-09-19T09:15:02.2707402Z info: NLA/MF14Degree44/Mod3Columns2.lean:87:0: 'NLA.MF14Degree44.Mod3Certificate.column_table_match_13' depends on axioms: [propext, Classical.choice, Quot.sound]
2026-09-19T09:15:02.2708492Z info: NLA/MF14Degree44/Mod3Columns2.lean:107:0: 'NLA.MF14Degree44.Mod3Certificate.column_table_match_14' depends on axioms: [propext, Classical.choice, Quot.sound]
2026-09-19T09:15:03.1707383Z ℹ [3616/3723] Built NLA.MF14Degree44.Mod3Rows0 (14s)
2026-09-19T09:15:03.1708766Z info: NLA/MF14Degree44/Mod3Rows0.lean:16:0: 'NLA.MF14Degree44.Mod3Certificate.natural_inverse_row_0' depends on axioms: [propext]
2026-09-19T09:15:03.1709695Z info: NLA/MF14Degree44/Mod3Rows0.lean:25:0: 'NLA.MF14Degree44.Mod3Certificate.natural_inverse_row_1' depends on axioms: [propext]
2026-09-19T09:15:03.1710516Z info: NLA/MF14Degree44/Mod3Rows0.lean:34:0: 'NLA.MF14Degree44.Mod3Certificate.natural_inverse_row_2' depends on axioms: [propext]
2026-09-19T09:15:03.1711320Z info: NLA/MF14Degree44/Mod3Rows0.lean:43:0: 'NLA.MF14Degree44.Mod3Certificate.natural_inverse_row_3' depends on axioms: [propext]
2026-09-19T09:15:03.1712122Z info: NLA/MF14Degree44/Mod3Rows0.lean:52:0: 'NLA.MF14Degree44.Mod3Certificate.natural_inverse_row_4' depends on axioms: [propext]
2026-09-19T09:15:03.9725198Z ✔ [3617/3723] Built LeanCert.Engine.AD (1.7s)
2026-09-19T09:15:04.8775905Z ℹ [3618/3723] Built NLA.MF14Degree44.CoverageBridge (2.8s)
2026-09-19T09:15:04.8777687Z info: NLA/MF14Degree44/CoverageBridge.lean:67:0: 'NLA.MF14Degree44.degree_plane44_reconstruction' depends on axioms: [propext, Classical.choice, Quot.sound]
2026-09-19T09:15:04.8778822Z info: NLA/MF14Degree44/CoverageBridge.lean:69:0: 'NLA.MF14Degree44.embed44_polynomial_pullback' depends on axioms: [propext, Classical.choice, Quot.sound]
2026-09-19T09:15:04.8779955Z info: NLA/MF14Degree44/CoverageBridge.lean:71:0: 'NLA.MF14Degree44.degree44_coverage_of_density_and_image' depends on axioms: [propext, Classical.choice, Quot.sound]
2026-09-19T09:15:04.8781074Z info: NLA/MF14Degree44/CoverageBridge.lean:73:0: 'NLA.MF14Degree44.original_equality_false_of_coverage44' depends on axioms: [propext, Classical.choice, Quot.sound]
2026-09-19T09:15:06.2797866Z ℹ [3619/3723] Built NLA.MF14Degree44.Mod3Columns0 (4.7s)
2026-09-19T09:15:06.2799388Z info: NLA/MF14Degree44/Mod3Columns0.lean:27:0: 'NLA.MF14Degree44.Mod3Certificate.column_table_match_0' depends on axioms: [propext, Classical.choice, Quot.sound]
2026-09-19T09:15:06.2800514Z info: NLA/MF14Degree44/Mod3Columns0.lean:47:0: 'NLA.MF14Degree44.Mod3Certificate.column_table_match_1' depends on axioms: [propext, Classical.choice, Quot.sound]
2026-09-19T09:15:06.2801711Z info: NLA/MF14Degree44/Mod3Columns0.lean:67:0: 'NLA.MF14Degree44.Mod3Certificate.column_table_match_2' depends on axioms: [propext, Classical.choice, Quot.sound]
2026-09-19T09:15:06.2802805Z info: NLA/MF14Degree44/Mod3Columns0.lean:87:0: 'NLA.MF14Degree44.Mod3Certificate.column_table_match_3' depends on axioms: [propext, Classical.choice, Quot.sound]
2026-09-19T09:15:06.2804371Z info: NLA/MF14Degree44/Mod3Columns0.lean:107:0: 'NLA.MF14Degree44.Mod3Certificate.column_table_match_4' depends on axioms: [propext, Classical.choice, Quot.sound]
2026-09-19T09:15:07.3814140Z ✔ [3620/3723] Built LeanCert.Meta.ProveSupported (3.4s)
2026-09-19T09:15:07.4812246Z ✔ [3621/3723] Built LeanCert.Engine.IntervalEvalRefined (3.4s)
2026-09-19T09:15:07.7814639Z ✔ [3622/3723] Built LeanCert.Validity.Bounds.Smart (2.9s)
2026-09-19T09:15:10.8871759Z ℹ [3623/3723] Built NLA.MF14Degree44.Mod3Certificate (3.5s)
2026-09-19T09:15:10.8873540Z info: NLA/MF14Degree44/Mod3Certificate.lean:149:0: 'NLA.MF14Degree44.integerJacobian_eq_checked_table' depends on axioms: [propext, Classical.choice, Quot.sound]
2026-09-19T09:15:10.8874670Z info: NLA/MF14Degree44/Mod3Certificate.lean:151:0: 'NLA.MF14Degree44.mod3_checked_table_inverse' depends on axioms: [propext, Classical.choice, Quot.sound]
2026-09-19T09:15:10.8875735Z info: NLA/MF14Degree44/Mod3Certificate.lean:153:0: 'NLA.MF14Degree44.integerJacobianMod3_eq_checked_table' depends on axioms: [propext, Classical.choice, Quot.sound]
2026-09-19T09:15:10.8876744Z info: NLA/MF14Degree44/Mod3Certificate.lean:155:0: 'NLA.MF14Degree44.integer_jacobian_mod3_inverse' depends on axioms: [propext, Classical.choice, Quot.sound]
2026-09-19T09:15:11.2877380Z ✔ [3624/3723] Built LeanCert.Engine.Optimize (5.0s)
2026-09-19T09:15:11.4887324Z ✔ [3625/3723] Built LeanCert.Meta.ProveContinuous (3.0s)
2026-09-19T09:15:12.1926735Z ✔ [3626/3723] Built LeanCert.Tactic.IntervalAuto.ProveCommon (4.4s)
2026-09-19T09:15:13.7937553Z ✔ [3627/3723] Built LeanCert.Validity.Bounds.Bridge (2.0s)
2026-09-19T09:15:14.2974938Z ℹ [3628/3723] Built NLA.MF14Degree44.JacobianNonzero (3.1s)
2026-09-19T09:15:14.2976408Z info: NLA/MF14Degree44/JacobianNonzero.lean:39:0: 'NLA.MF14Degree44.integer_jacobian_det_ne_zero' depends on axioms: [propext, Classical.choice, Quot.sound]
2026-09-19T09:15:14.2977504Z info: NLA/MF14Degree44/JacobianNonzero.lean:41:0: 'NLA.MF14Degree44.complex_integer_jacobian_det_ne_zero' depends on axioms: [propext, Classical.choice, Quot.sound]
2026-09-19T09:15:16.0036482Z ✔ [3629/3723] Built LeanCert.Engine.Optimization.Gradient (4.5s)
2026-09-19T09:15:16.2035795Z ✔ [3630/3723] Built LeanCert.Engine.RootFinding.Newton (4.1s)
2026-09-19T09:15:17.8093067Z ✔ [3631/3723] Built LeanCert.Tactic.LeanCert.Bridge.ReifiedFunction (3.5s)
2026-09-19T09:15:18.7129761Z ✔ [3632/3723] Built LeanCert.Tactic.IntervalAuto.Basic (2.7s)
2026-09-19T09:15:18.8132334Z ✔ [3633/3723] Built LeanCert.Validity.Bounds.Basic (2.5s)
2026-09-19T09:15:18.9130647Z ✔ [3634/3723] Built LeanCert.Validity.Integration (5.1s)
2026-09-19T09:15:24.3332031Z ✔ [3635/3723] Built LeanCert.Tactic.LeanCert.Semantic.Prepare (5.4s)
2026-09-19T09:15:25.5332174Z ✔ [3636/3723] Built LeanCert.Engine.RootFinding.Krawczyk (6.8s)
2026-09-19T09:15:26.3333782Z ✔ [3637/3723] Built LeanCert.Engine.RootFinding.MVTBounds (7.5s)
2026-09-19T09:15:31.1472522Z ✔ [3638/3723] Built LeanCert.Tactic.LeanCert.Integral (6.8s)
2026-09-19T09:15:31.9499039Z ✔ [3639/3723] Built LeanCert.Tactic.LeanCert.Solver.Protocol (5.6s)
2026-09-19T09:15:33.0546770Z ✔ [3640/3723] Built LeanCert.Tactic.Extension.Execute (7.6s)
2026-09-19T09:15:34.3846934Z ✔ [3641/3723] Built LeanCert.Engine.RootFinding.KrawczykCandidate (3.2s)
2026-09-19T09:15:34.5855971Z ✔ [3642/3723] Built LeanCert.Validity.Krawczyk (2.6s)
2026-09-19T09:15:34.7858568Z ✔ [3643/3723] Built LeanCert.Engine.Optimization.Global (17s)
2026-09-19T09:15:36.9927875Z ✔ [3644/3723] Built LeanCert.Engine.RootFinding.Contraction (3.9s)
2026-09-19T09:15:37.3929720Z ✔ [3645/3723] Built LeanCert.Tactic.LeanCert.Diagnostic.Render (3.1s)
2026-09-19T09:15:37.4937698Z ✔ [3646/3723] Built LeanCert.Validity.Types (2.7s)
2026-09-19T09:15:37.5935432Z ✔ [3647/3723] Built LeanCert.Tactic.Enclosure (3.1s)
2026-09-19T09:15:39.5945795Z ✔ [3648/3723] Built LeanCert.Engine.Optimization.Guided (2.6s)
2026-09-19T09:15:39.7968425Z ✔ [3649/3723] Built LeanCert.Engine.RootFinding.Main (2.1s)
2026-09-19T09:15:39.7972490Z ✔ [3650/3723] Built LeanCert.Engine.Search.CounterExample (2.5s)
2026-09-19T09:15:40.0972517Z ✔ [3651/3723] Built LeanCert.Engine.Optimization.BoundVerify (2.6s)
2026-09-19T09:15:42.9015631Z ✔ [3652/3723] Built LeanCert.Validity.Bounds (3.2s)
2026-09-19T09:15:45.8311444Z ✔ [3653/3723] Built LeanCert.Discovery.Find (2.9s)
2026-09-19T09:15:46.1314712Z ✔ [3654/3723] Built LeanCert.Tactic.IntervalAuto.OptBound (3.2s)
2026-09-19T09:15:47.6342110Z ✔ [3655/3723] Built LeanCert.Tactic.IntervalAuto.Multivariate (4.7s)
2026-09-19T09:15:48.3354637Z ✔ [3656/3723] Built LeanCert.Tactic.IntervalAuto.RootBound (2.6s)
2026-09-19T09:15:52.4386355Z ✔ [3657/3723] Built LeanCert.Tactic.IntervalAuto.Bound (9.5s)
2026-09-19T09:15:55.5421022Z ✔ [3658/3723] Built LeanCert.Tactic.IntervalAuto.Subdiv (3.1s)
2026-09-19T09:15:57.2448320Z ✔ [3659/3723] Built LeanCert.Tactic.IntervalAuto.Adaptive (4.8s)
2026-09-19T09:15:58.4450470Z ✔ [3660/3723] Built LeanCert.Tactic.IntervalAuto.PointIneq (5.0s)
2026-09-19T09:16:00.2473616Z ✔ [3661/3723] Built LeanCert.Tactic.IntervalAuto (1.8s)
2026-09-19T09:16:03.2539970Z ✔ [3662/3723] Built LeanCert.Tactic.Refute (3.0s)
2026-09-19T09:16:04.1550703Z ✔ [3663/3723] Built LeanCert.Tactic.FinSumWitness (3.9s)
2026-09-19T09:16:07.2628222Z ✔ [3664/3723] Built LeanCert.Tactic.FinSumBound (3.1s)
2026-09-19T09:16:08.2630031Z ✔ [3665/3723] Built LeanCert.Tactic.Discovery (8.0s)
2026-09-19T09:16:09.4643581Z ✔ [3666/3723] Built LeanCert.Tactic.LeanCert.Semantic.Parse (2.2s)
2026-09-19T09:16:11.8658118Z ✔ [3667/3723] Built LeanCert.Tactic.Krawczyk (2.4s)
2026-09-19T09:16:16.7732169Z ✔ [3668/3723] Built LeanCert.Tactic.LeanCert.Router (4.9s)
2026-09-19T09:16:18.6753081Z ✔ [3669/3723] Built LeanCert.Tactic.LeanCert (1.9s)
2026-09-19T09:16:20.6785795Z ✔ [3670/3723] Built LeanCert.Tactic (1.0s)
2026-09-19T09:16:23.7838482Z ℹ [3671/3723] Built NLA.MF14Degree44.SyzygyMiddle9 (3.1s)
2026-09-19T09:16:23.7841672Z info: NLA/MF14Degree44/SyzygyMiddle9.lean:20:0: 'NLA.MF14Degree44.syzygy_middle9_zero' depends on axioms: [propext, Classical.choice, Quot.sound]
2026-09-19T09:16:23.8838291Z ℹ [3672/3723] Built NLA.MF14Degree44.SyzygyMiddle7 (3.3s)
2026-09-19T09:16:23.8839560Z info: NLA/MF14Degree44/SyzygyMiddle7.lean:20:0: 'NLA.MF14Degree44.syzygy_middle7_zero' depends on axioms: [propext, Classical.choice, Quot.sound]
2026-09-19T09:16:23.8843418Z ℹ [3673/3723] Built NLA.MF14Degree44.SyzygyMiddle8 (3.2s)
2026-09-19T09:16:23.8844411Z info: NLA/MF14Degree44/SyzygyMiddle8.lean:20:0: 'NLA.MF14Degree44.syzygy_middle8_zero' depends on axioms: [propext, Classical.choice, Quot.sound]
2026-09-19T09:16:24.4847324Z ⚠ [3674/3723] Built NLA.MF14Degree44.SyzygyExpansion (3.8s)
2026-09-19T09:16:24.4848728Z warning: NLA/MF14Degree44/SyzygyExpansion.lean:25:72: Used `tac1 <;> tac2` where `(tac1; tac2)` would suffice
2026-09-19T09:16:24.4849219Z 
2026-09-19T09:16:24.4849608Z Note: This linter can be disabled with `set_option linter.unnecessarySeqFocus false`
2026-09-19T09:16:24.4850757Z info: NLA/MF14Degree44/SyzygyExpansion.lean:27:0: 'NLA.MF14Degree44.syzygy_polynomial_expansion' depends on axioms: [propext, Classical.choice, Quot.sound]
2026-09-19T09:16:26.8910308Z ℹ [3675/3723] Built NLA.MF14Degree44.SyzygyFactors (3.0s)
2026-09-19T09:16:26.8911630Z info: NLA/MF14Degree44/SyzygyFactors.lean:25:0: 'NLA.MF14Degree44.syzygy_third_factor' depends on axioms: [propext, Classical.choice, Quot.sound]
2026-09-19T09:16:26.8912717Z info: NLA/MF14Degree44/SyzygyFactors.lean:27:0: 'NLA.MF14Degree44.syzygy_fourth_factor' depends on axioms: [propext, Classical.choice, Quot.sound]
2026-09-19T09:16:26.9966708Z ℹ [3676/3723] Built NLA.MF14Degree44.SyzygyMiddle10 (3.2s)
2026-09-19T09:16:26.9987357Z info: NLA/MF14Degree44/SyzygyMiddle10.lean:20:0: 'NLA.MF14Degree44.syzygy_middle10_zero' depends on axioms: [propext, Classical.choice, Quot.sound]
2026-09-19T09:16:27.0015039Z ℹ [3677/3723] Built NLA.MF14Degree44.SyzygyLowPart (3.1s)
2026-09-19T09:16:27.0047910Z info: NLA/MF14Degree44/SyzygyLowPart.lean:58:0: 'NLA.MF14Degree44.lowPart6_coeff' depends on axioms: [propext, Classical.choice, Quot.sound]
2026-09-19T09:16:27.0075082Z info: NLA/MF14Degree44/SyzygyLowPart.lean:60:0: 'NLA.MF14Degree44.syzygy_low_part_high_coeff' depends on axioms: [propext, Classical.choice, Quot.sound]
2026-09-19T09:16:27.0095034Z info: NLA/MF14Degree44/SyzygyLowPart.lean:62:0: 'NLA.MF14Degree44.scaled_degenerationZ_low_coeff' depends on axioms: [propext, Classical.choice, Quot.sound]
2026-09-19T09:16:27.6970141Z ⚠ [3678/3723] Built NLA.MF14Degree44.DegenerationAtZero (3.3s)
2026-09-19T09:16:27.6971356Z warning: NLA/MF14Degree44/DegenerationAtZero.lean:21:97: Used `tac1 <;> tac2` where `(tac1; tac2)` would suffice
2026-09-19T09:16:27.6971935Z 
2026-09-19T09:16:27.6973785Z Note: This linter can be disabled with `set_option linter.unnecessarySeqFocus false`
2026-09-19T09:16:27.6974817Z info: NLA/MF14Degree44/DegenerationAtZero.lean:23:0: 'NLA.MF14Degree44.degeneration_at_zero' depends on axioms: [propext, Classical.choice, Quot.sound]
2026-09-19T09:16:30.0022479Z ℹ [3679/3723] Built NLA.MF14Degree44.PolynomialDensity (3.1s)
2026-09-19T09:16:30.0023921Z info: NLA/MF14Degree44/PolynomialDensity.lean:47:0: 'NLA.MF14Degree44.polynomial_density_of_strict_derivative' depends on axioms: [propext, Classical.choice, Quot.sound]
2026-09-19T09:16:30.2023099Z ✔ [3680/3723] Built NLA.MF14Degree44.CoefficientSmooth (3.2s)
2026-09-19T09:16:30.4027642Z ✔ [3681/3723] Built NLA.MF14Degree44.FirstDerivatives (3.5s)
2026-09-19T09:16:31.2052410Z ℹ [3682/3723] Built NLA.MF14Degree44.ThirdProductFactorization (3.4s)
2026-09-19T09:16:31.2053211Z info: NLA/MF14Degree44/ThirdProductFactorization.lean:24:0: 'NLA.MF14Degree44.third_product_factorization' depends on axioms: [propext, Classical.choice, Quot.sound]
2026-09-19T09:16:33.1075374Z ℹ [3683/3723] Built NLA.MF14Degree44.CircuitPrefix (3.2s)
2026-09-19T09:16:33.1076081Z info: NLA/MF14Degree44/CircuitPrefix.lean:78:0: 'NLA.MF14Degree44.canonical_gate_padding' depends on axioms: [propext, Classical.choice, Quot.sound]
2026-09-19T09:16:33.1076969Z info: NLA/MF14Degree44/CircuitPrefix.lean:80:0: 'NLA.MF14Degree44.prefix_gate_natDegree_bound' depends on axioms: [propext, Classical.choice, Quot.sound]
2026-09-19T09:16:33.1077833Z info: NLA/MF14Degree44/CircuitPrefix.lean:82:0: 'NLA.MF14Degree44.prefix_available_natDegree' depends on axioms: [propext, Classical.choice, Quot.sound]
2026-09-19T09:16:33.1078668Z info: NLA/MF14Degree44/CircuitPrefix.lean:84:0: 'NLA.MF14Degree44.four_prefix_full_coefficients' depends on axioms: [propext, Classical.choice, Quot.sound]
2026-09-19T09:16:34.2101377Z ⚠ [3684/3723] Built NLA.MF14Degree44.DegenerationIdentity (3.8s)
2026-09-19T09:16:34.2102201Z warning: NLA/MF14Degree44/DegenerationIdentity.lean:26:51: This simp argument is unused:
2026-09-19T09:16:34.2102868Z   map_sub
2026-09-19T09:16:34.2103123Z 
2026-09-19T09:16:34.2103342Z Hint: Omit it from the simp argument list.
2026-09-19T09:16:34.2103955Z   [apply] simp [syzygyHighPartFor, syzygy_third_factor, syzygy_fourth_factor, syzygyR5, syzygyR6, degenerationZ,
2026-09-19T09:16:34.2104737Z     map_add, map_mul, map_pow, map_ofNat, map_neg]
2026-09-19T09:16:34.2105023Z 
2026-09-19T09:16:34.2105333Z Note: This linter can be disabled with `set_option linter.unusedSimpArgs false`
2026-09-19T09:16:34.2105974Z warning: NLA/MF14Degree44/DegenerationIdentity.lean:26:60: Used `tac1 <;> tac2` where `(tac1; tac2)` would suffice
2026-09-19T09:16:34.2106435Z 
2026-09-19T09:16:34.2106750Z Note: This linter can be disabled with `set_option linter.unnecessarySeqFocus false`
2026-09-19T09:16:34.2107586Z info: NLA/MF14Degree44/DegenerationIdentity.lean:55:0: 'NLA.MF14Degree44.degeneration_high_part' depends on axioms: [propext, Classical.choice, Quot.sound]
2026-09-19T09:16:34.2108627Z info: NLA/MF14Degree44/DegenerationIdentity.lean:57:0: 'NLA.MF14Degree44.degeneration_decomposition' depends on axioms: [propext, Classical.choice, Quot.sound]
2026-09-19T09:16:34.2109615Z info: NLA/MF14Degree44/DegenerationIdentity.lean:59:0: 'NLA.MF14Degree44.degeneration_low_part' depends on axioms: [propext, Classical.choice, Quot.sound]
2026-09-19T09:16:34.2110983Z info: NLA/MF14Degree44/DegenerationIdentity.lean:61:0: 'NLA.MF14Degree44.degeneration_identity' depends on axioms: [propext, Classical.choice, Quot.sound]
2026-09-19T09:16:34.4100584Z ℹ [3685/3723] Built NLA.MF14Degree44.JacobianEquivalence (3.2s)
2026-09-19T09:16:34.4102180Z info: NLA/MF14Degree44/JacobianEquivalence.lean:74:0: 'NLA.MF14Degree44.jacobianAt_eq_toMatrix' depends on axioms: [propext, Classical.choice, Quot.sound]
2026-09-19T09:16:34.4103330Z info: NLA/MF14Degree44/JacobianEquivalence.lean:76:0: 'NLA.MF14Degree44.jacobianAt_det_eq' depends on axioms: [propext, Classical.choice, Quot.sound]
2026-09-19T09:16:34.4104752Z info: NLA/MF14Degree44/JacobianEquivalence.lean:78:0: 'NLA.MF14Degree44.derivative_equivalence_of_jacobian_det_ne_zero' depends on axioms: [propext,
2026-09-19T09:16:34.4105445Z  Classical.choice,
2026-09-19T09:16:34.4105751Z  Quot.sound]
2026-09-19T09:16:34.4106385Z info: NLA/MF14Degree44/JacobianEquivalence.lean:80:0: 'NLA.MF14Degree44.derivative_bijective_of_jacobian_det_ne_zero' depends on axioms: [propext,
2026-09-19T09:16:34.4107046Z  Classical.choice,
2026-09-19T09:16:34.4107344Z  Quot.sound]
2026-09-19T09:16:34.4108020Z info: NLA/MF14Degree44/JacobianEquivalence.lean:82:0: 'NLA.MF14Degree44.polynomial_density_of_smooth_jacobian' depends on axioms: [propext, Classical.choice, Quot.sound]
2026-09-19T09:16:34.6107372Z ⚠ [3686/3723] Built NLA.MF14Degree44.FourthDeterminantBlocks (4.5s)
2026-09-19T09:16:34.6108899Z warning: NLA/MF14Degree44/FourthDeterminantBlocks.lean:50:6: Unused tactic linter: `norm_num` does nothing
2026-09-19T09:16:34.6109509Z 
2026-09-19T09:16:34.6109892Z Note: This linter can be disabled with `set_option linter.unusedTactic false`
2026-09-19T09:16:34.6110613Z warning: NLA/MF14Degree44/FourthDeterminantBlocks.lean:50:2: Used `tac1 <;> tac2` where `(tac1; tac2)` would suffice
2026-09-19T09:16:34.6111119Z 
2026-09-19T09:16:34.6111466Z Note: This linter can be disabled with `set_option linter.unnecessarySeqFocus false`
2026-09-19T09:16:34.6112189Z warning: NLA/MF14Degree44/FourthDeterminantBlocks.lean:51:2: Used `tac1 <;> tac2` where `(tac1; tac2)` would suffice
2026-09-19T09:16:34.6112691Z 
2026-09-19T09:16:34.6113031Z Note: This linter can be disabled with `set_option linter.unnecessarySeqFocus false`
2026-09-19T09:16:34.6113915Z info: NLA/MF14Degree44/FourthDeterminantBlocks.lean:53:0: 'NLA.MF14Degree44.det_fin_add_of_lower_left_zero' depends on axioms: [propext, Classical.choice, Quot.sound]
2026-09-19T09:16:34.6115133Z info: NLA/MF14Degree44/FourthDeterminantBlocks.lean:55:0: 'NLA.MF14Degree44.fourth_core_det' depends on axioms: [propext, Classical.choice, Quot.sound]
2026-09-19T09:16:37.2164736Z ℹ [3687/3723] Built NLA.MF14Degree44.FourthSmooth (2.0s)
2026-09-19T09:16:37.2166242Z info: NLA/MF14Degree44/FourthSmooth.lean:38:0: 'NLA.MF14Degree44.fourth_polynomial_coefficients_smooth' depends on axioms: [propext, Classical.choice, Quot.sound]
2026-09-19T09:16:37.2167378Z info: NLA/MF14Degree44/FourthSmooth.lean:40:0: 'NLA.MF14Degree44.fourth_map_smooth' depends on axioms: [propext, Classical.choice, Quot.sound]
2026-09-19T09:16:40.9260360Z ℹ [3688/3723] Built NLA.MF14Degree44.FourthJacobian (6.3s)
2026-09-19T09:16:40.9261790Z info: NLA/MF14Degree44/FourthJacobian.lean:81:0: 'NLA.MF14Degree44.fourth_first_jet_value' depends on axioms: [propext, Classical.choice, Quot.sound]
2026-09-19T09:16:40.9262854Z info: NLA/MF14Degree44/FourthJacobian.lean:83:0: 'NLA.MF14Degree44.fourth_first_jet_sound' depends on axioms: [propext, Classical.choice, Quot.sound]
2026-09-19T09:16:40.9263837Z info: NLA/MF14Degree44/FourthJacobian.lean:85:0: 'NLA.MF14Degree44.fourth_first_columns' depends on axioms: [propext, Classical.choice, Quot.sound]
2026-09-19T09:16:40.9265043Z info: NLA/MF14Degree44/FourthJacobian.lean:87:0: 'NLA.MF14Degree44.fourth_jacobian_identity' depends on axioms: [propext, Classical.choice, Quot.sound]
2026-09-19T09:16:41.4268448Z ℹ [3689/3723] Built NLA.MF14Degree44.CircuitSpanOperations (4.2s)
2026-09-19T09:16:41.4270372Z info: NLA/MF14Degree44/CircuitSpanOperations.lean:86:0: 'NLA.MF14Degree44.available_one' depends on axioms: [propext, Classical.choice, Quot.sound]
2026-09-19T09:16:41.4271489Z info: NLA/MF14Degree44/CircuitSpanOperations.lean:88:0: 'NLA.MF14Degree44.available_X' depends on axioms: [propext, Classical.choice, Quot.sound]
2026-09-19T09:16:41.4272589Z info: NLA/MF14Degree44/CircuitSpanOperations.lean:90:0: 'NLA.MF14Degree44.available_gate' depends on axioms: [propext, Classical.choice, Quot.sound]
2026-09-19T09:16:41.4273695Z info: NLA/MF14Degree44/CircuitSpanOperations.lean:92:0: 'NLA.MF14Degree44.polynomial_C_mul_mem' depends on axioms: [propext, Classical.choice, Quot.sound]
2026-09-19T09:16:41.4275241Z info: NLA/MF14Degree44/CircuitSpanOperations.lean:94:0: 'NLA.MF14Degree44.linearCombination_mem' depends on axioms: [propext, Classical.choice, Quot.sound]
2026-09-19T09:16:41.4276379Z info: NLA/MF14Degree44/CircuitSpanOperations.lean:96:0: 'NLA.MF14Degree44.append_product_to_prefix' depends on axioms: [propext, Classical.choice, Quot.sound]
2026-09-19T09:16:41.8284114Z ℹ [3690/3723] Built NLA.MF14Degree44.FamilySmooth (8.7s)
2026-09-19T09:16:41.8285073Z info: NLA/MF14Degree44/FamilySmooth.lean:133:0: 'NLA.MF14Degree44.continuation_basis_coefficients_smooth' depends on axioms: [propext, Classical.choice, Quot.sound]
2026-09-19T09:16:41.8286004Z info: NLA/MF14Degree44/FamilySmooth.lean:135:0: 'NLA.MF14Degree44.continuation_polynomial_coefficients_smooth' depends on axioms: [propext,
2026-09-19T09:16:41.8286573Z  Classical.choice,
2026-09-19T09:16:41.8286764Z  Quot.sound]
2026-09-19T09:16:41.8287361Z info: NLA/MF14Degree44/FamilySmooth.lean:137:0: 'NLA.MF14Degree44.family_quad_coefficients_smooth' depends on axioms: [propext, Classical.choice, Quot.sound]
2026-09-19T09:16:41.8288329Z info: NLA/MF14Degree44/FamilySmooth.lean:139:0: 'NLA.MF14Degree44.family_polynomial_coefficients_smooth' depends on axioms: [propext, Classical.choice, Quot.sound]
2026-09-19T09:16:41.8289271Z info: NLA/MF14Degree44/FamilySmooth.lean:141:0: 'NLA.MF14Degree44.coefficient_map_smooth' depends on axioms: [propext, Classical.choice, Quot.sound]
2026-09-19T09:16:46.4554638Z ⚠ [3691/3723] Built NLA.MF14Degree44.FourthMinorCoefficients (5.5s)
2026-09-19T09:16:46.4555728Z warning: NLA/MF14Degree44/FourthMinorCoefficients.lean:21:57: Used `tac1 <;> tac2` where `(tac1; tac2)` would suffice
2026-09-19T09:16:46.4556377Z 
2026-09-19T09:16:46.4556764Z Note: This linter can be disabled with `set_option linter.unnecessarySeqFocus false`
2026-09-19T09:16:46.4557547Z warning: NLA/MF14Degree44/FourthMinorCoefficients.lean:25:11: Used `tac1 <;> tac2` where `(tac1; tac2)` would suffice
2026-09-19T09:16:46.4558093Z 
2026-09-19T09:16:46.4558499Z Note: This linter can be disabled with `set_option linter.unnecessarySeqFocus false`
2026-09-19T09:16:46.4559271Z warning: NLA/MF14Degree44/FourthMinorCoefficients.lean:30:11: Used `tac1 <;> tac2` where `(tac1; tac2)` would suffice
2026-09-19T09:16:46.4559821Z 
2026-09-19T09:16:46.4560187Z Note: This linter can be disabled with `set_option linter.unnecessarySeqFocus false`
2026-09-19T09:16:46.4560952Z warning: NLA/MF14Degree44/FourthMinorCoefficients.lean:36:49: Used `tac1 <;> tac2` where `(tac1; tac2)` would suffice
2026-09-19T09:16:46.4561493Z 
2026-09-19T09:16:46.4561860Z Note: This linter can be disabled with `set_option linter.unnecessarySeqFocus false`
2026-09-19T09:16:46.4562622Z warning: NLA/MF14Degree44/FourthMinorCoefficients.lean:45:2: Used `tac1 <;> tac2` where `(tac1; tac2)` would suffice
2026-09-19T09:16:46.4563150Z 
2026-09-19T09:16:46.4563509Z Note: This linter can be disabled with `set_option linter.unnecessarySeqFocus false`
2026-09-19T09:16:46.4564331Z warning: NLA/MF14Degree44/FourthMinorCoefficients.lean:99:4: try 'simp' instead of 'simpa'
2026-09-19T09:16:46.4564803Z 
2026-09-19T09:16:46.4565156Z Note: This linter can be disabled with `set_option linter.unnecessarySimpa false`
2026-09-19T09:16:46.4565832Z warning: NLA/MF14Degree44/FourthMinorCoefficients.lean:123:45: This simp argument is unused:
2026-09-19T09:16:46.4566750Z   coeff_X_pow
2026-09-19T09:16:46.4566992Z 
2026-09-19T09:16:46.4567243Z Hint: Omit it from the simp argument list.
2026-09-19T09:16:46.4567699Z   [apply] simp only [coeff_add, coeff_C_mul_X_pow]
2026-09-19T09:16:46.4568029Z 
2026-09-19T09:16:46.4568371Z Note: This linter can be disabled with `set_option linter.unusedSimpArgs false`
2026-09-19T09:16:46.4569060Z warning: NLA/MF14Degree44/FourthMinorCoefficients.lean:148:45: This simp argument is unused:
2026-09-19T09:16:46.4569615Z   coeff_X_pow
2026-09-19T09:16:46.4569851Z 
2026-09-19T09:16:46.4570092Z Hint: Omit it from the simp argument list.
2026-09-19T09:16:46.4570536Z   [apply] simp only [coeff_add, coeff_C_mul_X_pow]
2026-09-19T09:16:46.4570864Z 
2026-09-19T09:16:46.4571405Z Note: This linter can be disabled with `set_option linter.unusedSimpArgs false`
2026-09-19T09:16:46.4572110Z warning: NLA/MF14Degree44/FourthMinorCoefficients.lean:173:45: This simp argument is unused:
2026-09-19T09:16:46.4572662Z   coeff_X_pow
2026-09-19T09:16:46.4572900Z 
2026-09-19T09:16:46.4573142Z Hint: Omit it from the simp argument list.
2026-09-19T09:16:46.4573589Z   [apply] simp only [coeff_add, coeff_C_mul_X_pow]
2026-09-19T09:16:46.4573913Z 
2026-09-19T09:16:46.4574372Z Note: This linter can be disabled with `set_option linter.unusedSimpArgs false`
2026-09-19T09:16:46.4575059Z warning: NLA/MF14Degree44/FourthMinorCoefficients.lean:198:45: This simp argument is unused:
2026-09-19T09:16:46.4575617Z   coeff_X_pow
2026-09-19T09:16:46.4575851Z 
2026-09-19T09:16:46.4576092Z Hint: Omit it from the simp argument list.
2026-09-19T09:16:46.4576541Z   [apply] simp only [coeff_add, coeff_C_mul_X_pow]
2026-09-19T09:16:46.4576867Z 
2026-09-19T09:16:46.4577212Z Note: This linter can be disabled with `set_option linter.unusedSimpArgs false`
2026-09-19T09:16:46.4577890Z warning: NLA/MF14Degree44/FourthMinorCoefficients.lean:223:45: This simp argument is unused:
2026-09-19T09:16:46.4578447Z   coeff_X_pow
2026-09-19T09:16:46.4578686Z 
2026-09-19T09:16:46.4578929Z Hint: Omit it from the simp argument list.
2026-09-19T09:16:46.4579376Z   [apply] simp only [coeff_add, coeff_C_mul_X_pow]
2026-09-19T09:16:46.4579703Z 
2026-09-19T09:16:46.4580044Z Note: This linter can be disabled with `set_option linter.unusedSimpArgs false`
2026-09-19T09:16:46.4580765Z warning: NLA/MF14Degree44/FourthMinorCoefficients.lean:120:8: Unused tactic linter: `ring` does nothing
2026-09-19T09:16:46.4581280Z 
2026-09-19T09:16:46.4581618Z Note: This linter can be disabled with `set_option linter.unusedTactic false`
2026-09-19T09:16:46.4582319Z warning: NLA/MF14Degree44/FourthMinorCoefficients.lean:125:8: Unused tactic linter: `ring` does nothing
2026-09-19T09:16:46.4582823Z 
2026-09-19T09:16:46.4583165Z Note: This linter can be disabled with `set_option linter.unusedTactic false`
2026-09-19T09:16:46.4583870Z warning: NLA/MF14Degree44/FourthMinorCoefficients.lean:130:8: Unused tactic linter: `ring` does nothing
2026-09-19T09:16:46.4584500Z 
2026-09-19T09:16:46.4584840Z Note: This linter can be disabled with `set_option linter.unusedTactic false`
2026-09-19T09:16:46.4585550Z warning: NLA/MF14Degree44/FourthMinorCoefficients.lean:135:8: Unused tactic linter: `ring` does nothing
2026-09-19T09:16:46.4586056Z 
2026-09-19T09:16:46.4586390Z Note: This linter can be disabled with `set_option linter.unusedTactic false`
2026-09-19T09:16:46.4587261Z warning: NLA/MF14Degree44/FourthMinorCoefficients.lean:140:8: Unused tactic linter: `ring` does nothing
2026-09-19T09:16:46.4587790Z 
2026-09-19T09:16:46.4588120Z Note: This linter can be disabled with `set_option linter.unusedTactic false`
2026-09-19T09:16:46.4588828Z warning: NLA/MF14Degree44/FourthMinorCoefficients.lean:145:8: Unused tactic linter: `ring` does nothing
2026-09-19T09:16:46.4589335Z 
2026-09-19T09:16:46.4589670Z Note: This linter can be disabled with `set_option linter.unusedTactic false`
2026-09-19T09:16:46.4590364Z warning: NLA/MF14Degree44/FourthMinorCoefficients.lean:150:8: Unused tactic linter: `ring` does nothing
2026-09-19T09:16:46.4591040Z 
2026-09-19T09:16:46.4591373Z Note: This linter can be disabled with `set_option linter.unusedTactic false`
2026-09-19T09:16:46.4592074Z warning: NLA/MF14Degree44/FourthMinorCoefficients.lean:155:8: Unused tactic linter: `ring` does nothing
2026-09-19T09:16:46.4592569Z 
2026-09-19T09:16:46.4598220Z Note: This linter can be disabled with `set_option linter.unusedTactic false`
2026-09-19T09:16:46.4601364Z warning: NLA/MF14Degree44/FourthMinorCoefficients.lean:160:8: Unused tactic linter: `ring` does nothing
2026-09-19T09:16:46.4601955Z 
2026-09-19T09:16:46.4602293Z Note: This linter can be disabled with `set_option linter.unusedTactic false`
2026-09-19T09:16:46.4603154Z warning: NLA/MF14Degree44/FourthMinorCoefficients.lean:165:8: Unused tactic linter: `ring` does nothing
2026-09-19T09:16:46.4603671Z 
2026-09-19T09:16:46.4604010Z Note: This linter can be disabled with `set_option linter.unusedTactic false`
2026-09-19T09:16:46.4604852Z warning: NLA/MF14Degree44/FourthMinorCoefficients.lean:170:8: Unused tactic linter: `ring` does nothing
2026-09-19T09:16:46.4605365Z 
2026-09-19T09:16:46.4605693Z Note: This linter can be disabled with `set_option linter.unusedTactic false`
2026-09-19T09:16:46.4606392Z warning: NLA/MF14Degree44/FourthMinorCoefficients.lean:175:8: Unused tactic linter: `ring` does nothing
2026-09-19T09:16:46.4606900Z 
2026-09-19T09:16:46.4607234Z Note: This linter can be disabled with `set_option linter.unusedTactic false`
2026-09-19T09:16:46.4607937Z warning: NLA/MF14Degree44/FourthMinorCoefficients.lean:180:8: Unused tactic linter: `ring` does nothing
2026-09-19T09:16:46.4608447Z 
2026-09-19T09:16:46.4608779Z Note: This linter can be disabled with `set_option linter.unusedTactic false`
2026-09-19T09:16:46.4609485Z warning: NLA/MF14Degree44/FourthMinorCoefficients.lean:185:8: Unused tactic linter: `ring` does nothing
2026-09-19T09:16:46.4609993Z 
2026-09-19T09:16:46.4610326Z Note: This linter can be disabled with `set_option linter.unusedTactic false`
2026-09-19T09:16:46.4611028Z warning: NLA/MF14Degree44/FourthMinorCoefficients.lean:190:8: Unused tactic linter: `ring` does nothing
2026-09-19T09:16:46.4611584Z 
2026-09-19T09:16:46.4611921Z Note: This linter can be disabled with `set_option linter.unusedTactic false`
2026-09-19T09:16:46.4612616Z warning: NLA/MF14Degree44/FourthMinorCoefficients.lean:195:8: Unused tactic linter: `ring` does nothing
2026-09-19T09:16:46.4613109Z 
2026-09-19T09:16:46.4613444Z Note: This linter can be disabled with `set_option linter.unusedTactic false`
2026-09-19T09:16:46.4614143Z warning: NLA/MF14Degree44/FourthMinorCoefficients.lean:200:8: Unused tactic linter: `ring` does nothing
2026-09-19T09:16:46.4614766Z 
2026-09-19T09:16:46.4615107Z Note: This linter can be disabled with `set_option linter.unusedTactic false`
2026-09-19T09:16:46.4615809Z warning: NLA/MF14Degree44/FourthMinorCoefficients.lean:205:8: Unused tactic linter: `ring` does nothing
2026-09-19T09:16:46.4616319Z 
2026-09-19T09:16:46.4616648Z Note: This linter can be disabled with `set_option linter.unusedTactic false`
2026-09-19T09:16:46.4617359Z warning: NLA/MF14Degree44/FourthMinorCoefficients.lean:210:8: Unused tactic linter: `ring` does nothing
2026-09-19T09:16:46.4617865Z 
2026-09-19T09:16:46.4618199Z Note: This linter can be disabled with `set_option linter.unusedTactic false`
2026-09-19T09:16:46.4618906Z warning: NLA/MF14Degree44/FourthMinorCoefficients.lean:215:8: Unused tactic linter: `ring` does nothing
2026-09-19T09:16:46.4619405Z 
2026-09-19T09:16:46.4619735Z Note: This linter can be disabled with `set_option linter.unusedTactic false`
2026-09-19T09:16:46.4620430Z warning: NLA/MF14Degree44/FourthMinorCoefficients.lean:220:8: Unused tactic linter: `ring` does nothing
2026-09-19T09:16:46.4620934Z 
2026-09-19T09:16:46.4621267Z Note: This linter can be disabled with `set_option linter.unusedTactic false`
2026-09-19T09:16:46.4621954Z warning: NLA/MF14Degree44/FourthMinorCoefficients.lean:225:8: Unused tactic linter: `ring` does nothing
2026-09-19T09:16:46.4622601Z 
2026-09-19T09:16:46.4623046Z Note: This linter can be disabled with `set_option linter.unusedTactic false`
2026-09-19T09:16:46.4623748Z warning: NLA/MF14Degree44/FourthMinorCoefficients.lean:230:8: Unused tactic linter: `ring` does nothing
2026-09-19T09:16:46.4624495Z 
2026-09-19T09:16:46.4627198Z Note: This linter can be disabled with `set_option linter.unusedTactic false`
2026-09-19T09:16:46.4630916Z warning: NLA/MF14Degree44/FourthMinorCoefficients.lean:235:8: Unused tactic linter: `ring` does nothing
2026-09-19T09:16:46.4631511Z 
2026-09-19T09:16:46.4631857Z Note: This linter can be disabled with `set_option linter.unusedTactic false`
2026-09-19T09:16:46.4632477Z warning: NLA/MF14Degree44/FourthMinorCoefficients.lean:240:8: Unused tactic linter: `ring` does nothing
2026-09-19T09:16:46.4633004Z 
2026-09-19T09:16:46.4633193Z Note: This linter can be disabled with `set_option linter.unusedTactic false`
2026-09-19T09:16:46.4633684Z warning: NLA/MF14Degree44/FourthMinorCoefficients.lean:120:8: this tactic is never executed
2026-09-19T09:16:46.4633997Z 
2026-09-19T09:16:46.4634324Z Note: This linter can be disabled with `set_option linter.unreachableTactic false`
2026-09-19T09:16:46.4634827Z warning: NLA/MF14Degree44/FourthMinorCoefficients.lean:125:8: this tactic is never executed
2026-09-19T09:16:46.4635136Z 
2026-09-19T09:16:46.4635334Z Note: This linter can be disabled with `set_option linter.unreachableTactic false`
2026-09-19T09:16:46.4635833Z warning: NLA/MF14Degree44/FourthMinorCoefficients.lean:130:8: this tactic is never executed
2026-09-19T09:16:46.4636140Z 
2026-09-19T09:16:46.4636356Z Note: This linter can be disabled with `set_option linter.unreachableTactic false`
2026-09-19T09:16:46.4636906Z warning: NLA/MF14Degree44/FourthMinorCoefficients.lean:135:8: this tactic is never executed
2026-09-19T09:16:46.4637246Z 
2026-09-19T09:16:46.4637497Z Note: This linter can be disabled with `set_option linter.unreachableTactic false`
2026-09-19T09:16:46.4638042Z warning: NLA/MF14Degree44/FourthMinorCoefficients.lean:140:8: this tactic is never executed
2026-09-19T09:16:46.4638378Z 
2026-09-19T09:16:46.4638594Z Note: This linter can be disabled with `set_option linter.unreachableTactic false`
2026-09-19T09:16:46.4639139Z warning: NLA/MF14Degree44/FourthMinorCoefficients.lean:145:8: this tactic is never executed
2026-09-19T09:16:46.4639474Z 
2026-09-19T09:16:46.4639684Z Note: This linter can be disabled with `set_option linter.unreachableTactic false`
2026-09-19T09:16:46.4640227Z warning: NLA/MF14Degree44/FourthMinorCoefficients.lean:150:8: this tactic is never executed
2026-09-19T09:16:46.4640562Z 
2026-09-19T09:16:46.4640776Z Note: This linter can be disabled with `set_option linter.unreachableTactic false`
2026-09-19T09:16:46.4641328Z warning: NLA/MF14Degree44/FourthMinorCoefficients.lean:155:8: this tactic is never executed
2026-09-19T09:16:46.4641660Z 
2026-09-19T09:16:46.4641877Z Note: This linter can be disabled with `set_option linter.unreachableTactic false`
2026-09-19T09:16:46.4642421Z warning: NLA/MF14Degree44/FourthMinorCoefficients.lean:160:8: this tactic is never executed
2026-09-19T09:16:46.4642758Z 
2026-09-19T09:16:46.4642973Z Note: This linter can be disabled with `set_option linter.unreachableTactic false`
2026-09-19T09:16:46.4643519Z warning: NLA/MF14Degree44/FourthMinorCoefficients.lean:165:8: this tactic is never executed
2026-09-19T09:16:46.4643861Z 
2026-09-19T09:16:46.4644104Z Note: This linter can be disabled with `set_option linter.unreachableTactic false`
2026-09-19T09:16:46.4644760Z warning: NLA/MF14Degree44/FourthMinorCoefficients.lean:170:8: this tactic is never executed
2026-09-19T09:16:46.4645094Z 
2026-09-19T09:16:46.4645308Z Note: This linter can be disabled with `set_option linter.unreachableTactic false`
2026-09-19T09:16:46.4645857Z warning: NLA/MF14Degree44/FourthMinorCoefficients.lean:175:8: this tactic is never executed
2026-09-19T09:16:46.4646192Z 
2026-09-19T09:16:46.4646406Z Note: This linter can be disabled with `set_option linter.unreachableTactic false`
2026-09-19T09:16:46.4647123Z warning: NLA/MF14Degree44/FourthMinorCoefficients.lean:180:8: this tactic is never executed
2026-09-19T09:16:46.4647503Z 
2026-09-19T09:16:46.4647721Z Note: This linter can be disabled with `set_option linter.unreachableTactic false`
2026-09-19T09:16:46.4648264Z warning: NLA/MF14Degree44/FourthMinorCoefficients.lean:185:8: this tactic is never executed
2026-09-19T09:16:46.4648599Z 
2026-09-19T09:16:46.4648815Z Note: This linter can be disabled with `set_option linter.unreachableTactic false`
2026-09-19T09:16:46.4649362Z warning: NLA/MF14Degree44/FourthMinorCoefficients.lean:190:8: this tactic is never executed
2026-09-19T09:16:46.4649700Z 
2026-09-19T09:16:46.4649920Z Note: This linter can be disabled with `set_option linter.unreachableTactic false`
2026-09-19T09:16:46.4650602Z warning: NLA/MF14Degree44/FourthMinorCoefficients.lean:195:8: this tactic is never executed
2026-09-19T09:16:46.4650937Z 
2026-09-19T09:16:46.4651148Z Note: This linter can be disabled with `set_option linter.unreachableTactic false`
2026-09-19T09:16:46.4651695Z warning: NLA/MF14Degree44/FourthMinorCoefficients.lean:200:8: this tactic is never executed
2026-09-19T09:16:46.4652034Z 
2026-09-19T09:16:46.4652253Z Note: This linter can be disabled with `set_option linter.unreachableTactic false`
2026-09-19T09:16:46.4652804Z warning: NLA/MF14Degree44/FourthMinorCoefficients.lean:205:8: this tactic is never executed
2026-09-19T09:16:46.4653136Z 
2026-09-19T09:16:46.4653352Z Note: This linter can be disabled with `set_option linter.unreachableTactic false`
2026-09-19T09:16:46.4653897Z warning: NLA/MF14Degree44/FourthMinorCoefficients.lean:210:8: this tactic is never executed
2026-09-19T09:16:46.4654343Z 
2026-09-19T09:16:46.4654557Z Note: This linter can be disabled with `set_option linter.unreachableTactic false`
2026-09-19T09:16:46.4655106Z warning: NLA/MF14Degree44/FourthMinorCoefficients.lean:215:8: this tactic is never executed
2026-09-19T09:16:46.4655441Z 
2026-09-19T09:16:46.4655655Z Note: This linter can be disabled with `set_option linter.unreachableTactic false`
2026-09-19T09:16:46.4656209Z warning: NLA/MF14Degree44/FourthMinorCoefficients.lean:220:8: this tactic is never executed
2026-09-19T09:16:46.4656588Z 
2026-09-19T09:16:46.4656803Z Note: This linter can be disabled with `set_option linter.unreachableTactic false`
2026-09-19T09:16:46.4659388Z warning: NLA/MF14Degree44/FourthMinorCoefficients.lean:225:8: this tactic is never executed
2026-09-19T09:16:46.4659729Z 
2026-09-19T09:16:46.4659950Z Note: This linter can be disabled with `set_option linter.unreachableTactic false`
2026-09-19T09:16:46.4660499Z warning: NLA/MF14Degree44/FourthMinorCoefficients.lean:230:8: this tactic is never executed
2026-09-19T09:16:46.4660833Z 
2026-09-19T09:16:46.4661056Z Note: This linter can be disabled with `set_option linter.unreachableTactic false`
2026-09-19T09:16:46.4661608Z warning: NLA/MF14Degree44/FourthMinorCoefficients.lean:235:8: this tactic is never executed
2026-09-19T09:16:46.4661946Z 
2026-09-19T09:16:46.4662163Z Note: This linter can be disabled with `set_option linter.unreachableTactic false`
2026-09-19T09:16:46.4662720Z warning: NLA/MF14Degree44/FourthMinorCoefficients.lean:240:8: this tactic is never executed
2026-09-19T09:16:46.4663056Z 
2026-09-19T09:16:46.4663269Z Note: This linter can be disabled with `set_option linter.unreachableTactic false`
2026-09-19T09:16:46.4663892Z warning: NLA/MF14Degree44/FourthMinorCoefficients.lean:119:4: Used `tac1 <;> tac2` where `(tac1; tac2)` would suffice
2026-09-19T09:16:46.4664404Z 
2026-09-19T09:16:46.4664624Z Note: This linter can be disabled with `set_option linter.unnecessarySeqFocus false`
2026-09-19T09:16:46.4665253Z warning: NLA/MF14Degree44/FourthMinorCoefficients.lean:124:4: Used `tac1 <;> tac2` where `(tac1; tac2)` would suffice
2026-09-19T09:16:46.4665657Z 
2026-09-19T09:16:46.4665882Z Note: This linter can be disabled with `set_option linter.unnecessarySeqFocus false`
2026-09-19T09:16:46.4666510Z warning: NLA/MF14Degree44/FourthMinorCoefficients.lean:129:4: Used `tac1 <;> tac2` where `(tac1; tac2)` would suffice
2026-09-19T09:16:46.4667036Z 
2026-09-19T09:16:46.4667257Z Note: This linter can be disabled with `set_option linter.unnecessarySeqFocus false`
2026-09-19T09:16:46.4667893Z warning: NLA/MF14Degree44/FourthMinorCoefficients.lean:134:4: Used `tac1 <;> tac2` where `(tac1; tac2)` would suffice
2026-09-19T09:16:46.4668306Z 
2026-09-19T09:16:46.4668535Z Note: This linter can be disabled with `set_option linter.unnecessarySeqFocus false`
2026-09-19T09:16:46.4669180Z warning: NLA/MF14Degree44/FourthMinorCoefficients.lean:139:4: Used `tac1 <;> tac2` where `(tac1; tac2)` would suffice
2026-09-19T09:16:46.4669591Z 
2026-09-19T09:16:46.4669816Z Note: This linter can be disabled with `set_option linter.unnecessarySeqFocus false`
2026-09-19T09:16:46.4670547Z warning: NLA/MF14Degree44/FourthMinorCoefficients.lean:144:4: Used `tac1 <;> tac2` where `(tac1; tac2)` would suffice
2026-09-19T09:16:46.4670943Z 
2026-09-19T09:16:46.4671164Z Note: This linter can be disabled with `set_option linter.unnecessarySeqFocus false`
2026-09-19T09:16:46.4671801Z warning: NLA/MF14Degree44/FourthMinorCoefficients.lean:149:4: Used `tac1 <;> tac2` where `(tac1; tac2)` would suffice
2026-09-19T09:16:46.4672197Z 
2026-09-19T09:16:46.4672424Z Note: This linter can be disabled with `set_option linter.unnecessarySeqFocus false`
2026-09-19T09:16:46.4673046Z warning: NLA/MF14Degree44/FourthMinorCoefficients.lean:154:4: Used `tac1 <;> tac2` where `(tac1; tac2)` would suffice
2026-09-19T09:16:46.4673446Z 
2026-09-19T09:16:46.4673665Z Note: This linter can be disabled with `set_option linter.unnecessarySeqFocus false`
2026-09-19T09:16:46.4674400Z warning: NLA/MF14Degree44/FourthMinorCoefficients.lean:159:4: Used `tac1 <;> tac2` where `(tac1; tac2)` would suffice
2026-09-19T09:16:46.4674811Z 
2026-09-19T09:16:46.4675046Z Note: This linter can be disabled with `set_option linter.unnecessarySeqFocus false`
2026-09-19T09:16:46.4675687Z warning: NLA/MF14Degree44/FourthMinorCoefficients.lean:164:4: Used `tac1 <;> tac2` where `(tac1; tac2)` would suffice
2026-09-19T09:16:46.4676102Z 
2026-09-19T09:16:46.4676328Z Note: This linter can be disabled with `set_option linter.unnecessarySeqFocus false`
2026-09-19T09:16:46.4676973Z warning: NLA/MF14Degree44/FourthMinorCoefficients.lean:169:4: Used `tac1 <;> tac2` where `(tac1; tac2)` would suffice
2026-09-19T09:16:46.4677370Z 
2026-09-19T09:16:46.4677592Z Note: This linter can be disabled with `set_option linter.unnecessarySeqFocus false`
2026-09-19T09:16:46.4678219Z warning: NLA/MF14Degree44/FourthMinorCoefficients.lean:174:4: Used `tac1 <;> tac2` where `(tac1; tac2)` would suffice
2026-09-19T09:16:46.4678615Z 
2026-09-19T09:16:46.4678838Z Note: This linter can be disabled with `set_option linter.unnecessarySeqFocus false`
2026-09-19T09:16:46.4679465Z warning: NLA/MF14Degree44/FourthMinorCoefficients.lean:179:4: Used `tac1 <;> tac2` where `(tac1; tac2)` would suffice
2026-09-19T09:16:46.4679868Z 
2026-09-19T09:16:46.4680090Z Note: This linter can be disabled with `set_option linter.unnecessarySeqFocus false`
2026-09-19T09:16:46.4680722Z warning: NLA/MF14Degree44/FourthMinorCoefficients.lean:184:4: Used `tac1 <;> tac2` where `(tac1; tac2)` would suffice
2026-09-19T09:16:46.4681126Z 
2026-09-19T09:16:46.4681348Z Note: This linter can be disabled with `set_option linter.unnecessarySeqFocus false`
2026-09-19T09:16:46.4681983Z warning: NLA/MF14Degree44/FourthMinorCoefficients.lean:189:4: Used `tac1 <;> tac2` where `(tac1; tac2)` would suffice
2026-09-19T09:16:46.4682381Z 
2026-09-19T09:16:46.4682605Z Note: This linter can be disabled with `set_option linter.unnecessarySeqFocus false`
2026-09-19T09:16:46.4683247Z warning: NLA/MF14Degree44/FourthMinorCoefficients.lean:194:4: Used `tac1 <;> tac2` where `(tac1; tac2)` would suffice
2026-09-19T09:16:46.4683658Z 
2026-09-19T09:16:46.4683882Z Note: This linter can be disabled with `set_option linter.unnecessarySeqFocus false`
2026-09-19T09:16:46.4684650Z warning: NLA/MF14Degree44/FourthMinorCoefficients.lean:199:4: Used `tac1 <;> tac2` where `(tac1; tac2)` would suffice
2026-09-19T09:16:46.4685167Z 
2026-09-19T09:16:46.4685393Z Note: This linter can be disabled with `set_option linter.unnecessarySeqFocus false`
2026-09-19T09:16:46.4686028Z warning: NLA/MF14Degree44/FourthMinorCoefficients.lean:204:4: Used `tac1 <;> tac2` where `(tac1; tac2)` would suffice
2026-09-19T09:16:46.4686439Z 
2026-09-19T09:16:46.4686665Z Note: This linter can be disabled with `set_option linter.unnecessarySeqFocus false`
2026-09-19T09:16:46.4687301Z warning: NLA/MF14Degree44/FourthMinorCoefficients.lean:209:4: Used `tac1 <;> tac2` where `(tac1; tac2)` would suffice
2026-09-19T09:16:46.4687703Z 
2026-09-19T09:16:46.4687924Z Note: This linter can be disabled with `set_option linter.unnecessarySeqFocus false`
2026-09-19T09:16:46.4688650Z warning: NLA/MF14Degree44/FourthMinorCoefficients.lean:214:4: Used `tac1 <;> tac2` where `(tac1; tac2)` would suffice
2026-09-19T09:16:46.4689060Z 
2026-09-19T09:16:46.4689282Z Note: This linter can be disabled with `set_option linter.unnecessarySeqFocus false`
2026-09-19T09:16:46.4689921Z warning: NLA/MF14Degree44/FourthMinorCoefficients.lean:219:4: Used `tac1 <;> tac2` where `(tac1; tac2)` would suffice
2026-09-19T09:16:46.4690322Z 
2026-09-19T09:16:46.4690551Z Note: This linter can be disabled with `set_option linter.unnecessarySeqFocus false`
2026-09-19T09:16:46.4691182Z warning: NLA/MF14Degree44/FourthMinorCoefficients.lean:224:4: Used `tac1 <;> tac2` where `(tac1; tac2)` would suffice
2026-09-19T09:16:46.4691585Z 
2026-09-19T09:16:46.4691813Z Note: This linter can be disabled with `set_option linter.unnecessarySeqFocus false`
2026-09-19T09:16:46.4692470Z warning: NLA/MF14Degree44/FourthMinorCoefficients.lean:229:4: Used `tac1 <;> tac2` where `(tac1; tac2)` would suffice
2026-09-19T09:16:46.4692894Z 
2026-09-19T09:16:46.4693125Z Note: This linter can be disabled with `set_option linter.unnecessarySeqFocus false`
2026-09-19T09:16:46.4693788Z warning: NLA/MF14Degree44/FourthMinorCoefficients.lean:234:4: Used `tac1 <;> tac2` where `(tac1; tac2)` would suffice
2026-09-19T09:16:46.4694303Z 
2026-09-19T09:16:46.4694520Z Note: This linter can be disabled with `set_option linter.unnecessarySeqFocus false`
2026-09-19T09:16:46.4695151Z warning: NLA/MF14Degree44/FourthMinorCoefficients.lean:239:4: Used `tac1 <;> tac2` where `(tac1; tac2)` would suffice
2026-09-19T09:16:46.4695557Z 
2026-09-19T09:16:46.4695785Z Note: This linter can be disabled with `set_option linter.unnecessarySeqFocus false`
2026-09-19T09:16:46.4696595Z info: NLA/MF14Degree44/FourthMinorCoefficients.lean:242:0: 'NLA.MF14Degree44.fourth_R_expansion' depends on axioms: [propext, Classical.choice, Quot.sound]
2026-09-19T09:16:46.4697670Z info: NLA/MF14Degree44/FourthMinorCoefficients.lean:244:0: 'NLA.MF14Degree44.fourth_middle_column_degree' depends on axioms: [propext, Classical.choice, Quot.sound]
2026-09-19T09:16:46.4698738Z info: NLA/MF14Degree44/FourthMinorCoefficients.lean:246:0: 'NLA.MF14Degree44.fourth_tail_column_degree' depends on axioms: [propext, Classical.choice, Quot.sound]
2026-09-19T09:16:46.4699803Z info: NLA/MF14Degree44/FourthMinorCoefficients.lean:248:0: 'NLA.MF14Degree44.fourth_tail_diagonal' depends on axioms: [propext, Classical.choice, Quot.sound]
2026-09-19T09:16:46.4700867Z info: NLA/MF14Degree44/FourthMinorCoefficients.lean:250:0: 'NLA.MF14Degree44.fourth_core_matrix' depends on axioms: [propext, Classical.choice, Quot.sound]
2026-09-19T09:16:47.5560460Z ℹ [3692/3723] Built NLA.MF14Degree44.ProductSpan (6.2s)
2026-09-19T09:16:47.5561986Z info: NLA/MF14Degree44/ProductSpan.lean:61:0: 'NLA.MF14Degree44.product_span_basis_mem' depends on axioms: [propext, Classical.choice, Quot.sound]
2026-09-19T09:16:47.5563037Z info: NLA/MF14Degree44/ProductSpan.lean:63:0: 'NLA.MF14Degree44.product_span_monomial_mem' depends on axioms: [propext, Classical.choice, Quot.sound]
2026-09-19T09:16:47.5564063Z info: NLA/MF14Degree44/ProductSpan.lean:65:0: 'NLA.MF14Degree44.syzygy_basis_mem' depends on axioms: [propext, Classical.choice, Quot.sound]
2026-09-19T09:16:47.5565187Z info: NLA/MF14Degree44/ProductSpan.lean:67:0: 'NLA.MF14Degree44.degeneration_E_mem' depends on axioms: [propext, Classical.choice, Quot.sound]
2026-09-19T09:16:47.5566478Z info: NLA/MF14Degree44/ProductSpan.lean:69:0: 'NLA.MF14Degree44.low_part6_mem' depends on axioms: [propext, Classical.choice, Quot.sound]
2026-09-19T09:16:47.5567422Z info: NLA/MF14Degree44/ProductSpan.lean:71:0: 'NLA.MF14Degree44.degeneration_in_span' depends on axioms: [propext, Classical.choice, Quot.sound]
2026-09-19T09:16:49.8583056Z ℹ [3693/3723] Built NLA.MF14Degree44.ThreeProductTuple (3.4s)
2026-09-19T09:16:49.8584574Z info: NLA/MF14Degree44/ThreeProductTuple.lean:85:0: 'NLA.MF14Degree44.three_product_tuple' depends on axioms: [propext, Classical.choice, Quot.sound]
2026-09-19T09:16:50.1586342Z ℹ [3694/3723] Built NLA.MF14Degree44.FamilyFirstJet (15s)
2026-09-19T09:16:50.1588085Z info: NLA/MF14Degree44/FamilyFirstJet.lean:202:0: 'NLA.MF14Degree44.family_first_jet_value' depends on axioms: [propext, Classical.choice, Quot.sound]
2026-09-19T09:16:50.1589220Z info: NLA/MF14Degree44/FamilyFirstJet.lean:204:0: 'NLA.MF14Degree44.family_first_jet_sound' depends on axioms: [propext, Classical.choice, Quot.sound]
2026-09-19T09:16:50.1590356Z info: NLA/MF14Degree44/FamilyFirstJet.lean:206:0: 'NLA.MF14Degree44.coefficient_jacobian_eq_first_jet' depends on axioms: [propext, Classical.choice, Quot.sound]
2026-09-19T09:16:50.7592601Z ℹ [3695/3723] Built NLA.MF14Degree44.SpanCoordinates (3.2s)
2026-09-19T09:16:50.7594453Z info: NLA/MF14Degree44/SpanCoordinates.lean:67:0: 'NLA.MF14Degree44.span_representation' depends on axioms: [propext, Classical.choice, Quot.sound]
2026-09-19T09:16:50.7595325Z info: NLA/MF14Degree44/SpanCoordinates.lean:69:0: 'NLA.MF14Degree44.basis_coefficient_mulVec' depends on axioms: [propext, Classical.choice, Quot.sound]
2026-09-19T09:16:50.7596243Z info: NLA/MF14Degree44/SpanCoordinates.lean:71:0: 'NLA.MF14Degree44.coefficient_span_bijective' depends on axioms: [propext, Classical.choice, Quot.sound]
2026-09-19T09:16:51.3599603Z ℹ [3696/3723] Built NLA.MF14Degree44.ContinuationCircuit (9.5s)
2026-09-19T09:16:51.3600842Z info: NLA/MF14Degree44/ContinuationCircuit.lean:123:0: 'NLA.MF14Degree44.continuation_actual_output' depends on axioms: [propext, Classical.choice, Quot.sound]
2026-09-19T09:16:53.3634906Z ⚠ [3697/3723] Built NLA.MF14Degree44.FourthMinorBlocks (3.6s)
2026-09-19T09:16:53.3636408Z warning: NLA/MF14Degree44/FourthMinorBlocks.lean:57:2: Used `tac1 <;> tac2` where `(tac1; tac2)` would suffice
2026-09-19T09:16:53.3636890Z 
2026-09-19T09:16:53.3637260Z Note: This linter can be disabled with `set_option linter.unnecessarySeqFocus false`
2026-09-19T09:16:53.3637931Z warning: NLA/MF14Degree44/FourthMinorBlocks.lean:66:28: Used `tac1 <;> tac2` where `(tac1; tac2)` would suffice
2026-09-19T09:16:53.3638278Z 
2026-09-19T09:16:53.3638535Z Note: This linter can be disabled with `set_option linter.unnecessarySeqFocus false`
2026-09-19T09:16:53.3639223Z info: NLA/MF14Degree44/FourthMinorBlocks.lean:68:0: 'NLA.MF14Degree44.fourth_first_block' depends on axioms: [propext, Classical.choice, Quot.sound]
2026-09-19T09:16:53.3640113Z info: NLA/MF14Degree44/FourthMinorBlocks.lean:70:0: 'NLA.MF14Degree44.fourth_first_lower_zero' depends on axioms: [propext, Classical.choice, Quot.sound]
2026-09-19T09:16:53.3640975Z info: NLA/MF14Degree44/FourthMinorBlocks.lean:72:0: 'NLA.MF14Degree44.fourth_middle_lower_zero' depends on axioms: [propext, Classical.choice, Quot.sound]
2026-09-19T09:16:53.3641880Z info: NLA/MF14Degree44/FourthMinorBlocks.lean:74:0: 'NLA.MF14Degree44.fourth_tail_upper_triangular' depends on axioms: [propext, Classical.choice, Quot.sound]
2026-09-19T09:16:53.3642778Z info: NLA/MF14Degree44/FourthMinorBlocks.lean:76:0: 'NLA.MF14Degree44.fourth_tail_det' depends on axioms: [propext, Classical.choice, Quot.sound]
2026-09-19T09:16:53.8648735Z ⚠ [3698/3723] Built NLA.MF14Degree44.BasisDegreeData (3.7s)
2026-09-19T09:16:53.8649292Z warning: NLA/MF14Degree44/BasisDegreeData.lean:61:4: try 'simp' instead of 'simpa'
2026-09-19T09:16:53.8649602Z 
2026-09-19T09:16:53.8650139Z Note: This linter can be disabled with `set_option linter.unnecessarySimpa false`
2026-09-19T09:16:53.8650925Z info: NLA/MF14Degree44/BasisDegreeData.lean:71:0: 'NLA.MF14Degree44.product_span_basis_degree_le' depends on axioms: [propext, Classical.choice, Quot.sound]
2026-09-19T09:16:53.8651929Z info: NLA/MF14Degree44/BasisDegreeData.lean:73:0: 'NLA.MF14Degree44.product_span_basis_diagonal' depends on axioms: [propext, Classical.choice, Quot.sound]
2026-09-19T09:16:54.7681898Z ℹ [3699/3723] Built NLA.MF14Degree44.MonicBorderPath (4.1s)
2026-09-19T09:16:54.7682795Z info: NLA/MF14Degree44/MonicBorderPath.lean:92:0: 'NLA.MF14Degree44.monic_border_path_mem' depends on axioms: [propext, Classical.choice, Quot.sound]
2026-09-19T09:16:54.7684332Z info: NLA/MF14Degree44/MonicBorderPath.lean:94:0: 'NLA.MF14Degree44.monic_border_path_at_zero' depends on axioms: [propext, Classical.choice, Quot.sound]
2026-09-19T09:16:54.7685517Z info: NLA/MF14Degree44/MonicBorderPath.lean:96:0: 'NLA.MF14Degree44.moving_border_path_at_zero' depends on axioms: [propext, Classical.choice, Quot.sound]
2026-09-19T09:16:55.5778124Z ℹ [3700/3723] Built NLA.MF14Degree44.FourthSpanMembership (4.2s)
2026-09-19T09:16:55.5779758Z info: NLA/MF14Degree44/FourthSpanMembership.lean:145:0: 'NLA.MF14Degree44.third_input_basis_products_mem' depends on axioms: [propext, Classical.choice, Quot.sound]
2026-09-19T09:16:55.5780773Z info: NLA/MF14Degree44/FourthSpanMembership.lean:147:0: 'NLA.MF14Degree44.third_input_span_product_mem' depends on axioms: [propext, Classical.choice, Quot.sound]
2026-09-19T09:16:55.5781799Z info: NLA/MF14Degree44/FourthSpanMembership.lean:149:0: 'NLA.MF14Degree44.fourth_polynomial_operands' depends on axioms: [propext, Classical.choice, Quot.sound]
2026-09-19T09:16:55.5782969Z info: NLA/MF14Degree44/FourthSpanMembership.lean:151:0: 'NLA.MF14Degree44.fourth_polynomial_mem_product_span' depends on axioms: [propext, Classical.choice, Quot.sound]
2026-09-19T09:17:10.2999561Z ⚠ [3701/3723] Built NLA.MF14Degree44.SeedFirstColumns8 (16s)
2026-09-19T09:17:10.3001612Z warning: NLA/MF14Degree44/SeedFirstColumns8.lean:25:6: Unused tactic linter: `ring` does nothing
2026-09-19T09:17:10.3002088Z 
2026-09-19T09:17:10.3002370Z Note: This linter can be disabled with `set_option linter.unusedTactic false`
2026-09-19T09:17:10.3002883Z warning: NLA/MF14Degree44/SeedFirstColumns8.lean:25:6: this tactic is never executed
2026-09-19T09:17:10.3003203Z 
2026-09-19T09:17:10.3003426Z Note: This linter can be disabled with `set_option linter.unreachableTactic false`
2026-09-19T09:17:10.3004337Z info: NLA/MF14Degree44/SeedFirstColumns8.lean:27:0: 'NLA.MF14Degree44.seed_first_column_40' depends on axioms: [propext, Classical.choice, Quot.sound]
2026-09-19T09:17:10.3005101Z warning: NLA/MF14Degree44/SeedFirstColumns8.lean:37:6: Unused tactic linter: `ring` does nothing
2026-09-19T09:17:10.3005426Z 
2026-09-19T09:17:10.3005630Z Note: This linter can be disabled with `set_option linter.unusedTactic false`
2026-09-19T09:17:10.3006115Z warning: NLA/MF14Degree44/SeedFirstColumns8.lean:37:6: this tactic is never executed
2026-09-19T09:17:10.3006426Z 
2026-09-19T09:17:10.3006658Z Note: This linter can be disabled with `set_option linter.unreachableTactic false`
2026-09-19T09:17:10.3007417Z info: NLA/MF14Degree44/SeedFirstColumns8.lean:39:0: 'NLA.MF14Degree44.seed_first_column_41' depends on axioms: [propext, Classical.choice, Quot.sound]
2026-09-19T09:17:10.3008256Z warning: NLA/MF14Degree44/SeedFirstColumns8.lean:49:2: Used `tac1 <;> tac2` where `(tac1; tac2)` would suffice
2026-09-19T09:17:10.3008638Z 
2026-09-19T09:17:10.3008875Z Note: This linter can be disabled with `set_option linter.unnecessarySeqFocus false`
2026-09-19T09:17:10.3009651Z info: NLA/MF14Degree44/SeedFirstColumns8.lean:51:0: 'NLA.MF14Degree44.seed_first_column_42' depends on axioms: [propext, Classical.choice, Quot.sound]
2026-09-19T09:17:10.3010473Z warning: NLA/MF14Degree44/SeedFirstColumns8.lean:61:2: Used `tac1 <;> tac2` where `(tac1; tac2)` would suffice
2026-09-19T09:17:10.3011309Z 
2026-09-19T09:17:10.3011536Z Note: This linter can be disabled with `set_option linter.unnecessarySeqFocus false`
2026-09-19T09:17:10.3012294Z info: NLA/MF14Degree44/SeedFirstColumns8.lean:63:0: 'NLA.MF14Degree44.seed_first_column_43' depends on axioms: [propext, Classical.choice, Quot.sound]
2026-09-19T09:17:10.3013104Z warning: NLA/MF14Degree44/SeedFirstColumns8.lean:73:2: Used `tac1 <;> tac2` where `(tac1; tac2)` would suffice
2026-09-19T09:17:10.3013489Z 
2026-09-19T09:17:10.3013723Z Note: This linter can be disabled with `set_option linter.unnecessarySeqFocus false`
2026-09-19T09:17:10.3014584Z info: NLA/MF14Degree44/SeedFirstColumns8.lean:75:0: 'NLA.MF14Degree44.seed_first_column_44' depends on axioms: [propext, Classical.choice, Quot.sound]
2026-09-19T09:17:10.9003195Z ⚠ [3702/3723] Built NLA.MF14Degree44.SeedFirstColumns7 (16s)
2026-09-19T09:17:10.9005727Z warning: NLA/MF14Degree44/SeedFirstColumns7.lean:25:2: Used `tac1 <;> tac2` where `(tac1; tac2)` would suffice
2026-09-19T09:17:10.9006215Z 
2026-09-19T09:17:10.9006536Z Note: This linter can be disabled with `set_option linter.unnecessarySeqFocus false`
2026-09-19T09:17:10.9007234Z info: NLA/MF14Degree44/SeedFirstColumns7.lean:27:0: 'NLA.MF14Degree44.seed_first_column_35' depends on axioms: [propext, Classical.choice, Quot.sound]
2026-09-19T09:17:10.9007957Z warning: NLA/MF14Degree44/SeedFirstColumns7.lean:37:6: Unused tactic linter: `ring` does nothing
2026-09-19T09:17:10.9008287Z 
2026-09-19T09:17:10.9008487Z Note: This linter can be disabled with `set_option linter.unusedTactic false`
2026-09-19T09:17:10.9008966Z warning: NLA/MF14Degree44/SeedFirstColumns7.lean:37:6: this tactic is never executed
2026-09-19T09:17:10.9009261Z 
2026-09-19T09:17:10.9009471Z Note: This linter can be disabled with `set_option linter.unreachableTactic false`
2026-09-19T09:17:10.9010195Z info: NLA/MF14Degree44/SeedFirstColumns7.lean:39:0: 'NLA.MF14Degree44.seed_first_column_36' depends on axioms: [propext, Classical.choice, Quot.sound]
2026-09-19T09:17:10.9010951Z warning: NLA/MF14Degree44/SeedFirstColumns7.lean:49:6: Unused tactic linter: `ring` does nothing
2026-09-19T09:17:10.9011277Z 
2026-09-19T09:17:10.9011475Z Note: This linter can be disabled with `set_option linter.unusedTactic false`
2026-09-19T09:17:10.9011970Z warning: NLA/MF14Degree44/SeedFirstColumns7.lean:49:6: this tactic is never executed
2026-09-19T09:17:10.9012271Z 
2026-09-19T09:17:10.9012487Z Note: This linter can be disabled with `set_option linter.unreachableTactic false`
2026-09-19T09:17:10.9013208Z info: NLA/MF14Degree44/SeedFirstColumns7.lean:51:0: 'NLA.MF14Degree44.seed_first_column_37' depends on axioms: [propext, Classical.choice, Quot.sound]
2026-09-19T09:17:10.9013949Z warning: NLA/MF14Degree44/SeedFirstColumns7.lean:61:6: Unused tactic linter: `ring` does nothing
2026-09-19T09:17:10.9014546Z 
2026-09-19T09:17:10.9014747Z Note: This linter can be disabled with `set_option linter.unusedTactic false`
2026-09-19T09:17:10.9015239Z warning: NLA/MF14Degree44/SeedFirstColumns7.lean:61:6: this tactic is never executed
2026-09-19T09:17:10.9015543Z 
2026-09-19T09:17:10.9015755Z Note: This linter can be disabled with `set_option linter.unreachableTactic false`
2026-09-19T09:17:10.9016499Z info: NLA/MF14Degree44/SeedFirstColumns7.lean:63:0: 'NLA.MF14Degree44.seed_first_column_38' depends on axioms: [propext, Classical.choice, Quot.sound]
2026-09-19T09:17:10.9017247Z warning: NLA/MF14Degree44/SeedFirstColumns7.lean:73:6: Unused tactic linter: `ring` does nothing
2026-09-19T09:17:10.9017583Z 
2026-09-19T09:17:10.9017782Z Note: This linter can be disabled with `set_option linter.unusedTactic false`
2026-09-19T09:17:10.9018273Z warning: NLA/MF14Degree44/SeedFirstColumns7.lean:73:6: this tactic is never executed
2026-09-19T09:17:10.9018566Z 
2026-09-19T09:17:10.9018792Z Note: This linter can be disabled with `set_option linter.unreachableTactic false`
2026-09-19T09:17:10.9019508Z info: NLA/MF14Degree44/SeedFirstColumns7.lean:75:0: 'NLA.MF14Degree44.seed_first_column_39' depends on axioms: [propext, Classical.choice, Quot.sound]
2026-09-19T09:17:11.7013384Z ⚠ [3703/3723] Built NLA.MF14Degree44.SeedFirstColumns6 (16s)
2026-09-19T09:17:11.7015110Z warning: NLA/MF14Degree44/SeedFirstColumns6.lean:25:15: Unused tactic linter: `simp` does nothing
2026-09-19T09:17:11.7015458Z 
2026-09-19T09:17:11.7015661Z Note: This linter can be disabled with `set_option linter.unusedTactic false`
2026-09-19T09:17:11.7016151Z warning: NLA/MF14Degree44/SeedFirstColumns6.lean:25:15: this tactic is never executed
2026-09-19T09:17:11.7016449Z 
2026-09-19T09:17:11.7016660Z Note: This linter can be disabled with `set_option linter.unreachableTactic false`
2026-09-19T09:17:11.7017226Z warning: NLA/MF14Degree44/SeedFirstColumns6.lean:25:2: Used `tac1 <;> tac2` where `(tac1; tac2)` would suffice
2026-09-19T09:17:11.7017584Z 
2026-09-19T09:17:11.7018135Z Note: This linter can be disabled with `set_option linter.unnecessarySeqFocus false`
2026-09-19T09:17:11.7018855Z info: NLA/MF14Degree44/SeedFirstColumns6.lean:27:0: 'NLA.MF14Degree44.seed_first_column_30' depends on axioms: [propext, Classical.choice, Quot.sound]
2026-09-19T09:17:11.7019603Z warning: NLA/MF14Degree44/SeedFirstColumns6.lean:37:15: Unused tactic linter: `simp` does nothing
2026-09-19T09:17:11.7019937Z 
2026-09-19T09:17:11.7020132Z Note: This linter can be disabled with `set_option linter.unusedTactic false`
2026-09-19T09:17:11.7020617Z warning: NLA/MF14Degree44/SeedFirstColumns6.lean:37:15: this tactic is never executed
2026-09-19T09:17:11.7020911Z 
2026-09-19T09:17:11.7021121Z Note: This linter can be disabled with `set_option linter.unreachableTactic false`
2026-09-19T09:17:11.7021681Z warning: NLA/MF14Degree44/SeedFirstColumns6.lean:37:2: Used `tac1 <;> tac2` where `(tac1; tac2)` would suffice
2026-09-19T09:17:11.7022036Z 
2026-09-19T09:17:11.7022249Z Note: This linter can be disabled with `set_option linter.unnecessarySeqFocus false`
2026-09-19T09:17:11.7023143Z info: NLA/MF14Degree44/SeedFirstColumns6.lean:39:0: 'NLA.MF14Degree44.seed_first_column_31' depends on axioms: [propext, Classical.choice, Quot.sound]
2026-09-19T09:17:11.7023784Z info: NLA/MF14Degree44/SeedFirstColumns6.lean:49:6: Try this:
2026-09-19T09:17:11.7024515Z   [apply] ring_nf
2026-09-19T09:17:11.7024804Z   
2026-09-19T09:17:11.7025111Z   The `ring` tactic failed to close the goal. Use `ring_nf` to obtain a normal form.
2026-09-19T09:17:11.7025411Z     
2026-09-19T09:17:11.7026080Z   Note that `ring` works primarily in *commutative* rings. If you have a noncommutative ring, abelian group or module, consider using `noncomm_ring`, `abel` or `module` instead.
2026-09-19T09:17:11.7026883Z warning: NLA/MF14Degree44/SeedFirstColumns6.lean:49:2: Used `tac1 <;> tac2` where `(tac1; tac2)` would suffice
2026-09-19T09:17:11.7027210Z 
2026-09-19T09:17:11.7027426Z Note: This linter can be disabled with `set_option linter.unnecessarySeqFocus false`
2026-09-19T09:17:11.7027970Z warning: NLA/MF14Degree44/SeedFirstColumns6.lean:49:11: Used `tac1 <;> tac2` where `(tac1; tac2)` would suffice
2026-09-19T09:17:11.7028316Z 
2026-09-19T09:17:11.7028527Z Note: This linter can be disabled with `set_option linter.unnecessarySeqFocus false`
2026-09-19T09:17:11.7029216Z info: NLA/MF14Degree44/SeedFirstColumns6.lean:51:0: 'NLA.MF14Degree44.seed_first_column_32' depends on axioms: [propext, Classical.choice, Quot.sound]
2026-09-19T09:17:11.7029937Z warning: NLA/MF14Degree44/SeedFirstColumns6.lean:61:15: Unused tactic linter: `simp` does nothing
2026-09-19T09:17:11.7030262Z 
2026-09-19T09:17:11.7030468Z Note: This linter can be disabled with `set_option linter.unusedTactic false`
2026-09-19T09:17:11.7030938Z warning: NLA/MF14Degree44/SeedFirstColumns6.lean:61:15: this tactic is never executed
2026-09-19T09:17:11.7031224Z 
2026-09-19T09:17:11.7031427Z Note: This linter can be disabled with `set_option linter.unreachableTactic false`
2026-09-19T09:17:11.7031973Z warning: NLA/MF14Degree44/SeedFirstColumns6.lean:61:2: Used `tac1 <;> tac2` where `(tac1; tac2)` would suffice
2026-09-19T09:17:11.7032306Z 
2026-09-19T09:17:11.7032503Z Note: This linter can be disabled with `set_option linter.unnecessarySeqFocus false`
2026-09-19T09:17:11.7033409Z info: NLA/MF14Degree44/SeedFirstColumns6.lean:63:0: 'NLA.MF14Degree44.seed_first_column_33' depends on axioms: [propext, Classical.choice, Quot.sound]
2026-09-19T09:17:11.7034099Z warning: NLA/MF14Degree44/SeedFirstColumns6.lean:73:15: Unused tactic linter: `simp` does nothing
2026-09-19T09:17:11.7034805Z 
2026-09-19T09:17:11.7034988Z Note: This linter can be disabled with `set_option linter.unusedTactic false`
2026-09-19T09:17:11.7035444Z warning: NLA/MF14Degree44/SeedFirstColumns6.lean:73:15: this tactic is never executed
2026-09-19T09:17:11.7035724Z 
2026-09-19T09:17:11.7035914Z Note: This linter can be disabled with `set_option linter.unreachableTactic false`
2026-09-19T09:17:11.7036565Z warning: NLA/MF14Degree44/SeedFirstColumns6.lean:73:2: Used `tac1 <;> tac2` where `(tac1; tac2)` would suffice
2026-09-19T09:17:11.7036893Z 
2026-09-19T09:17:11.7037094Z Note: This linter can be disabled with `set_option linter.unnecessarySeqFocus false`
2026-09-19T09:17:11.7037758Z info: NLA/MF14Degree44/SeedFirstColumns6.lean:75:0: 'NLA.MF14Degree44.seed_first_column_34' depends on axioms: [propext, Classical.choice, Quot.sound]
2026-09-19T09:17:12.1012055Z ⚠ [3704/3723] Built NLA.MF14Degree44.SeedFirstColumns5 (16s)
2026-09-19T09:17:12.1012801Z warning: NLA/MF14Degree44/SeedFirstColumns5.lean:25:2: Used `tac1 <;> tac2` where `(tac1; tac2)` would suffice
2026-09-19T09:17:12.1013319Z 
2026-09-19T09:17:12.1013778Z Note: This linter can be disabled with `set_option linter.unnecessarySeqFocus false`
2026-09-19T09:17:12.1014733Z info: NLA/MF14Degree44/SeedFirstColumns5.lean:27:0: 'NLA.MF14Degree44.seed_first_column_25' depends on axioms: [propext, Classical.choice, Quot.sound]
2026-09-19T09:17:12.1015611Z warning: NLA/MF14Degree44/SeedFirstColumns5.lean:37:2: Used `tac1 <;> tac2` where `(tac1; tac2)` would suffice
2026-09-19T09:17:12.1016054Z 
2026-09-19T09:17:12.1016382Z Note: This linter can be disabled with `set_option linter.unnecessarySeqFocus false`
2026-09-19T09:17:12.1017166Z info: NLA/MF14Degree44/SeedFirstColumns5.lean:39:0: 'NLA.MF14Degree44.seed_first_column_26' depends on axioms: [propext, Classical.choice, Quot.sound]
2026-09-19T09:17:12.1017993Z warning: NLA/MF14Degree44/SeedFirstColumns5.lean:49:2: Used `tac1 <;> tac2` where `(tac1; tac2)` would suffice
2026-09-19T09:17:12.1018443Z 
2026-09-19T09:17:12.1018765Z Note: This linter can be disabled with `set_option linter.unnecessarySeqFocus false`
2026-09-19T09:17:12.1019543Z info: NLA/MF14Degree44/SeedFirstColumns5.lean:51:0: 'NLA.MF14Degree44.seed_first_column_27' depends on axioms: [propext, Classical.choice, Quot.sound]
2026-09-19T09:17:12.1020364Z warning: NLA/MF14Degree44/SeedFirstColumns5.lean:61:2: Used `tac1 <;> tac2` where `(tac1; tac2)` would suffice
2026-09-19T09:17:12.1020826Z 
2026-09-19T09:17:12.1021151Z Note: This linter can be disabled with `set_option linter.unnecessarySeqFocus false`
2026-09-19T09:17:12.1021925Z info: NLA/MF14Degree44/SeedFirstColumns5.lean:63:0: 'NLA.MF14Degree44.seed_first_column_28' depends on axioms: [propext, Classical.choice, Quot.sound]
2026-09-19T09:17:12.1022754Z warning: NLA/MF14Degree44/SeedFirstColumns5.lean:73:2: Used `tac1 <;> tac2` where `(tac1; tac2)` would suffice
2026-09-19T09:17:12.1023199Z 
2026-09-19T09:17:12.1023522Z Note: This linter can be disabled with `set_option linter.unnecessarySeqFocus false`
2026-09-19T09:17:12.1024401Z info: NLA/MF14Degree44/SeedFirstColumns5.lean:75:0: 'NLA.MF14Degree44.seed_first_column_29' depends on axioms: [propext, Classical.choice, Quot.sound]
2026-09-19T09:17:27.2209756Z ⚠ [3705/3723] Built NLA.MF14Degree44.SeedFirstColumns4 (16s)
2026-09-19T09:17:27.2211811Z warning: NLA/MF14Degree44/SeedFirstColumns4.lean:25:2: Used `tac1 <;> tac2` where `(tac1; tac2)` would suffice
2026-09-19T09:17:27.2212406Z 
2026-09-19T09:17:27.2212756Z Note: This linter can be disabled with `set_option linter.unnecessarySeqFocus false`
2026-09-19T09:17:27.2213586Z info: NLA/MF14Degree44/SeedFirstColumns4.lean:27:0: 'NLA.MF14Degree44.seed_first_column_20' depends on axioms: [propext, Classical.choice, Quot.sound]
2026-09-19T09:17:27.2215010Z warning: NLA/MF14Degree44/SeedFirstColumns4.lean:37:2: Used `tac1 <;> tac2` where `(tac1; tac2)` would suffice
2026-09-19T09:17:27.2215501Z 
2026-09-19T09:17:27.2215830Z Note: This linter can be disabled with `set_option linter.unnecessarySeqFocus false`
2026-09-19T09:17:27.2216672Z info: NLA/MF14Degree44/SeedFirstColumns4.lean:39:0: 'NLA.MF14Degree44.seed_first_column_21' depends on axioms: [propext, Classical.choice, Quot.sound]
2026-09-19T09:17:27.2217568Z warning: NLA/MF14Degree44/SeedFirstColumns4.lean:49:2: Used `tac1 <;> tac2` where `(tac1; tac2)` would suffice
2026-09-19T09:17:27.2218044Z 
2026-09-19T09:17:27.2218618Z Note: This linter can be disabled with `set_option linter.unnecessarySeqFocus false`
2026-09-19T09:17:27.2219481Z info: NLA/MF14Degree44/SeedFirstColumns4.lean:51:0: 'NLA.MF14Degree44.seed_first_column_22' depends on axioms: [propext, Classical.choice, Quot.sound]
2026-09-19T09:17:27.2220392Z warning: NLA/MF14Degree44/SeedFirstColumns4.lean:61:2: Used `tac1 <;> tac2` where `(tac1; tac2)` would suffice
2026-09-19T09:17:27.2220873Z 
2026-09-19T09:17:27.2221203Z Note: This linter can be disabled with `set_option linter.unnecessarySeqFocus false`
2026-09-19T09:17:27.2222018Z info: NLA/MF14Degree44/SeedFirstColumns4.lean:63:0: 'NLA.MF14Degree44.seed_first_column_23' depends on axioms: [propext, Classical.choice, Quot.sound]
2026-09-19T09:17:27.2222903Z warning: NLA/MF14Degree44/SeedFirstColumns4.lean:73:2: Used `tac1 <;> tac2` where `(tac1; tac2)` would suffice
2026-09-19T09:17:27.2223372Z 
2026-09-19T09:17:27.2223690Z Note: This linter can be disabled with `set_option linter.unnecessarySeqFocus false`
2026-09-19T09:17:27.2224667Z info: NLA/MF14Degree44/SeedFirstColumns4.lean:75:0: 'NLA.MF14Degree44.seed_first_column_24' depends on axioms: [propext, Classical.choice, Quot.sound]
2026-09-19T09:17:27.9349583Z ⚠ [3706/3723] Built NLA.MF14Degree44.SeedFirstColumns3 (17s)
2026-09-19T09:17:27.9351793Z warning: NLA/MF14Degree44/SeedFirstColumns3.lean:25:2: Used `tac1 <;> tac2` where `(tac1; tac2)` would suffice
2026-09-19T09:17:27.9352308Z 
2026-09-19T09:17:27.9352675Z Note: This linter can be disabled with `set_option linter.unnecessarySeqFocus false`
2026-09-19T09:17:27.9353485Z info: NLA/MF14Degree44/SeedFirstColumns3.lean:27:0: 'NLA.MF14Degree44.seed_first_column_15' depends on axioms: [propext, Classical.choice, Quot.sound]
2026-09-19T09:17:27.9354369Z warning: NLA/MF14Degree44/SeedFirstColumns3.lean:37:2: Used `tac1 <;> tac2` where `(tac1; tac2)` would suffice
2026-09-19T09:17:27.9354715Z 
2026-09-19T09:17:27.9354923Z Note: This linter can be disabled with `set_option linter.unnecessarySeqFocus false`
2026-09-19T09:17:27.9355622Z info: NLA/MF14Degree44/SeedFirstColumns3.lean:39:0: 'NLA.MF14Degree44.seed_first_column_16' depends on axioms: [propext, Classical.choice, Quot.sound]
2026-09-19T09:17:27.9356343Z warning: NLA/MF14Degree44/SeedFirstColumns3.lean:49:2: Used `tac1 <;> tac2` where `(tac1; tac2)` would suffice
2026-09-19T09:17:27.9356686Z 
2026-09-19T09:17:27.9356895Z Note: This linter can be disabled with `set_option linter.unnecessarySeqFocus false`
2026-09-19T09:17:27.9357585Z info: NLA/MF14Degree44/SeedFirstColumns3.lean:51:0: 'NLA.MF14Degree44.seed_first_column_17' depends on axioms: [propext, Classical.choice, Quot.sound]
2026-09-19T09:17:27.9358311Z warning: NLA/MF14Degree44/SeedFirstColumns3.lean:61:2: Used `tac1 <;> tac2` where `(tac1; tac2)` would suffice
2026-09-19T09:17:27.9358652Z 
2026-09-19T09:17:27.9358849Z Note: This linter can be disabled with `set_option linter.unnecessarySeqFocus false`
2026-09-19T09:17:27.9359563Z info: NLA/MF14Degree44/SeedFirstColumns3.lean:63:0: 'NLA.MF14Degree44.seed_first_column_18' depends on axioms: [propext, Classical.choice, Quot.sound]
2026-09-19T09:17:27.9360288Z warning: NLA/MF14Degree44/SeedFirstColumns3.lean:73:2: Used `tac1 <;> tac2` where `(tac1; tac2)` would suffice
2026-09-19T09:17:27.9360614Z 
2026-09-19T09:17:27.9360825Z Note: This linter can be disabled with `set_option linter.unnecessarySeqFocus false`
2026-09-19T09:17:27.9361841Z info: NLA/MF14Degree44/SeedFirstColumns3.lean:75:0: 'NLA.MF14Degree44.seed_first_column_19' depends on axioms: [propext, Classical.choice, Quot.sound]
2026-09-19T09:17:28.8368649Z ⚠ [3707/3723] Built NLA.MF14Degree44.SeedFirstColumns2 (17s)
2026-09-19T09:17:28.8370892Z warning: NLA/MF14Degree44/SeedFirstColumns2.lean:25:2: Used `tac1 <;> tac2` where `(tac1; tac2)` would suffice
2026-09-19T09:17:28.8371596Z 
2026-09-19T09:17:28.8371966Z Note: This linter can be disabled with `set_option linter.unnecessarySeqFocus false`
2026-09-19T09:17:28.8373208Z info: NLA/MF14Degree44/SeedFirstColumns2.lean:27:0: 'NLA.MF14Degree44.seed_first_column_10' depends on axioms: [propext, Classical.choice, Quot.sound]
2026-09-19T09:17:28.8374077Z warning: NLA/MF14Degree44/SeedFirstColumns2.lean:37:2: Used `tac1 <;> tac2` where `(tac1; tac2)` would suffice
2026-09-19T09:17:28.8374707Z 
2026-09-19T09:17:28.8375034Z Note: This linter can be disabled with `set_option linter.unnecessarySeqFocus false`
2026-09-19T09:17:28.8375793Z info: NLA/MF14Degree44/SeedFirstColumns2.lean:39:0: 'NLA.MF14Degree44.seed_first_column_11' depends on axioms: [propext, Classical.choice, Quot.sound]
2026-09-19T09:17:28.8376581Z warning: NLA/MF14Degree44/SeedFirstColumns2.lean:49:2: Used `tac1 <;> tac2` where `(tac1; tac2)` would suffice
2026-09-19T09:17:28.8377004Z 
2026-09-19T09:17:28.8377309Z Note: This linter can be disabled with `set_option linter.unnecessarySeqFocus false`
2026-09-19T09:17:28.8378045Z info: NLA/MF14Degree44/SeedFirstColumns2.lean:51:0: 'NLA.MF14Degree44.seed_first_column_12' depends on axioms: [propext, Classical.choice, Quot.sound]
2026-09-19T09:17:28.8378889Z warning: NLA/MF14Degree44/SeedFirstColumns2.lean:61:2: Used `tac1 <;> tac2` where `(tac1; tac2)` would suffice
2026-09-19T09:17:28.8379309Z 
2026-09-19T09:17:28.8379610Z Note: This linter can be disabled with `set_option linter.unnecessarySeqFocus false`
2026-09-19T09:17:28.8380346Z info: NLA/MF14Degree44/SeedFirstColumns2.lean:63:0: 'NLA.MF14Degree44.seed_first_column_13' depends on axioms: [propext, Classical.choice, Quot.sound]
2026-09-19T09:17:28.8381126Z warning: NLA/MF14Degree44/SeedFirstColumns2.lean:73:2: Used `tac1 <;> tac2` where `(tac1; tac2)` would suffice
2026-09-19T09:17:28.8381539Z 
2026-09-19T09:17:28.8381838Z Note: This linter can be disabled with `set_option linter.unnecessarySeqFocus false`
2026-09-19T09:17:28.8382598Z info: NLA/MF14Degree44/SeedFirstColumns2.lean:75:0: 'NLA.MF14Degree44.seed_first_column_14' depends on axioms: [propext, Classical.choice, Quot.sound]
2026-09-19T09:17:28.9370546Z ⚠ [3708/3723] Built NLA.MF14Degree44.SeedFirstColumns1 (16s)
2026-09-19T09:17:28.9372503Z warning: NLA/MF14Degree44/SeedFirstColumns1.lean:25:2: Used `tac1 <;> tac2` where `(tac1; tac2)` would suffice
2026-09-19T09:17:28.9373042Z 
2026-09-19T09:17:28.9373370Z Note: This linter can be disabled with `set_option linter.unnecessarySeqFocus false`
2026-09-19T09:17:28.9374130Z info: NLA/MF14Degree44/SeedFirstColumns1.lean:27:0: 'NLA.MF14Degree44.seed_first_column_5' depends on axioms: [propext, Classical.choice, Quot.sound]
2026-09-19T09:17:28.9375071Z warning: NLA/MF14Degree44/SeedFirstColumns1.lean:37:2: Used `tac1 <;> tac2` where `(tac1; tac2)` would suffice
2026-09-19T09:17:28.9375496Z 
2026-09-19T09:17:28.9375802Z Note: This linter can be disabled with `set_option linter.unnecessarySeqFocus false`
2026-09-19T09:17:28.9376529Z info: NLA/MF14Degree44/SeedFirstColumns1.lean:39:0: 'NLA.MF14Degree44.seed_first_column_6' depends on axioms: [propext, Classical.choice, Quot.sound]
2026-09-19T09:17:28.9377304Z warning: NLA/MF14Degree44/SeedFirstColumns1.lean:49:2: Used `tac1 <;> tac2` where `(tac1; tac2)` would suffice
2026-09-19T09:17:28.9377728Z 
2026-09-19T09:17:28.9378046Z Note: This linter can be disabled with `set_option linter.unnecessarySeqFocus false`
2026-09-19T09:17:28.9378772Z info: NLA/MF14Degree44/SeedFirstColumns1.lean:51:0: 'NLA.MF14Degree44.seed_first_column_7' depends on axioms: [propext, Classical.choice, Quot.sound]
2026-09-19T09:17:28.9379890Z warning: NLA/MF14Degree44/SeedFirstColumns1.lean:61:2: Used `tac1 <;> tac2` where `(tac1; tac2)` would suffice
2026-09-19T09:17:28.9380310Z 
2026-09-19T09:17:28.9380613Z Note: This linter can be disabled with `set_option linter.unnecessarySeqFocus false`
2026-09-19T09:17:28.9381334Z info: NLA/MF14Degree44/SeedFirstColumns1.lean:63:0: 'NLA.MF14Degree44.seed_first_column_8' depends on axioms: [propext, Classical.choice, Quot.sound]
2026-09-19T09:17:28.9382107Z warning: NLA/MF14Degree44/SeedFirstColumns1.lean:73:2: Used `tac1 <;> tac2` where `(tac1; tac2)` would suffice
2026-09-19T09:17:28.9382528Z 
2026-09-19T09:17:28.9382829Z Note: This linter can be disabled with `set_option linter.unnecessarySeqFocus false`
2026-09-19T09:17:28.9383744Z info: NLA/MF14Degree44/SeedFirstColumns1.lean:75:0: 'NLA.MF14Degree44.seed_first_column_9' depends on axioms: [propext, Classical.choice, Quot.sound]
2026-09-19T09:17:31.8410685Z ℹ [3709/3723] Built NLA.MF14Degree44.SpanReconstruction (3.0s)
2026-09-19T09:17:31.8412282Z info: NLA/MF14Degree44/SpanReconstruction.lean:41:0: 'NLA.MF14Degree44.span_reconstruct_coordinates' depends on axioms: [propext, Classical.choice, Quot.sound]
2026-09-19T09:17:31.8413547Z info: NLA/MF14Degree44/SpanReconstruction.lean:43:0: 'NLA.MF14Degree44.span_reconstruct_coefficient_polynomial' depends on axioms: [propext, Classical.choice, Quot.sound]
2026-09-19T09:17:31.9438059Z ℹ [3710/3723] Built NLA.MF14Degree44.ContinuationClosure (2.0s)
2026-09-19T09:17:31.9439770Z info: NLA/MF14Degree44/ContinuationClosure.lean:47:0: 'NLA.MF14Degree44.continuation_closure_transfer' depends on axioms: [propext, Classical.choice, Quot.sound]
2026-09-19T09:17:34.9490485Z ℹ [3711/3723] Built NLA.MF14Degree44.FourthMinorIdentity (3.2s)
2026-09-19T09:17:34.9491272Z info: NLA/MF14Degree44/FourthMinorIdentity.lean:31:0: 'NLA.MF14Degree44.fourth_minor_identity' depends on axioms: [propext, Classical.choice, Quot.sound]
2026-09-19T09:17:35.5557907Z ℹ [3712/3723] Built NLA.MF14Degree44.BorderPathContinuity (3.6s)
2026-09-19T09:17:35.5558913Z info: NLA/MF14Degree44/BorderPathContinuity.lean:107:0: 'NLA.MF14Degree44.CoefficientsContinuous.mul' depends on axioms: [propext, Classical.choice, Quot.sound]
2026-09-19T09:17:35.5560076Z info: NLA/MF14Degree44/BorderPathContinuity.lean:109:0: 'NLA.MF14Degree44.degenerationZ_coefficients_continuous' depends on axioms: [propext, Classical.choice, Quot.sound]
2026-09-19T09:17:35.5561234Z info: NLA/MF14Degree44/BorderPathContinuity.lean:111:0: 'NLA.MF14Degree44.monic_border_path_coefficients_continuous' depends on axioms: [propext, Classical.choice, Quot.sound]
2026-09-19T09:17:35.5562411Z info: NLA/MF14Degree44/BorderPathContinuity.lean:113:0: 'NLA.MF14Degree44.moving_border_path_continuous' depends on axioms: [propext, Classical.choice, Quot.sound]
2026-09-19T09:17:36.2556741Z ⚠ [3713/3723] Built NLA.MF14Degree44.SeedFirstPilot (8.3s)
2026-09-19T09:17:36.2557436Z warning: NLA/MF14Degree44/SeedFirstPilot.lean:25:2: Used `tac1 <;> tac2` where `(tac1; tac2)` would suffice
2026-09-19T09:17:36.2558550Z 
2026-09-19T09:17:36.2558969Z Note: This linter can be disabled with `set_option linter.unnecessarySeqFocus false`
2026-09-19T09:17:36.2559692Z info: NLA/MF14Degree44/SeedFirstPilot.lean:27:0: 'NLA.MF14Degree44.seed_first_column_0' depends on axioms: [propext, Classical.choice, Quot.sound]
2026-09-19T09:17:36.2560460Z warning: NLA/MF14Degree44/SeedFirstPilot.lean:37:2: Used `tac1 <;> tac2` where `(tac1; tac2)` would suffice
2026-09-19T09:17:36.2560862Z 
2026-09-19T09:17:36.2561150Z Note: This linter can be disabled with `set_option linter.unnecessarySeqFocus false`
2026-09-19T09:17:36.2561868Z info: NLA/MF14Degree44/SeedFirstPilot.lean:39:0: 'NLA.MF14Degree44.seed_first_column_1' depends on axioms: [propext, Classical.choice, Quot.sound]
2026-09-19T09:17:37.8582243Z ⚠ [3714/3723] Built NLA.MF14Degree44.SeedFirstColumns0 (10s)
2026-09-19T09:17:37.8583862Z warning: NLA/MF14Degree44/SeedFirstColumns0.lean:25:2: Used `tac1 <;> tac2` where `(tac1; tac2)` would suffice
2026-09-19T09:17:37.8584733Z 
2026-09-19T09:17:37.8585072Z Note: This linter can be disabled with `set_option linter.unnecessarySeqFocus false`
2026-09-19T09:17:37.8585905Z info: NLA/MF14Degree44/SeedFirstColumns0.lean:27:0: 'NLA.MF14Degree44.seed_first_column_2' depends on axioms: [propext, Classical.choice, Quot.sound]
2026-09-19T09:17:37.8586774Z warning: NLA/MF14Degree44/SeedFirstColumns0.lean:37:2: Used `tac1 <;> tac2` where `(tac1; tac2)` would suffice
2026-09-19T09:17:37.8587214Z 
2026-09-19T09:17:37.8587513Z Note: This linter can be disabled with `set_option linter.unnecessarySeqFocus false`
2026-09-19T09:17:37.8588491Z info: NLA/MF14Degree44/SeedFirstColumns0.lean:39:0: 'NLA.MF14Degree44.seed_first_column_3' depends on axioms: [propext, Classical.choice, Quot.sound]
2026-09-19T09:17:37.8589353Z warning: NLA/MF14Degree44/SeedFirstColumns0.lean:49:2: Used `tac1 <;> tac2` where `(tac1; tac2)` would suffice
2026-09-19T09:17:37.8589806Z 
2026-09-19T09:17:37.8590117Z Note: This linter can be disabled with `set_option linter.unnecessarySeqFocus false`
2026-09-19T09:17:37.8590923Z info: NLA/MF14Degree44/SeedFirstColumns0.lean:51:0: 'NLA.MF14Degree44.seed_first_column_4' depends on axioms: [propext, Classical.choice, Quot.sound]
2026-09-19T09:17:38.0586483Z ⚠ [3715/3723] Built NLA.MF14Degree44.SpanBasisCoordinates (3.1s)
2026-09-19T09:17:38.0588175Z warning: NLA/MF14Degree44/SpanBasisCoordinates.lean:32:2: Used `tac1 <;> tac2` where `(tac1; tac2)` would suffice
2026-09-19T09:17:38.0588766Z 
2026-09-19T09:17:38.0589133Z Note: This linter can be disabled with `set_option linter.unnecessarySeqFocus false`
2026-09-19T09:17:38.0589918Z info: NLA/MF14Degree44/SpanBasisCoordinates.lean:45:0: 'NLA.MF14Degree44.fourth_rows_strictMono' depends on axioms: [propext]
2026-09-19T09:17:38.0590968Z info: NLA/MF14Degree44/SpanBasisCoordinates.lean:47:0: 'NLA.MF14Degree44.product_basis_matrix_upper' depends on axioms: [propext, Classical.choice, Quot.sound]
2026-09-19T09:17:38.0592068Z info: NLA/MF14Degree44/SpanBasisCoordinates.lean:49:0: 'NLA.MF14Degree44.product_basis_matrix_det' depends on axioms: [propext, Classical.choice, Quot.sound]
2026-09-19T09:17:38.0593148Z info: NLA/MF14Degree44/SpanBasisCoordinates.lean:51:0: 'NLA.MF14Degree44.fourth_span_coordinates' depends on axioms: [propext, Classical.choice, Quot.sound]
2026-09-19T09:17:38.6608799Z ℹ [3716/3723] Built NLA.MF14Degree44.FourthActualCircuit (3.1s)
2026-09-19T09:17:38.6610300Z info: NLA/MF14Degree44/FourthActualCircuit.lean:36:0: 'NLA.MF14Degree44.fourth_actual_joint' depends on axioms: [propext, Classical.choice, Quot.sound]
2026-09-19T09:17:39.2620621Z ⚠ [3717/3723] Built NLA.MF14Degree44.BorderLimit (3.1s)
2026-09-19T09:17:39.2621821Z warning: NLA/MF14Degree44/BorderLimit.lean:23:33: `Set.mem_setOf_eq` has been deprecated: Use `Set.mem_ofPred_eq` instead
2026-09-19T09:17:39.2622714Z info: NLA/MF14Degree44/BorderLimit.lean:58:0: 'NLA.MF14Degree44.joint_four_closure_isClosed' depends on axioms: [propext, Classical.choice, Quot.sound]
2026-09-19T09:17:39.2623718Z info: NLA/MF14Degree44/BorderLimit.lean:60:0: 'NLA.MF14Degree44.monic_border_joint_closure_of_fourth' depends on axioms: [propext, Classical.choice, Quot.sound]
2026-09-19T09:17:40.3631646Z ℹ [3718/3723] Built NLA.MF14Degree44.SeedFirstColumns (2.5s)
2026-09-19T09:17:40.3632358Z info: NLA/MF14Degree44/SeedFirstColumns.lean:68:0: 'NLA.MF14Degree44.seed_first_columns' depends on axioms: [propext, Classical.choice, Quot.sound]
2026-09-19T09:17:41.1641412Z ℹ [3719/3723] Built NLA.MF14Degree44.FourthJointClosure (2.5s)
2026-09-19T09:17:41.1642201Z info: NLA/MF14Degree44/FourthJointClosure.lean:87:0: 'NLA.MF14Degree44.reconstructed_moving_coordinate_polynomial' depends on axioms: [propext, Classical.choice, Quot.sound]
2026-09-19T09:17:41.1643196Z info: NLA/MF14Degree44/FourthJointClosure.lean:89:0: 'NLA.MF14Degree44.fourth_product_joint_closure' depends on axioms: [propext, Classical.choice, Quot.sound]
2026-09-19T09:17:42.4655285Z ℹ [3720/3723] Built NLA.MF14Degree44.JacobianIdentity (2.1s)
2026-09-19T09:17:42.4656344Z info: NLA/MF14Degree44/JacobianIdentity.lean:36:0: 'NLA.MF14Degree44.coefficient_jacobian_identity' depends on axioms: [propext, Classical.choice, Quot.sound]
2026-09-19T09:17:42.4657443Z info: NLA/MF14Degree44/JacobianIdentity.lean:38:0: 'NLA.MF14Degree44.coefficient_derivative_bijective' depends on axioms: [propext, Classical.choice, Quot.sound]
2026-09-19T09:17:44.6677671Z ℹ [3721/3723] Built NLA.MF14Degree44.FinalClosure (2.1s)
2026-09-19T09:17:44.6678159Z info: NLA/MF14Degree44/FinalClosure.lean:70:0: 'NLA.MF14Degree44.quad_reconstruction_of_degree' depends on axioms: [propext, Classical.choice, Quot.sound]
2026-09-19T09:17:44.6678992Z info: NLA/MF14Degree44/FinalClosure.lean:72:0: 'NLA.MF14Degree44.border_quad_natDegree' depends on axioms: [propext, Classical.choice, Quot.sound]
2026-09-19T09:17:44.6679540Z info: NLA/MF14Degree44/FinalClosure.lean:74:0: 'NLA.MF14Degree44.monic_border_joint_closure' depends on axioms: [propext, Classical.choice, Quot.sound]
2026-09-19T09:17:44.6680096Z info: NLA/MF14Degree44/FinalClosure.lean:76:0: 'NLA.MF14Degree44.family_image_mem_closure' depends on axioms: [propext, Classical.choice, Quot.sound]
2026-09-19T09:17:44.6680628Z info: NLA/MF14Degree44/FinalClosure.lean:78:0: 'NLA.MF14Degree44.degree44_coverage' depends on axioms: [propext, Classical.choice, Quot.sound]
2026-09-19T09:17:44.6681159Z info: NLA/MF14Degree44/FinalClosure.lean:80:0: 'NLA.MF14Degree44.original_equality_false' depends on axioms: [propext, Classical.choice, Quot.sound]
2026-09-19T09:17:46.6697530Z ℹ [3722/3723] Built Solution (1.0s)
2026-09-19T09:17:46.6697976Z info: Solution.lean:12:0: 'NLA.MF14Degree44.canonical_gate_padding' depends on axioms: [propext, Classical.choice, Quot.sound]
2026-09-19T09:17:46.6698491Z info: Solution.lean:15:0: 'NLA.MF14Degree44.four_prefix_full_coefficients' depends on axioms: [propext, Classical.choice, Quot.sound]
2026-09-19T09:17:46.6698944Z info: Solution.lean:18:0: 'NLA.MF14Degree44.three_product_tuple' depends on axioms: [propext, Classical.choice, Quot.sound]
2026-09-19T09:17:46.6699422Z info: Solution.lean:21:0: 'NLA.MF14Degree44.good_border_parameters_eventually' depends on axioms: [propext, Classical.choice, Quot.sound]
2026-09-19T09:17:46.6699882Z info: Solution.lean:24:0: 'NLA.MF14Degree44.fourth_span_coordinates' depends on axioms: [propext, Classical.choice, Quot.sound]
2026-09-19T09:17:46.6700307Z info: Solution.lean:27:0: 'NLA.MF14Degree44.fourth_map_smooth' depends on axioms: [propext, Classical.choice, Quot.sound]
2026-09-19T09:17:46.6700738Z info: Solution.lean:30:0: 'NLA.MF14Degree44.fourth_jacobian_identity' depends on axioms: [propext, Classical.choice, Quot.sound]
2026-09-19T09:17:46.6701174Z info: Solution.lean:33:0: 'NLA.MF14Degree44.fourth_minor_identity' depends on axioms: [propext, Classical.choice, Quot.sound]
2026-09-19T09:17:46.6701622Z info: Solution.lean:36:0: 'NLA.MF14Degree44.fourth_product_joint_closure' depends on axioms: [propext, Classical.choice, Quot.sound]
2026-09-19T09:17:46.6702100Z info: Solution.lean:39:0: 'NLA.MF14Degree44.polynomial_density_of_strict_derivative' depends on axioms: [propext, Classical.choice, Quot.sound]
2026-09-19T09:17:46.6702569Z info: Solution.lean:42:0: 'NLA.MF14Degree44.degeneration_identity' depends on axioms: [propext, Classical.choice, Quot.sound]
2026-09-19T09:17:46.6703036Z info: Solution.lean:45:0: 'NLA.MF14Degree44.degeneration_at_zero' depends on axioms: [propext, Classical.choice, Quot.sound]
2026-09-19T09:17:46.6703591Z info: Solution.lean:48:0: 'NLA.MF14Degree44.degeneration_in_span' depends on axioms: [propext, Classical.choice, Quot.sound]
2026-09-19T09:17:46.6704074Z info: Solution.lean:51:0: 'NLA.MF14Degree44.monic_border_joint_closure' depends on axioms: [propext, Classical.choice, Quot.sound]
2026-09-19T09:17:46.6705037Z info: Solution.lean:54:0: 'NLA.MF14Degree44.continuation_actual_output' depends on axioms: [propext, Classical.choice, Quot.sound]
2026-09-19T09:17:46.6705710Z info: Solution.lean:57:0: 'NLA.MF14Degree44.continuation_degree_bound' depends on axioms: [propext, Classical.choice, Quot.sound]
2026-09-19T09:17:46.6706637Z info: Solution.lean:60:0: 'NLA.MF14Degree44.continuation_closure_transfer' depends on axioms: [propext, Classical.choice, Quot.sound]
2026-09-19T09:17:46.6707362Z info: Solution.lean:63:0: 'NLA.MF14Degree44.family_image_mem_closure' depends on axioms: [propext, Classical.choice, Quot.sound]
2026-09-19T09:17:46.6707910Z info: Solution.lean:66:0: 'NLA.MF14Degree44.family_degree_and_full_vector' depends on axioms: [propext, Classical.choice, Quot.sound]
2026-09-19T09:17:46.6708356Z info: Solution.lean:69:0: 'NLA.MF14Degree44.coefficient_map_smooth' depends on axioms: [propext, Classical.choice, Quot.sound]
2026-09-19T09:17:46.6708933Z info: Solution.lean:72:0: 'NLA.MF14Degree44.coefficient_jacobian_identity' depends on axioms: [propext, Classical.choice, Quot.sound]
2026-09-19T09:17:46.6709401Z info: Solution.lean:75:0: 'NLA.MF14Degree44.integer_jacobian_mod3_inverse' depends on axioms: [propext, Classical.choice, Quot.sound]
2026-09-19T09:17:46.6710196Z info: Solution.lean:78:0: 'NLA.MF14Degree44.coefficient_derivative_bijective' depends on axioms: [propext, Classical.choice, Quot.sound]
2026-09-19T09:17:46.6710932Z info: Solution.lean:81:0: 'NLA.MF14Degree44.degree44_coverage' depends on axioms: [propext, Classical.choice, Quot.sound]
2026-09-19T09:17:46.6711689Z info: Solution.lean:84:0: 'NLA.MF14Degree44.original_equality_false' depends on axioms: [propext, Classical.choice, Quot.sound]
2026-09-19T09:17:46.6911863Z Build completed successfully (3723 jobs).
2026-09-19T09:21:19.7935865Z Exporting #[Quot, Quot.mk, Quot.lift, Quot.ind, NLA.MF14Degree44.canonical_gate_padding, NLA.MF14Degree44.four_prefix_full_coefficients, NLA.MF14Degree44.three_product_tuple, NLA.MF14Degree44.good_border_parameters_eventually, NLA.MF14Degree44.fourth_span_coordinates, NLA.MF14Degree44.fourth_map_smooth, NLA.MF14Degree44.fourth_jacobian_identity, NLA.MF14Degree44.fourth_minor_identity, NLA.MF14Degree44.fourth_product_joint_closure, NLA.MF14Degree44.polynomial_density_of_strict_derivative, NLA.MF14Degree44.degeneration_identity, NLA.MF14Degree44.degeneration_at_zero, NLA.MF14Degree44.degeneration_in_span, NLA.MF14Degree44.monic_border_joint_closure, NLA.MF14Degree44.continuation_actual_output, NLA.MF14Degree44.continuation_degree_bound, NLA.MF14Degree44.continuation_closure_transfer, NLA.MF14Degree44.family_image_mem_closure, NLA.MF14Degree44.family_degree_and_full_vector, NLA.MF14Degree44.coefficient_map_smooth, NLA.MF14Degree44.coefficient_jacobian_identity, NLA.MF14Degree44.integer_jacobian_mod3_inverse, NLA.MF14Degree44.coefficient_derivative_bijective, NLA.MF14Degree44.degree44_coverage, NLA.MF14Degree44.original_equality_false, propext, Classical.choice, Quot.sound, Nat.add, Nat.sub, Nat.mul, Nat.pow, Nat.gcd, Nat.div, Nat.mod, Nat.beq, Nat.ble, Nat.land, Nat.lor, Nat.xor, Nat.shiftLeft, Nat.shiftRight, String.ofList, Char.ofNat, List, eagerReduce, Nat, String, String.mk, Char, optParam, autoParam, semiOutParam, outParam] from Solution
2026-09-19T09:21:19.7938748Z Running Lean default kernel on solution.
2026-09-19T09:21:19.7938915Z Lean default kernel accepts the solution
2026-09-19T09:21:19.7939075Z Your solution is okay!
2026-09-19T09:21:24.5391591Z PASS: fresh Comparator run and all controls. Evidence: /home/runner/work/_temp/nla-lean-tools/logs/verify-20260919T091043Z-4019
2026-09-19T09:21:24.5572252Z Node 20 is being deprecated. This workflow is running with Node 24 by default. If you need to temporarily use Node 20, you can set the ACTIONS_ALLOW_USE_UNSECURE_NODE_VERSION=true environment variable. For more information see: https://github.blog/changelog/2025-09-19-deprecation-of-node-20-on-github-actions-runners/
2026-09-19T09:21:24.5573071Z ##[group]Run actions/upload-artifact@ea165f8d65b6e75b540449e92b4886f43607fa02
2026-09-19T09:21:24.5573273Z with:
2026-09-19T09:21:24.5573377Z   name: lean-MF-14
2026-09-19T09:21:24.5573578Z   path: /home/runner/work/_temp/nla-lean-tools/logs/
2026-09-19T09:21:24.5573761Z   if-no-files-found: warn
2026-09-19T09:21:24.5574030Z   compression-level: 6
2026-09-19T09:21:24.5574142Z   overwrite: false
2026-09-19T09:21:24.5574391Z   include-hidden-files: false
2026-09-19T09:21:24.5574604Z env:
2026-09-19T09:21:24.5574703Z   GOTOOLCHAIN: local
2026-09-19T09:21:24.5574816Z   XDG_RUNTIME_DIR: /run/user/1001
2026-09-19T09:21:24.5574999Z   DBUS_SESSION_BUS_ADDRESS: unix:path=/run/user/1001/bus
2026-09-19T09:21:24.5575157Z ##[endgroup]
2026-09-19T09:21:24.8810485Z (node:8455) [DEP0040] DeprecationWarning: The `punycode` module is deprecated. Please use a userland alternative instead.
2026-09-19T09:21:24.8810869Z (Use `node --trace-deprecation ...` to show where the warning was created)
2026-09-19T09:21:24.8901820Z With the provided path, there will be 13 files uploaded
2026-09-19T09:21:24.8905816Z Artifact name is valid!
2026-09-19T09:21:24.8906227Z Root directory input is valid!
2026-09-19T09:21:25.3464452Z Beginning upload of artifact content to blob storage
2026-09-19T09:21:25.3868857Z (node:8455) [DEP0169] DeprecationWarning: `url.parse()` behavior is not standardized and prone to errors that have security implications. Use the WHATWG URL API instead. CVEs are not issued for `url.parse()` vulnerabilities.
2026-09-19T09:21:25.7675582Z Uploaded bytes 39324
2026-09-19T09:21:25.8437086Z Finished uploading artifact content to blob storage!
2026-09-19T09:21:25.8437676Z SHA256 digest of uploaded artifact zip is c9fc3f22572e78fc827f44202348e9e3cf156f087950dc1658a04b5335110d2f
2026-09-19T09:21:25.8438721Z Finalizing artifact upload
2026-09-19T09:21:26.1080050Z Artifact lean-MF-14.zip successfully finalized. Artifact ID 10582237117
2026-09-19T09:21:26.1080610Z Artifact lean-MF-14 has been successfully uploaded! Final size is 39324 bytes. Artifact ID is 10582237117
2026-09-19T09:21:26.1085637Z Artifact download URL: https://github.com/ajt60gaibb/OpenProblemsInNLA/actions/runs/35433898434/artifacts/10582237117
2026-09-19T09:21:26.1547230Z Post job cleanup.
2026-09-19T09:21:26.2831544Z Node 20 is being deprecated. This workflow is running with Node 24 by default. If you need to temporarily use Node 20, you can set the ACTIONS_ALLOW_USE_UNSECURE_NODE_VERSION=true environment variable. For more information see: https://github.blog/changelog/2025-09-19-deprecation-of-node-20-on-github-actions-runners/
2026-09-19T09:21:26.2832680Z Post job cleanup.
2026-09-19T09:21:26.3498734Z [command]/usr/bin/git version
2026-09-19T09:21:26.4241509Z git version 2.55.0
2026-09-19T09:21:26.4426900Z Temporarily overriding HOME='/home/runner/work/_temp/98558366-a75b-40a1-b4da-ab45148654b2' before making global git config changes
2026-09-19T09:21:26.4427522Z Adding repository directory to the temporary git global config as a safe directory
2026-09-19T09:21:26.4428081Z [command]/usr/bin/git config --global --add safe.directory /home/runner/work/OpenProblemsInNLA/OpenProblemsInNLA
2026-09-19T09:21:26.4428857Z [command]/usr/bin/git config --local --name-only --get-regexp core\.sshCommand
2026-09-19T09:21:26.4429843Z [command]/usr/bin/git submodule foreach --recursive sh -c "git config --local --name-only --get-regexp 'core\.sshCommand' && git config --local --unset-all 'core.sshCommand' || :"
2026-09-19T09:21:26.4735097Z [command]/usr/bin/git config --local --name-only --get-regexp http\.https\:\/\/github\.com\/\.extraheader
2026-09-19T09:21:26.4772453Z [command]/usr/bin/git submodule foreach --recursive sh -c "git config --local --name-only --get-regexp 'http\.https\:\/\/github\.com\/\.extraheader' && git config --local --unset-all 'http.https://github.com/.extraheader' || :"
2026-09-19T09:21:26.4975959Z [command]/usr/bin/git config --local --name-only --get-regexp ^includeIf\.gitdir:
2026-09-19T09:21:26.5005641Z [command]/usr/bin/git submodule foreach --recursive git config --local --show-origin --name-only --get-regexp remote.origin.url
2026-09-19T09:21:26.5319984Z Cleaning up orphan processes
2026-09-19T09:21:26.5627081Z ##[warning]Node.js 20 is deprecated. The following actions target Node.js 20 but are being forced to run on Node.js 24: actions/checkout@11d5960a326750d5838078e36cf38b85af677262, actions/upload-artifact@ea165f8d65b6e75b540449e92b4886f43607fa02. For more information see: https://github.blog/changelog/2025-09-19-deprecation-of-node-20-on-github-actions-runners/
