2026-09-19T09:09:26.6538631Z Current runner version: '2.337.0'
2026-09-19T09:09:26.6564598Z ##[group]Runner Image Provisioner
2026-09-19T09:09:26.6565486Z Hosted Compute Agent
2026-09-19T09:09:26.6566150Z Version: 20260828.587
2026-09-19T09:09:26.6566829Z Commit: abac92662cab4cc7352de4f9f9d2e2419aad9c29
2026-09-19T09:09:26.6567589Z Build Date: 2026-08-28T16:44:25Z
2026-09-19T09:09:26.6568340Z Worker ID: {32bd01cb-fb29-4c43-971f-da9c814412f4}
2026-09-19T09:09:26.6569104Z Azure Region: northcentralus
2026-09-19T09:09:26.6569778Z ##[endgroup]
2026-09-19T09:09:26.6571265Z ##[group]Operating System
2026-09-19T09:09:26.6572286Z Ubuntu
2026-09-19T09:09:26.6573405Z 24.04.5
2026-09-19T09:09:26.6573995Z LTS
2026-09-19T09:09:26.6574511Z ##[endgroup]
2026-09-19T09:09:26.6575222Z ##[group]Runner Image
2026-09-19T09:09:26.6575855Z Image: ubuntu-24.04
2026-09-19T09:09:26.6576494Z Version: 20260907.300.1
2026-09-19T09:09:26.6577781Z Included Software: https://github.com/actions/runner-images/blob/ubuntu24/20260907.300/images/ubuntu/Ubuntu2404-Readme.md
2026-09-19T09:09:26.6579455Z Image Release: https://github.com/actions/runner-images/releases/tag/ubuntu24%2F20260907.300
2026-09-19T09:09:26.6580417Z ##[endgroup]
2026-09-19T09:09:26.6581609Z ##[group]GITHUB_TOKEN Permissions
2026-09-19T09:09:26.6584085Z Contents: read
2026-09-19T09:09:26.6584736Z Metadata: read
2026-09-19T09:09:26.6585364Z ##[endgroup]
2026-09-19T09:09:26.6587863Z Secret source: Actions
2026-09-19T09:09:26.6588896Z Cache mode: write
2026-09-19T09:09:26.6589685Z Prepare workflow directory
2026-09-19T09:09:26.6938262Z Prepare all required actions
2026-09-19T09:09:26.6987627Z Getting action download info
2026-09-19T09:09:26.9819652Z Download action repository 'actions/checkout@11d5960a326750d5838078e36cf38b85af677262' (SHA:11d5960a326750d5838078e36cf38b85af677262)
2026-09-19T09:09:27.0760915Z Download action repository 'actions/setup-go@924ae3a1cded613372ab5595356fb5720e22ba16' (SHA:924ae3a1cded613372ab5595356fb5720e22ba16)
2026-09-19T09:09:27.5024403Z Download action repository 'leanprover/lean-action@96e06131c0e9943c780388fd166f55d1e2fa0433' (SHA:96e06131c0e9943c780388fd166f55d1e2fa0433)
2026-09-19T09:09:27.6974698Z Download action repository 'actions/upload-artifact@ea165f8d65b6e75b540449e92b4886f43607fa02' (SHA:ea165f8d65b6e75b540449e92b4886f43607fa02)
2026-09-19T09:09:27.9303195Z Getting action download info
2026-09-19T09:09:28.0252518Z Download action repository 'actions/cache@v5' (SHA:caa296126883cff596d87d8935842f9db880ef25)
2026-09-19T09:09:28.2688700Z Complete job name: verify (MF-14, matrix-functions-and-stability/MF-14/lean)
2026-09-19T09:09:28.3550730Z Node 20 is being deprecated. This workflow is running with Node 24 by default. If you need to temporarily use Node 20, you can set the ACTIONS_ALLOW_USE_UNSECURE_NODE_VERSION=true environment variable. For more information see: https://github.blog/changelog/2025-09-19-deprecation-of-node-20-on-github-actions-runners/
2026-09-19T09:09:28.3560609Z ##[group]Run actions/checkout@11d5960a326750d5838078e36cf38b85af677262
2026-09-19T09:09:28.3561665Z with:
2026-09-19T09:09:28.3562354Z   persist-credentials: false
2026-09-19T09:09:28.3562969Z   repository: sgstepaniants/OpenProblemsInNLA
2026-09-19T09:09:28.3567451Z   token: ***
2026-09-19T09:09:28.3567895Z   ssh-strict: true
2026-09-19T09:09:28.3568359Z   ssh-user: git
2026-09-19T09:09:28.3568801Z   clean: true
2026-09-19T09:09:28.3569271Z   sparse-checkout-cone-mode: true
2026-09-19T09:09:28.3569862Z   fetch-depth: 1
2026-09-19T09:09:28.3570308Z   fetch-tags: false
2026-09-19T09:09:28.3570778Z   show-progress: true
2026-09-19T09:09:28.3571301Z   lfs: false
2026-09-19T09:09:28.3571729Z   submodules: false
2026-09-19T09:09:28.3572343Z   set-safe-directory: true
2026-09-19T09:09:28.3572882Z   allow-unsafe-pr-checkout: false
2026-09-19T09:09:28.3573740Z ##[endgroup]
2026-09-19T09:09:28.4579418Z Syncing repository: sgstepaniants/OpenProblemsInNLA
2026-09-19T09:09:28.4582905Z ##[group]Getting Git version info
2026-09-19T09:09:28.4584425Z Working directory is '/home/runner/work/OpenProblemsInNLA/OpenProblemsInNLA'
2026-09-19T09:09:28.4587265Z [command]/usr/bin/git version
2026-09-19T09:09:28.4610767Z git version 2.55.0
2026-09-19T09:09:28.4632311Z ##[endgroup]
2026-09-19T09:09:28.4647061Z Temporarily overriding HOME='/home/runner/work/_temp/42de9ae0-b995-4416-8b73-76eb8947aae5' before making global git config changes
2026-09-19T09:09:28.4650047Z Adding repository directory to the temporary git global config as a safe directory
2026-09-19T09:09:28.4653397Z [command]/usr/bin/git config --global --add safe.directory /home/runner/work/OpenProblemsInNLA/OpenProblemsInNLA
2026-09-19T09:09:28.4709754Z Deleting the contents of '/home/runner/work/OpenProblemsInNLA/OpenProblemsInNLA'
2026-09-19T09:09:28.4720330Z ##[group]Initializing the repository
2026-09-19T09:09:28.4743646Z [command]/usr/bin/git init /home/runner/work/OpenProblemsInNLA/OpenProblemsInNLA
2026-09-19T09:09:28.4822095Z hint: Using 'master' as the name for the initial branch. This default branch name
2026-09-19T09:09:28.4823477Z hint: will change to "main" in Git 3.0. To configure the initial branch name
2026-09-19T09:09:28.4824634Z hint: to use in all of your new repositories, which will suppress this warning,
2026-09-19T09:09:28.4825522Z hint: call:
2026-09-19T09:09:28.4825965Z hint:
2026-09-19T09:09:28.4826543Z hint: 	git config --global init.defaultBranch <name>
2026-09-19T09:09:28.4827262Z hint:
2026-09-19T09:09:28.4827949Z hint: Names commonly chosen instead of 'master' are 'main', 'trunk' and
2026-09-19T09:09:28.4829079Z hint: 'development'. The just-created branch can be renamed via this command:
2026-09-19T09:09:28.4829957Z hint:
2026-09-19T09:09:28.4830419Z hint: 	git branch -m <name>
2026-09-19T09:09:28.4830950Z hint:
2026-09-19T09:09:28.4831670Z hint: Disable this message with "git config set advice.defaultBranchName false"
2026-09-19T09:09:28.4838600Z Initialized empty Git repository in /home/runner/work/OpenProblemsInNLA/OpenProblemsInNLA/.git/
2026-09-19T09:09:28.4851193Z [command]/usr/bin/git remote add origin https://github.com/sgstepaniants/OpenProblemsInNLA
2026-09-19T09:09:28.4903832Z ##[endgroup]
2026-09-19T09:09:28.4905164Z ##[group]Disabling automatic garbage collection
2026-09-19T09:09:28.4906443Z [command]/usr/bin/git config --local gc.auto 0
2026-09-19T09:09:28.4946032Z ##[endgroup]
2026-09-19T09:09:28.4947288Z ##[group]Setting up auth
2026-09-19T09:09:28.4953251Z [command]/usr/bin/git config --local --name-only --get-regexp core\.sshCommand
2026-09-19T09:09:28.4986942Z [command]/usr/bin/git submodule foreach --recursive sh -c "git config --local --name-only --get-regexp 'core\.sshCommand' && git config --local --unset-all 'core.sshCommand' || :"
2026-09-19T09:09:28.5341762Z [command]/usr/bin/git config --local --name-only --get-regexp http\.https\:\/\/github\.com\/\.extraheader
2026-09-19T09:09:28.5385888Z [command]/usr/bin/git submodule foreach --recursive sh -c "git config --local --name-only --get-regexp 'http\.https\:\/\/github\.com\/\.extraheader' && git config --local --unset-all 'http.https://github.com/.extraheader' || :"
2026-09-19T09:09:28.5627763Z [command]/usr/bin/git config --local --name-only --get-regexp ^includeIf\.gitdir:
2026-09-19T09:09:28.5665549Z [command]/usr/bin/git submodule foreach --recursive git config --local --show-origin --name-only --get-regexp remote.origin.url
2026-09-19T09:09:28.5888529Z [command]/usr/bin/git config --local http.https://github.com/.extraheader AUTHORIZATION: basic ***
2026-09-19T09:09:28.5927236Z ##[endgroup]
2026-09-19T09:09:28.5928165Z ##[group]Fetching the repository
2026-09-19T09:09:28.5938222Z [command]/usr/bin/git -c protocol.version=2 fetch --no-tags --prune --no-recurse-submodules --depth=1 origin +c89c859a6b21c399a99f5e9f5fb2b7f472c96657:refs/remotes/origin/codex/lean-mf14-degree44-20260919
2026-09-19T09:09:39.3432585Z From https://github.com/sgstepaniants/OpenProblemsInNLA
2026-09-19T09:09:39.3433916Z  * [new ref]           c89c859a6b21c399a99f5e9f5fb2b7f472c96657 -> origin/codex/lean-mf14-degree44-20260919
2026-09-19T09:09:39.3437504Z ##[endgroup]
2026-09-19T09:09:39.3438741Z ##[group]Determining the checkout info
2026-09-19T09:09:39.3440951Z ##[endgroup]
2026-09-19T09:09:39.3448079Z [command]/usr/bin/git sparse-checkout disable
2026-09-19T09:09:39.3503243Z [command]/usr/bin/git config --local --unset-all extensions.worktreeConfig
2026-09-19T09:09:39.3536773Z ##[group]Checking out the ref
2026-09-19T09:09:39.3542332Z [command]/usr/bin/git checkout --progress --force -B codex/lean-mf14-degree44-20260919 refs/remotes/origin/codex/lean-mf14-degree44-20260919
2026-09-19T09:09:40.4709815Z Updating files:  30% (12171/39626)
2026-09-19T09:09:40.4964538Z Updating files:  31% (12285/39626)
2026-09-19T09:09:40.5165087Z Updating files:  32% (12681/39626)
2026-09-19T09:09:40.5322430Z Updating files:  33% (13077/39626)
2026-09-19T09:09:40.5587818Z Updating files:  34% (13473/39626)
2026-09-19T09:09:40.5816799Z Updating files:  35% (13870/39626)
2026-09-19T09:09:40.5994453Z Updating files:  36% (14266/39626)
2026-09-19T09:09:40.6219640Z Updating files:  37% (14662/39626)
2026-09-19T09:09:40.6515187Z Updating files:  38% (15058/39626)
2026-09-19T09:09:40.7134651Z Updating files:  39% (15455/39626)
2026-09-19T09:09:40.7374228Z Updating files:  40% (15851/39626)
2026-09-19T09:09:40.7643537Z Updating files:  41% (16247/39626)
2026-09-19T09:09:40.7904550Z Updating files:  42% (16643/39626)
2026-09-19T09:09:40.8204349Z Updating files:  43% (17040/39626)
2026-09-19T09:09:40.8806500Z Updating files:  44% (17436/39626)
2026-09-19T09:09:40.9203314Z Updating files:  45% (17832/39626)
2026-09-19T09:09:40.9523749Z Updating files:  46% (18228/39626)
2026-09-19T09:09:40.9799911Z Updating files:  47% (18625/39626)
2026-09-19T09:09:41.0796671Z Updating files:  48% (19021/39626)
2026-09-19T09:09:41.1074917Z Updating files:  49% (19417/39626)
2026-09-19T09:09:41.1404998Z Updating files:  50% (19813/39626)
2026-09-19T09:09:41.1686765Z Updating files:  51% (20210/39626)
2026-09-19T09:09:41.2006776Z Updating files:  52% (20606/39626)
2026-09-19T09:09:41.2348222Z Updating files:  53% (21002/39626)
2026-09-19T09:09:41.2656786Z Updating files:  54% (21399/39626)
2026-09-19T09:09:41.2881644Z Updating files:  55% (21795/39626)
2026-09-19T09:09:41.3202536Z Updating files:  56% (22191/39626)
2026-09-19T09:09:41.3443216Z Updating files:  57% (22587/39626)
2026-09-19T09:09:41.3717348Z Updating files:  58% (22984/39626)
2026-09-19T09:09:41.3969112Z Updating files:  59% (23380/39626)
2026-09-19T09:09:41.3985039Z Updating files:  60% (23776/39626)
2026-09-19T09:09:41.4343112Z Updating files:  60% (23809/39626)
2026-09-19T09:09:41.4632153Z Updating files:  61% (24172/39626)
2026-09-19T09:09:41.4979342Z Updating files:  62% (24569/39626)
2026-09-19T09:09:41.5237394Z Updating files:  63% (24965/39626)
2026-09-19T09:09:41.5480440Z Updating files:  64% (25361/39626)
2026-09-19T09:09:41.5701315Z Updating files:  65% (25757/39626)
2026-09-19T09:09:41.5926346Z Updating files:  66% (26154/39626)
2026-09-19T09:09:41.6192658Z Updating files:  67% (26550/39626)
2026-09-19T09:09:41.6455271Z Updating files:  68% (26946/39626)
2026-09-19T09:09:41.6846765Z Updating files:  69% (27342/39626)
2026-09-19T09:09:41.7159545Z Updating files:  70% (27739/39626)
2026-09-19T09:09:41.7425513Z Updating files:  71% (28135/39626)
2026-09-19T09:09:41.7729061Z Updating files:  72% (28531/39626)
2026-09-19T09:09:41.7941659Z Updating files:  73% (28927/39626)
2026-09-19T09:09:41.8203023Z Updating files:  74% (29324/39626)
2026-09-19T09:09:41.8434089Z Updating files:  75% (29720/39626)
2026-09-19T09:09:41.8622727Z Updating files:  76% (30116/39626)
2026-09-19T09:09:41.8866918Z Updating files:  77% (30513/39626)
2026-09-19T09:09:41.9156989Z Updating files:  78% (30909/39626)
2026-09-19T09:09:41.9397425Z Updating files:  79% (31305/39626)
2026-09-19T09:09:41.9650122Z Updating files:  80% (31701/39626)
2026-09-19T09:09:41.9898727Z Updating files:  81% (32098/39626)
2026-09-19T09:09:42.0118227Z Updating files:  82% (32494/39626)
2026-09-19T09:09:42.0393439Z Updating files:  83% (32890/39626)
2026-09-19T09:09:42.0815213Z Updating files:  84% (33286/39626)
2026-09-19T09:09:42.1169097Z Updating files:  85% (33683/39626)
2026-09-19T09:09:42.1716082Z Updating files:  86% (34079/39626)
2026-09-19T09:09:42.3275872Z Updating files:  87% (34475/39626)
2026-09-19T09:09:42.3866487Z Updating files:  88% (34871/39626)
2026-09-19T09:09:42.3986678Z Updating files:  89% (35268/39626)
2026-09-19T09:09:42.5604566Z Updating files:  89% (35349/39626)
2026-09-19T09:09:42.5959806Z Updating files:  90% (35664/39626)
2026-09-19T09:09:42.6803152Z Updating files:  91% (36060/39626)
2026-09-19T09:09:42.7587257Z Updating files:  92% (36456/39626)
2026-09-19T09:09:42.8549179Z Updating files:  93% (36853/39626)
2026-09-19T09:09:42.8918177Z Updating files:  94% (37249/39626)
2026-09-19T09:09:42.9218192Z Updating files:  95% (37645/39626)
2026-09-19T09:09:42.9574926Z Updating files:  96% (38041/39626)
2026-09-19T09:09:42.9915086Z Updating files:  97% (38438/39626)
2026-09-19T09:09:43.0178363Z Updating files:  98% (38834/39626)
2026-09-19T09:09:43.0442496Z Updating files:  99% (39230/39626)
2026-09-19T09:09:43.0443138Z Updating files: 100% (39626/39626)
2026-09-19T09:09:43.0443718Z Updating files: 100% (39626/39626), done.
2026-09-19T09:09:43.2016453Z Switched to a new branch 'codex/lean-mf14-degree44-20260919'
2026-09-19T09:09:43.2042898Z branch 'codex/lean-mf14-degree44-20260919' set up to track 'origin/codex/lean-mf14-degree44-20260919'.
2026-09-19T09:09:43.2167127Z ##[endgroup]
2026-09-19T09:09:43.2652735Z [command]/usr/bin/git log -1 --format=%H
2026-09-19T09:09:43.2686477Z c89c859a6b21c399a99f5e9f5fb2b7f472c96657
2026-09-19T09:09:43.2705695Z ##[group]Removing auth
2026-09-19T09:09:43.2706831Z [command]/usr/bin/git config --local --name-only --get-regexp core\.sshCommand
2026-09-19T09:09:43.2759635Z [command]/usr/bin/git submodule foreach --recursive sh -c "git config --local --name-only --get-regexp 'core\.sshCommand' && git config --local --unset-all 'core.sshCommand' || :"
2026-09-19T09:09:43.3026758Z [command]/usr/bin/git config --local --name-only --get-regexp http\.https\:\/\/github\.com\/\.extraheader
2026-09-19T09:09:43.4081957Z http.https://github.com/.extraheader
2026-09-19T09:09:43.4128369Z [command]/usr/bin/git config --local --unset-all http.https://github.com/.extraheader
2026-09-19T09:09:43.4172606Z [command]/usr/bin/git submodule foreach --recursive sh -c "git config --local --name-only --get-regexp 'http\.https\:\/\/github\.com\/\.extraheader' && git config --local --unset-all 'http.https://github.com/.extraheader' || :"
2026-09-19T09:09:43.4422707Z [command]/usr/bin/git config --local --name-only --get-regexp ^includeIf\.gitdir:
2026-09-19T09:09:43.4457751Z [command]/usr/bin/git submodule foreach --recursive git config --local --show-origin --name-only --get-regexp remote.origin.url
2026-09-19T09:09:43.4760303Z ##[endgroup]
2026-09-19T09:09:43.4972624Z ##[group]Run python3 -m pip install -r tools/lean/requirements.txt
2026-09-19T09:09:43.4973192Z [36;1mpython3 -m pip install -r tools/lean/requirements.txt[0m
2026-09-19T09:09:43.4973644Z [36;1mpython3 tools/lean/validate_manifest.py "$LEAN_PROJECT"[0m
2026-09-19T09:09:43.5017243Z shell: /usr/bin/bash -e {0}
2026-09-19T09:09:43.5017509Z env:
2026-09-19T09:09:43.5017776Z   LEAN_PROJECT: matrix-functions-and-stability/MF-14/lean
2026-09-19T09:09:43.5018332Z ##[endgroup]
2026-09-19T09:09:44.8420850Z Defaulting to user installation because normal site-packages is not writeable
2026-09-19T09:09:45.6739534Z Collecting PyYAML==6.0.3 (from -r tools/lean/requirements.txt (line 1))
2026-09-19T09:09:45.7022955Z   Downloading pyyaml-6.0.3-cp312-cp312-manylinux2014_x86_64.manylinux_2_17_x86_64.manylinux_2_28_x86_64.whl.metadata (2.4 kB)
2026-09-19T09:09:45.7394964Z Collecting jsonschema==4.26.0 (from -r tools/lean/requirements.txt (line 2))
2026-09-19T09:09:45.7425245Z   Downloading jsonschema-4.26.0-py3-none-any.whl.metadata (7.6 kB)
2026-09-19T09:09:45.7594751Z Requirement already satisfied: attrs>=22.2.0 in /usr/lib/python3/dist-packages (from jsonschema==4.26.0->-r tools/lean/requirements.txt (line 2)) (23.2.0)
2026-09-19T09:09:45.7776986Z Collecting jsonschema-specifications>=2023.03.6 (from jsonschema==4.26.0->-r tools/lean/requirements.txt (line 2))
2026-09-19T09:09:45.7808110Z   Downloading jsonschema_specifications-2025.9.1-py3-none-any.whl.metadata (2.9 kB)
2026-09-19T09:09:45.8191428Z Collecting referencing>=0.28.4 (from jsonschema==4.26.0->-r tools/lean/requirements.txt (line 2))
2026-09-19T09:09:45.8224228Z   Downloading referencing-0.37.0-py3-none-any.whl.metadata (2.8 kB)
2026-09-19T09:09:46.1397172Z Collecting rpds-py>=0.25.0 (from jsonschema==4.26.0->-r tools/lean/requirements.txt (line 2))
2026-09-19T09:09:46.1433325Z   Downloading rpds_py-2026.6.3-cp312-cp312-manylinux_2_17_x86_64.manylinux2014_x86_64.whl.metadata (4.1 kB)
2026-09-19T09:09:46.1769116Z Requirement already satisfied: typing-extensions>=4.4.0 in /usr/lib/python3/dist-packages (from referencing>=0.28.4->jsonschema==4.26.0->-r tools/lean/requirements.txt (line 2)) (4.10.0)
2026-09-19T09:09:46.1832961Z Downloading pyyaml-6.0.3-cp312-cp312-manylinux2014_x86_64.manylinux_2_17_x86_64.manylinux_2_28_x86_64.whl (807 kB)
2026-09-19T09:09:46.1983638Z    ━━━━━━━━━━━━━━━━━━━━━━━━━━━━━━━━━━━━━━━━ 807.9/807.9 kB 64.6 MB/s eta 0:00:00
2026-09-19T09:09:46.2016460Z Downloading jsonschema-4.26.0-py3-none-any.whl (90 kB)
2026-09-19T09:09:46.2057888Z    ━━━━━━━━━━━━━━━━━━━━━━━━━━━━━━━━━━━━━━━━ 90.6/90.6 kB 35.2 MB/s eta 0:00:00
2026-09-19T09:09:46.2089994Z Downloading jsonschema_specifications-2025.9.1-py3-none-any.whl (18 kB)
2026-09-19T09:09:46.2140266Z Downloading referencing-0.37.0-py3-none-any.whl (26 kB)
2026-09-19T09:09:46.2233327Z Downloading rpds_py-2026.6.3-cp312-cp312-manylinux_2_17_x86_64.manylinux2014_x86_64.whl (366 kB)
2026-09-19T09:09:46.2290586Z    ━━━━━━━━━━━━━━━━━━━━━━━━━━━━━━━━━━━━━━━━ 366.2/366.2 kB 88.3 MB/s eta 0:00:00
2026-09-19T09:09:46.5277549Z Installing collected packages: rpds-py, PyYAML, referencing, jsonschema-specifications, jsonschema
2026-09-19T09:09:46.6976107Z Successfully installed PyYAML-6.0.3 jsonschema-4.26.0 jsonschema-specifications-2025.9.1 referencing-0.37.0 rpds-py-2026.6.3
2026-09-19T09:09:46.9382324Z Manifest schema and comparator coverage: PASS (25 declarations)
2026-09-19T09:09:46.9610463Z ##[group]Run actions/setup-go@924ae3a1cded613372ab5595356fb5720e22ba16
2026-09-19T09:09:46.9610869Z with:
2026-09-19T09:09:46.9611065Z   go-version: 1.27.1
2026-09-19T09:09:46.9611278Z   cache: false
2026-09-19T09:09:46.9611472Z   check-latest: false
2026-09-19T09:09:46.9614391Z   token: ***
2026-09-19T09:09:46.9614610Z ##[endgroup]
2026-09-19T09:09:47.0907130Z Setup go version spec 1.27.1
2026-09-19T09:09:47.0920901Z Attempting to download 1.27.1...
2026-09-19T09:09:47.7754483Z matching 1.27.1...
2026-09-19T09:09:47.7793157Z Acquiring 1.27.1 from https://github.com/actions/go-versions/releases/download/1.27.1-33583469715/go-1.27.1-linux-x64.tar.gz
2026-09-19T09:09:48.2763668Z Extracting Go...
2026-09-19T09:09:48.2876856Z [command]/usr/bin/tar xz --warning=no-unknown-keyword --overwrite -C /home/runner/work/_temp/15c29e3e-9fb5-431a-904a-465d7536a933 -f /home/runner/work/_temp/bd39a62b-cab8-4f45-a825-cdb74338d044
2026-09-19T09:09:50.0909742Z Successfully extracted go to /home/runner/work/_temp/15c29e3e-9fb5-431a-904a-465d7536a933
2026-09-19T09:09:50.0910309Z Adding to the cache ...
2026-09-19T09:09:56.1497550Z Successfully cached go to /opt/hostedtoolcache/go/1.27.1/x64
2026-09-19T09:09:56.1501130Z Added go to the path
2026-09-19T09:09:56.1503857Z Successfully set up Go version 1.27.1
2026-09-19T09:09:56.1741034Z go version go1.27.1 linux/amd64
2026-09-19T09:09:56.1741243Z 
2026-09-19T09:09:56.1741711Z ##[group]go env
2026-09-19T09:09:56.8274404Z AR='ar'
2026-09-19T09:09:56.8275033Z CC='gcc'
2026-09-19T09:09:56.8275648Z CGO_CFLAGS='-O2 -g'
2026-09-19T09:09:56.8276230Z CGO_CPPFLAGS=''
2026-09-19T09:09:56.8278373Z CGO_CXXFLAGS='-O2 -g'
2026-09-19T09:09:56.8279027Z CGO_ENABLED='1'
2026-09-19T09:09:56.8279846Z CGO_FFLAGS='-O2 -g'
2026-09-19T09:09:56.8280233Z CGO_LDFLAGS='-O2 -g'
2026-09-19T09:09:56.8280605Z CXX='g++'
2026-09-19T09:09:56.8280937Z GCCGO='gccgo'
2026-09-19T09:09:56.8281352Z GO111MODULE=''
2026-09-19T09:09:56.8282263Z GOAMD64='v1'
2026-09-19T09:09:56.8282622Z GOARCH='amd64'
2026-09-19T09:09:56.8283051Z GOAUTH='netrc'
2026-09-19T09:09:56.8283408Z GOBIN='/home/runner/go/bin'
2026-09-19T09:09:56.8283857Z GOCACHE='/home/runner/.cache/go-build'
2026-09-19T09:09:56.8284315Z GOCACHEPROG=''
2026-09-19T09:09:56.8284650Z GODEBUG=''
2026-09-19T09:09:56.8285004Z GOENV='/home/runner/.config/go/env'
2026-09-19T09:09:56.8285431Z GOEXE=''
2026-09-19T09:09:56.8285747Z GOEXPERIMENT=''
2026-09-19T09:09:56.8286085Z GOFIPS140='off'
2026-09-19T09:09:56.8286407Z GOFLAGS=''
2026-09-19T09:09:56.8287568Z GOGCCFLAGS='-fPIC -m64 -pthread -Wl,--no-gc-sections -fmessage-length=0 -ffile-prefix-map=/tmp/go-build1426354080=/tmp/go-build -gno-record-gcc-switches'
2026-09-19T09:09:56.8288693Z GOHOSTARCH='amd64'
2026-09-19T09:09:56.8288908Z GOHOSTOS='linux'
2026-09-19T09:09:56.8289110Z GOINSECURE=''
2026-09-19T09:09:56.8289306Z GOMOD='/dev/null'
2026-09-19T09:09:56.8289538Z GOMODCACHE='/home/runner/go/pkg/mod'
2026-09-19T09:09:56.8289813Z GONOPROXY=''
2026-09-19T09:09:56.8290001Z GONOSUMDB=''
2026-09-19T09:09:56.8290188Z GOOS='linux'
2026-09-19T09:09:56.8290383Z GOPACKAGESDRIVER=''
2026-09-19T09:09:56.8290602Z GOPATH='/home/runner/go'
2026-09-19T09:09:56.8290833Z GOPRIVATE=''
2026-09-19T09:09:56.8291084Z GOPROXY='https://proxy.golang.org,direct'
2026-09-19T09:09:56.8291424Z GOROOT='/opt/hostedtoolcache/go/1.27.1/x64'
2026-09-19T09:09:56.8291725Z GOSUMDB='sum.golang.org'
2026-09-19T09:09:56.8292276Z GOTELEMETRY='local'
2026-09-19T09:09:56.8292745Z GOTELEMETRYDIR='/home/runner/.config/go/telemetry'
2026-09-19T09:09:56.8293293Z GOTMPDIR=''
2026-09-19T09:09:56.8293643Z GOTOOLCHAIN='local'
2026-09-19T09:09:56.8294214Z GOTOOLDIR='/opt/hostedtoolcache/go/1.27.1/x64/pkg/tool/linux_amd64'
2026-09-19T09:09:56.8294882Z GOVCS=''
2026-09-19T09:09:56.8295245Z GOVERSION='go1.27.1'
2026-09-19T09:09:56.8295635Z GOWORK=''
2026-09-19T09:09:56.8296015Z PKG_CONFIG='pkg-config'
2026-09-19T09:09:56.8296262Z 
2026-09-19T09:09:56.8296583Z ##[endgroup]
2026-09-19T09:09:56.8749125Z ##[group]Run leanprover/lean-action@96e06131c0e9943c780388fd166f55d1e2fa0433
2026-09-19T09:09:56.8749550Z with:
2026-09-19T09:09:56.8749872Z   lake-package-directory: matrix-functions-and-stability/MF-14/lean
2026-09-19T09:09:56.8750260Z   auto-config: false
2026-09-19T09:09:56.8750471Z   build: false
2026-09-19T09:09:56.8750656Z   test: false
2026-09-19T09:09:56.8750839Z   lint: false
2026-09-19T09:09:56.8751131Z   use-mathlib-cache: false
2026-09-19T09:09:56.8751571Z   use-github-cache: false
2026-09-19T09:09:56.8752227Z   mk_all-check: false
2026-09-19T09:09:56.8752649Z   check-reservoir-eligibility: false
2026-09-19T09:09:56.8753139Z   leanchecker: false
2026-09-19T09:09:56.8753471Z   lean4checker: false
2026-09-19T09:09:56.8753787Z   nanoda: false
2026-09-19T09:09:56.8754095Z   nanoda-allow-sorry: true
2026-09-19T09:09:56.8754459Z   axiom-audit: false
2026-09-19T09:09:56.8754944Z   axiom-audit-allow: propext,Classical.choice,Quot.sound
2026-09-19T09:09:56.8755688Z   reinstall-transient-toolchain: false
2026-09-19T09:09:56.8756269Z env:
2026-09-19T09:09:56.8756566Z   GOTOOLCHAIN: local
2026-09-19T09:09:56.8756906Z ##[endgroup]
2026-09-19T09:09:56.8819930Z ##[start-action display=install elan;id=__leanprover_lean-action.__run]
2026-09-19T09:09:56.8842737Z ##[group]Run : Install Elan
2026-09-19T09:09:56.8843009Z [36;1m: Install Elan[0m
2026-09-19T09:09:56.8843287Z [36;1m${GITHUB_ACTION_PATH}/scripts/install_elan.sh[0m
2026-09-19T09:09:56.8884967Z shell: /usr/bin/bash --noprofile --norc -e -o pipefail {0}
2026-09-19T09:09:56.8885317Z env:
2026-09-19T09:09:56.8885527Z   GOTOOLCHAIN: local
2026-09-19T09:09:56.8885749Z ##[endgroup]
2026-09-19T09:09:56.8976632Z ##[group]Elan Installation Output
2026-09-19T09:09:56.9776874Z info: downloading installer
2026-09-19T09:09:57.7146105Z info: downloading https://releases.lean-lang.org/lean4/v4.33.1/lean-4.33.1-linux.tar.zst
2026-09-19T09:10:00.9159108Z info: installing /home/runner/.elan/toolchains/leanprover--lean4---v4.33.1
2026-09-19T09:10:07.7343550Z Lean (version 4.33.1, x86_64-unknown-linux-gnu, commit 819816b2e0a3bf405af45ae5c7af2491d8f5bee6, Release)
2026-09-19T09:10:07.9045796Z Lake version 5.0.0-src+819816b (Lean version 4.33.1)
2026-09-19T09:10:07.9081207Z ##[endgroup]
2026-09-19T09:10:07.9081468Z 
2026-09-19T09:10:07.9129366Z ##[end-action id=__leanprover_lean-action.__run;outcome=success;conclusion=success;duration_ms=11030]
2026-09-19T09:10:07.9134470Z ##[start-action display=configure `lean-action`;id=__leanprover_lean-action.config]
2026-09-19T09:10:07.9150930Z ##[group]Run : Configure Lean Action
2026-09-19T09:10:07.9151237Z [36;1m: Configure Lean Action[0m
2026-09-19T09:10:07.9151518Z [36;1m${GITHUB_ACTION_PATH}/scripts/config.sh[0m
2026-09-19T09:10:07.9188452Z shell: /usr/bin/bash --noprofile --norc -e -o pipefail {0}
2026-09-19T09:10:07.9188806Z env:
2026-09-19T09:10:07.9189000Z   GOTOOLCHAIN: local
2026-09-19T09:10:07.9189218Z   AUTO_CONFIG: false
2026-09-19T09:10:07.9189423Z   BUILD: false
2026-09-19T09:10:07.9189640Z   TEST: false
2026-09-19T09:10:07.9189824Z   LINT: false
2026-09-19T09:10:07.9190029Z ##[endgroup]
2026-09-19T09:10:07.9600493Z ##[group]Configure lean-action
2026-09-19T09:10:07.9657226Z ##[end-action id=__leanprover_lean-action.config;outcome=success;conclusion=success;duration_ms=52]
2026-09-19T09:10:07.9661520Z ##[start-action display=reinstall transient toolchain;id=__leanprover_lean-action.__run_2]
2026-09-19T09:10:07.9667433Z ##[end-action id=__leanprover_lean-action.__run_2;outcome=skipped;conclusion=skipped;duration_ms=0]
2026-09-19T09:10:07.9670149Z ##[start-action display=ensure all files are imported;id=__leanprover_lean-action.mk_all]
2026-09-19T09:10:07.9674067Z ##[end-action id=__leanprover_lean-action.mk_all;outcome=skipped;conclusion=skipped;duration_ms=0]
2026-09-19T09:10:07.9675995Z ##[start-action display=Run actions/cache/restore@v5;id=__leanprover_lean-action.__actions_cache]
2026-09-19T09:10:07.9679712Z ##[end-action id=__leanprover_lean-action.__actions_cache;outcome=skipped;conclusion=skipped;duration_ms=0]
2026-09-19T09:10:07.9681814Z ##[start-action display=detect mathlib;id=__leanprover_lean-action.detect-mathlib]
2026-09-19T09:10:07.9685647Z ##[end-action id=__leanprover_lean-action.detect-mathlib;outcome=skipped;conclusion=skipped;duration_ms=0]
2026-09-19T09:10:07.9687472Z ##[start-action display=get mathlib cache;id=__leanprover_lean-action.__run_3]
2026-09-19T09:10:07.9704036Z ##[end-action id=__leanprover_lean-action.__run_3;outcome=skipped;conclusion=skipped;duration_ms=0]
2026-09-19T09:10:07.9730425Z ##[start-action display=build sgstepaniants/OpenProblemsInNLA;id=__leanprover_lean-action.build]
2026-09-19T09:10:07.9735540Z ##[end-action id=__leanprover_lean-action.build;outcome=skipped;conclusion=skipped;duration_ms=0]
2026-09-19T09:10:07.9737505Z ##[start-action display=Run actions/cache/save@v5;id=__leanprover_lean-action.__actions_cache_2]
2026-09-19T09:10:07.9740914Z ##[end-action id=__leanprover_lean-action.__actions_cache_2;outcome=skipped;conclusion=skipped;duration_ms=0]
2026-09-19T09:10:07.9744440Z ##[start-action display=test sgstepaniants/OpenProblemsInNLA;id=__leanprover_lean-action.test]
2026-09-19T09:10:07.9748691Z ##[end-action id=__leanprover_lean-action.test;outcome=skipped;conclusion=skipped;duration_ms=0]
2026-09-19T09:10:07.9751437Z ##[start-action display=lint sgstepaniants/OpenProblemsInNLA;id=__leanprover_lean-action.lint]
2026-09-19T09:10:07.9756002Z ##[end-action id=__leanprover_lean-action.lint;outcome=skipped;conclusion=skipped;duration_ms=0]
2026-09-19T09:10:07.9757821Z ##[start-action display=check reservoir eligibility;id=__leanprover_lean-action.__run_4]
2026-09-19T09:10:07.9761132Z ##[end-action id=__leanprover_lean-action.__run_4;outcome=skipped;conclusion=skipped;duration_ms=0]
2026-09-19T09:10:07.9764232Z ##[start-action display=check environment with leanchecker;id=__leanprover_lean-action.__run_5]
2026-09-19T09:10:07.9768695Z ##[end-action id=__leanprover_lean-action.__run_5;outcome=skipped;conclusion=skipped;duration_ms=0]
2026-09-19T09:10:07.9771200Z ##[start-action display=check environment with nanoda;id=__leanprover_lean-action.nanoda]
2026-09-19T09:10:07.9774789Z ##[end-action id=__leanprover_lean-action.nanoda;outcome=skipped;conclusion=skipped;duration_ms=0]
2026-09-19T09:10:07.9777198Z ##[start-action display=audit axioms with axiom-audit;id=__leanprover_lean-action.axiom-audit]
2026-09-19T09:10:07.9780582Z ##[end-action id=__leanprover_lean-action.axiom-audit;outcome=skipped;conclusion=skipped;duration_ms=0]
2026-09-19T09:10:07.9830875Z ##[group]Run sudo apt-get update
2026-09-19T09:10:07.9831197Z [36;1msudo apt-get update[0m
2026-09-19T09:10:07.9831545Z [36;1msudo apt-get install -y bubblewrap dbus-user-session[0m
2026-09-19T09:10:07.9832198Z [36;1msudo sysctl -w kernel.apparmor_restrict_unprivileged_userns=0[0m
2026-09-19T09:10:07.9832619Z [36;1msudo loginctl enable-linger "$(id -un)"[0m
2026-09-19T09:10:07.9832962Z [36;1msudo systemctl start "user@$(id -u).service"[0m
2026-09-19T09:10:07.9833336Z [36;1mecho "XDG_RUNTIME_DIR=/run/user/$(id -u)" >> "$GITHUB_ENV"[0m
2026-09-19T09:10:07.9833858Z [36;1mecho "DBUS_SESSION_BUS_ADDRESS=unix:path=/run/user/$(id -u)/bus" >> "$GITHUB_ENV"[0m
2026-09-19T09:10:07.9867283Z shell: /usr/bin/bash -e {0}
2026-09-19T09:10:07.9867618Z env:
2026-09-19T09:10:07.9867894Z   GOTOOLCHAIN: local
2026-09-19T09:10:07.9868403Z ##[endgroup]
2026-09-19T09:10:08.9053842Z Get:1 file:/etc/apt/apt-mirrors.txt Mirrorlist [144 B]
2026-09-19T09:10:09.0665786Z Hit:2 http://azure.archive.ubuntu.com/ubuntu noble InRelease
2026-09-19T09:10:09.0666637Z Get:6 https://dl.google.com/linux/chrome-stable/deb stable InRelease [2548 B]
2026-09-19T09:10:09.0667501Z Get:7 https://packages.microsoft.com/ubuntu/24.04/prod noble InRelease [3600 B]
2026-09-19T09:10:09.0682864Z Get:3 http://azure.archive.ubuntu.com/ubuntu noble-updates InRelease [126 kB]
2026-09-19T09:10:09.1107385Z Get:4 http://azure.archive.ubuntu.com/ubuntu noble-backports InRelease [126 kB]
2026-09-19T09:10:09.1127559Z Get:5 http://azure.archive.ubuntu.com/ubuntu noble-security InRelease [126 kB]
2026-09-19T09:10:09.4917591Z Get:8 https://dl.google.com/linux/chrome-stable/deb stable/main amd64 Packages [1408 B]
2026-09-19T09:10:09.5219499Z Get:9 https://packages.microsoft.com/ubuntu/24.04/prod noble/main amd64 Packages [478 kB]
2026-09-19T09:10:09.5541581Z Get:10 https://packages.microsoft.com/ubuntu/24.04/prod noble/main arm64 Packages [429 kB]
2026-09-19T09:10:09.5818137Z Get:11 http://azure.archive.ubuntu.com/ubuntu noble-updates/main amd64 Packages [1275 kB]
2026-09-19T09:10:09.6205768Z Get:12 http://azure.archive.ubuntu.com/ubuntu noble-updates/main Translation-en [294 kB]
2026-09-19T09:10:09.7576896Z Get:13 http://azure.archive.ubuntu.com/ubuntu noble-updates/main amd64 Components [180 kB]
2026-09-19T09:10:09.7614619Z Get:14 http://azure.archive.ubuntu.com/ubuntu noble-updates/universe amd64 Packages [1689 kB]
2026-09-19T09:10:09.8064159Z Get:15 http://azure.archive.ubuntu.com/ubuntu noble-updates/universe Translation-en [338 kB]
2026-09-19T09:10:09.8102169Z Get:16 http://azure.archive.ubuntu.com/ubuntu noble-updates/universe amd64 Components [388 kB]
2026-09-19T09:10:09.8534799Z Get:17 http://azure.archive.ubuntu.com/ubuntu noble-updates/restricted amd64 Packages [1580 kB]
2026-09-19T09:10:09.8614102Z Get:18 http://azure.archive.ubuntu.com/ubuntu noble-updates/restricted Translation-en [359 kB]
2026-09-19T09:10:09.8623092Z Get:19 http://azure.archive.ubuntu.com/ubuntu noble-updates/multiverse amd64 Packages [45.7 kB]
2026-09-19T09:10:09.9152129Z Get:20 http://azure.archive.ubuntu.com/ubuntu noble-updates/multiverse Translation-en [13.1 kB]
2026-09-19T09:10:09.9628647Z Get:21 http://azure.archive.ubuntu.com/ubuntu noble-updates/multiverse amd64 Components [940 B]
2026-09-19T09:10:09.9639050Z Get:22 http://azure.archive.ubuntu.com/ubuntu noble-backports/main amd64 Packages [65.9 kB]
2026-09-19T09:10:09.9661060Z Get:23 http://azure.archive.ubuntu.com/ubuntu noble-backports/main amd64 Components [5764 B]
2026-09-19T09:10:09.9672142Z Get:24 http://azure.archive.ubuntu.com/ubuntu noble-backports/universe amd64 Packages [34.6 kB]
2026-09-19T09:10:09.9680840Z Get:25 http://azure.archive.ubuntu.com/ubuntu noble-backports/universe Translation-en [18.7 kB]
2026-09-19T09:10:09.9695149Z Get:26 http://azure.archive.ubuntu.com/ubuntu noble-backports/universe amd64 Components [12.6 kB]
2026-09-19T09:10:09.9712954Z Get:27 http://azure.archive.ubuntu.com/ubuntu noble-security/main amd64 Packages [1009 kB]
2026-09-19T09:10:10.0116561Z Get:28 http://azure.archive.ubuntu.com/ubuntu noble-security/main Translation-en [214 kB]
2026-09-19T09:10:10.0143000Z Get:29 http://azure.archive.ubuntu.com/ubuntu noble-security/main amd64 Components [46.3 kB]
2026-09-19T09:10:10.0144209Z Get:30 http://azure.archive.ubuntu.com/ubuntu noble-security/universe amd64 Packages [1208 kB]
2026-09-19T09:10:10.0198494Z Get:31 http://azure.archive.ubuntu.com/ubuntu noble-security/universe Translation-en [243 kB]
2026-09-19T09:10:10.0221020Z Get:32 http://azure.archive.ubuntu.com/ubuntu noble-security/universe amd64 Components [76.2 kB]
2026-09-19T09:10:10.0235722Z Get:33 http://azure.archive.ubuntu.com/ubuntu noble-security/restricted amd64 Packages [1449 kB]
2026-09-19T09:10:10.0318122Z Get:34 http://azure.archive.ubuntu.com/ubuntu noble-security/restricted Translation-en [336 kB]
2026-09-19T09:10:10.0824943Z Get:35 http://azure.archive.ubuntu.com/ubuntu noble-security/multiverse Translation-en [11.3 kB]
2026-09-19T09:10:14.2534266Z Fetched 12.2 MB in 2s (5944 kB/s)
2026-09-19T09:10:15.0377675Z Reading package lists...
2026-09-19T09:10:15.0678848Z Reading package lists...
2026-09-19T09:10:15.2303297Z Building dependency tree...
2026-09-19T09:10:15.2311132Z Reading state information...
2026-09-19T09:10:15.3730583Z dbus-user-session is already the newest version (1.14.10-4ubuntu4.1).
2026-09-19T09:10:15.3731354Z dbus-user-session set to manually installed.
2026-09-19T09:10:15.3731762Z The following NEW packages will be installed:
2026-09-19T09:10:15.3735797Z   bubblewrap
2026-09-19T09:10:15.3897431Z 0 upgraded, 1 newly installed, 0 to remove and 73 not upgraded.
2026-09-19T09:10:15.3898002Z Need to get 50.4 kB of archives.
2026-09-19T09:10:15.3898389Z After this operation, 133 kB of additional disk space will be used.
2026-09-19T09:10:15.3898957Z Get:1 file:/etc/apt/apt-mirrors.txt Mirrorlist [144 B]
2026-09-19T09:10:15.4373430Z Get:2 http://azure.archive.ubuntu.com/ubuntu noble-updates/main amd64 bubblewrap amd64 0.9.0-1ubuntu0.3 [50.4 kB]
2026-09-19T09:10:15.7346241Z Fetched 50.4 kB in 0s (441 kB/s)
2026-09-19T09:10:15.7556911Z Selecting previously unselected package bubblewrap.
2026-09-19T09:10:15.7815197Z (Reading database ... 
2026-09-19T09:10:15.7815755Z (Reading database ... 5%
2026-09-19T09:10:15.7816310Z (Reading database ... 10%
2026-09-19T09:10:15.7816858Z (Reading database ... 15%
2026-09-19T09:10:15.7817393Z (Reading database ... 20%
2026-09-19T09:10:15.7818321Z (Reading database ... 25%
2026-09-19T09:10:15.7818862Z (Reading database ... 30%
2026-09-19T09:10:15.7819358Z (Reading database ... 35%
2026-09-19T09:10:15.7819703Z (Reading database ... 40%
2026-09-19T09:10:15.7820029Z (Reading database ... 45%
2026-09-19T09:10:15.7820360Z (Reading database ... 50%
2026-09-19T09:10:15.7881416Z (Reading database ... 55%
2026-09-19T09:10:15.9231871Z (Reading database ... 60%
2026-09-19T09:10:16.1038624Z (Reading database ... 65%
2026-09-19T09:10:16.2691701Z (Reading database ... 70%
2026-09-19T09:10:16.4617498Z (Reading database ... 75%
2026-09-19T09:10:16.6278317Z (Reading database ... 80%
2026-09-19T09:10:16.8578563Z (Reading database ... 85%
2026-09-19T09:10:17.0652681Z (Reading database ... 90%
2026-09-19T09:10:17.2611278Z (Reading database ... 95%
2026-09-19T09:10:17.2612146Z (Reading database ... 100%
2026-09-19T09:10:17.2613017Z (Reading database ... 201818 files and directories currently installed.)
2026-09-19T09:10:17.2654787Z Preparing to unpack .../bubblewrap_0.9.0-1ubuntu0.3_amd64.deb ...
2026-09-19T09:10:17.2681361Z Unpacking bubblewrap (0.9.0-1ubuntu0.3) ...
2026-09-19T09:10:17.3095688Z Setting up bubblewrap (0.9.0-1ubuntu0.3) ...
2026-09-19T09:10:17.3146799Z Processing triggers for man-db (2.12.0-4build2) ...
2026-09-19T09:10:17.3166629Z Not building database; man-db/auto-update is not 'true'.
2026-09-19T09:10:17.9152703Z 
2026-09-19T09:10:17.9153385Z Running kernel seems to be up-to-date.
2026-09-19T09:10:17.9153706Z 
2026-09-19T09:10:17.9153872Z No services need to be restarted.
2026-09-19T09:10:17.9154182Z 
2026-09-19T09:10:17.9154375Z No containers need to be restarted.
2026-09-19T09:10:17.9155028Z 
2026-09-19T09:10:17.9155246Z No user sessions are running outdated binaries.
2026-09-19T09:10:17.9155556Z 
2026-09-19T09:10:17.9155866Z No VM guests are running outdated hypervisor (qemu) binaries on this host.
2026-09-19T09:10:18.8169556Z kernel.apparmor_restrict_unprivileged_userns = 0
2026-09-19T09:10:18.8483743Z ##[group]Run ulimit -n 65536
2026-09-19T09:10:18.8484054Z [36;1mulimit -n 65536[0m
2026-09-19T09:10:18.8484379Z [36;1mtools/lean/bootstrap.sh "$RUNNER_TEMP/nla-lean-tools"[0m
2026-09-19T09:10:18.8484878Z [36;1mtools/lean/verify.sh "$LEAN_PROJECT" "$RUNNER_TEMP/nla-lean-tools"[0m
2026-09-19T09:10:18.8521307Z shell: /usr/bin/bash -e {0}
2026-09-19T09:10:18.8521559Z env:
2026-09-19T09:10:18.8521752Z   GOTOOLCHAIN: local
2026-09-19T09:10:18.8522178Z   XDG_RUNTIME_DIR: /run/user/1001
2026-09-19T09:10:18.8522483Z   DBUS_SESSION_BUS_ADDRESS: unix:path=/run/user/1001/bus
2026-09-19T09:10:18.8522876Z   LEAN_PROJECT: matrix-functions-and-stability/MF-14/lean
2026-09-19T09:10:18.8523196Z ##[endgroup]
2026-09-19T09:10:19.7033899Z Running elan toolchain install leanprover/lean4:v4.33.1
2026-09-19T09:10:19.7034576Z Log: /home/runner/work/_temp/nla-lean-tools/logs/bootstrap/elan.log
2026-09-19T09:10:19.7055216Z info: toolchain 'leanprover/lean4:v4.33.1' is already installed
2026-09-19T09:10:19.7819700Z Running go build -mod=readonly -buildvcs=false -o /home/runner/work/_temp/nla-lean-tools/.tools/bin/landrun ./cmd/landrun
2026-09-19T09:10:19.7820464Z Log: /home/runner/work/_temp/nla-lean-tools/logs/bootstrap/landrun-build.log
2026-09-19T09:10:19.7865897Z go: downloading github.com/urfave/cli/v3 v3.6.2
2026-09-19T09:10:19.8033112Z go: downloading github.com/landlock-lsm/go-landlock v0.9.0
2026-09-19T09:10:19.8679636Z go: downloading golang.org/x/sys v0.40.0
2026-09-19T09:10:19.8681037Z go: downloading kernel.org/pub/linux/libs/security/libcap/psx v1.2.77
2026-09-19T09:10:29.0083231Z Running lake build lean4export comparator
2026-09-19T09:10:29.0083900Z Log: /home/runner/work/_temp/nla-lean-tools/logs/bootstrap/comparator-build.log
2026-09-19T09:10:29.5485753Z ✔ [3/20] Built Comparator.Util (420ms)
2026-09-19T09:10:29.7503035Z ✔ [4/20] Built Comparator.Util:c.o (229ms)
2026-09-19T09:10:30.9533704Z ✔ [5/20] Built Export.Parse (1.9s)
2026-09-19T09:10:31.7553323Z ✔ [6/20] Built Comparator.Axioms (740ms)
2026-09-19T09:10:32.0545652Z ✔ [7/20] Built Export (2.0s)
2026-09-19T09:10:32.2643461Z ✔ [8/20] Built Comparator.Axioms:c.o (562ms)
2026-09-19T09:10:32.6623382Z ✔ [9/20] Built Comparator.Compare (949ms)
2026-09-19T09:10:33.3602315Z ✔ [10/20] Built Comparator.Compare:c.o (661ms)
2026-09-19T09:10:33.7653422Z ✔ [11/20] Built Comparator (452ms)
2026-09-19T09:10:33.8633328Z ✔ [12/20] Built Main (1.5s)
2026-09-19T09:10:33.8662752Z ✔ [13/20] Built Comparator:c.o (110ms)
2026-09-19T09:10:34.1637927Z ✔ [14/20] Built Main:c.o (344ms)
2026-09-19T09:10:36.2695762Z ✔ [15/20] Built Main (2.4s)
2026-09-19T09:10:36.3697021Z ✔ [16/20] Built Export:c.o (4.3s)
2026-09-19T09:10:36.3697705Z ✔ [17/20] Built Export.Parse:c.o (5.4s)
2026-09-19T09:10:37.4758489Z ✔ [18/20] Built lean4export:exe (1.1s)
2026-09-19T09:10:37.5760359Z ✔ [19/20] Built Main:c.o (1.3s)
2026-09-19T09:10:38.2776788Z ✔ [20/20] Built comparator:exe (721ms)
2026-09-19T09:10:38.2782215Z Build completed successfully (20 jobs).
2026-09-19T09:10:38.5684461Z Tools built; isolation and checker controls run during verify. Receipt: /home/runner/work/_temp/nla-lean-tools/bootstrap.json
2026-09-19T09:10:38.9752150Z Running /usr/bin/timeout --kill-after=5s 45s systemd-run -p RuntimeMaxSec=40 --user --quiet --wait --pipe --collect -p 'RestrictAddressFamilies=~AF_UNIX' --working-directory /home/runner/work/_temp/nla-lean-tools /usr/bin/env -i PATH=/home/runner/.elan/toolchains/leanprover--lean4---v4.33.1/bin:/home/runner/.elan/bin:/home/runner/go/bin:/opt/hostedtoolcache/go/1.27.1/x64/bin:/snap/bin:/home/runner/.local/bin:/opt/pipx_bin:/home/runner/.cargo/bin:/home/runner/.config/composer/vendor/bin:/usr/local/.ghcup/bin:/home/runner/.dotnet/tools:/usr/local/sbin:/usr/local/bin:/usr/sbin:/usr/bin:/sbin:/bin:/usr/games:/usr/local/games:/snap/bin HOME=/home/runner LANG=C.UTF-8 XDG_RUNTIME_DIR=/run/user/1001 DBUS_SESSION_BUS_ADDRESS=unix:path=/run/user/1001/bus GIT_TERMINAL_PROMPT=0 GIT_CONFIG_NOSYSTEM=1 GIT_CONFIG_GLOBAL=/dev/null COMPARATOR_BIN=/home/runner/work/_temp/nla-lean-tools/.tools/comparator/.lake/build/bin/comparator COMPARATOR_LEAN4EXPORT=/home/runner/work/_temp/nla-lean-tools/.tools/lean4export/.lake/build/bin/lean4export COMPARATOR_LANDRUN=/home/runner/work/_temp/nla-lean-tools/scripts/strict_landrun.py XDG_CACHE_HOME=/home/runner/work/_temp/nla-lean-tools/.tools/cache TMPDIR=/home/runner/work/_temp/nla-lean-tools/.verification-tmp /usr/bin/true
2026-09-19T09:10:38.9758146Z Log: /home/runner/work/_temp/nla-lean-tools/logs/verify-20260919T091038Z-4108/user-service.log
2026-09-19T09:10:39.0188433Z Running python3 /home/runner/work/_temp/nla-lean-tools/reproduction/checks/sandbox_probe_ci.py
2026-09-19T09:10:39.0189221Z Log: /home/runner/work/_temp/nla-lean-tools/logs/verify-20260919T091038Z-4108/sandbox.log
2026-09-19T09:10:39.0519313Z START sandbox mode: build
2026-09-19T09:10:39.1356743Z START sandbox mode: export
2026-09-19T09:10:39.2227753Z START sandbox negative case: unknown option
2026-09-19T09:10:39.2627068Z START sandbox negative case: unexpected --rw
2026-09-19T09:10:39.2999971Z START sandbox negative case: unexpected --rwx
2026-09-19T09:10:39.3409944Z START sandbox negative case: relative --rwx
2026-09-19T09:10:39.3813626Z MODE build: exit=0
2026-09-19T09:10:39.3814343Z Running as unit: run-u2.service; invocation ID: a330c6929a4a4bc499d91d6073e628a1
2026-09-19T09:10:39.3815115Z PASS outside .lake write-open: denied errno=30
2026-09-19T09:10:39.3815643Z PASS outside .lake truncate: denied errno=30
2026-09-19T09:10:39.3816244Z PASS outside .lake read-only truncate-open: denied errno=30
2026-09-19T09:10:39.3816900Z PASS symlink from .lake to outside write: denied errno=30
2026-09-19T09:10:39.3817503Z PASS outside .lake creation: denied errno=30
2026-09-19T09:10:39.3817961Z PASS build .lake write: allowed
2026-09-19T09:10:39.3818387Z PASS user namespace: private
2026-09-19T09:10:39.3818784Z PASS pid namespace: private
2026-09-19T09:10:39.3819152Z PASS mnt namespace: private
2026-09-19T09:10:39.3819516Z PASS net namespace: private
2026-09-19T09:10:39.3819915Z PASS ipc namespace: private
2026-09-19T09:10:39.3820273Z PASS uts namespace: private
2026-09-19T09:10:39.3820676Z PASS host parent: absent from private /proc
2026-09-19T09:10:39.3821166Z PASS host parent signal lookup: denied errno=3
2026-09-19T09:10:39.3821716Z PASS host loopback listener: unreachable errno=13
2026-09-19T09:10:39.3822472Z PASS AF_UNIX socket creation: denied errno=97
2026-09-19T09:10:39.3822940Z PASS effective capabilities: none
2026-09-19T09:10:39.3823336Z PASS no_new_privs: set
2026-09-19T09:10:39.3823676Z Sandbox UID: 1001
2026-09-19T09:10:39.3824072Z PASS nested namespace write attempt: rejected exit=1
2026-09-19T09:10:39.3824574Z bwrap: setting up uid map: Permission denied
2026-09-19T09:10:39.3825020Z Finished with result: success
2026-09-19T09:10:39.3825476Z Main processes terminated with: code=exited/status=0
2026-09-19T09:10:39.3825961Z Service runtime: 70ms
2026-09-19T09:10:39.3826299Z CPU time consumed: 71ms
2026-09-19T09:10:39.3826680Z Memory peak: 256.0K
2026-09-19T09:10:39.3827009Z Memory swap peak: 0B
2026-09-19T09:10:39.3827216Z 
2026-09-19T09:10:39.3827354Z MODE export: exit=0
2026-09-19T09:10:39.3827883Z Running as unit: run-u3.service; invocation ID: 73efb0f7be4d467d8a98a8240aad0548
2026-09-19T09:10:39.3829061Z PASS outside .lake write-open: denied errno=30
2026-09-19T09:10:39.3829597Z PASS outside .lake truncate: denied errno=30
2026-09-19T09:10:39.3830167Z PASS outside .lake read-only truncate-open: denied errno=30
2026-09-19T09:10:39.3830789Z PASS symlink from .lake to outside write: denied errno=30
2026-09-19T09:10:39.3831339Z PASS outside .lake creation: denied errno=30
2026-09-19T09:10:39.3832015Z PASS export .lake write-open: denied errno=30
2026-09-19T09:10:39.3832536Z PASS export .lake truncate: denied errno=30
2026-09-19T09:10:39.3832997Z PASS user namespace: private
2026-09-19T09:10:39.3833377Z PASS pid namespace: private
2026-09-19T09:10:39.3833760Z PASS mnt namespace: private
2026-09-19T09:10:39.3834203Z PASS net namespace: private
2026-09-19T09:10:39.3834799Z PASS ipc namespace: private
2026-09-19T09:10:39.3835182Z PASS uts namespace: private
2026-09-19T09:10:39.3835593Z PASS host parent: absent from private /proc
2026-09-19T09:10:39.3836103Z PASS host parent signal lookup: denied errno=3
2026-09-19T09:10:39.3836637Z PASS host loopback listener: unreachable errno=13
2026-09-19T09:10:39.3837154Z PASS AF_UNIX socket creation: denied errno=97
2026-09-19T09:10:39.3837621Z PASS effective capabilities: none
2026-09-19T09:10:39.3838045Z PASS no_new_privs: set
2026-09-19T09:10:39.3838395Z Sandbox UID: 1001
2026-09-19T09:10:39.3838823Z PASS nested namespace write attempt: rejected exit=1
2026-09-19T09:10:39.3839387Z bwrap: setting up uid map: Permission denied
2026-09-19T09:10:39.3839855Z Finished with result: success
2026-09-19T09:10:39.3840326Z Main processes terminated with: code=exited/status=0
2026-09-19T09:10:39.3840798Z Service runtime: 70ms
2026-09-19T09:10:39.3841110Z CPU time consumed: 71ms
2026-09-19T09:10:39.3841423Z Memory peak: 256.0K
2026-09-19T09:10:39.3841763Z Memory swap peak: 0B
2026-09-19T09:10:39.3842173Z 
2026-09-19T09:10:39.3842358Z NEGATIVE unknown option: exit=2
2026-09-19T09:10:39.3843013Z Running as unit: run-u4.service; invocation ID: 0dcb559873694caeb7e47b6671153ffa
2026-09-19T09:10:39.3844056Z strict Comparator sandbox: unsupported Comparator Landrun option: --unrestricted-filesystem
2026-09-19T09:10:39.3844829Z Finished with result: exit-code
2026-09-19T09:10:39.3845305Z Main processes terminated with: code=exited/status=2
2026-09-19T09:10:39.3845795Z Service runtime: 26ms
2026-09-19T09:10:39.3846154Z CPU time consumed: 25ms
2026-09-19T09:10:39.3846513Z Memory peak: 256.0K
2026-09-19T09:10:39.3846844Z Memory swap peak: 0B
2026-09-19T09:10:39.3847047Z 
2026-09-19T09:10:39.3847223Z NEGATIVE unexpected --rw: exit=2
2026-09-19T09:10:39.3847878Z Running as unit: run-u5.service; invocation ID: 6e654cbdb1af440fadeb195d24c64101
2026-09-19T09:10:39.3848726Z strict Comparator sandbox: only private /dev may be passed with --rw
2026-09-19T09:10:39.3849406Z Finished with result: exit-code
2026-09-19T09:10:39.3849903Z Main processes terminated with: code=exited/status=2
2026-09-19T09:10:39.3850419Z Service runtime: 27ms
2026-09-19T09:10:39.3850802Z CPU time consumed: 27ms
2026-09-19T09:10:39.3851183Z Memory peak: 512.0K
2026-09-19T09:10:39.3851533Z Memory swap peak: 0B
2026-09-19T09:10:39.3851749Z 
2026-09-19T09:10:39.3852375Z NEGATIVE unexpected --rwx: exit=2
2026-09-19T09:10:39.3853090Z Running as unit: run-u6.service; invocation ID: 92b7d18b3a31439a9c1400169e7db02a
2026-09-19T09:10:39.3853988Z strict Comparator sandbox: only this project's existing .lake may be writable
2026-09-19T09:10:39.3854684Z Finished with result: exit-code
2026-09-19T09:10:39.3855125Z Main processes terminated with: code=exited/status=2
2026-09-19T09:10:39.3855628Z Service runtime: 26ms
2026-09-19T09:10:39.3856015Z CPU time consumed: 26ms
2026-09-19T09:10:39.3856427Z Memory peak: 256.0K
2026-09-19T09:10:39.3856768Z Memory swap peak: 0B
2026-09-19T09:10:39.3856983Z 
2026-09-19T09:10:39.3857165Z NEGATIVE relative --rwx: exit=2
2026-09-19T09:10:39.3857819Z Running as unit: run-u7.service; invocation ID: 0f99e16503a747e09cb0f16157e77c1b
2026-09-19T09:10:39.3858744Z strict Comparator sandbox: only this project's existing .lake may be writable
2026-09-19T09:10:39.3859651Z Finished with result: exit-code
2026-09-19T09:10:39.3860095Z Main processes terminated with: code=exited/status=2
2026-09-19T09:10:39.3860616Z Service runtime: 26ms
2026-09-19T09:10:39.3860980Z CPU time consumed: 26ms
2026-09-19T09:10:39.3861353Z Memory peak: 256.0K
2026-09-19T09:10:39.3861696Z Memory swap peak: 0B
2026-09-19T09:10:39.3862172Z 
2026-09-19T09:10:39.3862615Z Outer and export fixture contents unchanged; only designated build fixture written.
2026-09-19T09:10:39.3898686Z Running bash /home/runner/work/_temp/nla-lean-tools/reproduction/checks/run_replay.sh
2026-09-19T09:10:39.3899454Z Log: /home/runner/work/_temp/nla-lean-tools/logs/verify-20260919T091038Z-4108/kernel-controls.log
2026-09-19T09:10:39.4491497Z Replay probe: RestrictAddressFamilies=~AF_UNIX (deny AF_UNIX sockets).
2026-09-19T09:10:39.5042310Z Lean (version 4.33.1, x86_64-unknown-linux-gnu, Release)
2026-09-19T09:10:39.5397321Z /home/runner/.elan/toolchains/leanprover--lean4---v4.33.1/lib/lean/Init.olean
2026-09-19T09:10:39.5398037Z /home/runner/.elan/toolchains/leanprover--lean4---v4.33.1/lib/lean/Init.olean
2026-09-19T09:10:39.5398689Z /home/runner/work/_temp/nla-lean-tools/.tools/comparator/.lake/build/lib/lean/Main.olean
2026-09-19T09:10:40.8550060Z Trusted base fixture: 11 constants
2026-09-19T09:10:40.8550687Z BEGIN honest_with_inductives_and_quotients
2026-09-19T09:10:40.8551209Z Running Lean default kernel on solution.
2026-09-19T09:10:40.8551557Z Lean default kernel accepts the solution
2026-09-19T09:10:40.8552319Z RETURN honest_with_inductives_and_quotients: accepted
2026-09-19T09:10:40.8552752Z BEGIN invalid_raw_proof
2026-09-19T09:10:40.8553034Z Running Lean default kernel on solution.
2026-09-19T09:10:40.8553371Z Lean default kernel rejects the solution
2026-09-19T09:10:40.8553943Z RETURN invalid_raw_proof: rejected: while replaying declaration 'PinnedReplayProbe.invalid':
2026-09-19T09:10:40.8554627Z (kernel) declaration type mismatch, 'PinnedReplayProbe.invalid' has type
2026-09-19T09:10:40.8555072Z   True
2026-09-19T09:10:40.8555294Z but it is expected to have type
2026-09-19T09:10:40.8555563Z   False
2026-09-19T09:10:40.8555790Z BEGIN quotient_postcheck_mismatch
2026-09-19T09:10:40.8556105Z Running Lean default kernel on solution.
2026-09-19T09:10:40.8556439Z Lean default kernel accepts the solution
2026-09-19T09:10:40.8556779Z Quotient post-check rejects the solution
2026-09-19T09:10:40.8557283Z RETURN quotient_postcheck_mismatch: rejected: Quotient constant mismatch on: Quot.lift
2026-09-19T09:10:40.8557952Z PASS: all three actual Comparator.runBuiltinKernel cases behaved as required
2026-09-19T09:10:40.9496923Z Running python3 /home/runner/work/_temp/nla-lean-tools/reproduction/checks/comparator_regressions.py
2026-09-19T09:10:40.9498077Z Log: /home/runner/work/_temp/nla-lean-tools/logs/verify-20260919T091038Z-4108/comparator-controls.log
2026-09-19T09:10:40.9837925Z Comparator regressions: RestrictAddressFamilies=~AF_UNIX; .tools/env.sh selects the real strict sandbox.
2026-09-19T09:10:40.9847661Z 
2026-09-19T09:10:40.9847868Z CASE simple_match
2026-09-19T09:10:43.0839530Z info: ComparatorRegression: no previous manifest, creating one from scratch
2026-09-19T09:10:43.0840630Z info: toolchain not updated; already up-to-date
2026-09-19T09:10:43.0841328Z Building Challenge
2026-09-19T09:10:43.0842424Z ⚠ [2/3] Built Challenge (235ms)
2026-09-19T09:10:43.0843111Z warning: Challenge.lean:1:8: declaration uses `sorry`
2026-09-19T09:10:43.0843888Z Build completed successfully (3 jobs).
2026-09-19T09:10:43.0846195Z Exporting #[Quot, Quot.mk, Quot.lift, Quot.ind, comm, propext, Quot.sound, Classical.choice, Nat.add, Nat.sub, Nat.mul, Nat.pow, Nat.gcd, Nat.div, Nat.mod, Nat.beq, Nat.ble, Nat.land, Nat.lor, Nat.xor, Nat.shiftLeft, Nat.shiftRight, String.ofList, Char.ofNat, List, eagerReduce, Nat, String, String.mk, Char, optParam, autoParam, semiOutParam, outParam] from Challenge
2026-09-19T09:10:43.0848911Z Building Solution
2026-09-19T09:10:43.0849415Z ✔ [2/3] Built Solution (233ms)
2026-09-19T09:10:43.0850258Z Build completed successfully (3 jobs).
2026-09-19T09:10:43.0852892Z Exporting #[Quot, Quot.mk, Quot.lift, Quot.ind, comm, propext, Quot.sound, Classical.choice, Nat.add, Nat.sub, Nat.mul, Nat.pow, Nat.gcd, Nat.div, Nat.mod, Nat.beq, Nat.ble, Nat.land, Nat.lor, Nat.xor, Nat.shiftLeft, Nat.shiftRight, String.ofList, Char.ofNat, List, eagerReduce, Nat, String, String.mk, Char, optParam, autoParam, semiOutParam, outParam] from Solution
2026-09-19T09:10:43.0855330Z Running Lean default kernel on solution.
2026-09-19T09:10:43.0855884Z Lean default kernel accepts the solution
2026-09-19T09:10:43.0856440Z Your solution is okay!
2026-09-19T09:10:43.0857151Z PASS simple_match: exit 0, expected 0; required phase: Your solution is okay!
2026-09-19T09:10:43.0857852Z 
2026-09-19T09:10:43.0858311Z CASE simple_mismatch
2026-09-19T09:10:44.9751822Z info: ComparatorRegression: no previous manifest, creating one from scratch
2026-09-19T09:10:44.9752974Z info: toolchain not updated; already up-to-date
2026-09-19T09:10:44.9753592Z Building Challenge
2026-09-19T09:10:44.9754452Z ⚠ [2/3] Built Challenge (227ms)
2026-09-19T09:10:44.9755137Z warning: Challenge.lean:1:8: declaration uses `sorry`
2026-09-19T09:10:44.9755907Z Build completed successfully (3 jobs).
2026-09-19T09:10:44.9759104Z Exporting #[Quot, Quot.mk, Quot.lift, Quot.ind, comm, propext, Quot.sound, Classical.choice, Nat.add, Nat.sub, Nat.mul, Nat.pow, Nat.gcd, Nat.div, Nat.mod, Nat.beq, Nat.ble, Nat.land, Nat.lor, Nat.xor, Nat.shiftLeft, Nat.shiftRight, String.ofList, Char.ofNat, List, eagerReduce, Nat, String, String.mk, Char, optParam, autoParam, semiOutParam, outParam] from Challenge
2026-09-19T09:10:44.9762294Z Building Solution
2026-09-19T09:10:44.9762948Z ✔ [2/3] Built Solution (214ms)
2026-09-19T09:10:44.9763541Z Build completed successfully (3 jobs).
2026-09-19T09:10:44.9765220Z Exporting #[Quot, Quot.mk, Quot.lift, Quot.ind, comm, propext, Quot.sound, Classical.choice, Nat.add, Nat.sub, Nat.mul, Nat.pow, Nat.gcd, Nat.div, Nat.mod, Nat.beq, Nat.ble, Nat.land, Nat.lor, Nat.xor, Nat.shiftLeft, Nat.shiftRight, String.ofList, Char.ofNat, List, eagerReduce, Nat, String, String.mk, Char, optParam, autoParam, semiOutParam, outParam] from Solution
2026-09-19T09:10:44.9767083Z uncaught exception: Challenge and solution constant kind don't match: 'comm'
2026-09-19T09:10:44.9767772Z PASS simple_mismatch: exit 1, expected 1; required phase: Challenge and solution constant kind don't match: 'comm'
2026-09-19T09:10:44.9768218Z 
2026-09-19T09:10:44.9768316Z CASE simple_axiom_issue
2026-09-19T09:10:46.8568797Z info: ComparatorRegression: no previous manifest, creating one from scratch
2026-09-19T09:10:46.8569703Z info: toolchain not updated; already up-to-date
2026-09-19T09:10:46.8570253Z Building Challenge
2026-09-19T09:10:46.8571030Z ⚠ [2/3] Built Challenge (228ms)
2026-09-19T09:10:46.8571632Z warning: Challenge.lean:1:8: declaration uses `sorry`
2026-09-19T09:10:46.8572587Z Build completed successfully (3 jobs).
2026-09-19T09:10:46.8575289Z Exporting #[Quot, Quot.mk, Quot.lift, Quot.ind, comm, propext, Quot.sound, Classical.choice, Nat.add, Nat.sub, Nat.mul, Nat.pow, Nat.gcd, Nat.div, Nat.mod, Nat.beq, Nat.ble, Nat.land, Nat.lor, Nat.xor, Nat.shiftLeft, Nat.shiftRight, String.ofList, Char.ofNat, List, eagerReduce, Nat, String, String.mk, Char, optParam, autoParam, semiOutParam, outParam] from Challenge
2026-09-19T09:10:46.8577900Z Building Solution
2026-09-19T09:10:46.8578428Z ✔ [2/3] Built Solution (229ms)
2026-09-19T09:10:46.8578906Z Build completed successfully (3 jobs).
2026-09-19T09:10:46.8580835Z Exporting #[Quot, Quot.mk, Quot.lift, Quot.ind, comm, propext, Quot.sound, Classical.choice, Nat.add, Nat.sub, Nat.mul, Nat.pow, Nat.gcd, Nat.div, Nat.mod, Nat.beq, Nat.ble, Nat.land, Nat.lor, Nat.xor, Nat.shiftLeft, Nat.shiftRight, String.ofList, Char.ofNat, List, eagerReduce, Nat, String, String.mk, Char, optParam, autoParam, semiOutParam, outParam] from Solution
2026-09-19T09:10:46.8582654Z uncaught exception: Illegal axiom detected: 'helper'
2026-09-19T09:10:46.8583639Z PASS simple_axiom_issue: exit 1, expected 1; required phase: Illegal axiom detected: 'helper'
2026-09-19T09:10:46.8584027Z 
2026-09-19T09:10:46.8584131Z CASE simple_kind_mismatch
2026-09-19T09:10:48.7430544Z info: ComparatorRegression: no previous manifest, creating one from scratch
2026-09-19T09:10:48.7431174Z info: toolchain not updated; already up-to-date
2026-09-19T09:10:48.7431793Z Building Challenge
2026-09-19T09:10:48.7432822Z ⚠ [2/3] Built Challenge (232ms)
2026-09-19T09:10:48.7433422Z warning: Challenge.lean:1:8: declaration uses `sorry`
2026-09-19T09:10:48.7434056Z Build completed successfully (3 jobs).
2026-09-19T09:10:48.7436485Z Exporting #[Quot, Quot.mk, Quot.lift, Quot.ind, comm, propext, Quot.sound, Classical.choice, Nat.add, Nat.sub, Nat.mul, Nat.pow, Nat.gcd, Nat.div, Nat.mod, Nat.beq, Nat.ble, Nat.land, Nat.lor, Nat.xor, Nat.shiftLeft, Nat.shiftRight, String.ofList, Char.ofNat, List, eagerReduce, Nat, String, String.mk, Char, optParam, autoParam, semiOutParam, outParam] from Challenge
2026-09-19T09:10:48.7438353Z Building Solution
2026-09-19T09:10:48.7439003Z ✔ [2/3] Built Solution (230ms)
2026-09-19T09:10:48.7439541Z Build completed successfully (3 jobs).
2026-09-19T09:10:48.7441573Z Exporting #[Quot, Quot.mk, Quot.lift, Quot.ind, comm, propext, Quot.sound, Classical.choice, Nat.add, Nat.sub, Nat.mul, Nat.pow, Nat.gcd, Nat.div, Nat.mod, Nat.beq, Nat.ble, Nat.land, Nat.lor, Nat.xor, Nat.shiftLeft, Nat.shiftRight, String.ofList, Char.ofNat, List, eagerReduce, Nat, String, String.mk, Char, optParam, autoParam, semiOutParam, outParam] from Solution
2026-09-19T09:10:48.7444185Z uncaught exception: Illegal axiom detected: 'helper'
2026-09-19T09:10:48.7445143Z PASS simple_kind_mismatch: exit 1, expected 1; required phase: Illegal axiom detected: 'helper'
2026-09-19T09:10:48.7445717Z 
2026-09-19T09:10:48.7446223Z CASE type_mismatch
2026-09-19T09:10:50.6455296Z info: ComparatorRegression: no previous manifest, creating one from scratch
2026-09-19T09:10:50.6456173Z info: toolchain not updated; already up-to-date
2026-09-19T09:10:50.6456835Z Building Challenge
2026-09-19T09:10:50.6457623Z ✔ [2/3] Built Challenge (228ms)
2026-09-19T09:10:50.6458141Z Build completed successfully (3 jobs).
2026-09-19T09:10:50.6460195Z Exporting #[Quot, Quot.mk, Quot.lift, Quot.ind, checked, propext, Quot.sound, Classical.choice, Nat.add, Nat.sub, Nat.mul, Nat.pow, Nat.gcd, Nat.div, Nat.mod, Nat.beq, Nat.ble, Nat.land, Nat.lor, Nat.xor, Nat.shiftLeft, Nat.shiftRight, String.ofList, Char.ofNat, List, eagerReduce, Nat, String, String.mk, Char, optParam, autoParam, semiOutParam, outParam] from Challenge
2026-09-19T09:10:50.6463708Z Building Solution
2026-09-19T09:10:50.6464082Z ✔ [2/3] Built Solution (224ms)
2026-09-19T09:10:50.6464416Z Build completed successfully (3 jobs).
2026-09-19T09:10:50.6466185Z Exporting #[Quot, Quot.mk, Quot.lift, Quot.ind, checked, propext, Quot.sound, Classical.choice, Nat.add, Nat.sub, Nat.mul, Nat.pow, Nat.gcd, Nat.div, Nat.mod, Nat.beq, Nat.ble, Nat.land, Nat.lor, Nat.xor, Nat.shiftLeft, Nat.shiftRight, String.ofList, Char.ofNat, List, eagerReduce, Nat, String, String.mk, Char, optParam, autoParam, semiOutParam, outParam] from Solution
2026-09-19T09:10:50.6468034Z uncaught exception: Challenge and solution theorem statement do not match: 'checked'
2026-09-19T09:10:50.6468911Z PASS type_mismatch: exit 1, expected 1; required phase: Challenge and solution theorem statement do not match: 'checked'
2026-09-19T09:10:50.6492417Z PASS: all five Comparator regressions
2026-09-19T09:10:50.6564060Z Running systemd-run --user --quiet --wait --pipe --collect -p 'RestrictAddressFamilies=~AF_UNIX' --working-directory /home/runner/work/_temp/nla-lean-tools/.verification-tmp/nla-axiom-1907zh52 /usr/bin/env -i PATH=/home/runner/.elan/toolchains/leanprover--lean4---v4.33.1/bin:/home/runner/.elan/bin:/home/runner/go/bin:/opt/hostedtoolcache/go/1.27.1/x64/bin:/snap/bin:/home/runner/.local/bin:/opt/pipx_bin:/home/runner/.cargo/bin:/home/runner/.config/composer/vendor/bin:/usr/local/.ghcup/bin:/home/runner/.dotnet/tools:/usr/local/sbin:/usr/local/bin:/usr/sbin:/usr/bin:/sbin:/bin:/usr/games:/usr/local/games:/snap/bin HOME=/home/runner LANG=C.UTF-8 XDG_RUNTIME_DIR=/run/user/1001 DBUS_SESSION_BUS_ADDRESS=unix:path=/run/user/1001/bus GIT_TERMINAL_PROMPT=0 GIT_CONFIG_NOSYSTEM=1 GIT_CONFIG_GLOBAL=/dev/null COMPARATOR_BIN=/home/runner/work/_temp/nla-lean-tools/.tools/comparator/.lake/build/bin/comparator COMPARATOR_LEAN4EXPORT=/home/runner/work/_temp/nla-lean-tools/.tools/lean4export/.lake/build/bin/lean4export COMPARATOR_LANDRUN=/home/runner/work/_temp/nla-lean-tools/scripts/strict_landrun.py XDG_CACHE_HOME=/home/runner/work/_temp/nla-lean-tools/.tools/cache TMPDIR=/home/runner/work/_temp/nla-lean-tools/.verification-tmp lake env /home/runner/work/_temp/nla-lean-tools/.tools/comparator/.lake/build/bin/comparator comparator.json
2026-09-19T09:10:50.6570581Z Log: /home/runner/work/_temp/nla-lean-tools/logs/verify-20260919T091038Z-4108/negative-sorry.log
2026-09-19T09:10:50.7047416Z info: NlaAxiomFixture: no previous manifest, creating one from scratch
2026-09-19T09:10:50.7048220Z info: toolchain not updated; already up-to-date
2026-09-19T09:10:50.7821414Z Building Challenge
2026-09-19T09:10:51.7740495Z ✔ [2/3] Built Challenge (811ms)
2026-09-19T09:10:51.7744841Z Build completed successfully (3 jobs).
2026-09-19T09:10:52.7326578Z Exporting #[Quot, Quot.mk, Quot.lift, Quot.ind, checked, Classical.choice, Quot.sound, propext, Nat.add, Nat.sub, Nat.mul, Nat.pow, Nat.gcd, Nat.div, Nat.mod, Nat.beq, Nat.ble, Nat.land, Nat.lor, Nat.xor, Nat.shiftLeft, Nat.shiftRight, String.ofList, Char.ofNat, List, eagerReduce, Nat, String, String.mk, Char, optParam, autoParam, semiOutParam, outParam] from Challenge
2026-09-19T09:10:52.7328489Z Building Solution
2026-09-19T09:10:53.7386465Z ⚠ [2/3] Built Solution (825ms)
2026-09-19T09:10:53.7387657Z warning: Solution.lean:2:8: declaration uses `sorry`
2026-09-19T09:10:53.7390391Z Build completed successfully (3 jobs).
2026-09-19T09:10:54.7619956Z Exporting #[Quot, Quot.mk, Quot.lift, Quot.ind, checked, Classical.choice, Quot.sound, propext, Nat.add, Nat.sub, Nat.mul, Nat.pow, Nat.gcd, Nat.div, Nat.mod, Nat.beq, Nat.ble, Nat.land, Nat.lor, Nat.xor, Nat.shiftLeft, Nat.shiftRight, String.ofList, Char.ofNat, List, eagerReduce, Nat, String, String.mk, Char, optParam, autoParam, semiOutParam, outParam] from Solution
2026-09-19T09:10:54.7623046Z uncaught exception: Illegal axiom detected: 'sorryAx'
2026-09-19T09:10:54.7727013Z Running systemd-run --user --quiet --wait --pipe --collect -p 'RestrictAddressFamilies=~AF_UNIX' --working-directory /home/runner/work/_temp/nla-lean-tools/.verification-tmp/nla-axiom-likjefpi /usr/bin/env -i PATH=/home/runner/.elan/toolchains/leanprover--lean4---v4.33.1/bin:/home/runner/.elan/bin:/home/runner/go/bin:/opt/hostedtoolcache/go/1.27.1/x64/bin:/snap/bin:/home/runner/.local/bin:/opt/pipx_bin:/home/runner/.cargo/bin:/home/runner/.config/composer/vendor/bin:/usr/local/.ghcup/bin:/home/runner/.dotnet/tools:/usr/local/sbin:/usr/local/bin:/usr/sbin:/usr/bin:/sbin:/bin:/usr/games:/usr/local/games:/snap/bin HOME=/home/runner LANG=C.UTF-8 XDG_RUNTIME_DIR=/run/user/1001 DBUS_SESSION_BUS_ADDRESS=unix:path=/run/user/1001/bus GIT_TERMINAL_PROMPT=0 GIT_CONFIG_NOSYSTEM=1 GIT_CONFIG_GLOBAL=/dev/null COMPARATOR_BIN=/home/runner/work/_temp/nla-lean-tools/.tools/comparator/.lake/build/bin/comparator COMPARATOR_LEAN4EXPORT=/home/runner/work/_temp/nla-lean-tools/.tools/lean4export/.lake/build/bin/lean4export COMPARATOR_LANDRUN=/home/runner/work/_temp/nla-lean-tools/scripts/strict_landrun.py XDG_CACHE_HOME=/home/runner/work/_temp/nla-lean-tools/.tools/cache TMPDIR=/home/runner/work/_temp/nla-lean-tools/.verification-tmp lake env /home/runner/work/_temp/nla-lean-tools/.tools/comparator/.lake/build/bin/comparator comparator.json
2026-09-19T09:10:54.7734367Z Log: /home/runner/work/_temp/nla-lean-tools/logs/verify-20260919T091038Z-4108/negative-native.log
2026-09-19T09:10:54.8368615Z info: NlaAxiomFixture: no previous manifest, creating one from scratch
2026-09-19T09:10:54.8369405Z info: toolchain not updated; already up-to-date
2026-09-19T09:10:54.9199981Z Building Challenge
2026-09-19T09:10:55.9156477Z ✔ [2/3] Built Challenge (802ms)
2026-09-19T09:10:55.9160258Z Build completed successfully (3 jobs).
2026-09-19T09:10:56.8526839Z Exporting #[Quot, Quot.mk, Quot.lift, Quot.ind, checked, Classical.choice, Quot.sound, propext, Nat.add, Nat.sub, Nat.mul, Nat.pow, Nat.gcd, Nat.div, Nat.mod, Nat.beq, Nat.ble, Nat.land, Nat.lor, Nat.xor, Nat.shiftLeft, Nat.shiftRight, String.ofList, Char.ofNat, List, eagerReduce, Nat, String, String.mk, Char, optParam, autoParam, semiOutParam, outParam] from Challenge
2026-09-19T09:10:56.8529132Z Building Solution
2026-09-19T09:10:57.8523072Z ✔ [2/3] Built Solution (816ms)
2026-09-19T09:10:57.8542630Z Build completed successfully (3 jobs).
2026-09-19T09:10:58.8787803Z Exporting #[Quot, Quot.mk, Quot.lift, Quot.ind, checked, Classical.choice, Quot.sound, propext, Nat.add, Nat.sub, Nat.mul, Nat.pow, Nat.gcd, Nat.div, Nat.mod, Nat.beq, Nat.ble, Nat.land, Nat.lor, Nat.xor, Nat.shiftLeft, Nat.shiftRight, String.ofList, Char.ofNat, List, eagerReduce, Nat, String, String.mk, Char, optParam, autoParam, semiOutParam, outParam] from Solution
2026-09-19T09:10:58.8789395Z uncaught exception: Illegal axiom detected: 'checked._native.native_decide.ax_1_1'
2026-09-19T09:10:59.8571716Z Running lake env true
2026-09-19T09:10:59.8572494Z Log: /home/runner/work/_temp/nla-lean-tools/logs/verify-20260919T091038Z-4108/dependencies.log
2026-09-19T09:10:59.9009053Z info: leancert: cloning https://github.com/alerad/leancert
2026-09-19T09:11:00.8342989Z info: leancert: checking out revision '621a43d7cf21f87872392a01e874f2f1dbddc926'
2026-09-19T09:11:00.8771522Z info: mathlib: cloning https://github.com/leanprover-community/mathlib4.git
2026-09-19T09:11:31.7009142Z info: mathlib: checking out revision '0df444a360eaa60ab8c11dca51a86af692955474'
2026-09-19T09:11:33.7819822Z info: plausible: cloning https://github.com/leanprover-community/plausible
2026-09-19T09:11:34.1942504Z info: plausible: checking out revision 'b7eb3304aeae834b12dda98993a37f6a41f6f0bb'
2026-09-19T09:11:34.2067537Z info: LeanSearchClient: cloning https://github.com/leanprover-community/LeanSearchClient
2026-09-19T09:11:34.5812505Z info: LeanSearchClient: checking out revision '5f4d51b81cbd3f6b32b156bfad9056621a040404'
2026-09-19T09:11:34.5936417Z info: importGraph: cloning https://github.com/leanprover-community/import-graph
2026-09-19T09:11:35.0570824Z info: importGraph: checking out revision '16f02aa7642864af59f1ff0e384a015994db9118'
2026-09-19T09:11:35.0731144Z info: proofwidgets: cloning https://github.com/leanprover-community/ProofWidgets4
2026-09-19T09:11:36.0465654Z info: proofwidgets: checking out revision '4be2e3d5087eeb272cf5a8853b8f9dd025ef5957'
2026-09-19T09:11:36.6988472Z info: aesop: cloning https://github.com/leanprover-community/aesop
2026-09-19T09:11:37.5820754Z info: aesop: checking out revision '3448c0bcc5ce01b2d1546e483ec3620e32df3d0e'
2026-09-19T09:11:37.6007636Z info: Qq: cloning https://github.com/leanprover-community/quote4
2026-09-19T09:11:38.0435613Z info: Qq: checking out revision '92c15be17b7caf78c2ad767ec40f89052d908d81'
2026-09-19T09:11:38.0561447Z info: batteries: cloning https://github.com/leanprover-community/batteries
2026-09-19T09:11:40.5856845Z info: batteries: checking out revision '4488d40d070b9700d4d5a6aa342f0d40c31b2a2d'
2026-09-19T09:11:40.6122897Z info: Cli: cloning https://github.com/leanprover/lean4-cli
2026-09-19T09:11:41.0147926Z info: Cli: checking out revision '6130a47896ce867c6a4a55373441e59e565bad0f'
2026-09-19T09:11:41.1895704Z Running lake exe cache get
2026-09-19T09:11:41.1898778Z Log: /home/runner/work/_temp/nla-lean-tools/logs/verify-20260919T091038Z-4108/mathlib-cache.log
2026-09-19T09:11:42.4247381Z ✔ [1/5] Built Cache.Cli (382ms)
2026-09-19T09:11:42.5249251Z ✔ [2/5] Built Cache.Lean (423ms)
2026-09-19T09:11:42.9499653Z ✔ [6/26] Built Cache.Cli:c.o (210ms)
2026-09-19T09:11:43.0494866Z ✔ [7/26] Built Cache.Lean:c.o (273ms)
2026-09-19T09:11:43.3472502Z ✔ [8/26] Built Cache.Infra (594ms)
2026-09-19T09:11:43.5474451Z ✔ [9/26] Built Cache.Infra:c.o (226ms)
2026-09-19T09:11:43.7496034Z ✔ [10/26] Built Batteries.Tactic.OpenPrivate (1.0s)
2026-09-19T09:11:45.1513170Z ✔ [11/26] Built Batteries.Tactic.OpenPrivate:c.o (1.4s)
2026-09-19T09:11:45.3515616Z ✔ [12/26] Built Cache.IO (1.5s)
2026-09-19T09:11:46.1554614Z ✔ [13/26] Built Cache.Hashing (816ms)
2026-09-19T09:11:46.7558100Z ✔ [14/26] Built Cache.Hashing:c.o (601ms)
2026-09-19T09:11:47.2563911Z ✔ [15/26] Built Cache.IO:c.o (1.0s)
2026-09-19T09:11:48.3583306Z ✔ [16/26] Built Cache.Requests (2.2s)
2026-09-19T09:11:48.9593446Z ✔ [17/26] Built Cache.Marker (605ms)
2026-09-19T09:11:49.1583615Z ✔ [18/26] Built Cache.Marker:c.o (194ms)
2026-09-19T09:11:49.7633428Z ✔ [19/26] Built Cache.Query (815ms)
2026-09-19T09:11:50.0598894Z ✔ [20/26] Built Cache.Query:c.o (348ms)
2026-09-19T09:11:50.6607904Z ✔ [21/26] Built Cache.Warning (865ms)
2026-09-19T09:11:50.9612242Z ✔ [22/26] Built Cache.Warning:c.o (299ms)
2026-09-19T09:11:51.7620875Z ✔ [23/26] Built Cache.Requests:c.o (3.4s)
2026-09-19T09:11:51.9623482Z ✔ [24/26] Built Cache.Main (1.3s)
2026-09-19T09:11:52.9625354Z ✔ [25/26] Built Cache.Main:c.o (997ms)
2026-09-19T09:11:53.6640805Z ✔ [26/26] Built cache:exe (731ms)
2026-09-19T09:11:56.5643120Z Current branch: HEAD
2026-09-19T09:11:56.5643656Z Using cache from origin: (some leanprover-community/mathlib4)
2026-09-19T09:11:56.5644691Z Attempting to download 8690 file(s) from leanprover-community/mathlib4 cache at https://lakecache.blob.core.windows.net/mathlib4-master
2026-09-19T09:11:57.7055110Z 
2026-09-19T09:11:57.8091267Z Downloaded: 1 file(s) [attempted 1/8690 = 0%, 16 KB/s], Decompressed: 0
2026-09-19T09:11:57.9113757Z Downloaded: 145 file(s) [attempted 145/8690 = 1%, 748 KB/s], Decompressed: 19
2026-09-19T09:11:58.0131185Z Downloaded: 333 file(s) [attempted 333/8690 = 3%, 1690 KB/s], Decompressed: 19
2026-09-19T09:11:58.1106773Z Downloaded: 520 file(s) [attempted 520/8690 = 5%, 4099 KB/s], Decompressed: 19
2026-09-19T09:11:58.2123453Z Downloaded: 750 file(s) [attempted 750/8690 = 8%, 2317 KB/s], Decompressed: 88
2026-09-19T09:11:58.3160628Z Downloaded: 941 file(s) [attempted 941/8690 = 10%, 1198 KB/s], Decompressed: 88
2026-09-19T09:11:58.4161468Z Downloaded: 1145 file(s) [attempted 1145/8690 = 13%, 1719 KB/s], Decompressed: 88
2026-09-19T09:11:58.5163270Z Downloaded: 1337 file(s) [attempted 1337/8690 = 15%, 2763 KB/s], Decompressed: 88
2026-09-19T09:11:58.6187110Z Downloaded: 1502 file(s) [attempted 1502/8690 = 17%, 1344 KB/s], Decompressed: 88
2026-09-19T09:11:58.7189195Z Downloaded: 1697 file(s) [attempted 1697/8690 = 19%, 1639 KB/s], Decompressed: 88
2026-09-19T09:11:58.8211738Z Downloaded: 1893 file(s) [attempted 1893/8690 = 21%, 4436 KB/s], Decompressed: 88
2026-09-19T09:11:58.9225427Z Downloaded: 2112 file(s) [attempted 2112/8690 = 24%, 2959 KB/s], Decompressed: 88
2026-09-19T09:11:59.0263291Z Downloaded: 2304 file(s) [attempted 2304/8690 = 26%, 1498 KB/s], Decompressed: 88
2026-09-19T09:11:59.1237163Z Downloaded: 2494 file(s) [attempted 2494/8690 = 28%, 4778 KB/s], Decompressed: 88
2026-09-19T09:11:59.2241122Z Downloaded: 2691 file(s) [attempted 2691/8690 = 30%, 1399 KB/s], Decompressed: 88
2026-09-19T09:11:59.3237693Z Downloaded: 2879 file(s) [attempted 2879/8690 = 33%, 2198 KB/s], Decompressed: 88
2026-09-19T09:11:59.4290802Z Downloaded: 3011 file(s) [attempted 3011/8690 = 34%, 6092 KB/s], Decompressed: 88
2026-09-19T09:11:59.5319188Z Downloaded: 3203 file(s) [attempted 3203/8690 = 36%, 6227 KB/s], Decompressed: 88
2026-09-19T09:11:59.6350753Z Downloaded: 3347 file(s) [attempted 3347/8690 = 38%, 1296 KB/s], Decompressed: 88
2026-09-19T09:11:59.7353736Z Downloaded: 3537 file(s) [attempted 3537/8690 = 40%, 3462 KB/s], Decompressed: 88
2026-09-19T09:11:59.8375452Z Downloaded: 3736 file(s) [attempted 3736/8690 = 42%, 2025 KB/s], Decompressed: 88
2026-09-19T09:11:59.9493297Z Downloaded: 3928 file(s) [attempted 3928/8690 = 45%, 3374 KB/s], Decompressed: 88
2026-09-19T09:12:00.0542658Z Downloaded: 4127 file(s) [attempted 4127/8690 = 47%, 396 KB/s], Decompressed: 88
2026-09-19T09:12:00.1559460Z Downloaded: 4300 file(s) [attempted 4300/8690 = 49%, 497 KB/s], Decompressed: 591
2026-09-19T09:12:00.2573516Z Downloaded: 4522 file(s) [attempted 4522/8690 = 52%, 1430 KB/s], Decompressed: 591
2026-09-19T09:12:00.3586239Z Downloaded: 4702 file(s) [attempted 4702/8690 = 54%, 6177 KB/s], Decompressed: 591
2026-09-19T09:12:00.4633384Z Downloaded: 4888 file(s) [attempted 4888/8690 = 56%, 641 KB/s], Decompressed: 591
2026-09-19T09:12:00.5656746Z Downloaded: 5080 file(s) [attempted 5080/8690 = 58%, 1824 KB/s], Decompressed: 591
2026-09-19T09:12:00.6655128Z Downloaded: 5286 file(s) [attempted 5286/8690 = 60%, 312 KB/s], Decompressed: 591
2026-09-19T09:12:00.7655702Z Downloaded: 5473 file(s) [attempted 5473/8690 = 62%, 11112 KB/s], Decompressed: 591
2026-09-19T09:12:00.8646517Z Downloaded: 5668 file(s) [attempted 5668/8690 = 65%, 540 KB/s], Decompressed: 591
2026-09-19T09:12:00.9673820Z Downloaded: 5870 file(s) [attempted 5870/8690 = 67%, 1074 KB/s], Decompressed: 591
2026-09-19T09:12:01.0646246Z Downloaded: 6103 file(s) [attempted 6103/8690 = 70%, 7312 KB/s], Decompressed: 591
2026-09-19T09:12:01.1651305Z Downloaded: 6282 file(s) [attempted 6282/8690 = 72%, 773 KB/s], Decompressed: 591
2026-09-19T09:12:01.2674292Z Downloaded: 6461 file(s) [attempted 6461/8690 = 74%, 453 KB/s], Decompressed: 591
2026-09-19T09:12:01.3648363Z Downloaded: 6665 file(s) [attempted 6665/8690 = 76%, 3665 KB/s], Decompressed: 591
2026-09-19T09:12:01.4645039Z Downloaded: 6859 file(s) [attempted 6859/8690 = 78%, 703 KB/s], Decompressed: 591
2026-09-19T09:12:01.5663382Z Downloaded: 7073 file(s) [attempted 7073/8690 = 81%, 401 KB/s], Decompressed: 591
2026-09-19T09:12:01.6662189Z Downloaded: 7264 file(s) [attempted 7264/8690 = 83%, 7323 KB/s], Decompressed: 591
2026-09-19T09:12:01.7661387Z Downloaded: 7420 file(s) [attempted 7420/8690 = 85%, 315 KB/s], Decompressed: 591
2026-09-19T09:12:01.8693378Z Downloaded: 7595 file(s) [attempted 7595/8690 = 87%, 996 KB/s], Decompressed: 591
2026-09-19T09:12:01.9688086Z Downloaded: 7769 file(s) [attempted 7769/8690 = 89%, 2208 KB/s], Decompressed: 591
2026-09-19T09:12:02.0720100Z Downloaded: 7963 file(s) [attempted 7963/8690 = 91%, 2676 KB/s], Decompressed: 591
2026-09-19T09:12:02.1713702Z Downloaded: 8116 file(s) [attempted 8116/8690 = 93%, 844 KB/s], Decompressed: 591
2026-09-19T09:12:02.2706544Z Downloaded: 8270 file(s) [attempted 8270/8690 = 95%, 2229 KB/s], Decompressed: 591
2026-09-19T09:12:02.3743375Z Downloaded: 8446 file(s) [attempted 8446/8690 = 97%, 2009 KB/s], Decompressed: 591
2026-09-19T09:12:02.4594794Z Downloaded: 8651 file(s) [attempted 8651/8690 = 99%, 372 KB/s], Decompressed: 591
2026-09-19T09:12:02.4596092Z Downloaded: 8690 file(s) [attempted 8690/8690 = 100%, 372 KB/s], Decompressed: 591
2026-09-19T09:12:25.4403985Z Decompressed 8690 file(s)
2026-09-19T09:12:25.4404665Z Already decompressed 8690 file(s)
2026-09-19T09:12:25.5738742Z Running systemd-run --user --quiet --wait --pipe --collect -p 'RestrictAddressFamilies=~AF_UNIX' --working-directory /home/runner/work/_temp/nla-lean-tools/.verification-tmp/nla-fresh-proof-hyd4muii/project /usr/bin/env -i PATH=/home/runner/.elan/toolchains/leanprover--lean4---v4.33.1/bin:/home/runner/.elan/bin:/home/runner/go/bin:/opt/hostedtoolcache/go/1.27.1/x64/bin:/snap/bin:/home/runner/.local/bin:/opt/pipx_bin:/home/runner/.cargo/bin:/home/runner/.config/composer/vendor/bin:/usr/local/.ghcup/bin:/home/runner/.dotnet/tools:/usr/local/sbin:/usr/local/bin:/usr/sbin:/usr/bin:/sbin:/bin:/usr/games:/usr/local/games:/snap/bin HOME=/home/runner LANG=C.UTF-8 XDG_RUNTIME_DIR=/run/user/1001 DBUS_SESSION_BUS_ADDRESS=unix:path=/run/user/1001/bus GIT_TERMINAL_PROMPT=0 GIT_CONFIG_NOSYSTEM=1 GIT_CONFIG_GLOBAL=/dev/null COMPARATOR_BIN=/home/runner/work/_temp/nla-lean-tools/.tools/comparator/.lake/build/bin/comparator COMPARATOR_LEAN4EXPORT=/home/runner/work/_temp/nla-lean-tools/.tools/lean4export/.lake/build/bin/lean4export COMPARATOR_LANDRUN=/home/runner/work/_temp/nla-lean-tools/scripts/strict_landrun.py XDG_CACHE_HOME=/home/runner/work/_temp/nla-lean-tools/.tools/cache TMPDIR=/home/runner/work/_temp/nla-lean-tools/.verification-tmp lake env /home/runner/work/_temp/nla-lean-tools/.tools/comparator/.lake/build/bin/comparator comparator.json
2026-09-19T09:12:25.5744798Z Log: /home/runner/work/_temp/nla-lean-tools/logs/verify-20260919T091038Z-4108/comparator.log
2026-09-19T09:12:26.5300062Z Building Challenge
2026-09-19T09:12:30.3649897Z ✔ [2133/2138] Built NLA.MF14.Definitions (2.5s)
2026-09-19T09:12:32.8691661Z ✔ [2134/2138] Built NLA.MF14Degree44.Definitions (2.5s)
2026-09-19T09:12:36.2765747Z ✔ [2135/2138] Built NLA.MF14Degree44.Family (3.4s)
2026-09-19T09:12:41.8836070Z ✔ [2136/2138] Built NLA.MF14Degree44.Degeneration (9.1s)
2026-09-19T09:12:43.8860936Z ⚠ [2137/2138] Built Challenge (1.9s)
2026-09-19T09:12:43.8862293Z warning: Challenge.lean:18:8: declaration uses `sorry`
2026-09-19T09:12:43.8863226Z warning: Challenge.lean:23:8: declaration uses `sorry`
2026-09-19T09:12:43.8863788Z warning: Challenge.lean:28:8: declaration uses `sorry`
2026-09-19T09:12:43.8864438Z warning: Challenge.lean:34:8: declaration uses `sorry`
2026-09-19T09:12:43.8865264Z warning: Challenge.lean:39:8: declaration uses `sorry`
2026-09-19T09:12:43.8866010Z warning: Challenge.lean:47:8: declaration uses `sorry`
2026-09-19T09:12:43.8866859Z warning: Challenge.lean:52:8: declaration uses `sorry`
2026-09-19T09:12:43.8867738Z warning: Challenge.lean:58:8: declaration uses `sorry`
2026-09-19T09:12:43.8868615Z warning: Challenge.lean:63:8: declaration uses `sorry`
2026-09-19T09:12:43.8869565Z warning: Challenge.lean:72:8: declaration uses `sorry`
2026-09-19T09:12:43.8870437Z warning: Challenge.lean:80:8: declaration uses `sorry`
2026-09-19T09:12:43.8871010Z warning: Challenge.lean:86:8: declaration uses `sorry`
2026-09-19T09:12:43.8871540Z warning: Challenge.lean:91:8: declaration uses `sorry`
2026-09-19T09:12:43.8872506Z warning: Challenge.lean:97:8: declaration uses `sorry`
2026-09-19T09:12:43.8873287Z warning: Challenge.lean:102:8: declaration uses `sorry`
2026-09-19T09:12:43.8892409Z warning: Challenge.lean:108:8: declaration uses `sorry`
2026-09-19T09:12:43.8892939Z warning: Challenge.lean:113:8: declaration uses `sorry`
2026-09-19T09:12:43.8893443Z warning: Challenge.lean:119:8: declaration uses `sorry`
2026-09-19T09:12:43.8893933Z warning: Challenge.lean:124:8: declaration uses `sorry`
2026-09-19T09:12:43.8894418Z warning: Challenge.lean:131:8: declaration uses `sorry`
2026-09-19T09:12:43.8894902Z warning: Challenge.lean:135:8: declaration uses `sorry`
2026-09-19T09:12:43.8895398Z warning: Challenge.lean:142:8: declaration uses `sorry`
2026-09-19T09:12:43.8895885Z warning: Challenge.lean:148:8: declaration uses `sorry`
2026-09-19T09:12:43.8896377Z warning: Challenge.lean:153:8: declaration uses `sorry`
2026-09-19T09:12:43.8896894Z warning: Challenge.lean:157:8: declaration uses `sorry`
2026-09-19T09:12:43.8946946Z Build completed successfully (2138 jobs).
2026-09-19T09:12:49.6657687Z Exporting #[Quot, Quot.mk, Quot.lift, Quot.ind, NLA.MF14Degree44.canonical_gate_padding, NLA.MF14Degree44.four_prefix_full_coefficients, NLA.MF14Degree44.three_product_tuple, NLA.MF14Degree44.good_border_parameters_eventually, NLA.MF14Degree44.fourth_span_coordinates, NLA.MF14Degree44.fourth_map_smooth, NLA.MF14Degree44.fourth_jacobian_identity, NLA.MF14Degree44.fourth_minor_identity, NLA.MF14Degree44.fourth_product_joint_closure, NLA.MF14Degree44.polynomial_density_of_strict_derivative, NLA.MF14Degree44.degeneration_identity, NLA.MF14Degree44.degeneration_at_zero, NLA.MF14Degree44.degeneration_in_span, NLA.MF14Degree44.monic_border_joint_closure, NLA.MF14Degree44.continuation_actual_output, NLA.MF14Degree44.continuation_degree_bound, NLA.MF14Degree44.continuation_closure_transfer, NLA.MF14Degree44.family_image_mem_closure, NLA.MF14Degree44.family_degree_and_full_vector, NLA.MF14Degree44.coefficient_map_smooth, NLA.MF14Degree44.coefficient_jacobian_identity, NLA.MF14Degree44.integer_jacobian_mod3_inverse, NLA.MF14Degree44.coefficient_derivative_bijective, NLA.MF14Degree44.degree44_coverage, NLA.MF14Degree44.original_equality_false, propext, Classical.choice, Quot.sound, Nat.add, Nat.sub, Nat.mul, Nat.pow, Nat.gcd, Nat.div, Nat.mod, Nat.beq, Nat.ble, Nat.land, Nat.lor, Nat.xor, Nat.shiftLeft, Nat.shiftRight, String.ofList, Char.ofNat, List, eagerReduce, Nat, String, String.mk, Char, optParam, autoParam, semiOutParam, outParam] from Challenge
2026-09-19T09:12:49.6665299Z Building Solution
2026-09-19T09:12:55.8816156Z ✔ [2779/2812] Built LeanCert.Core.DerivativeIntervals (4.3s)
2026-09-19T09:12:55.9818254Z ✔ [2780/2812] Built LeanCert.Core.Interval (4.4s)
2026-09-19T09:12:58.6866895Z ✔ [2781/2819] Built LeanCert.Contrib.Sinc (7.1s)
2026-09-19T09:12:59.3855282Z ✔ [2782/2819] Built LeanCert.Core.Expr (7.8s)
2026-09-19T09:13:06.1126291Z ✔ [2783/2823] Built LeanCert.Core.Dyadic (7.4s)
2026-09-19T09:13:06.8143377Z ✔ [2784/2823] Built LeanCert.Tactic.Verification (7.5s)
2026-09-19T09:13:08.3183665Z ✔ [2785/2823] Built LeanCert.Core.Taylor (12s)
2026-09-19T09:13:08.6184903Z ✔ [2786/2823] Built LeanCert.Core.IntervalRat.Basic (12s)
2026-09-19T09:13:11.4205103Z ✔ [2787/2824] Built LeanCert.Core.Support (4.5s)
2026-09-19T09:13:12.3242410Z ✔ [2788/2824] Built LeanCert.Tactic.LeanCert.Bridge.Environment (3.7s)
2026-09-19T09:13:12.5245009Z ✔ [2789/2824] Built LeanCert.Core.IntervalRat.LogReduction (6.4s)
2026-09-19T09:13:13.6294308Z ✔ [2790/2824] Built LeanCert.Meta.Numeral (5.2s)
2026-09-19T09:13:14.9307526Z ✔ [2791/2824] Built LeanCert.Engine.Eval.Result (3.5s)
2026-09-19T09:13:15.6351615Z ✔ [2792/2824] Built LeanCert.Tactic.NumericalRefinement (763ms)
2026-09-19T09:13:16.5389040Z ✔ [2793/2824] Built LeanCert.Core.TrigReduction (4.2s)
2026-09-19T09:13:18.3567283Z ✔ [2794/2824] Built LeanCert.Core.IntervalRat.Transcendental (5.9s)
2026-09-19T09:13:18.5571569Z ✔ [2795/2824] Built LeanCert.Tactic.IntervalAuto.Types (4.0s)
2026-09-19T09:13:20.7796897Z ✔ [2796/2888] Built LeanCert.Tactic.IntervalAuto.Extract (4.3s)
2026-09-19T09:13:25.6942386Z ✔ [2850/2931] Built LeanCert.Tactic.IntervalAuto.Norm (7.2s)
2026-09-19T09:13:26.5103080Z ✔ [2852/2932] Built LeanCert.Tactic.VecUtil (5.6s)
2026-09-19T09:13:27.8108975Z ✔ [2853/2935] Built LeanCert.Meta.ToExpr (9.4s)
2026-09-19T09:13:30.9195518Z ✔ [2854/2935] Built LeanCert.Tactic.FinSumExpand (4.5s)
2026-09-19T09:13:31.7233828Z ✔ [2855/2935] Built LeanCert.Tactic.FinsetParse (6.0s)
2026-09-19T09:13:34.2302980Z ✔ [2856/3025] Built LeanCert.Tactic.BridgeNative (2.5s)
2026-09-19T09:13:36.0363316Z ✔ [3516/3598] Built LeanCert.Tactic.LeanCert.Normalize (5.1s)
2026-09-19T09:13:36.7364800Z ✔ [3517/3600] Built LeanCert.Tactic.IntervalAuto.Parse (8.0s)
2026-09-19T09:13:38.0373240Z ✔ [3518/3602] Built LeanCert.Tactic.LeanCert.Semantic.Domain (1.9s)
2026-09-19T09:13:38.8388801Z ✔ [3519/3605] Built LeanCert.Validity.Eventual (3.8s)
2026-09-19T09:13:40.5443889Z ✔ [3520/3605] Built LeanCert.Tactic.LeanCert.Semantic.Goal (2.6s)
2026-09-19T09:13:40.6444146Z ✔ [3521/3605] Built LeanCert.Tactic.IntervalAuto.Diagnostic (3.9s)
2026-09-19T09:13:41.7498696Z ✔ [3522/3605] Built LeanCert.Core.IntervalRat.Taylor (26s)
2026-09-19T09:13:42.2516825Z ✔ [3523/3605] Built LeanCert.Tactic.LeanCert.Semantic.Parse.Comparison (1.7s)
2026-09-19T09:13:42.6530737Z ✔ [3524/3607] Built LeanCert.Tactic.VecSimp (2.0s)
2026-09-19T09:13:44.6554779Z ✔ [3525/3609] Built LeanCert.Core.IntervalReal (2.9s)
2026-09-19T09:13:45.2660158Z ✔ [3526/3610] Built LeanCert.Tactic.EventualBound (6.4s)
2026-09-19T09:13:46.0706287Z ✔ [3527/3610] Built LeanCert.Core.IntervalRat.TrigReduced (3.8s)
2026-09-19T09:13:46.7939244Z ✔ [3528/3610] Built LeanCert.Tactic.LeanCert.Semantic.Parse.Bound (4.2s)
2026-09-19T09:13:48.1005688Z ✔ [3529/3610] Built LeanCert.Tactic.Extension.Protocol (3.5s)
2026-09-19T09:13:53.9138597Z ✔ [3530/3610] Built LeanCert.Core.IntervalRealEndpoints (7.1s)
2026-09-19T09:13:55.1153189Z ✔ [3531/3612] Built LeanCert.Engine.Affine.Basic (9.9s)
2026-09-19T09:13:55.5156849Z ✔ [3532/3612] Built LeanCert.Tactic.LeanCert.Diagnostic.Evidence (7.3s)
2026-09-19T09:13:57.2177800Z ✔ [3533/3613] Built LeanCert.Core.IntervalDyadic (11s)
2026-09-19T09:13:58.4195259Z ✔ [3534/3613] Built LeanCert.Tactic.Extension.Registry (4.5s)
2026-09-19T09:14:00.3380226Z ✔ [3535/3617] Built LeanCert.Tactic.LeanCert.Config (3.1s)
2026-09-19T09:14:02.7474024Z ✔ [3537/3625] Built LeanCert.Engine.Affine.Nonlinear (7.3s)
2026-09-19T09:14:06.3584833Z ✔ [3538/3628] Built LeanCert.Engine.Eval.Core (11s)
2026-09-19T09:14:06.5645906Z ✔ [3539/3633] Built LeanCert.Core.DyadicCell (8.1s)
2026-09-19T09:14:06.9680273Z ✔ [3540/3633] Built LeanCert.Engine.FloatEval (4.2s)
2026-09-19T09:14:07.4676288Z ✔ [3541/3634] Built LeanCert.Engine.Algebra.QPoly (7.1s)
2026-09-19T09:14:09.5767021Z ✔ [3542/3634] Built LeanCert.Tactic.Extension.Command (3.0s)
2026-09-19T09:14:10.6840051Z ✔ [3544/3638] Built LeanCert.Core.DyadicFrontier (3.7s)
2026-09-19T09:14:11.5865640Z ✔ [3545/3638] Built LeanCert.Engine.Eval.Extended (5.2s)
2026-09-19T09:14:12.0883211Z ✔ [3546/3643] Built LeanCert.Engine.Algebra.QPolyIntegral (4.6s)
2026-09-19T09:14:13.0899071Z ✔ [3548/3653] Built LeanCert.Tactic.Extension (3.5s)
2026-09-19T09:14:14.3908910Z ✔ [3549/3672] Built NLA.MF14.CircuitFoundations (3.7s)
2026-09-19T09:14:15.0952528Z ✔ [3553/3674] Built LeanCert.Engine.Bounds.Lemmas (3.5s)
2026-09-19T09:14:16.0961014Z ✔ [3554/3685] Built NLA.MF14Degree44.DegenerationCoefficientData (3.0s)
2026-09-19T09:14:16.6978310Z ℹ [3560/3685] Built NLA.MF14Degree44.PolynomialMaps (3.7s)
2026-09-19T09:14:16.6980125Z info: NLA/MF14Degree44/PolynomialMaps.lean:104:0: 'NLA.MF14Degree44.CoefficientPolynomial.mul' depends on axioms: [propext, Classical.choice, Quot.sound]
2026-09-19T09:14:16.6984963Z info: NLA/MF14Degree44/PolynomialMaps.lean:106:0: 'NLA.MF14Degree44.decodeQuad_coefficient_polynomial' depends on axioms: [propext, Classical.choice, Quot.sound]
2026-09-19T09:14:18.1030605Z ✔ [3561/3687] Built LeanCert.Engine.IntervalEval (3.0s)
2026-09-19T09:14:18.5035068Z ℹ [3562/3687] Built NLA.MF14Degree44.GoodParameters (4.1s)
2026-09-19T09:14:18.5036331Z info: NLA/MF14Degree44/GoodParameters.lean:49:0: 'NLA.MF14Degree44.good_border_parameters_eventually' depends on axioms: [propext, Classical.choice, Quot.sound]
2026-09-19T09:14:23.4529649Z ✔ [3563/3687] Built LeanCert.Engine.Affine.Transcendental (5.3s)
2026-09-19T09:14:27.2672697Z ✔ [3564/3687] Built LeanCert.Engine.IntervalEvalDyadic (8.8s)
2026-09-19T09:14:27.6689935Z ✔ [3565/3687] Built LeanCert.Validity.Bounds.Checked (4.2s)
2026-09-19T09:14:31.1745566Z ✔ [3566/3687] Built LeanCert.Validity.Bounds.Core (3.8s)
2026-09-19T09:14:32.7797304Z ℹ [3567/3687] Built NLA.MF14Degree44.ContinuationPolynomialMaps (16s)
2026-09-19T09:14:32.7800146Z info: NLA/MF14Degree44/ContinuationPolynomialMaps.lean:105:0: 'NLA.MF14Degree44.continuation_basis_coefficient_polynomial' depends on axioms: [propext, Classical.choice, Quot.sound]
2026-09-19T09:14:32.7803224Z info: NLA/MF14Degree44/ContinuationPolynomialMaps.lean:107:0: 'NLA.MF14Degree44.continuation_polynomial_coefficient_polynomial' depends on axioms: [propext,
2026-09-19T09:14:32.7804758Z  Classical.choice,
2026-09-19T09:14:32.7805371Z  Quot.sound]
2026-09-19T09:14:32.7806922Z info: NLA/MF14Degree44/ContinuationPolynomialMaps.lean:109:0: 'NLA.MF14Degree44.continuation_map_polynomial' depends on axioms: [propext, Classical.choice, Quot.sound]
2026-09-19T09:14:33.7803366Z ✔ [3568/3687] Built LeanCert.Engine.RootFinding.Basic (6.1s)
2026-09-19T09:14:35.0858209Z ✔ [3569/3687] Built LeanCert.Engine.Optimization.Box (3.9s)
2026-09-19T09:14:39.1996371Z ✔ [3570/3688] Built LeanCert.Engine.AD.Basic (4.1s)
2026-09-19T09:14:40.2048301Z ℹ [3571/3688] Built NLA.MF14Degree44.DegreeBounds (24s)
2026-09-19T09:14:40.2050538Z info: NLA/MF14Degree44/DegreeBounds.lean:118:0: 'NLA.MF14Degree44.continuation_degree_bound' depends on axioms: [propext, Classical.choice, Quot.sound]
2026-09-19T09:14:41.7100201Z ✔ [3572/3688] Built LeanCert.Engine.Integrate (8.9s)
2026-09-19T09:14:46.9257544Z ✔ [3573/3688] Built LeanCert.Engine.TaylorModel.Core (13s)
2026-09-19T09:14:46.9267633Z ✔ [3574/3688] Built LeanCert.Validity.DyadicBounds (5.3s)
2026-09-19T09:14:47.4269717Z ✔ [3575/3688] Built LeanCert.Engine.FinSumDyadic (7.3s)
2026-09-19T09:14:47.5269570Z ✔ [3576/3690] Built LeanCert.Engine.IntervalEvalAffine (8.4s)
2026-09-19T09:14:50.7366738Z ✔ [3577/3690] Built LeanCert.Engine.Search.Heuristic (3.8s)
2026-09-19T09:14:51.6404405Z ℹ [3578/3690] Built NLA.MF14Degree44.FamilyDegreeBounds (4.1s)
2026-09-19T09:14:51.6405987Z info: NLA/MF14Degree44/FamilyDegreeBounds.lean:40:0: 'NLA.MF14Degree44.family_degree_and_full_vector' depends on axioms: [propext, Classical.choice, Quot.sound]
2026-09-19T09:14:53.1446883Z ✔ [3579/3690] Built LeanCert.Engine.AD.Transcendental (5.7s)
2026-09-19T09:14:53.3450617Z ✔ [3580/3690] Built LeanCert.Engine.RootFinding.Bisection (6.5s)
2026-09-19T09:14:55.0476542Z ✔ [3581/3690] Built LeanCert.Engine.TaylorModel.Integral (4.3s)
2026-09-19T09:14:55.2487919Z ✔ [3582/3690] Built LeanCert.Engine.TaylorModel.Special (3.5s)
2026-09-19T09:15:01.6659759Z ✔ [3583/3690] Built LeanCert.Engine.WitnessSum (6.4s)
2026-09-19T09:15:05.4789656Z ✔ [3584/3691] Built LeanCert.Engine.TaylorModel.ExpLog (12s)
2026-09-19T09:15:09.0827628Z ✔ [3585/3692] Built LeanCert.Engine.Affine.Environment (7.4s)
2026-09-19T09:15:10.6875198Z ℹ [3586/3700] Built NLA.MF14Degree44.CoverageBridge (5.2s)
2026-09-19T09:15:10.6880174Z info: NLA/MF14Degree44/CoverageBridge.lean:67:0: 'NLA.MF14Degree44.degree_plane44_reconstruction' depends on axioms: [propext, Classical.choice, Quot.sound]
2026-09-19T09:15:10.6882750Z info: NLA/MF14Degree44/CoverageBridge.lean:69:0: 'NLA.MF14Degree44.embed44_polynomial_pullback' depends on axioms: [propext, Classical.choice, Quot.sound]
2026-09-19T09:15:10.6885091Z info: NLA/MF14Degree44/CoverageBridge.lean:71:0: 'NLA.MF14Degree44.degree44_coverage_of_density_and_image' depends on axioms: [propext, Classical.choice, Quot.sound]
2026-09-19T09:15:10.6887418Z info: NLA/MF14Degree44/CoverageBridge.lean:73:0: 'NLA.MF14Degree44.original_equality_false_of_coverage44' depends on axioms: [propext, Classical.choice, Quot.sound]
2026-09-19T09:15:11.2900875Z ✔ [3588/3723] Built LeanCert.Engine.TaylorModel.Trig (16s)
2026-09-19T09:15:11.5903670Z ✔ [3589/3723] Built LeanCert.Engine.TaylorModel.Hyperbolic (18s)
2026-09-19T09:15:12.2933388Z ✔ [3590/3723] Built LeanCert.Engine.AD.Eval (3.3s)
2026-09-19T09:15:14.0946430Z ✔ [3591/3723] Built LeanCert.Engine.TaylorModel.Functions (2.6s)
2026-09-19T09:15:16.4043316Z ✔ [3592/3723] Built LeanCert.Engine.AD.Correctness (4.1s)
2026-09-19T09:15:18.0498376Z ✔ [3593/3723] Built NLA.MF14Degree44.Mod3Lists (7.3s)
2026-09-19T09:15:20.9603129Z ✔ [3594/3723] Built LeanCert.Engine.TaylorModel.Expr (6.8s)
2026-09-19T09:15:22.0655040Z ✔ [3595/3723] Built LeanCert.Engine.AD.Computable (5.7s)
2026-09-19T09:15:23.1653722Z ℹ [3596/3723] Built NLA.MF14Degree44.Mod3CastBridge (5.1s)
2026-09-19T09:15:23.1655478Z info: NLA/MF14Degree44/Mod3CastBridge.lean:26:0: 'NLA.MF14Degree44.Mod3Certificate.product_entry_cast' depends on axioms: [propext, Classical.choice, Quot.sound]
2026-09-19T09:15:23.1658137Z info: NLA/MF14Degree44/Mod3CastBridge.lean:28:0: 'NLA.MF14Degree44.Mod3Certificate.matrix_entry_of_natural_residue' depends on axioms: [propext,
2026-09-19T09:15:23.1659331Z  Classical.choice,
2026-09-19T09:15:23.1659688Z  Quot.sound]
2026-09-19T09:15:25.2722753Z ✔ [3597/3723] Built LeanCert.Engine.AD.PartialCorrectness (8.8s)
2026-09-19T09:15:42.2973231Z ℹ [3598/3723] Built NLA.MF14Degree44.Mod3Rows8 (21s)
2026-09-19T09:15:42.2974683Z info: NLA/MF14Degree44/Mod3Rows8.lean:16:0: 'NLA.MF14Degree44.Mod3Certificate.natural_inverse_row_40' depends on axioms: [propext]
2026-09-19T09:15:42.2976618Z info: NLA/MF14Degree44/Mod3Rows8.lean:25:0: 'NLA.MF14Degree44.Mod3Certificate.natural_inverse_row_41' depends on axioms: [propext]
2026-09-19T09:15:42.2978564Z info: NLA/MF14Degree44/Mod3Rows8.lean:34:0: 'NLA.MF14Degree44.Mod3Certificate.natural_inverse_row_42' depends on axioms: [propext]
2026-09-19T09:15:42.2980479Z info: NLA/MF14Degree44/Mod3Rows8.lean:43:0: 'NLA.MF14Degree44.Mod3Certificate.natural_inverse_row_43' depends on axioms: [propext]
2026-09-19T09:15:42.2982470Z info: NLA/MF14Degree44/Mod3Rows8.lean:52:0: 'NLA.MF14Degree44.Mod3Certificate.natural_inverse_row_44' depends on axioms: [propext]
2026-09-19T09:15:43.3013881Z ℹ [3599/3723] Built NLA.MF14Degree44.Mod3Rows7 (21s)
2026-09-19T09:15:43.3016459Z info: NLA/MF14Degree44/Mod3Rows7.lean:16:0: 'NLA.MF14Degree44.Mod3Certificate.natural_inverse_row_35' depends on axioms: [propext]
2026-09-19T09:15:43.3018544Z info: NLA/MF14Degree44/Mod3Rows7.lean:25:0: 'NLA.MF14Degree44.Mod3Certificate.natural_inverse_row_36' depends on axioms: [propext]
2026-09-19T09:15:43.3020491Z info: NLA/MF14Degree44/Mod3Rows7.lean:34:0: 'NLA.MF14Degree44.Mod3Certificate.natural_inverse_row_37' depends on axioms: [propext]
2026-09-19T09:15:43.3023036Z info: NLA/MF14Degree44/Mod3Rows7.lean:43:0: 'NLA.MF14Degree44.Mod3Certificate.natural_inverse_row_38' depends on axioms: [propext]
2026-09-19T09:15:43.3025133Z info: NLA/MF14Degree44/Mod3Rows7.lean:52:0: 'NLA.MF14Degree44.Mod3Certificate.natural_inverse_row_39' depends on axioms: [propext]
2026-09-19T09:15:44.6019281Z ℹ [3600/3723] Built NLA.MF14Degree44.Mod3Rows6 (21s)
2026-09-19T09:15:44.6021449Z info: NLA/MF14Degree44/Mod3Rows6.lean:16:0: 'NLA.MF14Degree44.Mod3Certificate.natural_inverse_row_30' depends on axioms: [propext]
2026-09-19T09:15:44.6023376Z info: NLA/MF14Degree44/Mod3Rows6.lean:25:0: 'NLA.MF14Degree44.Mod3Certificate.natural_inverse_row_31' depends on axioms: [propext]
2026-09-19T09:15:44.6024932Z info: NLA/MF14Degree44/Mod3Rows6.lean:34:0: 'NLA.MF14Degree44.Mod3Certificate.natural_inverse_row_32' depends on axioms: [propext]
2026-09-19T09:15:44.6026477Z info: NLA/MF14Degree44/Mod3Rows6.lean:43:0: 'NLA.MF14Degree44.Mod3Certificate.natural_inverse_row_33' depends on axioms: [propext]
2026-09-19T09:15:44.6028050Z info: NLA/MF14Degree44/Mod3Rows6.lean:52:0: 'NLA.MF14Degree44.Mod3Certificate.natural_inverse_row_34' depends on axioms: [propext]
2026-09-19T09:15:47.4065503Z ℹ [3601/3723] Built NLA.MF14Degree44.Mod3Rows5 (22s)
2026-09-19T09:15:47.4067987Z info: NLA/MF14Degree44/Mod3Rows5.lean:16:0: 'NLA.MF14Degree44.Mod3Certificate.natural_inverse_row_25' depends on axioms: [propext]
2026-09-19T09:15:47.4069917Z info: NLA/MF14Degree44/Mod3Rows5.lean:25:0: 'NLA.MF14Degree44.Mod3Certificate.natural_inverse_row_26' depends on axioms: [propext]
2026-09-19T09:15:47.4071755Z info: NLA/MF14Degree44/Mod3Rows5.lean:34:0: 'NLA.MF14Degree44.Mod3Certificate.natural_inverse_row_27' depends on axioms: [propext]
2026-09-19T09:15:47.4073870Z info: NLA/MF14Degree44/Mod3Rows5.lean:43:0: 'NLA.MF14Degree44.Mod3Certificate.natural_inverse_row_28' depends on axioms: [propext]
2026-09-19T09:15:47.4075692Z info: NLA/MF14Degree44/Mod3Rows5.lean:52:0: 'NLA.MF14Degree44.Mod3Certificate.natural_inverse_row_29' depends on axioms: [propext]
2026-09-19T09:16:02.7308252Z ℹ [3602/3723] Built NLA.MF14Degree44.Mod3Rows4 (20s)
2026-09-19T09:16:02.7310218Z info: NLA/MF14Degree44/Mod3Rows4.lean:16:0: 'NLA.MF14Degree44.Mod3Certificate.natural_inverse_row_20' depends on axioms: [propext]
2026-09-19T09:16:02.7312131Z info: NLA/MF14Degree44/Mod3Rows4.lean:25:0: 'NLA.MF14Degree44.Mod3Certificate.natural_inverse_row_21' depends on axioms: [propext]
2026-09-19T09:16:02.7313749Z info: NLA/MF14Degree44/Mod3Rows4.lean:34:0: 'NLA.MF14Degree44.Mod3Certificate.natural_inverse_row_22' depends on axioms: [propext]
2026-09-19T09:16:02.7315324Z info: NLA/MF14Degree44/Mod3Rows4.lean:43:0: 'NLA.MF14Degree44.Mod3Certificate.natural_inverse_row_23' depends on axioms: [propext]
2026-09-19T09:16:02.7316873Z info: NLA/MF14Degree44/Mod3Rows4.lean:52:0: 'NLA.MF14Degree44.Mod3Certificate.natural_inverse_row_24' depends on axioms: [propext]
2026-09-19T09:16:03.6475751Z ℹ [3603/3723] Built NLA.MF14Degree44.Mod3Rows3 (20s)
2026-09-19T09:16:03.6478303Z info: NLA/MF14Degree44/Mod3Rows3.lean:16:0: 'NLA.MF14Degree44.Mod3Certificate.natural_inverse_row_15' depends on axioms: [propext]
2026-09-19T09:16:03.6480161Z info: NLA/MF14Degree44/Mod3Rows3.lean:25:0: 'NLA.MF14Degree44.Mod3Certificate.natural_inverse_row_16' depends on axioms: [propext]
2026-09-19T09:16:03.6482145Z info: NLA/MF14Degree44/Mod3Rows3.lean:34:0: 'NLA.MF14Degree44.Mod3Certificate.natural_inverse_row_17' depends on axioms: [propext]
2026-09-19T09:16:03.6484284Z info: NLA/MF14Degree44/Mod3Rows3.lean:43:0: 'NLA.MF14Degree44.Mod3Certificate.natural_inverse_row_18' depends on axioms: [propext]
2026-09-19T09:16:03.6486048Z info: NLA/MF14Degree44/Mod3Rows3.lean:52:0: 'NLA.MF14Degree44.Mod3Certificate.natural_inverse_row_19' depends on axioms: [propext]
2026-09-19T09:16:05.4507968Z ℹ [3604/3723] Built NLA.MF14Degree44.Mod3Rows2 (20s)
2026-09-19T09:16:05.4510212Z info: NLA/MF14Degree44/Mod3Rows2.lean:16:0: 'NLA.MF14Degree44.Mod3Certificate.natural_inverse_row_10' depends on axioms: [propext]
2026-09-19T09:16:05.4512371Z info: NLA/MF14Degree44/Mod3Rows2.lean:25:0: 'NLA.MF14Degree44.Mod3Certificate.natural_inverse_row_11' depends on axioms: [propext]
2026-09-19T09:16:05.4514646Z info: NLA/MF14Degree44/Mod3Rows2.lean:34:0: 'NLA.MF14Degree44.Mod3Certificate.natural_inverse_row_12' depends on axioms: [propext]
2026-09-19T09:16:05.4516650Z info: NLA/MF14Degree44/Mod3Rows2.lean:43:0: 'NLA.MF14Degree44.Mod3Certificate.natural_inverse_row_13' depends on axioms: [propext]
2026-09-19T09:16:05.4518530Z info: NLA/MF14Degree44/Mod3Rows2.lean:52:0: 'NLA.MF14Degree44.Mod3Certificate.natural_inverse_row_14' depends on axioms: [propext]
2026-09-19T09:16:08.9740614Z ℹ [3605/3723] Built NLA.MF14Degree44.Mod3Rows1 (21s)
2026-09-19T09:16:08.9742936Z info: NLA/MF14Degree44/Mod3Rows1.lean:16:0: 'NLA.MF14Degree44.Mod3Certificate.natural_inverse_row_5' depends on axioms: [propext]
2026-09-19T09:16:08.9744793Z info: NLA/MF14Degree44/Mod3Rows1.lean:25:0: 'NLA.MF14Degree44.Mod3Certificate.natural_inverse_row_6' depends on axioms: [propext]
2026-09-19T09:16:08.9746836Z info: NLA/MF14Degree44/Mod3Rows1.lean:34:0: 'NLA.MF14Degree44.Mod3Certificate.natural_inverse_row_7' depends on axioms: [propext]
2026-09-19T09:16:08.9748776Z info: NLA/MF14Degree44/Mod3Rows1.lean:43:0: 'NLA.MF14Degree44.Mod3Certificate.natural_inverse_row_8' depends on axioms: [propext]
2026-09-19T09:16:08.9750659Z info: NLA/MF14Degree44/Mod3Rows1.lean:52:0: 'NLA.MF14Degree44.Mod3Certificate.natural_inverse_row_9' depends on axioms: [propext]
2026-09-19T09:16:09.4739603Z ⚠ [3606/3723] Built NLA.MF14Degree44.Mod3Columns8 (5.9s)
2026-09-19T09:16:09.4743312Z warning: NLA/MF14Degree44/Mod3Columns8.lean:25:13: This simp argument is unused:
2026-09-19T09:16:09.4744267Z   coeff_add
2026-09-19T09:16:09.4744729Z 
2026-09-19T09:16:09.4745185Z Hint: Omit it from the simp argument list.
2026-09-19T09:16:09.4746050Z   [apply] simp only [coeff_C_mul_X_pow]
2026-09-19T09:16:09.4746410Z 
2026-09-19T09:16:09.4746851Z Note: This linter can be disabled with `set_option linter.unusedSimpArgs false`
2026-09-19T09:16:09.4748445Z info: NLA/MF14Degree44/Mod3Columns8.lean:27:0: 'NLA.MF14Degree44.Mod3Certificate.column_table_match_40' depends on axioms: [propext, Classical.choice, Quot.sound]
2026-09-19T09:16:09.4749982Z warning: NLA/MF14Degree44/Mod3Columns8.lean:45:13: This simp argument is unused:
2026-09-19T09:16:09.4750701Z   coeff_add
2026-09-19T09:16:09.4750909Z 
2026-09-19T09:16:09.4751110Z Hint: Omit it from the simp argument list.
2026-09-19T09:16:09.4751685Z   [apply] simp only [coeff_C_mul_X_pow]
2026-09-19T09:16:09.4752222Z 
2026-09-19T09:16:09.4752643Z Note: This linter can be disabled with `set_option linter.unusedSimpArgs false`
2026-09-19T09:16:09.4754182Z info: NLA/MF14Degree44/Mod3Columns8.lean:47:0: 'NLA.MF14Degree44.Mod3Certificate.column_table_match_41' depends on axioms: [propext, Classical.choice, Quot.sound]
2026-09-19T09:16:09.4755694Z warning: NLA/MF14Degree44/Mod3Columns8.lean:65:13: This simp argument is unused:
2026-09-19T09:16:09.4756423Z   coeff_add
2026-09-19T09:16:09.4756609Z 
2026-09-19T09:16:09.4756806Z Hint: Omit it from the simp argument list.
2026-09-19T09:16:09.4757356Z   [apply] simp only [coeff_C_mul_X_pow]
2026-09-19T09:16:09.4757762Z 
2026-09-19T09:16:09.4758188Z Note: This linter can be disabled with `set_option linter.unusedSimpArgs false`
2026-09-19T09:16:09.4759736Z info: NLA/MF14Degree44/Mod3Columns8.lean:67:0: 'NLA.MF14Degree44.Mod3Certificate.column_table_match_42' depends on axioms: [propext, Classical.choice, Quot.sound]
2026-09-19T09:16:09.4762391Z info: NLA/MF14Degree44/Mod3Columns8.lean:87:0: 'NLA.MF14Degree44.Mod3Certificate.column_table_match_43' depends on axioms: [propext, Classical.choice, Quot.sound]
2026-09-19T09:16:09.4764491Z info: NLA/MF14Degree44/Mod3Columns8.lean:107:0: 'NLA.MF14Degree44.Mod3Certificate.column_table_match_44' depends on axioms: [propext, Classical.choice, Quot.sound]
2026-09-19T09:16:10.7886879Z ⚠ [3607/3723] Built NLA.MF14Degree44.Mod3Columns7 (5.4s)
2026-09-19T09:16:10.7890382Z info: NLA/MF14Degree44/Mod3Columns7.lean:27:0: 'NLA.MF14Degree44.Mod3Certificate.column_table_match_35' depends on axioms: [propext, Classical.choice, Quot.sound]
2026-09-19T09:16:10.7892610Z warning: NLA/MF14Degree44/Mod3Columns7.lean:45:13: This simp argument is unused:
2026-09-19T09:16:10.7893499Z   coeff_add
2026-09-19T09:16:10.7893849Z 
2026-09-19T09:16:10.7894198Z Hint: Omit it from the simp argument list.
2026-09-19T09:16:10.7894866Z   [apply] simp only [coeff_C_mul_X_pow]
2026-09-19T09:16:10.7895328Z 
2026-09-19T09:16:10.7895874Z Note: This linter can be disabled with `set_option linter.unusedSimpArgs false`
2026-09-19T09:16:10.7897378Z info: NLA/MF14Degree44/Mod3Columns7.lean:47:0: 'NLA.MF14Degree44.Mod3Certificate.column_table_match_36' depends on axioms: [propext, Classical.choice, Quot.sound]
2026-09-19T09:16:10.7898942Z warning: NLA/MF14Degree44/Mod3Columns7.lean:65:13: This simp argument is unused:
2026-09-19T09:16:10.7899760Z   coeff_add
2026-09-19T09:16:10.7900082Z 
2026-09-19T09:16:10.7900430Z Hint: Omit it from the simp argument list.
2026-09-19T09:16:10.7901075Z   [apply] simp only [coeff_C_mul_X_pow]
2026-09-19T09:16:10.7901518Z 
2026-09-19T09:16:10.7902379Z Note: This linter can be disabled with `set_option linter.unusedSimpArgs false`
2026-09-19T09:16:10.7903840Z info: NLA/MF14Degree44/Mod3Columns7.lean:67:0: 'NLA.MF14Degree44.Mod3Certificate.column_table_match_37' depends on axioms: [propext, Classical.choice, Quot.sound]
2026-09-19T09:16:10.7905244Z warning: NLA/MF14Degree44/Mod3Columns7.lean:85:13: This simp argument is unused:
2026-09-19T09:16:10.7905985Z   coeff_add
2026-09-19T09:16:10.7906302Z 
2026-09-19T09:16:10.7906627Z Hint: Omit it from the simp argument list.
2026-09-19T09:16:10.7907243Z   [apply] simp only [coeff_C_mul_X_pow]
2026-09-19T09:16:10.7907675Z 
2026-09-19T09:16:10.7908165Z Note: This linter can be disabled with `set_option linter.unusedSimpArgs false`
2026-09-19T09:16:10.7909538Z info: NLA/MF14Degree44/Mod3Columns7.lean:87:0: 'NLA.MF14Degree44.Mod3Certificate.column_table_match_38' depends on axioms: [propext, Classical.choice, Quot.sound]
2026-09-19T09:16:10.7911370Z info: NLA/MF14Degree44/Mod3Columns7.lean:107:0: 'NLA.MF14Degree44.Mod3Certificate.column_table_match_39' depends on axioms: [propext, Classical.choice, Quot.sound]
2026-09-19T09:16:14.6943709Z ℹ [3608/3723] Built NLA.MF14Degree44.Mod3Columns6 (5.7s)
2026-09-19T09:16:14.6946745Z info: NLA/MF14Degree44/Mod3Columns6.lean:27:0: 'NLA.MF14Degree44.Mod3Certificate.column_table_match_30' depends on axioms: [propext, Classical.choice, Quot.sound]
2026-09-19T09:16:14.6949265Z info: NLA/MF14Degree44/Mod3Columns6.lean:47:0: 'NLA.MF14Degree44.Mod3Certificate.column_table_match_31' depends on axioms: [propext, Classical.choice, Quot.sound]
2026-09-19T09:16:14.6951734Z info: NLA/MF14Degree44/Mod3Columns6.lean:67:0: 'NLA.MF14Degree44.Mod3Certificate.column_table_match_32' depends on axioms: [propext, Classical.choice, Quot.sound]
2026-09-19T09:16:14.6954502Z info: NLA/MF14Degree44/Mod3Columns6.lean:87:0: 'NLA.MF14Degree44.Mod3Certificate.column_table_match_33' depends on axioms: [propext, Classical.choice, Quot.sound]
2026-09-19T09:16:14.6957041Z info: NLA/MF14Degree44/Mod3Columns6.lean:107:0: 'NLA.MF14Degree44.Mod3Certificate.column_table_match_34' depends on axioms: [propext, Classical.choice, Quot.sound]
2026-09-19T09:16:16.5000977Z ℹ [3609/3723] Built NLA.MF14Degree44.Mod3Columns5 (7.0s)
2026-09-19T09:16:16.5003401Z info: NLA/MF14Degree44/Mod3Columns5.lean:27:0: 'NLA.MF14Degree44.Mod3Certificate.column_table_match_25' depends on axioms: [propext, Classical.choice, Quot.sound]
2026-09-19T09:16:16.5005944Z info: NLA/MF14Degree44/Mod3Columns5.lean:47:0: 'NLA.MF14Degree44.Mod3Certificate.column_table_match_26' depends on axioms: [propext, Classical.choice, Quot.sound]
2026-09-19T09:16:16.5007883Z info: NLA/MF14Degree44/Mod3Columns5.lean:67:0: 'NLA.MF14Degree44.Mod3Certificate.column_table_match_27' depends on axioms: [propext, Classical.choice, Quot.sound]
2026-09-19T09:16:16.5009772Z info: NLA/MF14Degree44/Mod3Columns5.lean:87:0: 'NLA.MF14Degree44.Mod3Certificate.column_table_match_28' depends on axioms: [propext, Classical.choice, Quot.sound]
2026-09-19T09:16:16.5012082Z info: NLA/MF14Degree44/Mod3Columns5.lean:107:0: 'NLA.MF14Degree44.Mod3Certificate.column_table_match_29' depends on axioms: [propext, Classical.choice, Quot.sound]
2026-09-19T09:16:18.4037450Z ℹ [3610/3723] Built NLA.MF14Degree44.Mod3Columns4 (7.6s)
2026-09-19T09:16:18.4040241Z info: NLA/MF14Degree44/Mod3Columns4.lean:27:0: 'NLA.MF14Degree44.Mod3Certificate.column_table_match_20' depends on axioms: [propext, Classical.choice, Quot.sound]
2026-09-19T09:16:18.4043024Z info: NLA/MF14Degree44/Mod3Columns4.lean:47:0: 'NLA.MF14Degree44.Mod3Certificate.column_table_match_21' depends on axioms: [propext, Classical.choice, Quot.sound]
2026-09-19T09:16:18.4045434Z info: NLA/MF14Degree44/Mod3Columns4.lean:67:0: 'NLA.MF14Degree44.Mod3Certificate.column_table_match_22' depends on axioms: [propext, Classical.choice, Quot.sound]
2026-09-19T09:16:18.4047698Z info: NLA/MF14Degree44/Mod3Columns4.lean:87:0: 'NLA.MF14Degree44.Mod3Certificate.column_table_match_23' depends on axioms: [propext, Classical.choice, Quot.sound]
2026-09-19T09:16:18.4049927Z info: NLA/MF14Degree44/Mod3Columns4.lean:107:0: 'NLA.MF14Degree44.Mod3Certificate.column_table_match_24' depends on axioms: [propext, Classical.choice, Quot.sound]
2026-09-19T09:16:24.2131699Z ℹ [3611/3723] Built NLA.MF14Degree44.Mod3Rows0 (21s)
2026-09-19T09:16:24.2134917Z info: NLA/MF14Degree44/Mod3Rows0.lean:16:0: 'NLA.MF14Degree44.Mod3Certificate.natural_inverse_row_0' depends on axioms: [propext]
2026-09-19T09:16:24.2137144Z info: NLA/MF14Degree44/Mod3Rows0.lean:25:0: 'NLA.MF14Degree44.Mod3Certificate.natural_inverse_row_1' depends on axioms: [propext]
2026-09-19T09:16:24.2139212Z info: NLA/MF14Degree44/Mod3Rows0.lean:34:0: 'NLA.MF14Degree44.Mod3Certificate.natural_inverse_row_2' depends on axioms: [propext]
2026-09-19T09:16:24.2141256Z info: NLA/MF14Degree44/Mod3Rows0.lean:43:0: 'NLA.MF14Degree44.Mod3Certificate.natural_inverse_row_3' depends on axioms: [propext]
2026-09-19T09:16:24.2143633Z info: NLA/MF14Degree44/Mod3Rows0.lean:52:0: 'NLA.MF14Degree44.Mod3Certificate.natural_inverse_row_4' depends on axioms: [propext]
2026-09-19T09:16:25.9216038Z ℹ [3612/3723] Built NLA.MF14Degree44.Mod3Columns3 (11s)
2026-09-19T09:16:25.9219219Z info: NLA/MF14Degree44/Mod3Columns3.lean:27:0: 'NLA.MF14Degree44.Mod3Certificate.column_table_match_15' depends on axioms: [propext, Classical.choice, Quot.sound]
2026-09-19T09:16:25.9222193Z info: NLA/MF14Degree44/Mod3Columns3.lean:47:0: 'NLA.MF14Degree44.Mod3Certificate.column_table_match_16' depends on axioms: [propext, Classical.choice, Quot.sound]
2026-09-19T09:16:25.9224725Z info: NLA/MF14Degree44/Mod3Columns3.lean:67:0: 'NLA.MF14Degree44.Mod3Certificate.column_table_match_17' depends on axioms: [propext, Classical.choice, Quot.sound]
2026-09-19T09:16:25.9227110Z info: NLA/MF14Degree44/Mod3Columns3.lean:87:0: 'NLA.MF14Degree44.Mod3Certificate.column_table_match_18' depends on axioms: [propext, Classical.choice, Quot.sound]
2026-09-19T09:16:25.9229666Z info: NLA/MF14Degree44/Mod3Columns3.lean:107:0: 'NLA.MF14Degree44.Mod3Certificate.column_table_match_19' depends on axioms: [propext, Classical.choice, Quot.sound]
2026-09-19T09:16:27.2225479Z ℹ [3613/3723] Built NLA.MF14Degree44.Mod3Columns2 (10s)
2026-09-19T09:16:27.2227558Z info: NLA/MF14Degree44/Mod3Columns2.lean:27:0: 'NLA.MF14Degree44.Mod3Certificate.column_table_match_10' depends on axioms: [propext, Classical.choice, Quot.sound]
2026-09-19T09:16:27.2229943Z info: NLA/MF14Degree44/Mod3Columns2.lean:47:0: 'NLA.MF14Degree44.Mod3Certificate.column_table_match_11' depends on axioms: [propext, Classical.choice, Quot.sound]
2026-09-19T09:16:27.2232053Z info: NLA/MF14Degree44/Mod3Columns2.lean:67:0: 'NLA.MF14Degree44.Mod3Certificate.column_table_match_12' depends on axioms: [propext, Classical.choice, Quot.sound]
2026-09-19T09:16:27.2233993Z info: NLA/MF14Degree44/Mod3Columns2.lean:87:0: 'NLA.MF14Degree44.Mod3Certificate.column_table_match_13' depends on axioms: [propext, Classical.choice, Quot.sound]
2026-09-19T09:16:27.2236138Z info: NLA/MF14Degree44/Mod3Columns2.lean:107:0: 'NLA.MF14Degree44.Mod3Certificate.column_table_match_14' depends on axioms: [propext, Classical.choice, Quot.sound]
2026-09-19T09:16:27.4229566Z ℹ [3614/3723] Built NLA.MF14Degree44.Mod3Columns1 (9.1s)
2026-09-19T09:16:27.4232299Z info: NLA/MF14Degree44/Mod3Columns1.lean:27:0: 'NLA.MF14Degree44.Mod3Certificate.column_table_match_5' depends on axioms: [propext, Classical.choice, Quot.sound]
2026-09-19T09:16:27.4234700Z info: NLA/MF14Degree44/Mod3Columns1.lean:47:0: 'NLA.MF14Degree44.Mod3Certificate.column_table_match_6' depends on axioms: [propext, Classical.choice, Quot.sound]
2026-09-19T09:16:27.4236831Z info: NLA/MF14Degree44/Mod3Columns1.lean:67:0: 'NLA.MF14Degree44.Mod3Certificate.column_table_match_7' depends on axioms: [propext, Classical.choice, Quot.sound]
2026-09-19T09:16:27.4238976Z info: NLA/MF14Degree44/Mod3Columns1.lean:87:0: 'NLA.MF14Degree44.Mod3Certificate.column_table_match_8' depends on axioms: [propext, Classical.choice, Quot.sound]
2026-09-19T09:16:27.4241128Z info: NLA/MF14Degree44/Mod3Columns1.lean:107:0: 'NLA.MF14Degree44.Mod3Certificate.column_table_match_9' depends on axioms: [propext, Classical.choice, Quot.sound]
2026-09-19T09:16:28.8263209Z ✔ [3615/3723] Built LeanCert.Engine.TaylorModel (2.9s)
2026-09-19T09:16:30.7279452Z ✔ [3616/3723] Built LeanCert.Engine.AD.DomainChecked (3.5s)
2026-09-19T09:16:30.8282814Z ℹ [3617/3723] Built NLA.MF14Degree44.Mod3Columns0 (6.7s)
2026-09-19T09:16:30.8284278Z info: NLA/MF14Degree44/Mod3Columns0.lean:27:0: 'NLA.MF14Degree44.Mod3Certificate.column_table_match_0' depends on axioms: [propext, Classical.choice, Quot.sound]
2026-09-19T09:16:30.8286314Z info: NLA/MF14Degree44/Mod3Columns0.lean:47:0: 'NLA.MF14Degree44.Mod3Certificate.column_table_match_1' depends on axioms: [propext, Classical.choice, Quot.sound]
2026-09-19T09:16:30.8288334Z info: NLA/MF14Degree44/Mod3Columns0.lean:67:0: 'NLA.MF14Degree44.Mod3Certificate.column_table_match_2' depends on axioms: [propext, Classical.choice, Quot.sound]
2026-09-19T09:16:30.8290365Z info: NLA/MF14Degree44/Mod3Columns0.lean:87:0: 'NLA.MF14Degree44.Mod3Certificate.column_table_match_3' depends on axioms: [propext, Classical.choice, Quot.sound]
2026-09-19T09:16:30.8292504Z info: NLA/MF14Degree44/Mod3Columns0.lean:107:0: 'NLA.MF14Degree44.Mod3Certificate.column_table_match_4' depends on axioms: [propext, Classical.choice, Quot.sound]
2026-09-19T09:16:34.2340246Z ℹ [3618/3723] Built NLA.MF14Degree44.Mod3Certificate (3.4s)
2026-09-19T09:16:34.2343034Z info: NLA/MF14Degree44/Mod3Certificate.lean:149:0: 'NLA.MF14Degree44.integerJacobian_eq_checked_table' depends on axioms: [propext, Classical.choice, Quot.sound]
2026-09-19T09:16:34.2345212Z info: NLA/MF14Degree44/Mod3Certificate.lean:151:0: 'NLA.MF14Degree44.mod3_checked_table_inverse' depends on axioms: [propext, Classical.choice, Quot.sound]
2026-09-19T09:16:34.2347498Z info: NLA/MF14Degree44/Mod3Certificate.lean:153:0: 'NLA.MF14Degree44.integerJacobianMod3_eq_checked_table' depends on axioms: [propext, Classical.choice, Quot.sound]
2026-09-19T09:16:34.2349541Z info: NLA/MF14Degree44/Mod3Certificate.lean:155:0: 'NLA.MF14Degree44.integer_jacobian_mod3_inverse' depends on axioms: [propext, Classical.choice, Quot.sound]
2026-09-19T09:16:34.4343934Z ✔ [3619/3723] Built LeanCert.Engine.AD.Dyadic (3.7s)
2026-09-19T09:16:36.4375068Z ✔ [3620/3723] Built LeanCert.Engine.AD (1.9s)
2026-09-19T09:16:37.1387245Z ℹ [3621/3723] Built NLA.MF14Degree44.JacobianNonzero (2.9s)
2026-09-19T09:16:37.1389096Z info: NLA/MF14Degree44/JacobianNonzero.lean:39:0: 'NLA.MF14Degree44.integer_jacobian_det_ne_zero' depends on axioms: [propext, Classical.choice, Quot.sound]
2026-09-19T09:16:37.1391360Z info: NLA/MF14Degree44/JacobianNonzero.lean:41:0: 'NLA.MF14Degree44.complex_integer_jacobian_det_ne_zero' depends on axioms: [propext, Classical.choice, Quot.sound]
2026-09-19T09:16:40.6505302Z ✔ [3622/3723] Built LeanCert.Validity.Bounds.Smart (4.3s)
2026-09-19T09:16:41.3507308Z ✔ [3623/3723] Built LeanCert.Meta.ProveSupported (4.0s)
2026-09-19T09:16:41.3508668Z ✔ [3624/3723] Built LeanCert.Engine.IntervalEvalRefined (4.9s)
2026-09-19T09:16:45.1550996Z ✔ [3625/3723] Built LeanCert.Engine.Optimize (8.0s)
2026-09-19T09:16:45.3547019Z ✔ [3626/3723] Built LeanCert.Validity.Bounds.Bridge (4.7s)
2026-09-19T09:16:47.7672563Z ✔ [3627/3723] Built LeanCert.Meta.ProveContinuous (6.4s)
2026-09-19T09:16:48.6699022Z ✔ [3628/3723] Built LeanCert.Tactic.IntervalAuto.ProveCommon (7.3s)
2026-09-19T09:16:51.4824061Z ✔ [3629/3723] Built LeanCert.Validity.Bounds.Basic (3.7s)
2026-09-19T09:16:51.7821112Z ✔ [3630/3723] Built LeanCert.Engine.RootFinding.Newton (6.4s)
2026-09-19T09:16:53.1842835Z ✔ [3631/3723] Built LeanCert.Engine.Optimization.Gradient (8.1s)
2026-09-19T09:16:55.6897608Z ✔ [3632/3723] Built LeanCert.Tactic.LeanCert.Bridge.ReifiedFunction (4.2s)
2026-09-19T09:16:56.0901148Z ✔ [3633/3723] Built LeanCert.Tactic.IntervalAuto.Basic (4.3s)
2026-09-19T09:16:57.3015454Z ✔ [3634/3723] Built LeanCert.Validity.Integration (8.6s)
2026-09-19T09:17:06.1313506Z ✔ [3635/3723] Built LeanCert.Engine.RootFinding.MVTBounds (12s)
2026-09-19T09:17:07.1440650Z ✔ [3636/3723] Built LeanCert.Engine.RootFinding.Krawczyk (11s)
2026-09-19T09:17:07.1447360Z ✔ [3637/3723] Built LeanCert.Tactic.LeanCert.Semantic.Prepare (9.8s)
2026-09-19T09:17:14.3615519Z ✔ [3638/3723] Built LeanCert.Engine.RootFinding.KrawczykCandidate (7.2s)
2026-09-19T09:17:17.7673524Z ✔ [3639/3723] Built LeanCert.Engine.RootFinding.Contraction (10s)
2026-09-19T09:17:18.2678496Z ✔ [3640/3723] Built LeanCert.Tactic.LeanCert.Integral (12s)
2026-09-19T09:17:18.8685233Z ✔ [3641/3723] Built LeanCert.Validity.Krawczyk (4.5s)
2026-09-19T09:17:22.6825023Z ✔ [3642/3723] Built LeanCert.Engine.RootFinding.Main (3.8s)
2026-09-19T09:17:25.0927896Z ✔ [3643/3723] Built LeanCert.Tactic.LeanCert.Solver.Protocol (6.9s)
2026-09-19T09:17:25.9986510Z ✔ [3644/3723] Built LeanCert.Tactic.Extension.Execute (8.2s)
2026-09-19T09:17:27.1013758Z ✔ [3645/3723] Built LeanCert.Engine.Optimization.Global (31s)
2026-09-19T09:17:29.2113897Z ✔ [3646/3723] Built LeanCert.Tactic.LeanCert.Diagnostic.Render (4.1s)
2026-09-19T09:17:30.1118217Z ✔ [3647/3723] Built LeanCert.Tactic.Enclosure (4.1s)
2026-09-19T09:17:31.1157910Z ✔ [3648/3723] Built LeanCert.Validity.Types (3.0s)
2026-09-19T09:17:33.5338905Z ✔ [3649/3723] Built LeanCert.Engine.Search.CounterExample (4.3s)
2026-09-19T09:17:34.4355885Z ✔ [3650/3723] Built LeanCert.Engine.Optimization.Guided (4.4s)
2026-09-19T09:17:35.1392945Z ✔ [3651/3723] Built LeanCert.Validity.Bounds (7.0s)
2026-09-19T09:17:35.3386185Z ✔ [3652/3723] Built LeanCert.Engine.Optimization.BoundVerify (4.2s)
2026-09-19T09:17:38.9479338Z ✔ [3653/3723] Built LeanCert.Discovery.Find (3.9s)
2026-09-19T09:17:40.0561511Z ✔ [3654/3723] Built LeanCert.Tactic.IntervalAuto.RootBound (4.7s)
2026-09-19T09:17:42.4583135Z ✔ [3655/3723] Built LeanCert.Tactic.IntervalAuto.Multivariate (7.2s)
2026-09-19T09:17:43.0591658Z ✔ [3656/3723] Built LeanCert.Tactic.IntervalAuto.OptBound (4.1s)
2026-09-19T09:17:51.1693192Z ✔ [3657/3723] Built LeanCert.Tactic.IntervalAuto.Bound (15s)
2026-09-19T09:17:55.5750348Z ✔ [3658/3723] Built LeanCert.Tactic.IntervalAuto.Subdiv (4.3s)
2026-09-19T09:17:58.7805955Z ✔ [3659/3723] Built LeanCert.Tactic.IntervalAuto.Adaptive (7.6s)
2026-09-19T09:18:00.9865417Z ✔ [3660/3723] Built LeanCert.Tactic.IntervalAuto.PointIneq (9.8s)
2026-09-19T09:18:03.3886338Z ✔ [3661/3723] Built LeanCert.Tactic.IntervalAuto (2.4s)
2026-09-19T09:18:07.5973527Z ✔ [3662/3723] Built LeanCert.Tactic.Refute (4.2s)
2026-09-19T09:18:08.4988552Z ✔ [3663/3723] Built LeanCert.Tactic.FinSumWitness (5.2s)
2026-09-19T09:18:13.0056786Z ✔ [3664/3723] Built LeanCert.Tactic.FinSumBound (4.5s)
2026-09-19T09:18:16.1139116Z ✔ [3665/3723] Built LeanCert.Tactic.LeanCert.Semantic.Parse (3.2s)
2026-09-19T09:18:17.6153814Z ✔ [3666/3723] Built LeanCert.Tactic.Discovery (14s)
2026-09-19T09:18:19.5176904Z ✔ [3667/3723] Built LeanCert.Tactic.Krawczyk (3.3s)
2026-09-19T09:18:27.0272086Z ✔ [3668/3723] Built LeanCert.Tactic.LeanCert.Router (7.5s)
2026-09-19T09:18:29.3292230Z ✔ [3669/3723] Built LeanCert.Tactic.LeanCert (2.4s)
2026-09-19T09:18:31.8325645Z ✔ [3670/3723] Built LeanCert.Tactic (2.4s)
2026-09-19T09:18:36.1576447Z ℹ [3671/3723] Built NLA.MF14Degree44.SyzygyMiddle9 (4.3s)
2026-09-19T09:18:36.1577987Z info: NLA/MF14Degree44/SyzygyMiddle9.lean:20:0: 'NLA.MF14Degree44.syzygy_middle9_zero' depends on axioms: [propext, Classical.choice, Quot.sound]
2026-09-19T09:18:36.2576920Z ℹ [3672/3723] Built NLA.MF14Degree44.SyzygyMiddle8 (4.5s)
2026-09-19T09:18:36.2581248Z info: NLA/MF14Degree44/SyzygyMiddle8.lean:20:0: 'NLA.MF14Degree44.syzygy_middle8_zero' depends on axioms: [propext, Classical.choice, Quot.sound]
2026-09-19T09:18:36.4630818Z ℹ [3673/3723] Built NLA.MF14Degree44.SyzygyMiddle7 (4.7s)
2026-09-19T09:18:36.4633228Z info: NLA/MF14Degree44/SyzygyMiddle7.lean:20:0: 'NLA.MF14Degree44.syzygy_middle7_zero' depends on axioms: [propext, Classical.choice, Quot.sound]
2026-09-19T09:18:37.4650325Z ⚠ [3674/3723] Built NLA.MF14Degree44.SyzygyExpansion (5.6s)
2026-09-19T09:18:37.4652713Z warning: NLA/MF14Degree44/SyzygyExpansion.lean:25:72: Used `tac1 <;> tac2` where `(tac1; tac2)` would suffice
2026-09-19T09:18:37.4653725Z 
2026-09-19T09:18:37.4654385Z Note: This linter can be disabled with `set_option linter.unnecessarySeqFocus false`
2026-09-19T09:18:37.4656176Z info: NLA/MF14Degree44/SyzygyExpansion.lean:27:0: 'NLA.MF14Degree44.syzygy_polynomial_expansion' depends on axioms: [propext, Classical.choice, Quot.sound]
2026-09-19T09:18:40.3707285Z ℹ [3675/3723] Built NLA.MF14Degree44.SyzygyMiddle10 (4.3s)
2026-09-19T09:18:40.3709151Z info: NLA/MF14Degree44/SyzygyMiddle10.lean:20:0: 'NLA.MF14Degree44.syzygy_middle10_zero' depends on axioms: [propext, Classical.choice, Quot.sound]
2026-09-19T09:18:40.4708783Z ℹ [3676/3723] Built NLA.MF14Degree44.SyzygyFactors (4.2s)
2026-09-19T09:18:40.4710710Z info: NLA/MF14Degree44/SyzygyFactors.lean:25:0: 'NLA.MF14Degree44.syzygy_third_factor' depends on axioms: [propext, Classical.choice, Quot.sound]
2026-09-19T09:18:40.4712966Z info: NLA/MF14Degree44/SyzygyFactors.lean:27:0: 'NLA.MF14Degree44.syzygy_fourth_factor' depends on axioms: [propext, Classical.choice, Quot.sound]
2026-09-19T09:18:40.7715293Z ℹ [3677/3723] Built NLA.MF14Degree44.SyzygyLowPart (4.3s)
2026-09-19T09:18:40.7717501Z info: NLA/MF14Degree44/SyzygyLowPart.lean:58:0: 'NLA.MF14Degree44.lowPart6_coeff' depends on axioms: [propext, Classical.choice, Quot.sound]
2026-09-19T09:18:40.7719644Z info: NLA/MF14Degree44/SyzygyLowPart.lean:60:0: 'NLA.MF14Degree44.syzygy_low_part_high_coeff' depends on axioms: [propext, Classical.choice, Quot.sound]
2026-09-19T09:18:40.7722135Z info: NLA/MF14Degree44/SyzygyLowPart.lean:62:0: 'NLA.MF14Degree44.scaled_degenerationZ_low_coeff' depends on axioms: [propext, Classical.choice, Quot.sound]
2026-09-19T09:18:42.0763908Z ⚠ [3678/3723] Built NLA.MF14Degree44.DegenerationAtZero (4.6s)
2026-09-19T09:18:42.0765693Z warning: NLA/MF14Degree44/DegenerationAtZero.lean:21:97: Used `tac1 <;> tac2` where `(tac1; tac2)` would suffice
2026-09-19T09:18:42.0766549Z 
2026-09-19T09:18:42.0767103Z Note: This linter can be disabled with `set_option linter.unnecessarySeqFocus false`
2026-09-19T09:18:42.0768573Z info: NLA/MF14Degree44/DegenerationAtZero.lean:23:0: 'NLA.MF14Degree44.degeneration_at_zero' depends on axioms: [propext, Classical.choice, Quot.sound]
2026-09-19T09:18:44.5865260Z ℹ [3679/3723] Built NLA.MF14Degree44.PolynomialDensity (4.2s)
2026-09-19T09:18:44.5868046Z info: NLA/MF14Degree44/PolynomialDensity.lean:47:0: 'NLA.MF14Degree44.polynomial_density_of_strict_derivative' depends on axioms: [propext, Classical.choice, Quot.sound]
2026-09-19T09:18:45.2866157Z ✔ [3680/3723] Built NLA.MF14Degree44.CoefficientSmooth (4.6s)
2026-09-19T09:18:45.5948191Z ✔ [3681/3723] Built NLA.MF14Degree44.FirstDerivatives (5.1s)
2026-09-19T09:18:47.1968357Z ℹ [3682/3723] Built NLA.MF14Degree44.ThirdProductFactorization (5.2s)
2026-09-19T09:18:47.1970472Z info: NLA/MF14Degree44/ThirdProductFactorization.lean:24:0: 'NLA.MF14Degree44.third_product_factorization' depends on axioms: [propext, Classical.choice, Quot.sound]
2026-09-19T09:18:48.9989670Z ℹ [3683/3723] Built NLA.MF14Degree44.CircuitPrefix (4.4s)
2026-09-19T09:18:48.9992599Z info: NLA/MF14Degree44/CircuitPrefix.lean:78:0: 'NLA.MF14Degree44.canonical_gate_padding' depends on axioms: [propext, Classical.choice, Quot.sound]
2026-09-19T09:18:48.9994766Z info: NLA/MF14Degree44/CircuitPrefix.lean:80:0: 'NLA.MF14Degree44.prefix_gate_natDegree_bound' depends on axioms: [propext, Classical.choice, Quot.sound]
2026-09-19T09:18:48.9996792Z info: NLA/MF14Degree44/CircuitPrefix.lean:82:0: 'NLA.MF14Degree44.prefix_available_natDegree' depends on axioms: [propext, Classical.choice, Quot.sound]
2026-09-19T09:18:48.9998748Z info: NLA/MF14Degree44/CircuitPrefix.lean:84:0: 'NLA.MF14Degree44.four_prefix_full_coefficients' depends on axioms: [propext, Classical.choice, Quot.sound]
2026-09-19T09:18:51.0026171Z ⚠ [3684/3723] Built NLA.MF14Degree44.DegenerationIdentity (5.4s)
2026-09-19T09:18:51.0028703Z warning: NLA/MF14Degree44/DegenerationIdentity.lean:26:51: This simp argument is unused:
2026-09-19T09:18:51.0029659Z   map_sub
2026-09-19T09:18:51.0029999Z 
2026-09-19T09:18:51.0030397Z Hint: Omit it from the simp argument list.
2026-09-19T09:18:51.0031515Z   [apply] simp [syzygyHighPartFor, syzygy_third_factor, syzygy_fourth_factor, syzygyR5, syzygyR6, degenerationZ,
2026-09-19T09:18:51.0032875Z     map_add, map_mul, map_pow, map_ofNat, map_neg]
2026-09-19T09:18:51.0033386Z 
2026-09-19T09:18:51.0033896Z Note: This linter can be disabled with `set_option linter.unusedSimpArgs false`
2026-09-19T09:18:51.0035045Z warning: NLA/MF14Degree44/DegenerationIdentity.lean:26:60: Used `tac1 <;> tac2` where `(tac1; tac2)` would suffice
2026-09-19T09:18:51.0035860Z 
2026-09-19T09:18:51.0036540Z Note: This linter can be disabled with `set_option linter.unnecessarySeqFocus false`
2026-09-19T09:18:51.0037994Z info: NLA/MF14Degree44/DegenerationIdentity.lean:55:0: 'NLA.MF14Degree44.degeneration_high_part' depends on axioms: [propext, Classical.choice, Quot.sound]
2026-09-19T09:18:51.0039860Z info: NLA/MF14Degree44/DegenerationIdentity.lean:57:0: 'NLA.MF14Degree44.degeneration_decomposition' depends on axioms: [propext, Classical.choice, Quot.sound]
2026-09-19T09:18:51.0041732Z info: NLA/MF14Degree44/DegenerationIdentity.lean:59:0: 'NLA.MF14Degree44.degeneration_low_part' depends on axioms: [propext, Classical.choice, Quot.sound]
2026-09-19T09:18:51.0065630Z info: NLA/MF14Degree44/DegenerationIdentity.lean:61:0: 'NLA.MF14Degree44.degeneration_identity' depends on axioms: [propext, Classical.choice, Quot.sound]
2026-09-19T09:18:51.7041455Z ℹ [3685/3723] Built NLA.MF14Degree44.JacobianEquivalence (4.5s)
2026-09-19T09:18:51.7044759Z info: NLA/MF14Degree44/JacobianEquivalence.lean:74:0: 'NLA.MF14Degree44.jacobianAt_eq_toMatrix' depends on axioms: [propext, Classical.choice, Quot.sound]
2026-09-19T09:18:51.7046749Z info: NLA/MF14Degree44/JacobianEquivalence.lean:76:0: 'NLA.MF14Degree44.jacobianAt_det_eq' depends on axioms: [propext, Classical.choice, Quot.sound]
2026-09-19T09:18:51.7048635Z info: NLA/MF14Degree44/JacobianEquivalence.lean:78:0: 'NLA.MF14Degree44.derivative_equivalence_of_jacobian_det_ne_zero' depends on axioms: [propext,
2026-09-19T09:18:51.7049918Z  Classical.choice,
2026-09-19T09:18:51.7050425Z  Quot.sound]
2026-09-19T09:18:51.7051540Z info: NLA/MF14Degree44/JacobianEquivalence.lean:80:0: 'NLA.MF14Degree44.derivative_bijective_of_jacobian_det_ne_zero' depends on axioms: [propext,
2026-09-19T09:18:51.7053314Z  Classical.choice,
2026-09-19T09:18:51.7053795Z  Quot.sound]
2026-09-19T09:18:51.7055034Z info: NLA/MF14Degree44/JacobianEquivalence.lean:82:0: 'NLA.MF14Degree44.polynomial_density_of_smooth_jacobian' depends on axioms: [propext, Classical.choice, Quot.sound]
2026-09-19T09:18:52.6051256Z ⚠ [3686/3723] Built NLA.MF14Degree44.FourthDeterminantBlocks (7.3s)
2026-09-19T09:18:52.6054216Z warning: NLA/MF14Degree44/FourthDeterminantBlocks.lean:50:6: Unused tactic linter: `norm_num` does nothing
2026-09-19T09:18:52.6055236Z 
2026-09-19T09:18:52.6055844Z Note: This linter can be disabled with `set_option linter.unusedTactic false`
2026-09-19T09:18:52.6057627Z warning: NLA/MF14Degree44/FourthDeterminantBlocks.lean:50:2: Used `tac1 <;> tac2` where `(tac1; tac2)` would suffice
2026-09-19T09:18:52.6058692Z 
2026-09-19T09:18:52.6059340Z Note: This linter can be disabled with `set_option linter.unnecessarySeqFocus false`
2026-09-19T09:18:52.6060822Z warning: NLA/MF14Degree44/FourthDeterminantBlocks.lean:51:2: Used `tac1 <;> tac2` where `(tac1; tac2)` would suffice
2026-09-19T09:18:52.6062114Z 
2026-09-19T09:18:52.6062773Z Note: This linter can be disabled with `set_option linter.unnecessarySeqFocus false`
2026-09-19T09:18:52.6064589Z info: NLA/MF14Degree44/FourthDeterminantBlocks.lean:53:0: 'NLA.MF14Degree44.det_fin_add_of_lower_left_zero' depends on axioms: [propext, Classical.choice, Quot.sound]
2026-09-19T09:18:52.6066883Z info: NLA/MF14Degree44/FourthDeterminantBlocks.lean:55:0: 'NLA.MF14Degree44.fourth_core_det' depends on axioms: [propext, Classical.choice, Quot.sound]
2026-09-19T09:18:55.4094827Z ℹ [3687/3723] Built NLA.MF14Degree44.FourthSmooth (4.4s)
2026-09-19T09:18:55.4097244Z info: NLA/MF14Degree44/FourthSmooth.lean:38:0: 'NLA.MF14Degree44.fourth_polynomial_coefficients_smooth' depends on axioms: [propext, Classical.choice, Quot.sound]
2026-09-19T09:18:55.4099541Z info: NLA/MF14Degree44/FourthSmooth.lean:40:0: 'NLA.MF14Degree44.fourth_map_smooth' depends on axioms: [propext, Classical.choice, Quot.sound]
2026-09-19T09:19:01.8235538Z ℹ [3688/3723] Built NLA.MF14Degree44.CircuitSpanOperations (6.5s)
2026-09-19T09:19:01.8238142Z info: NLA/MF14Degree44/CircuitSpanOperations.lean:86:0: 'NLA.MF14Degree44.available_one' depends on axioms: [propext, Classical.choice, Quot.sound]
2026-09-19T09:19:01.8240485Z info: NLA/MF14Degree44/CircuitSpanOperations.lean:88:0: 'NLA.MF14Degree44.available_X' depends on axioms: [propext, Classical.choice, Quot.sound]
2026-09-19T09:19:01.8243123Z info: NLA/MF14Degree44/CircuitSpanOperations.lean:90:0: 'NLA.MF14Degree44.available_gate' depends on axioms: [propext, Classical.choice, Quot.sound]
2026-09-19T09:19:01.8245583Z info: NLA/MF14Degree44/CircuitSpanOperations.lean:92:0: 'NLA.MF14Degree44.polynomial_C_mul_mem' depends on axioms: [propext, Classical.choice, Quot.sound]
2026-09-19T09:19:01.8248078Z info: NLA/MF14Degree44/CircuitSpanOperations.lean:94:0: 'NLA.MF14Degree44.linearCombination_mem' depends on axioms: [propext, Classical.choice, Quot.sound]
2026-09-19T09:19:01.8250573Z info: NLA/MF14Degree44/CircuitSpanOperations.lean:96:0: 'NLA.MF14Degree44.append_product_to_prefix' depends on axioms: [propext, Classical.choice, Quot.sound]
2026-09-19T09:19:03.7256769Z ℹ [3689/3723] Built NLA.MF14Degree44.FourthJacobian (11s)
2026-09-19T09:19:03.7259534Z info: NLA/MF14Degree44/FourthJacobian.lean:81:0: 'NLA.MF14Degree44.fourth_first_jet_value' depends on axioms: [propext, Classical.choice, Quot.sound]
2026-09-19T09:19:03.7262220Z info: NLA/MF14Degree44/FourthJacobian.lean:83:0: 'NLA.MF14Degree44.fourth_first_jet_sound' depends on axioms: [propext, Classical.choice, Quot.sound]
2026-09-19T09:19:03.7264580Z info: NLA/MF14Degree44/FourthJacobian.lean:85:0: 'NLA.MF14Degree44.fourth_first_columns' depends on axioms: [propext, Classical.choice, Quot.sound]
2026-09-19T09:19:03.7266918Z info: NLA/MF14Degree44/FourthJacobian.lean:87:0: 'NLA.MF14Degree44.fourth_jacobian_identity' depends on axioms: [propext, Classical.choice, Quot.sound]
2026-09-19T09:19:07.1335313Z ℹ [3690/3723] Built NLA.MF14Degree44.FamilySmooth (18s)
2026-09-19T09:19:07.1337927Z info: NLA/MF14Degree44/FamilySmooth.lean:133:0: 'NLA.MF14Degree44.continuation_basis_coefficients_smooth' depends on axioms: [propext, Classical.choice, Quot.sound]
2026-09-19T09:19:07.1339953Z info: NLA/MF14Degree44/FamilySmooth.lean:135:0: 'NLA.MF14Degree44.continuation_polynomial_coefficients_smooth' depends on axioms: [propext,
2026-09-19T09:19:07.1341210Z  Classical.choice,
2026-09-19T09:19:07.1341757Z  Quot.sound]
2026-09-19T09:19:07.1343282Z info: NLA/MF14Degree44/FamilySmooth.lean:137:0: 'NLA.MF14Degree44.family_quad_coefficients_smooth' depends on axioms: [propext, Classical.choice, Quot.sound]
2026-09-19T09:19:07.1345708Z info: NLA/MF14Degree44/FamilySmooth.lean:139:0: 'NLA.MF14Degree44.family_polynomial_coefficients_smooth' depends on axioms: [propext, Classical.choice, Quot.sound]
2026-09-19T09:19:07.1347781Z info: NLA/MF14Degree44/FamilySmooth.lean:141:0: 'NLA.MF14Degree44.coefficient_map_smooth' depends on axioms: [propext, Classical.choice, Quot.sound]
2026-09-19T09:19:11.3425694Z ⚠ [3691/3723] Built NLA.MF14Degree44.FourthMinorCoefficients (9.4s)
2026-09-19T09:19:11.3444378Z warning: NLA/MF14Degree44/FourthMinorCoefficients.lean:21:57: Used `tac1 <;> tac2` where `(tac1; tac2)` would suffice
2026-09-19T09:19:11.3445562Z 
2026-09-19T09:19:11.3446234Z Note: This linter can be disabled with `set_option linter.unnecessarySeqFocus false`
2026-09-19T09:19:11.3447732Z warning: NLA/MF14Degree44/FourthMinorCoefficients.lean:25:11: Used `tac1 <;> tac2` where `(tac1; tac2)` would suffice
2026-09-19T09:19:11.3448743Z 
2026-09-19T09:19:11.3449380Z Note: This linter can be disabled with `set_option linter.unnecessarySeqFocus false`
2026-09-19T09:19:11.3450858Z warning: NLA/MF14Degree44/FourthMinorCoefficients.lean:30:11: Used `tac1 <;> tac2` where `(tac1; tac2)` would suffice
2026-09-19T09:19:11.3452099Z 
2026-09-19T09:19:11.3452775Z Note: This linter can be disabled with `set_option linter.unnecessarySeqFocus false`
2026-09-19T09:19:11.3454256Z warning: NLA/MF14Degree44/FourthMinorCoefficients.lean:36:49: Used `tac1 <;> tac2` where `(tac1; tac2)` would suffice
2026-09-19T09:19:11.3455255Z 
2026-09-19T09:19:11.3455913Z Note: This linter can be disabled with `set_option linter.unnecessarySeqFocus false`
2026-09-19T09:19:11.3457372Z warning: NLA/MF14Degree44/FourthMinorCoefficients.lean:45:2: Used `tac1 <;> tac2` where `(tac1; tac2)` would suffice
2026-09-19T09:19:11.3458384Z 
2026-09-19T09:19:11.3459012Z Note: This linter can be disabled with `set_option linter.unnecessarySeqFocus false`
2026-09-19T09:19:11.3460343Z warning: NLA/MF14Degree44/FourthMinorCoefficients.lean:99:4: try 'simp' instead of 'simpa'
2026-09-19T09:19:11.3461217Z 
2026-09-19T09:19:11.3462089Z Note: This linter can be disabled with `set_option linter.unnecessarySimpa false`
2026-09-19T09:19:11.3463420Z warning: NLA/MF14Degree44/FourthMinorCoefficients.lean:123:45: This simp argument is unused:
2026-09-19T09:19:11.3464464Z   coeff_X_pow
2026-09-19T09:19:11.3464872Z 
2026-09-19T09:19:11.3465266Z Hint: Omit it from the simp argument list.
2026-09-19T09:19:11.3466093Z   [apply] simp only [coeff_add, coeff_C_mul_X_pow]
2026-09-19T09:19:11.3466678Z 
2026-09-19T09:19:11.3467287Z Note: This linter can be disabled with `set_option linter.unusedSimpArgs false`
2026-09-19T09:19:11.3468576Z warning: NLA/MF14Degree44/FourthMinorCoefficients.lean:148:45: This simp argument is unused:
2026-09-19T09:19:11.3469604Z   coeff_X_pow
2026-09-19T09:19:11.3470004Z 
2026-09-19T09:19:11.3470396Z Hint: Omit it from the simp argument list.
2026-09-19T09:19:11.3471227Z   [apply] simp only [coeff_add, coeff_C_mul_X_pow]
2026-09-19T09:19:11.3471806Z 
2026-09-19T09:19:11.3472630Z Note: This linter can be disabled with `set_option linter.unusedSimpArgs false`
2026-09-19T09:19:11.3473929Z warning: NLA/MF14Degree44/FourthMinorCoefficients.lean:173:45: This simp argument is unused:
2026-09-19T09:19:11.3474966Z   coeff_X_pow
2026-09-19T09:19:11.3475367Z 
2026-09-19T09:19:11.3475757Z Hint: Omit it from the simp argument list.
2026-09-19T09:19:11.3476957Z   [apply] simp only [coeff_add, coeff_C_mul_X_pow]
2026-09-19T09:19:11.3477546Z 
2026-09-19T09:19:11.3478156Z Note: This linter can be disabled with `set_option linter.unusedSimpArgs false`
2026-09-19T09:19:11.3479452Z warning: NLA/MF14Degree44/FourthMinorCoefficients.lean:198:45: This simp argument is unused:
2026-09-19T09:19:11.3480486Z   coeff_X_pow
2026-09-19T09:19:11.3480879Z 
2026-09-19T09:19:11.3481338Z Hint: Omit it from the simp argument list.
2026-09-19T09:19:11.3482406Z   [apply] simp only [coeff_add, coeff_C_mul_X_pow]
2026-09-19T09:19:11.3482992Z 
2026-09-19T09:19:11.3483602Z Note: This linter can be disabled with `set_option linter.unusedSimpArgs false`
2026-09-19T09:19:11.3485129Z warning: NLA/MF14Degree44/FourthMinorCoefficients.lean:223:45: This simp argument is unused:
2026-09-19T09:19:11.3486206Z   coeff_X_pow
2026-09-19T09:19:11.3486599Z 
2026-09-19T09:19:11.3486994Z Hint: Omit it from the simp argument list.
2026-09-19T09:19:11.3487822Z   [apply] simp only [coeff_add, coeff_C_mul_X_pow]
2026-09-19T09:19:11.3488415Z 
2026-09-19T09:19:11.3489015Z Note: This linter can be disabled with `set_option linter.unusedSimpArgs false`
2026-09-19T09:19:11.3490411Z warning: NLA/MF14Degree44/FourthMinorCoefficients.lean:120:8: Unused tactic linter: `ring` does nothing
2026-09-19T09:19:11.3491368Z 
2026-09-19T09:19:11.3492171Z Note: This linter can be disabled with `set_option linter.unusedTactic false`
2026-09-19T09:19:11.3493625Z warning: NLA/MF14Degree44/FourthMinorCoefficients.lean:125:8: Unused tactic linter: `ring` does nothing
2026-09-19T09:19:11.3494598Z 
2026-09-19T09:19:11.3495184Z Note: This linter can be disabled with `set_option linter.unusedTactic false`
2026-09-19T09:19:11.3496619Z warning: NLA/MF14Degree44/FourthMinorCoefficients.lean:130:8: Unused tactic linter: `ring` does nothing
2026-09-19T09:19:11.3497756Z 
2026-09-19T09:19:11.3498444Z Note: This linter can be disabled with `set_option linter.unusedTactic false`
2026-09-19T09:19:11.3500007Z warning: NLA/MF14Degree44/FourthMinorCoefficients.lean:135:8: Unused tactic linter: `ring` does nothing
2026-09-19T09:19:11.3500989Z 
2026-09-19T09:19:11.3501570Z Note: This linter can be disabled with `set_option linter.unusedTactic false`
2026-09-19T09:19:11.3503336Z warning: NLA/MF14Degree44/FourthMinorCoefficients.lean:140:8: Unused tactic linter: `ring` does nothing
2026-09-19T09:19:11.3504361Z 
2026-09-19T09:19:11.3504973Z Note: This linter can be disabled with `set_option linter.unusedTactic false`
2026-09-19T09:19:11.3506314Z warning: NLA/MF14Degree44/FourthMinorCoefficients.lean:145:8: Unused tactic linter: `ring` does nothing
2026-09-19T09:19:11.3507212Z 
2026-09-19T09:19:11.3507761Z Note: This linter can be disabled with `set_option linter.unusedTactic false`
2026-09-19T09:19:11.3509055Z warning: NLA/MF14Degree44/FourthMinorCoefficients.lean:150:8: Unused tactic linter: `ring` does nothing
2026-09-19T09:19:11.3510023Z 
2026-09-19T09:19:11.3510633Z Note: This linter can be disabled with `set_option linter.unusedTactic false`
2026-09-19T09:19:11.3512434Z warning: NLA/MF14Degree44/FourthMinorCoefficients.lean:155:8: Unused tactic linter: `ring` does nothing
2026-09-19T09:19:11.3513526Z 
2026-09-19T09:19:11.3514108Z Note: This linter can be disabled with `set_option linter.unusedTactic false`
2026-09-19T09:19:11.3517953Z warning: NLA/MF14Degree44/FourthMinorCoefficients.lean:160:8: Unused tactic linter: `ring` does nothing
2026-09-19T09:19:11.3518969Z 
2026-09-19T09:19:11.3519605Z Note: This linter can be disabled with `set_option linter.unusedTactic false`
2026-09-19T09:19:11.3520932Z warning: NLA/MF14Degree44/FourthMinorCoefficients.lean:165:8: Unused tactic linter: `ring` does nothing
2026-09-19T09:19:11.3522067Z 
2026-09-19T09:19:11.3522730Z Note: This linter can be disabled with `set_option linter.unusedTactic false`
2026-09-19T09:19:11.3524066Z warning: NLA/MF14Degree44/FourthMinorCoefficients.lean:170:8: Unused tactic linter: `ring` does nothing
2026-09-19T09:19:11.3525030Z 
2026-09-19T09:19:11.3525872Z Note: This linter can be disabled with `set_option linter.unusedTactic false`
2026-09-19T09:19:11.3527381Z warning: NLA/MF14Degree44/FourthMinorCoefficients.lean:175:8: Unused tactic linter: `ring` does nothing
2026-09-19T09:19:11.3528437Z 
2026-09-19T09:19:11.3529094Z Note: This linter can be disabled with `set_option linter.unusedTactic false`
2026-09-19T09:19:11.3530454Z warning: NLA/MF14Degree44/FourthMinorCoefficients.lean:180:8: Unused tactic linter: `ring` does nothing
2026-09-19T09:19:11.3531434Z 
2026-09-19T09:19:11.3532211Z Note: This linter can be disabled with `set_option linter.unusedTactic false`
2026-09-19T09:19:11.3533611Z warning: NLA/MF14Degree44/FourthMinorCoefficients.lean:185:8: Unused tactic linter: `ring` does nothing
2026-09-19T09:19:11.3534544Z 
2026-09-19T09:19:11.3535338Z Note: This linter can be disabled with `set_option linter.unusedTactic false`
2026-09-19T09:19:11.3536660Z warning: NLA/MF14Degree44/FourthMinorCoefficients.lean:190:8: Unused tactic linter: `ring` does nothing
2026-09-19T09:19:11.3537571Z 
2026-09-19T09:19:11.3538115Z Note: This linter can be disabled with `set_option linter.unusedTactic false`
2026-09-19T09:19:11.3539392Z warning: NLA/MF14Degree44/FourthMinorCoefficients.lean:195:8: Unused tactic linter: `ring` does nothing
2026-09-19T09:19:11.3540284Z 
2026-09-19T09:19:11.3540827Z Note: This linter can be disabled with `set_option linter.unusedTactic false`
2026-09-19T09:19:11.3542291Z warning: NLA/MF14Degree44/FourthMinorCoefficients.lean:200:8: Unused tactic linter: `ring` does nothing
2026-09-19T09:19:11.3543245Z 
2026-09-19T09:19:11.3543884Z Note: This linter can be disabled with `set_option linter.unusedTactic false`
2026-09-19T09:19:11.3545407Z warning: NLA/MF14Degree44/FourthMinorCoefficients.lean:205:8: Unused tactic linter: `ring` does nothing
2026-09-19T09:19:11.3546318Z 
2026-09-19T09:19:11.3546868Z Note: This linter can be disabled with `set_option linter.unusedTactic false`
2026-09-19T09:19:11.3548125Z warning: NLA/MF14Degree44/FourthMinorCoefficients.lean:210:8: Unused tactic linter: `ring` does nothing
2026-09-19T09:19:11.3549024Z 
2026-09-19T09:19:11.3549574Z Note: This linter can be disabled with `set_option linter.unusedTactic false`
2026-09-19T09:19:11.3550830Z warning: NLA/MF14Degree44/FourthMinorCoefficients.lean:215:8: Unused tactic linter: `ring` does nothing
2026-09-19T09:19:11.3551730Z 
2026-09-19T09:19:11.3552536Z Note: This linter can be disabled with `set_option linter.unusedTactic false`
2026-09-19T09:19:11.3553882Z warning: NLA/MF14Degree44/FourthMinorCoefficients.lean:220:8: Unused tactic linter: `ring` does nothing
2026-09-19T09:19:11.3554787Z 
2026-09-19T09:19:11.3555332Z Note: This linter can be disabled with `set_option linter.unusedTactic false`
2026-09-19T09:19:11.3556596Z warning: NLA/MF14Degree44/FourthMinorCoefficients.lean:225:8: Unused tactic linter: `ring` does nothing
2026-09-19T09:19:11.3557497Z 
2026-09-19T09:19:11.3558032Z Note: This linter can be disabled with `set_option linter.unusedTactic false`
2026-09-19T09:19:11.3559315Z warning: NLA/MF14Degree44/FourthMinorCoefficients.lean:230:8: Unused tactic linter: `ring` does nothing
2026-09-19T09:19:11.3560483Z 
2026-09-19T09:19:11.3561015Z Note: This linter can be disabled with `set_option linter.unusedTactic false`
2026-09-19T09:19:11.3562472Z warning: NLA/MF14Degree44/FourthMinorCoefficients.lean:235:8: Unused tactic linter: `ring` does nothing
2026-09-19T09:19:11.3563423Z 
2026-09-19T09:19:11.3563995Z Note: This linter can be disabled with `set_option linter.unusedTactic false`
2026-09-19T09:19:11.3565331Z warning: NLA/MF14Degree44/FourthMinorCoefficients.lean:240:8: Unused tactic linter: `ring` does nothing
2026-09-19T09:19:11.3566393Z 
2026-09-19T09:19:11.3567045Z Note: This linter can be disabled with `set_option linter.unusedTactic false`
2026-09-19T09:19:11.3568471Z warning: NLA/MF14Degree44/FourthMinorCoefficients.lean:120:8: this tactic is never executed
2026-09-19T09:19:11.3569471Z 
2026-09-19T09:19:11.3570179Z Note: This linter can be disabled with `set_option linter.unreachableTactic false`
2026-09-19T09:19:11.3572004Z warning: NLA/MF14Degree44/FourthMinorCoefficients.lean:125:8: this tactic is never executed
2026-09-19T09:19:11.3572870Z 
2026-09-19T09:19:11.3573499Z Note: This linter can be disabled with `set_option linter.unreachableTactic false`
2026-09-19T09:19:11.3574824Z warning: NLA/MF14Degree44/FourthMinorCoefficients.lean:130:8: this tactic is never executed
2026-09-19T09:19:11.3575725Z 
2026-09-19T09:19:11.3576312Z Note: This linter can be disabled with `set_option linter.unreachableTactic false`
2026-09-19T09:19:11.3577597Z warning: NLA/MF14Degree44/FourthMinorCoefficients.lean:135:8: this tactic is never executed
2026-09-19T09:19:11.3578442Z 
2026-09-19T09:19:11.3579230Z Note: This linter can be disabled with `set_option linter.unreachableTactic false`
2026-09-19T09:19:11.3580516Z warning: NLA/MF14Degree44/FourthMinorCoefficients.lean:140:8: this tactic is never executed
2026-09-19T09:19:11.3581362Z 
2026-09-19T09:19:11.3582158Z Note: This linter can be disabled with `set_option linter.unreachableTactic false`
2026-09-19T09:19:11.3583446Z warning: NLA/MF14Degree44/FourthMinorCoefficients.lean:145:8: this tactic is never executed
2026-09-19T09:19:11.3584297Z 
2026-09-19T09:19:11.3584943Z Note: This linter can be disabled with `set_option linter.unreachableTactic false`
2026-09-19T09:19:11.3586191Z warning: NLA/MF14Degree44/FourthMinorCoefficients.lean:150:8: this tactic is never executed
2026-09-19T09:19:11.3587038Z 
2026-09-19T09:19:11.3587627Z Note: This linter can be disabled with `set_option linter.unreachableTactic false`
2026-09-19T09:19:11.3588878Z warning: NLA/MF14Degree44/FourthMinorCoefficients.lean:155:8: this tactic is never executed
2026-09-19T09:19:11.3589717Z 
2026-09-19T09:19:11.3590317Z Note: This linter can be disabled with `set_option linter.unreachableTactic false`
2026-09-19T09:19:11.3591576Z warning: NLA/MF14Degree44/FourthMinorCoefficients.lean:160:8: this tactic is never executed
2026-09-19T09:19:11.3592630Z 
2026-09-19T09:19:11.3593320Z Note: This linter can be disabled with `set_option linter.unreachableTactic false`
2026-09-19T09:19:11.3594597Z warning: NLA/MF14Degree44/FourthMinorCoefficients.lean:165:8: this tactic is never executed
2026-09-19T09:19:11.3595439Z 
2026-09-19T09:19:11.3596028Z Note: This linter can be disabled with `set_option linter.unreachableTactic false`
2026-09-19T09:19:11.3597283Z warning: NLA/MF14Degree44/FourthMinorCoefficients.lean:170:8: this tactic is never executed
2026-09-19T09:19:11.3598122Z 
2026-09-19T09:19:11.3598720Z Note: This linter can be disabled with `set_option linter.unreachableTactic false`
2026-09-19T09:19:11.3599969Z warning: NLA/MF14Degree44/FourthMinorCoefficients.lean:175:8: this tactic is never executed
2026-09-19T09:19:11.3600805Z 
2026-09-19T09:19:11.3601399Z Note: This linter can be disabled with `set_option linter.unreachableTactic false`
2026-09-19T09:19:11.3602846Z warning: NLA/MF14Degree44/FourthMinorCoefficients.lean:180:8: this tactic is never executed
2026-09-19T09:19:11.3603750Z 
2026-09-19T09:19:11.3604351Z Note: This linter can be disabled with `set_option linter.unreachableTactic false`
2026-09-19T09:19:11.3605609Z warning: NLA/MF14Degree44/FourthMinorCoefficients.lean:185:8: this tactic is never executed
2026-09-19T09:19:11.3606442Z 
2026-09-19T09:19:11.3607023Z Note: This linter can be disabled with `set_option linter.unreachableTactic false`
2026-09-19T09:19:11.3608240Z warning: NLA/MF14Degree44/FourthMinorCoefficients.lean:190:8: this tactic is never executed
2026-09-19T09:19:11.3609078Z 
2026-09-19T09:19:11.3609682Z Note: This linter can be disabled with `set_option linter.unreachableTactic false`
2026-09-19T09:19:11.3610970Z warning: NLA/MF14Degree44/FourthMinorCoefficients.lean:195:8: this tactic is never executed
2026-09-19T09:19:11.3612049Z 
2026-09-19T09:19:11.3612713Z Note: This linter can be disabled with `set_option linter.unreachableTactic false`
2026-09-19T09:19:11.3614032Z warning: NLA/MF14Degree44/FourthMinorCoefficients.lean:200:8: this tactic is never executed
2026-09-19T09:19:11.3615184Z 
2026-09-19T09:19:11.3615811Z Note: This linter can be disabled with `set_option linter.unreachableTactic false`
2026-09-19T09:19:11.3617152Z warning: NLA/MF14Degree44/FourthMinorCoefficients.lean:205:8: this tactic is never executed
2026-09-19T09:19:11.3618029Z 
2026-09-19T09:19:11.3618665Z Note: This linter can be disabled with `set_option linter.unreachableTactic false`
2026-09-19T09:19:11.3619919Z warning: NLA/MF14Degree44/FourthMinorCoefficients.lean:210:8: this tactic is never executed
2026-09-19T09:19:11.3620801Z 
2026-09-19T09:19:11.3621416Z Note: This linter can be disabled with `set_option linter.unreachableTactic false`
2026-09-19T09:19:11.3623092Z warning: NLA/MF14Degree44/FourthMinorCoefficients.lean:215:8: this tactic is never executed
2026-09-19T09:19:11.3624196Z 
2026-09-19T09:19:11.3624876Z Note: This linter can be disabled with `set_option linter.unreachableTactic false`
2026-09-19T09:19:11.3626209Z warning: NLA/MF14Degree44/FourthMinorCoefficients.lean:220:8: this tactic is never executed
2026-09-19T09:19:11.3627160Z 
2026-09-19T09:19:11.3627802Z Note: This linter can be disabled with `set_option linter.unreachableTactic false`
2026-09-19T09:19:11.3629138Z warning: NLA/MF14Degree44/FourthMinorCoefficients.lean:225:8: this tactic is never executed
2026-09-19T09:19:11.3630199Z 
2026-09-19T09:19:11.3630833Z Note: This linter can be disabled with `set_option linter.unreachableTactic false`
2026-09-19T09:19:11.3632367Z warning: NLA/MF14Degree44/FourthMinorCoefficients.lean:230:8: this tactic is never executed
2026-09-19T09:19:11.3633277Z 
2026-09-19T09:19:11.3633893Z Note: This linter can be disabled with `set_option linter.unreachableTactic false`
2026-09-19T09:19:11.3635219Z warning: NLA/MF14Degree44/FourthMinorCoefficients.lean:235:8: this tactic is never executed
2026-09-19T09:19:11.3636108Z 
2026-09-19T09:19:11.3636732Z Note: This linter can be disabled with `set_option linter.unreachableTactic false`
2026-09-19T09:19:11.3638039Z warning: NLA/MF14Degree44/FourthMinorCoefficients.lean:240:8: this tactic is never executed
2026-09-19T09:19:11.3638927Z 
2026-09-19T09:19:11.3639541Z Note: This linter can be disabled with `set_option linter.unreachableTactic false`
2026-09-19T09:19:11.3640992Z warning: NLA/MF14Degree44/FourthMinorCoefficients.lean:119:4: Used `tac1 <;> tac2` where `(tac1; tac2)` would suffice
2026-09-19T09:19:11.3642216Z 
2026-09-19T09:19:11.3642870Z Note: This linter can be disabled with `set_option linter.unnecessarySeqFocus false`
2026-09-19T09:19:11.3644352Z warning: NLA/MF14Degree44/FourthMinorCoefficients.lean:124:4: Used `tac1 <;> tac2` where `(tac1; tac2)` would suffice
2026-09-19T09:19:11.3645363Z 
2026-09-19T09:19:11.3645999Z Note: This linter can be disabled with `set_option linter.unnecessarySeqFocus false`
2026-09-19T09:19:11.3647475Z warning: NLA/MF14Degree44/FourthMinorCoefficients.lean:129:4: Used `tac1 <;> tac2` where `(tac1; tac2)` would suffice
2026-09-19T09:19:11.3648493Z 
2026-09-19T09:19:11.3649136Z Note: This linter can be disabled with `set_option linter.unnecessarySeqFocus false`
2026-09-19T09:19:11.3650669Z warning: NLA/MF14Degree44/FourthMinorCoefficients.lean:134:4: Used `tac1 <;> tac2` where `(tac1; tac2)` would suffice
2026-09-19T09:19:11.3651669Z 
2026-09-19T09:19:11.3652511Z Note: This linter can be disabled with `set_option linter.unnecessarySeqFocus false`
2026-09-19T09:19:11.3653930Z warning: NLA/MF14Degree44/FourthMinorCoefficients.lean:139:4: Used `tac1 <;> tac2` where `(tac1; tac2)` would suffice
2026-09-19T09:19:11.3654905Z 
2026-09-19T09:19:11.3655530Z Note: This linter can be disabled with `set_option linter.unnecessarySeqFocus false`
2026-09-19T09:19:11.3656928Z warning: NLA/MF14Degree44/FourthMinorCoefficients.lean:144:4: Used `tac1 <;> tac2` where `(tac1; tac2)` would suffice
2026-09-19T09:19:11.3657945Z 
2026-09-19T09:19:11.3658572Z Note: This linter can be disabled with `set_option linter.unnecessarySeqFocus false`
2026-09-19T09:19:11.3660027Z warning: NLA/MF14Degree44/FourthMinorCoefficients.lean:149:4: Used `tac1 <;> tac2` where `(tac1; tac2)` would suffice
2026-09-19T09:19:11.3661292Z 
2026-09-19T09:19:11.3662139Z Note: This linter can be disabled with `set_option linter.unnecessarySeqFocus false`
2026-09-19T09:19:11.3663620Z warning: NLA/MF14Degree44/FourthMinorCoefficients.lean:154:4: Used `tac1 <;> tac2` where `(tac1; tac2)` would suffice
2026-09-19T09:19:11.3664629Z 
2026-09-19T09:19:11.3665253Z Note: This linter can be disabled with `set_option linter.unnecessarySeqFocus false`
2026-09-19T09:19:11.3666681Z warning: NLA/MF14Degree44/FourthMinorCoefficients.lean:159:4: Used `tac1 <;> tac2` where `(tac1; tac2)` would suffice
2026-09-19T09:19:11.3667689Z 
2026-09-19T09:19:11.3668332Z Note: This linter can be disabled with `set_option linter.unnecessarySeqFocus false`
2026-09-19T09:19:11.3669968Z warning: NLA/MF14Degree44/FourthMinorCoefficients.lean:164:4: Used `tac1 <;> tac2` where `(tac1; tac2)` would suffice
2026-09-19T09:19:11.3670992Z 
2026-09-19T09:19:11.3671632Z Note: This linter can be disabled with `set_option linter.unnecessarySeqFocus false`
2026-09-19T09:19:11.3673304Z warning: NLA/MF14Degree44/FourthMinorCoefficients.lean:169:4: Used `tac1 <;> tac2` where `(tac1; tac2)` would suffice
2026-09-19T09:19:11.3674269Z 
2026-09-19T09:19:11.3674867Z Note: This linter can be disabled with `set_option linter.unnecessarySeqFocus false`
2026-09-19T09:19:11.3676232Z warning: NLA/MF14Degree44/FourthMinorCoefficients.lean:174:4: Used `tac1 <;> tac2` where `(tac1; tac2)` would suffice
2026-09-19T09:19:11.3677097Z 
2026-09-19T09:19:11.3677660Z Note: This linter can be disabled with `set_option linter.unnecessarySeqFocus false`
2026-09-19T09:19:11.3678977Z warning: NLA/MF14Degree44/FourthMinorCoefficients.lean:179:4: Used `tac1 <;> tac2` where `(tac1; tac2)` would suffice
2026-09-19T09:19:11.3679918Z 
2026-09-19T09:19:11.3680527Z Note: This linter can be disabled with `set_option linter.unnecessarySeqFocus false`
2026-09-19T09:19:11.3682242Z warning: NLA/MF14Degree44/FourthMinorCoefficients.lean:184:4: Used `tac1 <;> tac2` where `(tac1; tac2)` would suffice
2026-09-19T09:19:11.3683220Z 
2026-09-19T09:19:11.3683942Z Note: This linter can be disabled with `set_option linter.unnecessarySeqFocus false`
2026-09-19T09:19:11.3685351Z warning: NLA/MF14Degree44/FourthMinorCoefficients.lean:189:4: Used `tac1 <;> tac2` where `(tac1; tac2)` would suffice
2026-09-19T09:19:11.3686427Z 
2026-09-19T09:19:11.3687074Z Note: This linter can be disabled with `set_option linter.unnecessarySeqFocus false`
2026-09-19T09:19:11.3688330Z warning: NLA/MF14Degree44/FourthMinorCoefficients.lean:194:4: Used `tac1 <;> tac2` where `(tac1; tac2)` would suffice
2026-09-19T09:19:11.3689139Z 
2026-09-19T09:19:11.3689599Z Note: This linter can be disabled with `set_option linter.unnecessarySeqFocus false`
2026-09-19T09:19:11.3690814Z warning: NLA/MF14Degree44/FourthMinorCoefficients.lean:199:4: Used `tac1 <;> tac2` where `(tac1; tac2)` would suffice
2026-09-19T09:19:11.3691603Z 
2026-09-19T09:19:11.3692239Z Note: This linter can be disabled with `set_option linter.unnecessarySeqFocus false`
2026-09-19T09:19:11.3693538Z warning: NLA/MF14Degree44/FourthMinorCoefficients.lean:204:4: Used `tac1 <;> tac2` where `(tac1; tac2)` would suffice
2026-09-19T09:19:11.3694312Z 
2026-09-19T09:19:11.3694734Z Note: This linter can be disabled with `set_option linter.unnecessarySeqFocus false`
2026-09-19T09:19:11.3695935Z warning: NLA/MF14Degree44/FourthMinorCoefficients.lean:209:4: Used `tac1 <;> tac2` where `(tac1; tac2)` would suffice
2026-09-19T09:19:11.3696751Z 
2026-09-19T09:19:11.3697224Z Note: This linter can be disabled with `set_option linter.unnecessarySeqFocus false`
2026-09-19T09:19:11.3698484Z warning: NLA/MF14Degree44/FourthMinorCoefficients.lean:214:4: Used `tac1 <;> tac2` where `(tac1; tac2)` would suffice
2026-09-19T09:19:11.3699314Z 
2026-09-19T09:19:11.3699797Z Note: This linter can be disabled with `set_option linter.unnecessarySeqFocus false`
2026-09-19T09:19:11.3701066Z warning: NLA/MF14Degree44/FourthMinorCoefficients.lean:219:4: Used `tac1 <;> tac2` where `(tac1; tac2)` would suffice
2026-09-19T09:19:11.3702561Z 
2026-09-19T09:19:11.3703020Z Note: This linter can be disabled with `set_option linter.unnecessarySeqFocus false`
2026-09-19T09:19:11.3704313Z warning: NLA/MF14Degree44/FourthMinorCoefficients.lean:224:4: Used `tac1 <;> tac2` where `(tac1; tac2)` would suffice
2026-09-19T09:19:11.3705124Z 
2026-09-19T09:19:11.3705623Z Note: This linter can be disabled with `set_option linter.unnecessarySeqFocus false`
2026-09-19T09:19:11.3706910Z warning: NLA/MF14Degree44/FourthMinorCoefficients.lean:229:4: Used `tac1 <;> tac2` where `(tac1; tac2)` would suffice
2026-09-19T09:19:11.3707760Z 
2026-09-19T09:19:11.3708229Z Note: This linter can be disabled with `set_option linter.unnecessarySeqFocus false`
2026-09-19T09:19:11.3709755Z warning: NLA/MF14Degree44/FourthMinorCoefficients.lean:234:4: Used `tac1 <;> tac2` where `(tac1; tac2)` would suffice
2026-09-19T09:19:11.3710598Z 
2026-09-19T09:19:11.3711063Z Note: This linter can be disabled with `set_option linter.unnecessarySeqFocus false`
2026-09-19T09:19:11.3712642Z warning: NLA/MF14Degree44/FourthMinorCoefficients.lean:239:4: Used `tac1 <;> tac2` where `(tac1; tac2)` would suffice
2026-09-19T09:19:11.3713456Z 
2026-09-19T09:19:11.3713892Z Note: This linter can be disabled with `set_option linter.unnecessarySeqFocus false`
2026-09-19T09:19:11.3715461Z info: NLA/MF14Degree44/FourthMinorCoefficients.lean:242:0: 'NLA.MF14Degree44.fourth_R_expansion' depends on axioms: [propext, Classical.choice, Quot.sound]
2026-09-19T09:19:11.3717573Z info: NLA/MF14Degree44/FourthMinorCoefficients.lean:244:0: 'NLA.MF14Degree44.fourth_middle_column_degree' depends on axioms: [propext, Classical.choice, Quot.sound]
2026-09-19T09:19:11.3719779Z info: NLA/MF14Degree44/FourthMinorCoefficients.lean:246:0: 'NLA.MF14Degree44.fourth_tail_column_degree' depends on axioms: [propext, Classical.choice, Quot.sound]
2026-09-19T09:19:11.3722195Z info: NLA/MF14Degree44/FourthMinorCoefficients.lean:248:0: 'NLA.MF14Degree44.fourth_tail_diagonal' depends on axioms: [propext, Classical.choice, Quot.sound]
2026-09-19T09:19:11.3724320Z info: NLA/MF14Degree44/FourthMinorCoefficients.lean:250:0: 'NLA.MF14Degree44.fourth_core_matrix' depends on axioms: [propext, Classical.choice, Quot.sound]
2026-09-19T09:19:15.5496646Z ℹ [3692/3723] Built NLA.MF14Degree44.ProductSpan (11s)
2026-09-19T09:19:15.5499264Z info: NLA/MF14Degree44/ProductSpan.lean:61:0: 'NLA.MF14Degree44.product_span_basis_mem' depends on axioms: [propext, Classical.choice, Quot.sound]
2026-09-19T09:19:15.5501604Z info: NLA/MF14Degree44/ProductSpan.lean:63:0: 'NLA.MF14Degree44.product_span_monomial_mem' depends on axioms: [propext, Classical.choice, Quot.sound]
2026-09-19T09:19:15.5504170Z info: NLA/MF14Degree44/ProductSpan.lean:65:0: 'NLA.MF14Degree44.syzygy_basis_mem' depends on axioms: [propext, Classical.choice, Quot.sound]
2026-09-19T09:19:15.5506370Z info: NLA/MF14Degree44/ProductSpan.lean:67:0: 'NLA.MF14Degree44.degeneration_E_mem' depends on axioms: [propext, Classical.choice, Quot.sound]
2026-09-19T09:19:15.5508568Z info: NLA/MF14Degree44/ProductSpan.lean:69:0: 'NLA.MF14Degree44.low_part6_mem' depends on axioms: [propext, Classical.choice, Quot.sound]
2026-09-19T09:19:15.5510728Z info: NLA/MF14Degree44/ProductSpan.lean:71:0: 'NLA.MF14Degree44.degeneration_in_span' depends on axioms: [propext, Classical.choice, Quot.sound]
2026-09-19T09:19:16.3575400Z ℹ [3693/3723] Built NLA.MF14Degree44.ThreeProductTuple (5.0s)
2026-09-19T09:19:16.3577591Z info: NLA/MF14Degree44/ThreeProductTuple.lean:85:0: 'NLA.MF14Degree44.three_product_tuple' depends on axioms: [propext, Classical.choice, Quot.sound]
2026-09-19T09:19:19.9635492Z ℹ [3694/3723] Built NLA.MF14Degree44.SpanCoordinates (4.4s)
2026-09-19T09:19:19.9638012Z info: NLA/MF14Degree44/SpanCoordinates.lean:67:0: 'NLA.MF14Degree44.span_representation' depends on axioms: [propext, Classical.choice, Quot.sound]
2026-09-19T09:19:19.9640036Z info: NLA/MF14Degree44/SpanCoordinates.lean:69:0: 'NLA.MF14Degree44.basis_coefficient_mulVec' depends on axioms: [propext, Classical.choice, Quot.sound]
2026-09-19T09:19:19.9642579Z info: NLA/MF14Degree44/SpanCoordinates.lean:71:0: 'NLA.MF14Degree44.coefficient_span_bijective' depends on axioms: [propext, Classical.choice, Quot.sound]
2026-09-19T09:19:20.3659606Z ℹ [3695/3723] Built NLA.MF14Degree44.FamilyFirstJet (28s)
2026-09-19T09:19:20.3662352Z info: NLA/MF14Degree44/FamilyFirstJet.lean:202:0: 'NLA.MF14Degree44.family_first_jet_value' depends on axioms: [propext, Classical.choice, Quot.sound]
2026-09-19T09:19:20.3664811Z info: NLA/MF14Degree44/FamilyFirstJet.lean:204:0: 'NLA.MF14Degree44.family_first_jet_sound' depends on axioms: [propext, Classical.choice, Quot.sound]
2026-09-19T09:19:20.3667551Z info: NLA/MF14Degree44/FamilyFirstJet.lean:206:0: 'NLA.MF14Degree44.coefficient_jacobian_eq_first_jet' depends on axioms: [propext, Classical.choice, Quot.sound]
2026-09-19T09:19:21.6716495Z ⚠ [3696/3723] Built NLA.MF14Degree44.FourthMinorBlocks (5.3s)
2026-09-19T09:19:21.6719193Z warning: NLA/MF14Degree44/FourthMinorBlocks.lean:57:2: Used `tac1 <;> tac2` where `(tac1; tac2)` would suffice
2026-09-19T09:19:21.6720328Z 
2026-09-19T09:19:21.6721057Z Note: This linter can be disabled with `set_option linter.unnecessarySeqFocus false`
2026-09-19T09:19:21.6723021Z warning: NLA/MF14Degree44/FourthMinorBlocks.lean:66:28: Used `tac1 <;> tac2` where `(tac1; tac2)` would suffice
2026-09-19T09:19:21.6724088Z 
2026-09-19T09:19:21.6724816Z Note: This linter can be disabled with `set_option linter.unnecessarySeqFocus false`
2026-09-19T09:19:21.6726659Z info: NLA/MF14Degree44/FourthMinorBlocks.lean:68:0: 'NLA.MF14Degree44.fourth_first_block' depends on axioms: [propext, Classical.choice, Quot.sound]
2026-09-19T09:19:21.6728964Z info: NLA/MF14Degree44/FourthMinorBlocks.lean:70:0: 'NLA.MF14Degree44.fourth_first_lower_zero' depends on axioms: [propext, Classical.choice, Quot.sound]
2026-09-19T09:19:21.6731338Z info: NLA/MF14Degree44/FourthMinorBlocks.lean:72:0: 'NLA.MF14Degree44.fourth_middle_lower_zero' depends on axioms: [propext, Classical.choice, Quot.sound]
2026-09-19T09:19:21.6734084Z info: NLA/MF14Degree44/FourthMinorBlocks.lean:74:0: 'NLA.MF14Degree44.fourth_tail_upper_triangular' depends on axioms: [propext, Classical.choice, Quot.sound]
2026-09-19T09:19:21.6736820Z info: NLA/MF14Degree44/FourthMinorBlocks.lean:76:0: 'NLA.MF14Degree44.fourth_tail_det' depends on axioms: [propext, Classical.choice, Quot.sound]
2026-09-19T09:19:25.3787358Z ⚠ [3697/3723] Built NLA.MF14Degree44.BasisDegreeData (5.5s)
2026-09-19T09:19:25.3789269Z warning: NLA/MF14Degree44/BasisDegreeData.lean:61:4: try 'simp' instead of 'simpa'
2026-09-19T09:19:25.3790172Z 
2026-09-19T09:19:25.3790771Z Note: This linter can be disabled with `set_option linter.unnecessarySimpa false`
2026-09-19T09:19:25.3792664Z info: NLA/MF14Degree44/BasisDegreeData.lean:71:0: 'NLA.MF14Degree44.product_span_basis_degree_le' depends on axioms: [propext, Classical.choice, Quot.sound]
2026-09-19T09:19:25.3794791Z info: NLA/MF14Degree44/BasisDegreeData.lean:73:0: 'NLA.MF14Degree44.product_span_basis_diagonal' depends on axioms: [propext, Classical.choice, Quot.sound]
2026-09-19T09:19:26.6820991Z ℹ [3698/3723] Built NLA.MF14Degree44.MonicBorderPath (6.3s)
2026-09-19T09:19:26.6823663Z info: NLA/MF14Degree44/MonicBorderPath.lean:92:0: 'NLA.MF14Degree44.monic_border_path_mem' depends on axioms: [propext, Classical.choice, Quot.sound]
2026-09-19T09:19:26.6825657Z info: NLA/MF14Degree44/MonicBorderPath.lean:94:0: 'NLA.MF14Degree44.monic_border_path_at_zero' depends on axioms: [propext, Classical.choice, Quot.sound]
2026-09-19T09:19:26.6827647Z info: NLA/MF14Degree44/MonicBorderPath.lean:96:0: 'NLA.MF14Degree44.moving_border_path_at_zero' depends on axioms: [propext, Classical.choice, Quot.sound]
2026-09-19T09:19:26.6829217Z ℹ [3699/3723] Built NLA.MF14Degree44.ContinuationCircuit (19s)
2026-09-19T09:19:26.6830797Z info: NLA/MF14Degree44/ContinuationCircuit.lean:123:0: 'NLA.MF14Degree44.continuation_actual_output' depends on axioms: [propext, Classical.choice, Quot.sound]
2026-09-19T09:19:28.1076469Z ℹ [3700/3723] Built NLA.MF14Degree44.FourthSpanMembership (6.4s)
2026-09-19T09:19:28.1079377Z info: NLA/MF14Degree44/FourthSpanMembership.lean:145:0: 'NLA.MF14Degree44.third_input_basis_products_mem' depends on axioms: [propext, Classical.choice, Quot.sound]
2026-09-19T09:19:28.1082150Z info: NLA/MF14Degree44/FourthSpanMembership.lean:147:0: 'NLA.MF14Degree44.third_input_span_product_mem' depends on axioms: [propext, Classical.choice, Quot.sound]
2026-09-19T09:19:28.1084649Z info: NLA/MF14Degree44/FourthSpanMembership.lean:149:0: 'NLA.MF14Degree44.fourth_polynomial_operands' depends on axioms: [propext, Classical.choice, Quot.sound]
2026-09-19T09:19:28.1087406Z info: NLA/MF14Degree44/FourthSpanMembership.lean:151:0: 'NLA.MF14Degree44.fourth_polynomial_mem_product_span' depends on axioms: [propext, Classical.choice, Quot.sound]
2026-09-19T09:19:29.9115542Z ℹ [3701/3723] Built NLA.MF14Degree44.SpanReconstruction (4.5s)
2026-09-19T09:19:29.9117154Z info: NLA/MF14Degree44/SpanReconstruction.lean:41:0: 'NLA.MF14Degree44.span_reconstruct_coordinates' depends on axioms: [propext, Classical.choice, Quot.sound]
2026-09-19T09:19:29.9119460Z info: NLA/MF14Degree44/SpanReconstruction.lean:43:0: 'NLA.MF14Degree44.span_reconstruct_coefficient_polynomial' depends on axioms: [propext, Classical.choice, Quot.sound]
2026-09-19T09:19:57.5562980Z ⚠ [3702/3723] Built NLA.MF14Degree44.SeedFirstColumns7 (30s)
2026-09-19T09:19:57.5564478Z warning: NLA/MF14Degree44/SeedFirstColumns7.lean:25:2: Used `tac1 <;> tac2` where `(tac1; tac2)` would suffice
2026-09-19T09:19:57.5568043Z 
2026-09-19T09:19:57.5568957Z Note: This linter can be disabled with `set_option linter.unnecessarySeqFocus false`
2026-09-19T09:19:57.5570595Z info: NLA/MF14Degree44/SeedFirstColumns7.lean:27:0: 'NLA.MF14Degree44.seed_first_column_35' depends on axioms: [propext, Classical.choice, Quot.sound]
2026-09-19T09:19:57.5572521Z warning: NLA/MF14Degree44/SeedFirstColumns7.lean:37:6: Unused tactic linter: `ring` does nothing
2026-09-19T09:19:57.5573270Z 
2026-09-19T09:19:57.5573687Z Note: This linter can be disabled with `set_option linter.unusedTactic false`
2026-09-19T09:19:57.5574705Z warning: NLA/MF14Degree44/SeedFirstColumns7.lean:37:6: this tactic is never executed
2026-09-19T09:19:57.5575309Z 
2026-09-19T09:19:57.5575723Z Note: This linter can be disabled with `set_option linter.unreachableTactic false`
2026-09-19T09:19:57.5577141Z info: NLA/MF14Degree44/SeedFirstColumns7.lean:39:0: 'NLA.MF14Degree44.seed_first_column_36' depends on axioms: [propext, Classical.choice, Quot.sound]
2026-09-19T09:19:57.5578730Z warning: NLA/MF14Degree44/SeedFirstColumns7.lean:49:6: Unused tactic linter: `ring` does nothing
2026-09-19T09:19:57.5579442Z 
2026-09-19T09:19:57.5579879Z Note: This linter can be disabled with `set_option linter.unusedTactic false`
2026-09-19T09:19:57.5580974Z warning: NLA/MF14Degree44/SeedFirstColumns7.lean:49:6: this tactic is never executed
2026-09-19T09:19:57.5581602Z 
2026-09-19T09:19:57.5582350Z Note: This linter can be disabled with `set_option linter.unreachableTactic false`
2026-09-19T09:19:57.5583856Z info: NLA/MF14Degree44/SeedFirstColumns7.lean:51:0: 'NLA.MF14Degree44.seed_first_column_37' depends on axioms: [propext, Classical.choice, Quot.sound]
2026-09-19T09:19:57.5585418Z warning: NLA/MF14Degree44/SeedFirstColumns7.lean:61:6: Unused tactic linter: `ring` does nothing
2026-09-19T09:19:57.5586128Z 
2026-09-19T09:19:57.5586544Z Note: This linter can be disabled with `set_option linter.unusedTactic false`
2026-09-19T09:19:57.5587627Z warning: NLA/MF14Degree44/SeedFirstColumns7.lean:61:6: this tactic is never executed
2026-09-19T09:19:57.5588284Z 
2026-09-19T09:19:57.5588746Z Note: This linter can be disabled with `set_option linter.unreachableTactic false`
2026-09-19T09:19:57.5590375Z info: NLA/MF14Degree44/SeedFirstColumns7.lean:63:0: 'NLA.MF14Degree44.seed_first_column_38' depends on axioms: [propext, Classical.choice, Quot.sound]
2026-09-19T09:19:57.5592300Z warning: NLA/MF14Degree44/SeedFirstColumns7.lean:73:6: Unused tactic linter: `ring` does nothing
2026-09-19T09:19:57.5593461Z 
2026-09-19T09:19:57.5593920Z Note: This linter can be disabled with `set_option linter.unusedTactic false`
2026-09-19T09:19:57.5595037Z warning: NLA/MF14Degree44/SeedFirstColumns7.lean:73:6: this tactic is never executed
2026-09-19T09:19:57.5595714Z 
2026-09-19T09:19:57.5596199Z Note: This linter can be disabled with `set_option linter.unreachableTactic false`
2026-09-19T09:19:57.5597794Z info: NLA/MF14Degree44/SeedFirstColumns7.lean:75:0: 'NLA.MF14Degree44.seed_first_column_39' depends on axioms: [propext, Classical.choice, Quot.sound]
2026-09-19T09:19:58.1563712Z ⚠ [3703/3723] Built NLA.MF14Degree44.SeedFirstColumns8 (31s)
2026-09-19T09:19:58.1565340Z warning: NLA/MF14Degree44/SeedFirstColumns8.lean:25:6: Unused tactic linter: `ring` does nothing
2026-09-19T09:19:58.1566627Z 
2026-09-19T09:19:58.1567800Z Note: This linter can be disabled with `set_option linter.unusedTactic false`
2026-09-19T09:19:58.1569191Z warning: NLA/MF14Degree44/SeedFirstColumns8.lean:25:6: this tactic is never executed
2026-09-19T09:19:58.1570136Z 
2026-09-19T09:19:58.1570853Z Note: This linter can be disabled with `set_option linter.unreachableTactic false`
2026-09-19T09:19:58.1572890Z info: NLA/MF14Degree44/SeedFirstColumns8.lean:27:0: 'NLA.MF14Degree44.seed_first_column_40' depends on axioms: [propext, Classical.choice, Quot.sound]
2026-09-19T09:19:58.1574848Z warning: NLA/MF14Degree44/SeedFirstColumns8.lean:37:6: Unused tactic linter: `ring` does nothing
2026-09-19T09:19:58.1575878Z 
2026-09-19T09:19:58.1576554Z Note: This linter can be disabled with `set_option linter.unusedTactic false`
2026-09-19T09:19:58.1577882Z warning: NLA/MF14Degree44/SeedFirstColumns8.lean:37:6: this tactic is never executed
2026-09-19T09:19:58.1578751Z 
2026-09-19T09:19:58.1579439Z Note: This linter can be disabled with `set_option linter.unreachableTactic false`
2026-09-19T09:19:58.1581364Z info: NLA/MF14Degree44/SeedFirstColumns8.lean:39:0: 'NLA.MF14Degree44.seed_first_column_41' depends on axioms: [propext, Classical.choice, Quot.sound]
2026-09-19T09:19:58.1583608Z warning: NLA/MF14Degree44/SeedFirstColumns8.lean:49:2: Used `tac1 <;> tac2` where `(tac1; tac2)` would suffice
2026-09-19T09:19:58.1584665Z 
2026-09-19T09:19:58.1585388Z Note: This linter can be disabled with `set_option linter.unnecessarySeqFocus false`
2026-09-19T09:19:58.1587250Z info: NLA/MF14Degree44/SeedFirstColumns8.lean:51:0: 'NLA.MF14Degree44.seed_first_column_42' depends on axioms: [propext, Classical.choice, Quot.sound]
2026-09-19T09:19:58.1589251Z warning: NLA/MF14Degree44/SeedFirstColumns8.lean:61:2: Used `tac1 <;> tac2` where `(tac1; tac2)` would suffice
2026-09-19T09:19:58.1590326Z 
2026-09-19T09:19:58.1591036Z Note: This linter can be disabled with `set_option linter.unnecessarySeqFocus false`
2026-09-19T09:19:58.1593278Z info: NLA/MF14Degree44/SeedFirstColumns8.lean:63:0: 'NLA.MF14Degree44.seed_first_column_43' depends on axioms: [propext, Classical.choice, Quot.sound]
2026-09-19T09:19:58.1595266Z warning: NLA/MF14Degree44/SeedFirstColumns8.lean:73:2: Used `tac1 <;> tac2` where `(tac1; tac2)` would suffice
2026-09-19T09:19:58.1596342Z 
2026-09-19T09:19:58.1597034Z Note: This linter can be disabled with `set_option linter.unnecessarySeqFocus false`
2026-09-19T09:19:58.1598899Z info: NLA/MF14Degree44/SeedFirstColumns8.lean:75:0: 'NLA.MF14Degree44.seed_first_column_44' depends on axioms: [propext, Classical.choice, Quot.sound]
2026-09-19T09:19:59.6579911Z ⚠ [3704/3723] Built NLA.MF14Degree44.SeedFirstColumns6 (31s)
2026-09-19T09:19:59.6581448Z warning: NLA/MF14Degree44/SeedFirstColumns6.lean:25:15: Unused tactic linter: `simp` does nothing
2026-09-19T09:19:59.6582850Z 
2026-09-19T09:19:59.6583547Z Note: This linter can be disabled with `set_option linter.unusedTactic false`
2026-09-19T09:19:59.6584819Z warning: NLA/MF14Degree44/SeedFirstColumns6.lean:25:15: this tactic is never executed
2026-09-19T09:19:59.6585705Z 
2026-09-19T09:19:59.6586338Z Note: This linter can be disabled with `set_option linter.unreachableTactic false`
2026-09-19T09:19:59.6587684Z warning: NLA/MF14Degree44/SeedFirstColumns6.lean:25:2: Used `tac1 <;> tac2` where `(tac1; tac2)` would suffice
2026-09-19T09:19:59.6588922Z 
2026-09-19T09:19:59.6589539Z Note: This linter can be disabled with `set_option linter.unnecessarySeqFocus false`
2026-09-19T09:19:59.6591162Z info: NLA/MF14Degree44/SeedFirstColumns6.lean:27:0: 'NLA.MF14Degree44.seed_first_column_30' depends on axioms: [propext, Classical.choice, Quot.sound]
2026-09-19T09:19:59.6593086Z warning: NLA/MF14Degree44/SeedFirstColumns6.lean:37:15: Unused tactic linter: `simp` does nothing
2026-09-19T09:19:59.6593946Z 
2026-09-19T09:19:59.6594522Z Note: This linter can be disabled with `set_option linter.unusedTactic false`
2026-09-19T09:19:59.6595682Z warning: NLA/MF14Degree44/SeedFirstColumns6.lean:37:15: this tactic is never executed
2026-09-19T09:19:59.6596664Z 
2026-09-19T09:19:59.6597270Z Note: This linter can be disabled with `set_option linter.unreachableTactic false`
2026-09-19T09:19:59.6598547Z warning: NLA/MF14Degree44/SeedFirstColumns6.lean:37:2: Used `tac1 <;> tac2` where `(tac1; tac2)` would suffice
2026-09-19T09:19:59.6599441Z 
2026-09-19T09:19:59.6600045Z Note: This linter can be disabled with `set_option linter.unnecessarySeqFocus false`
2026-09-19T09:19:59.6601590Z info: NLA/MF14Degree44/SeedFirstColumns6.lean:39:0: 'NLA.MF14Degree44.seed_first_column_31' depends on axioms: [propext, Classical.choice, Quot.sound]
2026-09-19T09:19:59.6603209Z info: NLA/MF14Degree44/SeedFirstColumns6.lean:49:6: Try this:
2026-09-19T09:19:59.6603968Z   [apply] ring_nf
2026-09-19T09:19:59.6604468Z   
2026-09-19T09:19:59.6605276Z   The `ring` tactic failed to close the goal. Use `ring_nf` to obtain a normal form.
2026-09-19T09:19:59.6606101Z     
2026-09-19T09:19:59.6610438Z   Note that `ring` works primarily in *commutative* rings. If you have a noncommutative ring, abelian group or module, consider using `noncomm_ring`, `abel` or `module` instead.
2026-09-19T09:19:59.6612388Z warning: NLA/MF14Degree44/SeedFirstColumns6.lean:49:2: Used `tac1 <;> tac2` where `(tac1; tac2)` would suffice
2026-09-19T09:19:59.6613096Z 
2026-09-19T09:19:59.6613511Z Note: This linter can be disabled with `set_option linter.unnecessarySeqFocus false`
2026-09-19T09:19:59.6614609Z warning: NLA/MF14Degree44/SeedFirstColumns6.lean:49:11: Used `tac1 <;> tac2` where `(tac1; tac2)` would suffice
2026-09-19T09:19:59.6615296Z 
2026-09-19T09:19:59.6615718Z Note: This linter can be disabled with `set_option linter.unnecessarySeqFocus false`
2026-09-19T09:19:59.6617081Z info: NLA/MF14Degree44/SeedFirstColumns6.lean:51:0: 'NLA.MF14Degree44.seed_first_column_32' depends on axioms: [propext, Classical.choice, Quot.sound]
2026-09-19T09:19:59.6618496Z warning: NLA/MF14Degree44/SeedFirstColumns6.lean:61:15: Unused tactic linter: `simp` does nothing
2026-09-19T09:19:59.6619137Z 
2026-09-19T09:19:59.6619498Z Note: This linter can be disabled with `set_option linter.unusedTactic false`
2026-09-19T09:19:59.6620402Z warning: NLA/MF14Degree44/SeedFirstColumns6.lean:61:15: this tactic is never executed
2026-09-19T09:19:59.6620968Z 
2026-09-19T09:19:59.6621353Z Note: This linter can be disabled with `set_option linter.unreachableTactic false`
2026-09-19T09:19:59.6622663Z warning: NLA/MF14Degree44/SeedFirstColumns6.lean:61:2: Used `tac1 <;> tac2` where `(tac1; tac2)` would suffice
2026-09-19T09:19:59.6623327Z 
2026-09-19T09:19:59.6623727Z Note: This linter can be disabled with `set_option linter.unnecessarySeqFocus false`
2026-09-19T09:19:59.6625068Z info: NLA/MF14Degree44/SeedFirstColumns6.lean:63:0: 'NLA.MF14Degree44.seed_first_column_33' depends on axioms: [propext, Classical.choice, Quot.sound]
2026-09-19T09:19:59.6626481Z warning: NLA/MF14Degree44/SeedFirstColumns6.lean:73:15: Unused tactic linter: `simp` does nothing
2026-09-19T09:19:59.6627106Z 
2026-09-19T09:19:59.6627475Z Note: This linter can be disabled with `set_option linter.unusedTactic false`
2026-09-19T09:19:59.6628382Z warning: NLA/MF14Degree44/SeedFirstColumns6.lean:73:15: this tactic is never executed
2026-09-19T09:19:59.6628926Z 
2026-09-19T09:19:59.6629889Z Note: This linter can be disabled with `set_option linter.unreachableTactic false`
2026-09-19T09:19:59.6631206Z warning: NLA/MF14Degree44/SeedFirstColumns6.lean:73:2: Used `tac1 <;> tac2` where `(tac1; tac2)` would suffice
2026-09-19T09:19:59.6632205Z 
2026-09-19T09:19:59.6632623Z Note: This linter can be disabled with `set_option linter.unnecessarySeqFocus false`
2026-09-19T09:19:59.6633991Z info: NLA/MF14Degree44/SeedFirstColumns6.lean:75:0: 'NLA.MF14Degree44.seed_first_column_34' depends on axioms: [propext, Classical.choice, Quot.sound]
2026-09-19T09:20:01.4603207Z ⚠ [3705/3723] Built NLA.MF14Degree44.SeedFirstColumns5 (31s)
2026-09-19T09:20:01.4604494Z warning: NLA/MF14Degree44/SeedFirstColumns5.lean:25:2: Used `tac1 <;> tac2` where `(tac1; tac2)` would suffice
2026-09-19T09:20:01.4605683Z 
2026-09-19T09:20:01.4606268Z Note: This linter can be disabled with `set_option linter.unnecessarySeqFocus false`
2026-09-19T09:20:01.4607753Z info: NLA/MF14Degree44/SeedFirstColumns5.lean:27:0: 'NLA.MF14Degree44.seed_first_column_25' depends on axioms: [propext, Classical.choice, Quot.sound]
2026-09-19T09:20:01.4609415Z warning: NLA/MF14Degree44/SeedFirstColumns5.lean:37:2: Used `tac1 <;> tac2` where `(tac1; tac2)` would suffice
2026-09-19T09:20:01.4610261Z 
2026-09-19T09:20:01.4610831Z Note: This linter can be disabled with `set_option linter.unnecessarySeqFocus false`
2026-09-19T09:20:01.4612580Z info: NLA/MF14Degree44/SeedFirstColumns5.lean:39:0: 'NLA.MF14Degree44.seed_first_column_26' depends on axioms: [propext, Classical.choice, Quot.sound]
2026-09-19T09:20:01.4614228Z warning: NLA/MF14Degree44/SeedFirstColumns5.lean:49:2: Used `tac1 <;> tac2` where `(tac1; tac2)` would suffice
2026-09-19T09:20:01.4615060Z 
2026-09-19T09:20:01.4615632Z Note: This linter can be disabled with `set_option linter.unnecessarySeqFocus false`
2026-09-19T09:20:01.4617163Z info: NLA/MF14Degree44/SeedFirstColumns5.lean:51:0: 'NLA.MF14Degree44.seed_first_column_27' depends on axioms: [propext, Classical.choice, Quot.sound]
2026-09-19T09:20:01.4618820Z warning: NLA/MF14Degree44/SeedFirstColumns5.lean:61:2: Used `tac1 <;> tac2` where `(tac1; tac2)` would suffice
2026-09-19T09:20:01.4619658Z 
2026-09-19T09:20:01.4620231Z Note: This linter can be disabled with `set_option linter.unnecessarySeqFocus false`
2026-09-19T09:20:01.4621725Z info: NLA/MF14Degree44/SeedFirstColumns5.lean:63:0: 'NLA.MF14Degree44.seed_first_column_28' depends on axioms: [propext, Classical.choice, Quot.sound]
2026-09-19T09:20:01.4623585Z warning: NLA/MF14Degree44/SeedFirstColumns5.lean:73:2: Used `tac1 <;> tac2` where `(tac1; tac2)` would suffice
2026-09-19T09:20:01.4624431Z 
2026-09-19T09:20:01.4625007Z Note: This linter can be disabled with `set_option linter.unnecessarySeqFocus false`
2026-09-19T09:20:01.4626530Z info: NLA/MF14Degree44/SeedFirstColumns5.lean:75:0: 'NLA.MF14Degree44.seed_first_column_29' depends on axioms: [propext, Classical.choice, Quot.sound]
2026-09-19T09:20:29.8210353Z ⚠ [3706/3723] Built NLA.MF14Degree44.SeedFirstColumns3 (31s)
2026-09-19T09:20:29.8212280Z warning: NLA/MF14Degree44/SeedFirstColumns3.lean:25:2: Used `tac1 <;> tac2` where `(tac1; tac2)` would suffice
2026-09-19T09:20:29.8215827Z 
2026-09-19T09:20:29.8216787Z Note: This linter can be disabled with `set_option linter.unnecessarySeqFocus false`
2026-09-19T09:20:29.8218405Z info: NLA/MF14Degree44/SeedFirstColumns3.lean:27:0: 'NLA.MF14Degree44.seed_first_column_15' depends on axioms: [propext, Classical.choice, Quot.sound]
2026-09-19T09:20:29.8220153Z warning: NLA/MF14Degree44/SeedFirstColumns3.lean:37:2: Used `tac1 <;> tac2` where `(tac1; tac2)` would suffice
2026-09-19T09:20:29.8220952Z 
2026-09-19T09:20:29.8221444Z Note: This linter can be disabled with `set_option linter.unnecessarySeqFocus false`
2026-09-19T09:20:29.8223379Z info: NLA/MF14Degree44/SeedFirstColumns3.lean:39:0: 'NLA.MF14Degree44.seed_first_column_16' depends on axioms: [propext, Classical.choice, Quot.sound]
2026-09-19T09:20:29.8225121Z warning: NLA/MF14Degree44/SeedFirstColumns3.lean:49:2: Used `tac1 <;> tac2` where `(tac1; tac2)` would suffice
2026-09-19T09:20:29.8226321Z 
2026-09-19T09:20:29.8226816Z Note: This linter can be disabled with `set_option linter.unnecessarySeqFocus false`
2026-09-19T09:20:29.8228428Z info: NLA/MF14Degree44/SeedFirstColumns3.lean:51:0: 'NLA.MF14Degree44.seed_first_column_17' depends on axioms: [propext, Classical.choice, Quot.sound]
2026-09-19T09:20:29.8230105Z warning: NLA/MF14Degree44/SeedFirstColumns3.lean:61:2: Used `tac1 <;> tac2` where `(tac1; tac2)` would suffice
2026-09-19T09:20:29.8230808Z 
2026-09-19T09:20:29.8231267Z Note: This linter can be disabled with `set_option linter.unnecessarySeqFocus false`
2026-09-19T09:20:29.8233265Z info: NLA/MF14Degree44/SeedFirstColumns3.lean:63:0: 'NLA.MF14Degree44.seed_first_column_18' depends on axioms: [propext, Classical.choice, Quot.sound]
2026-09-19T09:20:29.8234874Z warning: NLA/MF14Degree44/SeedFirstColumns3.lean:73:2: Used `tac1 <;> tac2` where `(tac1; tac2)` would suffice
2026-09-19T09:20:29.8235544Z 
2026-09-19T09:20:29.8236008Z Note: This linter can be disabled with `set_option linter.unnecessarySeqFocus false`
2026-09-19T09:20:29.8237643Z info: NLA/MF14Degree44/SeedFirstColumns3.lean:75:0: 'NLA.MF14Degree44.seed_first_column_19' depends on axioms: [propext, Classical.choice, Quot.sound]
2026-09-19T09:20:29.9214250Z ⚠ [3707/3723] Built NLA.MF14Degree44.SeedFirstColumns4 (32s)
2026-09-19T09:20:29.9216867Z warning: NLA/MF14Degree44/SeedFirstColumns4.lean:25:2: Used `tac1 <;> tac2` where `(tac1; tac2)` would suffice
2026-09-19T09:20:29.9217782Z 
2026-09-19T09:20:29.9218375Z Note: This linter can be disabled with `set_option linter.unnecessarySeqFocus false`
2026-09-19T09:20:29.9219964Z info: NLA/MF14Degree44/SeedFirstColumns4.lean:27:0: 'NLA.MF14Degree44.seed_first_column_20' depends on axioms: [propext, Classical.choice, Quot.sound]
2026-09-19T09:20:29.9221723Z warning: NLA/MF14Degree44/SeedFirstColumns4.lean:37:2: Used `tac1 <;> tac2` where `(tac1; tac2)` would suffice
2026-09-19T09:20:29.9222808Z 
2026-09-19T09:20:29.9223391Z Note: This linter can be disabled with `set_option linter.unnecessarySeqFocus false`
2026-09-19T09:20:29.9225120Z info: NLA/MF14Degree44/SeedFirstColumns4.lean:39:0: 'NLA.MF14Degree44.seed_first_column_21' depends on axioms: [propext, Classical.choice, Quot.sound]
2026-09-19T09:20:29.9226892Z warning: NLA/MF14Degree44/SeedFirstColumns4.lean:49:2: Used `tac1 <;> tac2` where `(tac1; tac2)` would suffice
2026-09-19T09:20:29.9227759Z 
2026-09-19T09:20:29.9228322Z Note: This linter can be disabled with `set_option linter.unnecessarySeqFocus false`
2026-09-19T09:20:29.9229865Z info: NLA/MF14Degree44/SeedFirstColumns4.lean:51:0: 'NLA.MF14Degree44.seed_first_column_22' depends on axioms: [propext, Classical.choice, Quot.sound]
2026-09-19T09:20:29.9231563Z warning: NLA/MF14Degree44/SeedFirstColumns4.lean:61:2: Used `tac1 <;> tac2` where `(tac1; tac2)` would suffice
2026-09-19T09:20:29.9232618Z 
2026-09-19T09:20:29.9233183Z Note: This linter can be disabled with `set_option linter.unnecessarySeqFocus false`
2026-09-19T09:20:29.9234736Z info: NLA/MF14Degree44/SeedFirstColumns4.lean:63:0: 'NLA.MF14Degree44.seed_first_column_23' depends on axioms: [propext, Classical.choice, Quot.sound]
2026-09-19T09:20:29.9236422Z warning: NLA/MF14Degree44/SeedFirstColumns4.lean:73:2: Used `tac1 <;> tac2` where `(tac1; tac2)` would suffice
2026-09-19T09:20:29.9237271Z 
2026-09-19T09:20:29.9237829Z Note: This linter can be disabled with `set_option linter.unnecessarySeqFocus false`
2026-09-19T09:20:29.9239366Z info: NLA/MF14Degree44/SeedFirstColumns4.lean:75:0: 'NLA.MF14Degree44.seed_first_column_24' depends on axioms: [propext, Classical.choice, Quot.sound]
2026-09-19T09:20:32.2566973Z ⚠ [3708/3723] Built NLA.MF14Degree44.SeedFirstColumns2 (32s)
2026-09-19T09:20:32.2568260Z warning: NLA/MF14Degree44/SeedFirstColumns2.lean:25:2: Used `tac1 <;> tac2` where `(tac1; tac2)` would suffice
2026-09-19T09:20:32.2569223Z 
2026-09-19T09:20:32.2569878Z Note: This linter can be disabled with `set_option linter.unnecessarySeqFocus false`
2026-09-19T09:20:32.2571290Z info: NLA/MF14Degree44/SeedFirstColumns2.lean:27:0: 'NLA.MF14Degree44.seed_first_column_10' depends on axioms: [propext, Classical.choice, Quot.sound]
2026-09-19T09:20:32.2573452Z warning: NLA/MF14Degree44/SeedFirstColumns2.lean:37:2: Used `tac1 <;> tac2` where `(tac1; tac2)` would suffice
2026-09-19T09:20:32.2574250Z 
2026-09-19T09:20:32.2574777Z Note: This linter can be disabled with `set_option linter.unnecessarySeqFocus false`
2026-09-19T09:20:32.2576154Z info: NLA/MF14Degree44/SeedFirstColumns2.lean:39:0: 'NLA.MF14Degree44.seed_first_column_11' depends on axioms: [propext, Classical.choice, Quot.sound]
2026-09-19T09:20:32.2577630Z warning: NLA/MF14Degree44/SeedFirstColumns2.lean:49:2: Used `tac1 <;> tac2` where `(tac1; tac2)` would suffice
2026-09-19T09:20:32.2578409Z 
2026-09-19T09:20:32.2579175Z Note: This linter can be disabled with `set_option linter.unnecessarySeqFocus false`
2026-09-19T09:20:32.2580566Z info: NLA/MF14Degree44/SeedFirstColumns2.lean:51:0: 'NLA.MF14Degree44.seed_first_column_12' depends on axioms: [propext, Classical.choice, Quot.sound]
2026-09-19T09:20:32.2582237Z warning: NLA/MF14Degree44/SeedFirstColumns2.lean:61:2: Used `tac1 <;> tac2` where `(tac1; tac2)` would suffice
2026-09-19T09:20:32.2583032Z 
2026-09-19T09:20:32.2583561Z Note: This linter can be disabled with `set_option linter.unnecessarySeqFocus false`
2026-09-19T09:20:32.2584919Z info: NLA/MF14Degree44/SeedFirstColumns2.lean:63:0: 'NLA.MF14Degree44.seed_first_column_13' depends on axioms: [propext, Classical.choice, Quot.sound]
2026-09-19T09:20:32.2586393Z warning: NLA/MF14Degree44/SeedFirstColumns2.lean:73:2: Used `tac1 <;> tac2` where `(tac1; tac2)` would suffice
2026-09-19T09:20:32.2587179Z 
2026-09-19T09:20:32.2587706Z Note: This linter can be disabled with `set_option linter.unnecessarySeqFocus false`
2026-09-19T09:20:32.2589073Z info: NLA/MF14Degree44/SeedFirstColumns2.lean:75:0: 'NLA.MF14Degree44.seed_first_column_14' depends on axioms: [propext, Classical.choice, Quot.sound]
2026-09-19T09:20:33.5590194Z ⚠ [3709/3723] Built NLA.MF14Degree44.SeedFirstColumns1 (32s)
2026-09-19T09:20:33.5593678Z warning: NLA/MF14Degree44/SeedFirstColumns1.lean:25:2: Used `tac1 <;> tac2` where `(tac1; tac2)` would suffice
2026-09-19T09:20:33.5594788Z 
2026-09-19T09:20:33.5595443Z Note: This linter can be disabled with `set_option linter.unnecessarySeqFocus false`
2026-09-19T09:20:33.5597142Z info: NLA/MF14Degree44/SeedFirstColumns1.lean:27:0: 'NLA.MF14Degree44.seed_first_column_5' depends on axioms: [propext, Classical.choice, Quot.sound]
2026-09-19T09:20:33.5598928Z warning: NLA/MF14Degree44/SeedFirstColumns1.lean:37:2: Used `tac1 <;> tac2` where `(tac1; tac2)` would suffice
2026-09-19T09:20:33.5599889Z 
2026-09-19T09:20:33.5600522Z Note: This linter can be disabled with `set_option linter.unnecessarySeqFocus false`
2026-09-19T09:20:33.5602418Z info: NLA/MF14Degree44/SeedFirstColumns1.lean:39:0: 'NLA.MF14Degree44.seed_first_column_6' depends on axioms: [propext, Classical.choice, Quot.sound]
2026-09-19T09:20:33.5604275Z warning: NLA/MF14Degree44/SeedFirstColumns1.lean:49:2: Used `tac1 <;> tac2` where `(tac1; tac2)` would suffice
2026-09-19T09:20:33.5605236Z 
2026-09-19T09:20:33.5605855Z Note: This linter can be disabled with `set_option linter.unnecessarySeqFocus false`
2026-09-19T09:20:33.5607491Z info: NLA/MF14Degree44/SeedFirstColumns1.lean:51:0: 'NLA.MF14Degree44.seed_first_column_7' depends on axioms: [propext, Classical.choice, Quot.sound]
2026-09-19T09:20:33.5609264Z warning: NLA/MF14Degree44/SeedFirstColumns1.lean:61:2: Used `tac1 <;> tac2` where `(tac1; tac2)` would suffice
2026-09-19T09:20:33.5610192Z 
2026-09-19T09:20:33.5610802Z Note: This linter can be disabled with `set_option linter.unnecessarySeqFocus false`
2026-09-19T09:20:33.5612701Z info: NLA/MF14Degree44/SeedFirstColumns1.lean:63:0: 'NLA.MF14Degree44.seed_first_column_8' depends on axioms: [propext, Classical.choice, Quot.sound]
2026-09-19T09:20:33.5614533Z warning: NLA/MF14Degree44/SeedFirstColumns1.lean:73:2: Used `tac1 <;> tac2` where `(tac1; tac2)` would suffice
2026-09-19T09:20:33.5615765Z 
2026-09-19T09:20:33.5616390Z Note: This linter can be disabled with `set_option linter.unnecessarySeqFocus false`
2026-09-19T09:20:33.5618034Z info: NLA/MF14Degree44/SeedFirstColumns1.lean:75:0: 'NLA.MF14Degree44.seed_first_column_9' depends on axioms: [propext, Classical.choice, Quot.sound]
2026-09-19T09:20:36.3642785Z ℹ [3710/3723] Built NLA.MF14Degree44.FourthMinorIdentity (4.2s)
2026-09-19T09:20:36.3645326Z info: NLA/MF14Degree44/FourthMinorIdentity.lean:31:0: 'NLA.MF14Degree44.fourth_minor_identity' depends on axioms: [propext, Classical.choice, Quot.sound]
2026-09-19T09:20:38.9710649Z ℹ [3711/3723] Built NLA.MF14Degree44.BorderPathContinuity (5.3s)
2026-09-19T09:20:38.9713849Z info: NLA/MF14Degree44/BorderPathContinuity.lean:107:0: 'NLA.MF14Degree44.CoefficientsContinuous.mul' depends on axioms: [propext, Classical.choice, Quot.sound]
2026-09-19T09:20:38.9716381Z info: NLA/MF14Degree44/BorderPathContinuity.lean:109:0: 'NLA.MF14Degree44.degenerationZ_coefficients_continuous' depends on axioms: [propext, Classical.choice, Quot.sound]
2026-09-19T09:20:38.9718845Z info: NLA/MF14Degree44/BorderPathContinuity.lean:111:0: 'NLA.MF14Degree44.monic_border_path_coefficients_continuous' depends on axioms: [propext, Classical.choice, Quot.sound]
2026-09-19T09:20:38.9721172Z info: NLA/MF14Degree44/BorderPathContinuity.lean:113:0: 'NLA.MF14Degree44.moving_border_path_continuous' depends on axioms: [propext, Classical.choice, Quot.sound]
2026-09-19T09:20:41.2799896Z ℹ [3712/3723] Built NLA.MF14Degree44.ContinuationClosure (4.8s)
2026-09-19T09:20:41.2802350Z info: NLA/MF14Degree44/ContinuationClosure.lean:47:0: 'NLA.MF14Degree44.continuation_closure_transfer' depends on axioms: [propext, Classical.choice, Quot.sound]
2026-09-19T09:20:43.5822857Z ⚠ [3713/3723] Built NLA.MF14Degree44.SpanBasisCoordinates (4.6s)
2026-09-19T09:20:43.5825263Z warning: NLA/MF14Degree44/SpanBasisCoordinates.lean:32:2: Used `tac1 <;> tac2` where `(tac1; tac2)` would suffice
2026-09-19T09:20:43.5826305Z 
2026-09-19T09:20:43.5827239Z Note: This linter can be disabled with `set_option linter.unnecessarySeqFocus false`
2026-09-19T09:20:43.5828520Z info: NLA/MF14Degree44/SpanBasisCoordinates.lean:45:0: 'NLA.MF14Degree44.fourth_rows_strictMono' depends on axioms: [propext]
2026-09-19T09:20:43.5830173Z info: NLA/MF14Degree44/SpanBasisCoordinates.lean:47:0: 'NLA.MF14Degree44.product_basis_matrix_upper' depends on axioms: [propext, Classical.choice, Quot.sound]
2026-09-19T09:20:43.5832164Z info: NLA/MF14Degree44/SpanBasisCoordinates.lean:49:0: 'NLA.MF14Degree44.product_basis_matrix_det' depends on axioms: [propext, Classical.choice, Quot.sound]
2026-09-19T09:20:43.5834000Z info: NLA/MF14Degree44/SpanBasisCoordinates.lean:51:0: 'NLA.MF14Degree44.fourth_span_coordinates' depends on axioms: [propext, Classical.choice, Quot.sound]
2026-09-19T09:20:44.7829698Z ⚠ [3714/3723] Built NLA.MF14Degree44.SeedFirstPilot (14s)
2026-09-19T09:20:44.7832395Z warning: NLA/MF14Degree44/SeedFirstPilot.lean:25:2: Used `tac1 <;> tac2` where `(tac1; tac2)` would suffice
2026-09-19T09:20:44.7833671Z 
2026-09-19T09:20:44.7834513Z Note: This linter can be disabled with `set_option linter.unnecessarySeqFocus false`
2026-09-19T09:20:44.7836395Z info: NLA/MF14Degree44/SeedFirstPilot.lean:27:0: 'NLA.MF14Degree44.seed_first_column_0' depends on axioms: [propext, Classical.choice, Quot.sound]
2026-09-19T09:20:44.7838621Z warning: NLA/MF14Degree44/SeedFirstPilot.lean:37:2: Used `tac1 <;> tac2` where `(tac1; tac2)` would suffice
2026-09-19T09:20:44.7839681Z 
2026-09-19T09:20:44.7840395Z Note: This linter can be disabled with `set_option linter.unnecessarySeqFocus false`
2026-09-19T09:20:44.7842509Z info: NLA/MF14Degree44/SeedFirstPilot.lean:39:0: 'NLA.MF14Degree44.seed_first_column_1' depends on axioms: [propext, Classical.choice, Quot.sound]
2026-09-19T09:20:46.0837711Z ℹ [3715/3723] Built NLA.MF14Degree44.FourthActualCircuit (4.8s)
2026-09-19T09:20:46.0839725Z info: NLA/MF14Degree44/FourthActualCircuit.lean:36:0: 'NLA.MF14Degree44.fourth_actual_joint' depends on axioms: [propext, Classical.choice, Quot.sound]
2026-09-19T09:20:47.3879644Z ⚠ [3716/3723] Built NLA.MF14Degree44.BorderLimit (3.8s)
2026-09-19T09:20:47.3880866Z warning: NLA/MF14Degree44/BorderLimit.lean:23:33: `Set.mem_setOf_eq` has been deprecated: Use `Set.mem_ofPred_eq` instead
2026-09-19T09:20:47.3882889Z info: NLA/MF14Degree44/BorderLimit.lean:58:0: 'NLA.MF14Degree44.joint_four_closure_isClosed' depends on axioms: [propext, Classical.choice, Quot.sound]
2026-09-19T09:20:47.3885012Z info: NLA/MF14Degree44/BorderLimit.lean:60:0: 'NLA.MF14Degree44.monic_border_joint_closure_of_fourth' depends on axioms: [propext, Classical.choice, Quot.sound]
2026-09-19T09:20:48.4894648Z ⚠ [3717/3723] Built NLA.MF14Degree44.SeedFirstColumns0 (18s)
2026-09-19T09:20:48.4896630Z warning: NLA/MF14Degree44/SeedFirstColumns0.lean:25:2: Used `tac1 <;> tac2` where `(tac1; tac2)` would suffice
2026-09-19T09:20:48.4897800Z 
2026-09-19T09:20:48.4898523Z Note: This linter can be disabled with `set_option linter.unnecessarySeqFocus false`
2026-09-19T09:20:48.4900159Z info: NLA/MF14Degree44/SeedFirstColumns0.lean:27:0: 'NLA.MF14Degree44.seed_first_column_2' depends on axioms: [propext, Classical.choice, Quot.sound]
2026-09-19T09:20:48.4902259Z warning: NLA/MF14Degree44/SeedFirstColumns0.lean:37:2: Used `tac1 <;> tac2` where `(tac1; tac2)` would suffice
2026-09-19T09:20:48.4902960Z 
2026-09-19T09:20:48.4903378Z Note: This linter can be disabled with `set_option linter.unnecessarySeqFocus false`
2026-09-19T09:20:48.4904754Z info: NLA/MF14Degree44/SeedFirstColumns0.lean:39:0: 'NLA.MF14Degree44.seed_first_column_3' depends on axioms: [propext, Classical.choice, Quot.sound]
2026-09-19T09:20:48.4906218Z warning: NLA/MF14Degree44/SeedFirstColumns0.lean:49:2: Used `tac1 <;> tac2` where `(tac1; tac2)` would suffice
2026-09-19T09:20:48.4906890Z 
2026-09-19T09:20:48.4907316Z Note: This linter can be disabled with `set_option linter.unnecessarySeqFocus false`
2026-09-19T09:20:48.4908674Z info: NLA/MF14Degree44/SeedFirstColumns0.lean:51:0: 'NLA.MF14Degree44.seed_first_column_4' depends on axioms: [propext, Classical.choice, Quot.sound]
2026-09-19T09:20:49.4896822Z ℹ [3718/3723] Built NLA.MF14Degree44.FourthJointClosure (3.4s)
2026-09-19T09:20:49.4898733Z info: NLA/MF14Degree44/FourthJointClosure.lean:87:0: 'NLA.MF14Degree44.reconstructed_moving_coordinate_polynomial' depends on axioms: [propext, Classical.choice, Quot.sound]
2026-09-19T09:20:49.4901002Z info: NLA/MF14Degree44/FourthJointClosure.lean:89:0: 'NLA.MF14Degree44.fourth_product_joint_closure' depends on axioms: [propext, Classical.choice, Quot.sound]
2026-09-19T09:20:51.3905905Z ℹ [3719/3723] Built NLA.MF14Degree44.SeedFirstColumns (2.0s)
2026-09-19T09:20:51.3907242Z info: NLA/MF14Degree44/SeedFirstColumns.lean:68:0: 'NLA.MF14Degree44.seed_first_columns' depends on axioms: [propext, Classical.choice, Quot.sound]
2026-09-19T09:20:53.9946173Z ℹ [3720/3723] Built NLA.MF14Degree44.JacobianIdentity (2.6s)
2026-09-19T09:20:53.9947414Z info: NLA/MF14Degree44/JacobianIdentity.lean:36:0: 'NLA.MF14Degree44.coefficient_jacobian_identity' depends on axioms: [propext, Classical.choice, Quot.sound]
2026-09-19T09:20:53.9949175Z info: NLA/MF14Degree44/JacobianIdentity.lean:38:0: 'NLA.MF14Degree44.coefficient_derivative_bijective' depends on axioms: [propext, Classical.choice, Quot.sound]
2026-09-19T09:20:56.7976344Z ℹ [3721/3723] Built NLA.MF14Degree44.FinalClosure (2.8s)
2026-09-19T09:20:56.7977820Z info: NLA/MF14Degree44/FinalClosure.lean:70:0: 'NLA.MF14Degree44.quad_reconstruction_of_degree' depends on axioms: [propext, Classical.choice, Quot.sound]
2026-09-19T09:20:56.7979809Z info: NLA/MF14Degree44/FinalClosure.lean:72:0: 'NLA.MF14Degree44.border_quad_natDegree' depends on axioms: [propext, Classical.choice, Quot.sound]
2026-09-19T09:20:56.7981727Z info: NLA/MF14Degree44/FinalClosure.lean:74:0: 'NLA.MF14Degree44.monic_border_joint_closure' depends on axioms: [propext, Classical.choice, Quot.sound]
2026-09-19T09:20:56.7983702Z info: NLA/MF14Degree44/FinalClosure.lean:76:0: 'NLA.MF14Degree44.family_image_mem_closure' depends on axioms: [propext, Classical.choice, Quot.sound]
2026-09-19T09:20:56.7985559Z info: NLA/MF14Degree44/FinalClosure.lean:78:0: 'NLA.MF14Degree44.degree44_coverage' depends on axioms: [propext, Classical.choice, Quot.sound]
2026-09-19T09:20:56.7987087Z info: NLA/MF14Degree44/FinalClosure.lean:80:0: 'NLA.MF14Degree44.original_equality_false' depends on axioms: [propext, Classical.choice, Quot.sound]
2026-09-19T09:20:59.4008771Z ℹ [3722/3723] Built Solution (2.6s)
2026-09-19T09:20:59.4010088Z info: Solution.lean:12:0: 'NLA.MF14Degree44.canonical_gate_padding' depends on axioms: [propext, Classical.choice, Quot.sound]
2026-09-19T09:20:59.4011654Z info: Solution.lean:15:0: 'NLA.MF14Degree44.four_prefix_full_coefficients' depends on axioms: [propext, Classical.choice, Quot.sound]
2026-09-19T09:20:59.4014057Z info: Solution.lean:18:0: 'NLA.MF14Degree44.three_product_tuple' depends on axioms: [propext, Classical.choice, Quot.sound]
2026-09-19T09:20:59.4015510Z info: Solution.lean:21:0: 'NLA.MF14Degree44.good_border_parameters_eventually' depends on axioms: [propext, Classical.choice, Quot.sound]
2026-09-19T09:20:59.4016917Z info: Solution.lean:24:0: 'NLA.MF14Degree44.fourth_span_coordinates' depends on axioms: [propext, Classical.choice, Quot.sound]
2026-09-19T09:20:59.4018727Z info: Solution.lean:27:0: 'NLA.MF14Degree44.fourth_map_smooth' depends on axioms: [propext, Classical.choice, Quot.sound]
2026-09-19T09:20:59.4020601Z info: Solution.lean:30:0: 'NLA.MF14Degree44.fourth_jacobian_identity' depends on axioms: [propext, Classical.choice, Quot.sound]
2026-09-19T09:20:59.4022452Z info: Solution.lean:33:0: 'NLA.MF14Degree44.fourth_minor_identity' depends on axioms: [propext, Classical.choice, Quot.sound]
2026-09-19T09:20:59.4024118Z info: Solution.lean:36:0: 'NLA.MF14Degree44.fourth_product_joint_closure' depends on axioms: [propext, Classical.choice, Quot.sound]
2026-09-19T09:20:59.4025790Z info: Solution.lean:39:0: 'NLA.MF14Degree44.polynomial_density_of_strict_derivative' depends on axioms: [propext, Classical.choice, Quot.sound]
2026-09-19T09:20:59.4027049Z info: Solution.lean:42:0: 'NLA.MF14Degree44.degeneration_identity' depends on axioms: [propext, Classical.choice, Quot.sound]
2026-09-19T09:20:59.4028190Z info: Solution.lean:45:0: 'NLA.MF14Degree44.degeneration_at_zero' depends on axioms: [propext, Classical.choice, Quot.sound]
2026-09-19T09:20:59.4029321Z info: Solution.lean:48:0: 'NLA.MF14Degree44.degeneration_in_span' depends on axioms: [propext, Classical.choice, Quot.sound]
2026-09-19T09:20:59.4030481Z info: Solution.lean:51:0: 'NLA.MF14Degree44.monic_border_joint_closure' depends on axioms: [propext, Classical.choice, Quot.sound]
2026-09-19T09:20:59.4031689Z info: Solution.lean:54:0: 'NLA.MF14Degree44.continuation_actual_output' depends on axioms: [propext, Classical.choice, Quot.sound]
2026-09-19T09:20:59.4033086Z info: Solution.lean:57:0: 'NLA.MF14Degree44.continuation_degree_bound' depends on axioms: [propext, Classical.choice, Quot.sound]
2026-09-19T09:20:59.4034303Z info: Solution.lean:60:0: 'NLA.MF14Degree44.continuation_closure_transfer' depends on axioms: [propext, Classical.choice, Quot.sound]
2026-09-19T09:20:59.4035506Z info: Solution.lean:63:0: 'NLA.MF14Degree44.family_image_mem_closure' depends on axioms: [propext, Classical.choice, Quot.sound]
2026-09-19T09:20:59.4036756Z info: Solution.lean:66:0: 'NLA.MF14Degree44.family_degree_and_full_vector' depends on axioms: [propext, Classical.choice, Quot.sound]
2026-09-19T09:20:59.4037938Z info: Solution.lean:69:0: 'NLA.MF14Degree44.coefficient_map_smooth' depends on axioms: [propext, Classical.choice, Quot.sound]
2026-09-19T09:20:59.4039139Z info: Solution.lean:72:0: 'NLA.MF14Degree44.coefficient_jacobian_identity' depends on axioms: [propext, Classical.choice, Quot.sound]
2026-09-19T09:20:59.4040369Z info: Solution.lean:75:0: 'NLA.MF14Degree44.integer_jacobian_mod3_inverse' depends on axioms: [propext, Classical.choice, Quot.sound]
2026-09-19T09:20:59.4041607Z info: Solution.lean:78:0: 'NLA.MF14Degree44.coefficient_derivative_bijective' depends on axioms: [propext, Classical.choice, Quot.sound]
2026-09-19T09:20:59.4043733Z info: Solution.lean:81:0: 'NLA.MF14Degree44.degree44_coverage' depends on axioms: [propext, Classical.choice, Quot.sound]
2026-09-19T09:20:59.4045167Z info: Solution.lean:84:0: 'NLA.MF14Degree44.original_equality_false' depends on axioms: [propext, Classical.choice, Quot.sound]
2026-09-19T09:20:59.4166863Z Build completed successfully (3723 jobs).
2026-09-19T09:25:04.7538429Z Exporting #[Quot, Quot.mk, Quot.lift, Quot.ind, NLA.MF14Degree44.canonical_gate_padding, NLA.MF14Degree44.four_prefix_full_coefficients, NLA.MF14Degree44.three_product_tuple, NLA.MF14Degree44.good_border_parameters_eventually, NLA.MF14Degree44.fourth_span_coordinates, NLA.MF14Degree44.fourth_map_smooth, NLA.MF14Degree44.fourth_jacobian_identity, NLA.MF14Degree44.fourth_minor_identity, NLA.MF14Degree44.fourth_product_joint_closure, NLA.MF14Degree44.polynomial_density_of_strict_derivative, NLA.MF14Degree44.degeneration_identity, NLA.MF14Degree44.degeneration_at_zero, NLA.MF14Degree44.degeneration_in_span, NLA.MF14Degree44.monic_border_joint_closure, NLA.MF14Degree44.continuation_actual_output, NLA.MF14Degree44.continuation_degree_bound, NLA.MF14Degree44.continuation_closure_transfer, NLA.MF14Degree44.family_image_mem_closure, NLA.MF14Degree44.family_degree_and_full_vector, NLA.MF14Degree44.coefficient_map_smooth, NLA.MF14Degree44.coefficient_jacobian_identity, NLA.MF14Degree44.integer_jacobian_mod3_inverse, NLA.MF14Degree44.coefficient_derivative_bijective, NLA.MF14Degree44.degree44_coverage, NLA.MF14Degree44.original_equality_false, propext, Classical.choice, Quot.sound, Nat.add, Nat.sub, Nat.mul, Nat.pow, Nat.gcd, Nat.div, Nat.mod, Nat.beq, Nat.ble, Nat.land, Nat.lor, Nat.xor, Nat.shiftLeft, Nat.shiftRight, String.ofList, Char.ofNat, List, eagerReduce, Nat, String, String.mk, Char, optParam, autoParam, semiOutParam, outParam] from Solution
2026-09-19T09:25:04.7545634Z Running Lean default kernel on solution.
2026-09-19T09:25:04.7545951Z Lean default kernel accepts the solution
2026-09-19T09:25:04.7546234Z Your solution is okay!
2026-09-19T09:25:10.1700303Z PASS: fresh Comparator run and all controls. Evidence: /home/runner/work/_temp/nla-lean-tools/logs/verify-20260919T091038Z-4108
2026-09-19T09:25:10.1893281Z Node 20 is being deprecated. This workflow is running with Node 24 by default. If you need to temporarily use Node 20, you can set the ACTIONS_ALLOW_USE_UNSECURE_NODE_VERSION=true environment variable. For more information see: https://github.blog/changelog/2025-09-19-deprecation-of-node-20-on-github-actions-runners/
2026-09-19T09:25:10.1894742Z ##[group]Run actions/upload-artifact@ea165f8d65b6e75b540449e92b4886f43607fa02
2026-09-19T09:25:10.1895138Z with:
2026-09-19T09:25:10.1895329Z   name: lean-MF-14
2026-09-19T09:25:10.1895589Z   path: /home/runner/work/_temp/nla-lean-tools/logs/
2026-09-19T09:25:10.1895902Z   if-no-files-found: warn
2026-09-19T09:25:10.1896127Z   compression-level: 6
2026-09-19T09:25:10.1896335Z   overwrite: false
2026-09-19T09:25:10.1896543Z   include-hidden-files: false
2026-09-19T09:25:10.1896781Z env:
2026-09-19T09:25:10.1896953Z   GOTOOLCHAIN: local
2026-09-19T09:25:10.1897166Z   XDG_RUNTIME_DIR: /run/user/1001
2026-09-19T09:25:10.1897485Z   DBUS_SESSION_BUS_ADDRESS: unix:path=/run/user/1001/bus
2026-09-19T09:25:10.1897785Z ##[endgroup]
2026-09-19T09:25:10.4772136Z (node:8574) [DEP0040] DeprecationWarning: The `punycode` module is deprecated. Please use a userland alternative instead.
2026-09-19T09:25:10.4772991Z (Use `node --trace-deprecation ...` to show where the warning was created)
2026-09-19T09:25:10.4877394Z With the provided path, there will be 13 files uploaded
2026-09-19T09:25:10.4884213Z Artifact name is valid!
2026-09-19T09:25:10.4884926Z Root directory input is valid!
2026-09-19T09:25:10.7699193Z Beginning upload of artifact content to blob storage
2026-09-19T09:25:10.8342193Z (node:8574) [DEP0169] DeprecationWarning: `url.parse()` behavior is not standardized and prone to errors that have security implications. Use the WHATWG URL API instead. CVEs are not issued for `url.parse()` vulnerabilities.
2026-09-19T09:25:10.9929884Z Uploaded bytes 38818
2026-09-19T09:25:11.0332272Z Finished uploading artifact content to blob storage!
2026-09-19T09:25:11.0333177Z SHA256 digest of uploaded artifact zip is 552d7e5578d4f582b7e4ed3162249e26d9abda74d9e254df4aed0cf6d279f4d8
2026-09-19T09:25:11.0335280Z Finalizing artifact upload
2026-09-19T09:25:11.2490663Z Artifact lean-MF-14.zip successfully finalized. Artifact ID 10581683130
2026-09-19T09:25:11.2492034Z Artifact lean-MF-14 has been successfully uploaded! Final size is 38818 bytes. Artifact ID is 10581683130
2026-09-19T09:25:11.2498654Z Artifact download URL: https://github.com/sgstepaniants/OpenProblemsInNLA/actions/runs/35433896875/artifacts/10581683130
2026-09-19T09:25:11.2688383Z Post job cleanup.
2026-09-19T09:25:11.4065540Z Node 20 is being deprecated. This workflow is running with Node 24 by default. If you need to temporarily use Node 20, you can set the ACTIONS_ALLOW_USE_UNSECURE_NODE_VERSION=true environment variable. For more information see: https://github.blog/changelog/2025-09-19-deprecation-of-node-20-on-github-actions-runners/
2026-09-19T09:25:11.4066838Z Post job cleanup.
2026-09-19T09:25:11.5032106Z [command]/usr/bin/git version
2026-09-19T09:25:11.5082191Z git version 2.55.0
2026-09-19T09:25:11.5127582Z Temporarily overriding HOME='/home/runner/work/_temp/60c48523-3b08-47a1-a9ac-7e6d76e2e6db' before making global git config changes
2026-09-19T09:25:11.5133908Z Adding repository directory to the temporary git global config as a safe directory
2026-09-19T09:25:11.5135099Z [command]/usr/bin/git config --global --add safe.directory /home/runner/work/OpenProblemsInNLA/OpenProblemsInNLA
2026-09-19T09:25:11.5176488Z [command]/usr/bin/git config --local --name-only --get-regexp core\.sshCommand
2026-09-19T09:25:11.5213949Z [command]/usr/bin/git submodule foreach --recursive sh -c "git config --local --name-only --get-regexp 'core\.sshCommand' && git config --local --unset-all 'core.sshCommand' || :"
2026-09-19T09:25:11.5573498Z [command]/usr/bin/git config --local --name-only --get-regexp http\.https\:\/\/github\.com\/\.extraheader
2026-09-19T09:25:11.5613558Z [command]/usr/bin/git submodule foreach --recursive sh -c "git config --local --name-only --get-regexp 'http\.https\:\/\/github\.com\/\.extraheader' && git config --local --unset-all 'http.https://github.com/.extraheader' || :"
2026-09-19T09:25:11.5933701Z [command]/usr/bin/git config --local --name-only --get-regexp ^includeIf\.gitdir:
2026-09-19T09:25:11.5977835Z [command]/usr/bin/git submodule foreach --recursive git config --local --show-origin --name-only --get-regexp remote.origin.url
2026-09-19T09:25:11.6408018Z Cleaning up orphan processes
2026-09-19T09:25:11.6909633Z ##[warning]Node.js 20 is deprecated. The following actions target Node.js 20 but are being forced to run on Node.js 24: actions/checkout@11d5960a326750d5838078e36cf38b85af677262, actions/upload-artifact@ea165f8d65b6e75b540449e92b4886f43607fa02. For more information see: https://github.blog/changelog/2025-09-19-deprecation-of-node-20-on-github-actions-runners/
