verify-frozen-manuscript	Set up job	﻿2026-09-21T01:59:26.3092035Z Current runner version: '2.337.0'
verify-frozen-manuscript	Set up job	2026-09-21T01:59:26.3117568Z ##[group]Runner Image Provisioner
verify-frozen-manuscript	Set up job	2026-09-21T01:59:26.3118529Z Hosted Compute Agent
verify-frozen-manuscript	Set up job	2026-09-21T01:59:26.3119256Z Version: 20260828.587
verify-frozen-manuscript	Set up job	2026-09-21T01:59:26.3120166Z Commit: abac92662cab4cc7352de4f9f9d2e2419aad9c29
verify-frozen-manuscript	Set up job	2026-09-21T01:59:26.3121016Z Build Date: 2026-08-28T16:44:25Z
verify-frozen-manuscript	Set up job	2026-09-21T01:59:26.3121776Z Worker ID: {b0853439-1b59-49ce-b565-e3d99e88b732}
verify-frozen-manuscript	Set up job	2026-09-21T01:59:26.3122493Z Azure Region: northcentralus
verify-frozen-manuscript	Set up job	2026-09-21T01:59:26.3123180Z ##[endgroup]
verify-frozen-manuscript	Set up job	2026-09-21T01:59:26.3124696Z ##[group]Operating System
verify-frozen-manuscript	Set up job	2026-09-21T01:59:26.3125481Z Ubuntu
verify-frozen-manuscript	Set up job	2026-09-21T01:59:26.3126232Z 24.04.5
verify-frozen-manuscript	Set up job	2026-09-21T01:59:26.3126744Z LTS
verify-frozen-manuscript	Set up job	2026-09-21T01:59:26.3127729Z ##[endgroup]
verify-frozen-manuscript	Set up job	2026-09-21T01:59:26.3128309Z ##[group]Runner Image
verify-frozen-manuscript	Set up job	2026-09-21T01:59:26.3128954Z Image: ubuntu-24.04
verify-frozen-manuscript	Set up job	2026-09-21T01:59:26.3129552Z Version: 20260907.300.1
verify-frozen-manuscript	Set up job	2026-09-21T01:59:26.3130629Z Included Software: https://github.com/actions/runner-images/blob/ubuntu24/20260907.300/images/ubuntu/Ubuntu2404-Readme.md
verify-frozen-manuscript	Set up job	2026-09-21T01:59:26.3132473Z Image Release: https://github.com/actions/runner-images/releases/tag/ubuntu24%2F20260907.300
verify-frozen-manuscript	Set up job	2026-09-21T01:59:26.3133465Z ##[endgroup]
verify-frozen-manuscript	Set up job	2026-09-21T01:59:26.3134607Z ##[group]GITHUB_TOKEN Permissions
verify-frozen-manuscript	Set up job	2026-09-21T01:59:26.3137139Z Contents: read
verify-frozen-manuscript	Set up job	2026-09-21T01:59:26.3137854Z Metadata: read
verify-frozen-manuscript	Set up job	2026-09-21T01:59:26.3138433Z ##[endgroup]
verify-frozen-manuscript	Set up job	2026-09-21T01:59:26.3140916Z Secret source: Actions
verify-frozen-manuscript	Set up job	2026-09-21T01:59:26.3141898Z Cache mode: write
verify-frozen-manuscript	Set up job	2026-09-21T01:59:26.3142899Z Prepare workflow directory
verify-frozen-manuscript	Set up job	2026-09-21T01:59:26.3549795Z Prepare all required actions
verify-frozen-manuscript	Set up job	2026-09-21T01:59:26.3598939Z Getting action download info
verify-frozen-manuscript	Set up job	2026-09-21T01:59:26.6431435Z Download action repository 'actions/checkout@11d5960a326750d5838078e36cf38b85af677262' (SHA:11d5960a326750d5838078e36cf38b85af677262)
verify-frozen-manuscript	Set up job	2026-09-21T01:59:26.7624438Z Download action repository 'actions/setup-go@924ae3a1cded613372ab5595356fb5720e22ba16' (SHA:924ae3a1cded613372ab5595356fb5720e22ba16)
verify-frozen-manuscript	Set up job	2026-09-21T01:59:27.1382825Z Download action repository 'leanprover/lean-action@96e06131c0e9943c780388fd166f55d1e2fa0433' (SHA:96e06131c0e9943c780388fd166f55d1e2fa0433)
verify-frozen-manuscript	Set up job	2026-09-21T01:59:27.2922209Z Download action repository 'actions/upload-artifact@ea165f8d65b6e75b540449e92b4886f43607fa02' (SHA:ea165f8d65b6e75b540449e92b4886f43607fa02)
verify-frozen-manuscript	Set up job	2026-09-21T01:59:27.5184346Z Getting action download info
verify-frozen-manuscript	Set up job	2026-09-21T01:59:27.6158779Z Download action repository 'actions/cache@v5' (SHA:caa296126883cff596d87d8935842f9db880ef25)
verify-frozen-manuscript	Set up job	2026-09-21T01:59:27.8112009Z Complete job name: verify-frozen-manuscript
verify-frozen-manuscript	Run actions/checkout@11d5960a326750d5838078e36cf38b85af677262	﻿2026-09-21T01:59:27.9058497Z Node 20 is being deprecated. This workflow is running with Node 24 by default. If you need to temporarily use Node 20, you can set the ACTIONS_ALLOW_USE_UNSECURE_NODE_VERSION=true environment variable. For more information see: https://github.blog/changelog/2025-09-19-deprecation-of-node-20-on-github-actions-runners/
verify-frozen-manuscript	Run actions/checkout@11d5960a326750d5838078e36cf38b85af677262	2026-09-21T01:59:27.9069879Z ##[group]Run actions/checkout@11d5960a326750d5838078e36cf38b85af677262
verify-frozen-manuscript	Run actions/checkout@11d5960a326750d5838078e36cf38b85af677262	2026-09-21T01:59:27.9071388Z with:
verify-frozen-manuscript	Run actions/checkout@11d5960a326750d5838078e36cf38b85af677262	2026-09-21T01:59:27.9072194Z   persist-credentials: false
verify-frozen-manuscript	Run actions/checkout@11d5960a326750d5838078e36cf38b85af677262	2026-09-21T01:59:27.9073920Z   sparse-checkout: .github
verify-frozen-manuscript	Run actions/checkout@11d5960a326750d5838078e36cf38b85af677262	tools/lean
verify-frozen-manuscript	Run actions/checkout@11d5960a326750d5838078e36cf38b85af677262	docs/lean/schema
verify-frozen-manuscript	Run actions/checkout@11d5960a326750d5838078e36cf38b85af677262	matrix-functions-and-stability/MF-21/lean-frozen-2026-09-12
verify-frozen-manuscript	Run actions/checkout@11d5960a326750d5838078e36cf38b85af677262	
verify-frozen-manuscript	Run actions/checkout@11d5960a326750d5838078e36cf38b85af677262	2026-09-21T01:59:27.9076133Z   repository: sgstepaniants/OpenProblemsInNLA
verify-frozen-manuscript	Run actions/checkout@11d5960a326750d5838078e36cf38b85af677262	2026-09-21T01:59:27.9084514Z   token: ***
verify-frozen-manuscript	Run actions/checkout@11d5960a326750d5838078e36cf38b85af677262	2026-09-21T01:59:27.9085319Z   ssh-strict: true
verify-frozen-manuscript	Run actions/checkout@11d5960a326750d5838078e36cf38b85af677262	2026-09-21T01:59:27.9086399Z   ssh-user: git
verify-frozen-manuscript	Run actions/checkout@11d5960a326750d5838078e36cf38b85af677262	2026-09-21T01:59:27.9087167Z   clean: true
verify-frozen-manuscript	Run actions/checkout@11d5960a326750d5838078e36cf38b85af677262	2026-09-21T01:59:27.9087962Z   sparse-checkout-cone-mode: true
verify-frozen-manuscript	Run actions/checkout@11d5960a326750d5838078e36cf38b85af677262	2026-09-21T01:59:27.9088912Z   fetch-depth: 1
verify-frozen-manuscript	Run actions/checkout@11d5960a326750d5838078e36cf38b85af677262	2026-09-21T01:59:27.9089743Z   fetch-tags: false
verify-frozen-manuscript	Run actions/checkout@11d5960a326750d5838078e36cf38b85af677262	2026-09-21T01:59:27.9090546Z   show-progress: true
verify-frozen-manuscript	Run actions/checkout@11d5960a326750d5838078e36cf38b85af677262	2026-09-21T01:59:27.9091362Z   lfs: false
verify-frozen-manuscript	Run actions/checkout@11d5960a326750d5838078e36cf38b85af677262	2026-09-21T01:59:27.9092107Z   submodules: false
verify-frozen-manuscript	Run actions/checkout@11d5960a326750d5838078e36cf38b85af677262	2026-09-21T01:59:27.9092917Z   set-safe-directory: true
verify-frozen-manuscript	Run actions/checkout@11d5960a326750d5838078e36cf38b85af677262	2026-09-21T01:59:27.9093837Z   allow-unsafe-pr-checkout: false
verify-frozen-manuscript	Run actions/checkout@11d5960a326750d5838078e36cf38b85af677262	2026-09-21T01:59:27.9095085Z env:
verify-frozen-manuscript	Run actions/checkout@11d5960a326750d5838078e36cf38b85af677262	2026-09-21T01:59:27.9096598Z   LEAN_PROJECT: matrix-functions-and-stability/MF-21/lean-frozen-2026-09-12
verify-frozen-manuscript	Run actions/checkout@11d5960a326750d5838078e36cf38b85af677262	2026-09-21T01:59:27.9097997Z ##[endgroup]
verify-frozen-manuscript	Run actions/checkout@11d5960a326750d5838078e36cf38b85af677262	2026-09-21T01:59:28.0123509Z Syncing repository: sgstepaniants/OpenProblemsInNLA
verify-frozen-manuscript	Run actions/checkout@11d5960a326750d5838078e36cf38b85af677262	2026-09-21T01:59:28.0127768Z ##[group]Getting Git version info
verify-frozen-manuscript	Run actions/checkout@11d5960a326750d5838078e36cf38b85af677262	2026-09-21T01:59:28.0130141Z Working directory is '/home/runner/work/OpenProblemsInNLA/OpenProblemsInNLA'
verify-frozen-manuscript	Run actions/checkout@11d5960a326750d5838078e36cf38b85af677262	2026-09-21T01:59:28.0133456Z [command]/usr/bin/git version
verify-frozen-manuscript	Run actions/checkout@11d5960a326750d5838078e36cf38b85af677262	2026-09-21T01:59:28.0192545Z git version 2.55.0
verify-frozen-manuscript	Run actions/checkout@11d5960a326750d5838078e36cf38b85af677262	2026-09-21T01:59:28.0225700Z ##[endgroup]
verify-frozen-manuscript	Run actions/checkout@11d5960a326750d5838078e36cf38b85af677262	2026-09-21T01:59:28.0254479Z Temporarily overriding HOME='/home/runner/work/_temp/8bd5f45a-7a2d-41ce-9ea7-0c6182887fef' before making global git config changes
verify-frozen-manuscript	Run actions/checkout@11d5960a326750d5838078e36cf38b85af677262	2026-09-21T01:59:28.0258349Z Adding repository directory to the temporary git global config as a safe directory
verify-frozen-manuscript	Run actions/checkout@11d5960a326750d5838078e36cf38b85af677262	2026-09-21T01:59:28.0278980Z [command]/usr/bin/git config --global --add safe.directory /home/runner/work/OpenProblemsInNLA/OpenProblemsInNLA
verify-frozen-manuscript	Run actions/checkout@11d5960a326750d5838078e36cf38b85af677262	2026-09-21T01:59:28.0336790Z Deleting the contents of '/home/runner/work/OpenProblemsInNLA/OpenProblemsInNLA'
verify-frozen-manuscript	Run actions/checkout@11d5960a326750d5838078e36cf38b85af677262	2026-09-21T01:59:28.0342681Z ##[group]Initializing the repository
verify-frozen-manuscript	Run actions/checkout@11d5960a326750d5838078e36cf38b85af677262	2026-09-21T01:59:28.0347734Z [command]/usr/bin/git init /home/runner/work/OpenProblemsInNLA/OpenProblemsInNLA
verify-frozen-manuscript	Run actions/checkout@11d5960a326750d5838078e36cf38b85af677262	2026-09-21T01:59:28.0522077Z hint: Using 'master' as the name for the initial branch. This default branch name
verify-frozen-manuscript	Run actions/checkout@11d5960a326750d5838078e36cf38b85af677262	2026-09-21T01:59:28.0524254Z hint: will change to "main" in Git 3.0. To configure the initial branch name
verify-frozen-manuscript	Run actions/checkout@11d5960a326750d5838078e36cf38b85af677262	2026-09-21T01:59:28.0527483Z hint: to use in all of your new repositories, which will suppress this warning,
verify-frozen-manuscript	Run actions/checkout@11d5960a326750d5838078e36cf38b85af677262	2026-09-21T01:59:28.0529969Z hint: call:
verify-frozen-manuscript	Run actions/checkout@11d5960a326750d5838078e36cf38b85af677262	2026-09-21T01:59:28.0531221Z hint:
verify-frozen-manuscript	Run actions/checkout@11d5960a326750d5838078e36cf38b85af677262	2026-09-21T01:59:28.0532790Z hint: 	git config --global init.defaultBranch <name>
verify-frozen-manuscript	Run actions/checkout@11d5960a326750d5838078e36cf38b85af677262	2026-09-21T01:59:28.0534816Z hint:
verify-frozen-manuscript	Run actions/checkout@11d5960a326750d5838078e36cf38b85af677262	2026-09-21T01:59:28.0536840Z hint: Names commonly chosen instead of 'master' are 'main', 'trunk' and
verify-frozen-manuscript	Run actions/checkout@11d5960a326750d5838078e36cf38b85af677262	2026-09-21T01:59:28.0539915Z hint: 'development'. The just-created branch can be renamed via this command:
verify-frozen-manuscript	Run actions/checkout@11d5960a326750d5838078e36cf38b85af677262	2026-09-21T01:59:28.0542333Z hint:
verify-frozen-manuscript	Run actions/checkout@11d5960a326750d5838078e36cf38b85af677262	2026-09-21T01:59:28.0543647Z hint: 	git branch -m <name>
verify-frozen-manuscript	Run actions/checkout@11d5960a326750d5838078e36cf38b85af677262	2026-09-21T01:59:28.0545087Z hint:
verify-frozen-manuscript	Run actions/checkout@11d5960a326750d5838078e36cf38b85af677262	2026-09-21T01:59:28.0547249Z hint: Disable this message with "git config set advice.defaultBranchName false"
verify-frozen-manuscript	Run actions/checkout@11d5960a326750d5838078e36cf38b85af677262	2026-09-21T01:59:28.0551036Z Initialized empty Git repository in /home/runner/work/OpenProblemsInNLA/OpenProblemsInNLA/.git/
verify-frozen-manuscript	Run actions/checkout@11d5960a326750d5838078e36cf38b85af677262	2026-09-21T01:59:28.0556247Z [command]/usr/bin/git remote add origin https://github.com/sgstepaniants/OpenProblemsInNLA
verify-frozen-manuscript	Run actions/checkout@11d5960a326750d5838078e36cf38b85af677262	2026-09-21T01:59:28.0629390Z ##[endgroup]
verify-frozen-manuscript	Run actions/checkout@11d5960a326750d5838078e36cf38b85af677262	2026-09-21T01:59:28.0632209Z ##[group]Disabling automatic garbage collection
verify-frozen-manuscript	Run actions/checkout@11d5960a326750d5838078e36cf38b85af677262	2026-09-21T01:59:28.0634801Z [command]/usr/bin/git config --local gc.auto 0
verify-frozen-manuscript	Run actions/checkout@11d5960a326750d5838078e36cf38b85af677262	2026-09-21T01:59:28.0670394Z ##[endgroup]
verify-frozen-manuscript	Run actions/checkout@11d5960a326750d5838078e36cf38b85af677262	2026-09-21T01:59:28.0672437Z ##[group]Setting up auth
verify-frozen-manuscript	Run actions/checkout@11d5960a326750d5838078e36cf38b85af677262	2026-09-21T01:59:28.0677790Z [command]/usr/bin/git config --local --name-only --get-regexp core\.sshCommand
verify-frozen-manuscript	Run actions/checkout@11d5960a326750d5838078e36cf38b85af677262	2026-09-21T01:59:28.0713595Z [command]/usr/bin/git submodule foreach --recursive sh -c "git config --local --name-only --get-regexp 'core\.sshCommand' && git config --local --unset-all 'core.sshCommand' || :"
verify-frozen-manuscript	Run actions/checkout@11d5960a326750d5838078e36cf38b85af677262	2026-09-21T01:59:28.1119042Z [command]/usr/bin/git config --local --name-only --get-regexp http\.https\:\/\/github\.com\/\.extraheader
verify-frozen-manuscript	Run actions/checkout@11d5960a326750d5838078e36cf38b85af677262	2026-09-21T01:59:28.1160296Z [command]/usr/bin/git submodule foreach --recursive sh -c "git config --local --name-only --get-regexp 'http\.https\:\/\/github\.com\/\.extraheader' && git config --local --unset-all 'http.https://github.com/.extraheader' || :"
verify-frozen-manuscript	Run actions/checkout@11d5960a326750d5838078e36cf38b85af677262	2026-09-21T01:59:28.1383729Z [command]/usr/bin/git config --local --name-only --get-regexp ^includeIf\.gitdir:
verify-frozen-manuscript	Run actions/checkout@11d5960a326750d5838078e36cf38b85af677262	2026-09-21T01:59:28.1422400Z [command]/usr/bin/git submodule foreach --recursive git config --local --show-origin --name-only --get-regexp remote.origin.url
verify-frozen-manuscript	Run actions/checkout@11d5960a326750d5838078e36cf38b85af677262	2026-09-21T01:59:28.1646590Z [command]/usr/bin/git config --local http.https://github.com/.extraheader AUTHORIZATION: basic ***
verify-frozen-manuscript	Run actions/checkout@11d5960a326750d5838078e36cf38b85af677262	2026-09-21T01:59:28.1686319Z ##[endgroup]
verify-frozen-manuscript	Run actions/checkout@11d5960a326750d5838078e36cf38b85af677262	2026-09-21T01:59:28.1687776Z ##[group]Fetching the repository
verify-frozen-manuscript	Run actions/checkout@11d5960a326750d5838078e36cf38b85af677262	2026-09-21T01:59:28.1697374Z [command]/usr/bin/git -c protocol.version=2 fetch --no-tags --prune --no-recurse-submodules --filter=blob:none --depth=1 origin +fe2183e9b570322d7c1f64bba3480460082af8d3:refs/remotes/origin/codex/mf21-frozen-proof-verification
verify-frozen-manuscript	Run actions/checkout@11d5960a326750d5838078e36cf38b85af677262	2026-09-21T01:59:28.7493089Z From https://github.com/sgstepaniants/OpenProblemsInNLA
verify-frozen-manuscript	Run actions/checkout@11d5960a326750d5838078e36cf38b85af677262	2026-09-21T01:59:28.7496926Z  * [new ref]         fe2183e9b570322d7c1f64bba3480460082af8d3 -> origin/codex/mf21-frozen-proof-verification
verify-frozen-manuscript	Run actions/checkout@11d5960a326750d5838078e36cf38b85af677262	2026-09-21T01:59:28.7508310Z ##[endgroup]
verify-frozen-manuscript	Run actions/checkout@11d5960a326750d5838078e36cf38b85af677262	2026-09-21T01:59:28.7510748Z ##[group]Determining the checkout info
verify-frozen-manuscript	Run actions/checkout@11d5960a326750d5838078e36cf38b85af677262	2026-09-21T01:59:28.7513009Z ##[endgroup]
verify-frozen-manuscript	Run actions/checkout@11d5960a326750d5838078e36cf38b85af677262	2026-09-21T01:59:28.7514287Z ##[group]Setting up sparse checkout
verify-frozen-manuscript	Run actions/checkout@11d5960a326750d5838078e36cf38b85af677262	2026-09-21T01:59:28.7516734Z [command]/usr/bin/git sparse-checkout set .github tools/lean docs/lean/schema matrix-functions-and-stability/MF-21/lean-frozen-2026-09-12
verify-frozen-manuscript	Run actions/checkout@11d5960a326750d5838078e36cf38b85af677262	2026-09-21T01:59:28.7562694Z ##[endgroup]
verify-frozen-manuscript	Run actions/checkout@11d5960a326750d5838078e36cf38b85af677262	2026-09-21T01:59:28.7564682Z ##[group]Checking out the ref
verify-frozen-manuscript	Run actions/checkout@11d5960a326750d5838078e36cf38b85af677262	2026-09-21T01:59:28.7567928Z [command]/usr/bin/git checkout --progress --force -B codex/mf21-frozen-proof-verification refs/remotes/origin/codex/mf21-frozen-proof-verification
verify-frozen-manuscript	Run actions/checkout@11d5960a326750d5838078e36cf38b85af677262	2026-09-21T01:59:29.4902669Z Switched to a new branch 'codex/mf21-frozen-proof-verification'
verify-frozen-manuscript	Run actions/checkout@11d5960a326750d5838078e36cf38b85af677262	2026-09-21T01:59:29.4908726Z branch 'codex/mf21-frozen-proof-verification' set up to track 'origin/codex/mf21-frozen-proof-verification'.
verify-frozen-manuscript	Run actions/checkout@11d5960a326750d5838078e36cf38b85af677262	2026-09-21T01:59:29.4924927Z ##[endgroup]
verify-frozen-manuscript	Run actions/checkout@11d5960a326750d5838078e36cf38b85af677262	2026-09-21T01:59:29.4980761Z [command]/usr/bin/git log -1 --format=%H
verify-frozen-manuscript	Run actions/checkout@11d5960a326750d5838078e36cf38b85af677262	2026-09-21T01:59:29.5010114Z fe2183e9b570322d7c1f64bba3480460082af8d3
verify-frozen-manuscript	Run actions/checkout@11d5960a326750d5838078e36cf38b85af677262	2026-09-21T01:59:29.5019711Z ##[group]Removing auth
verify-frozen-manuscript	Run actions/checkout@11d5960a326750d5838078e36cf38b85af677262	2026-09-21T01:59:29.5023132Z [command]/usr/bin/git config --local --name-only --get-regexp core\.sshCommand
verify-frozen-manuscript	Run actions/checkout@11d5960a326750d5838078e36cf38b85af677262	2026-09-21T01:59:29.5055747Z [command]/usr/bin/git submodule foreach --recursive sh -c "git config --local --name-only --get-regexp 'core\.sshCommand' && git config --local --unset-all 'core.sshCommand' || :"
verify-frozen-manuscript	Run actions/checkout@11d5960a326750d5838078e36cf38b85af677262	2026-09-21T01:59:29.5326338Z [command]/usr/bin/git config --local --name-only --get-regexp http\.https\:\/\/github\.com\/\.extraheader
verify-frozen-manuscript	Run actions/checkout@11d5960a326750d5838078e36cf38b85af677262	2026-09-21T01:59:29.5355327Z http.https://github.com/.extraheader
verify-frozen-manuscript	Run actions/checkout@11d5960a326750d5838078e36cf38b85af677262	2026-09-21T01:59:29.5363562Z [command]/usr/bin/git config --local --unset-all http.https://github.com/.extraheader
verify-frozen-manuscript	Run actions/checkout@11d5960a326750d5838078e36cf38b85af677262	2026-09-21T01:59:29.5397673Z [command]/usr/bin/git submodule foreach --recursive sh -c "git config --local --name-only --get-regexp 'http\.https\:\/\/github\.com\/\.extraheader' && git config --local --unset-all 'http.https://github.com/.extraheader' || :"
verify-frozen-manuscript	Run actions/checkout@11d5960a326750d5838078e36cf38b85af677262	2026-09-21T01:59:29.5665234Z [command]/usr/bin/git config --local --name-only --get-regexp ^includeIf\.gitdir:
verify-frozen-manuscript	Run actions/checkout@11d5960a326750d5838078e36cf38b85af677262	2026-09-21T01:59:29.5700988Z [command]/usr/bin/git submodule foreach --recursive git config --local --show-origin --name-only --get-regexp remote.origin.url
verify-frozen-manuscript	Run actions/checkout@11d5960a326750d5838078e36cf38b85af677262	2026-09-21T01:59:29.5966504Z ##[endgroup]
verify-frozen-manuscript	Validate exact project metadata	﻿2026-09-21T01:59:29.6176372Z ##[group]Run python3 -m pip install -r tools/lean/requirements.txt
verify-frozen-manuscript	Validate exact project metadata	2026-09-21T01:59:29.6177244Z ^[[36;1mpython3 -m pip install -r tools/lean/requirements.txt^[[0m
verify-frozen-manuscript	Validate exact project metadata	2026-09-21T01:59:29.6177970Z ^[[36;1mpython3 tools/lean/validate_manifest.py "$LEAN_PROJECT"^[[0m
verify-frozen-manuscript	Validate exact project metadata	2026-09-21T01:59:29.6220026Z shell: /usr/bin/bash -e {0}
verify-frozen-manuscript	Validate exact project metadata	2026-09-21T01:59:29.6220509Z env:
verify-frozen-manuscript	Validate exact project metadata	2026-09-21T01:59:29.6221066Z   LEAN_PROJECT: matrix-functions-and-stability/MF-21/lean-frozen-2026-09-12
verify-frozen-manuscript	Validate exact project metadata	2026-09-21T01:59:29.6221727Z ##[endgroup]
verify-frozen-manuscript	Validate exact project metadata	2026-09-21T01:59:30.0573087Z Defaulting to user installation because normal site-packages is not writeable
verify-frozen-manuscript	Validate exact project metadata	2026-09-21T01:59:30.7333442Z Collecting PyYAML==6.0.3 (from -r tools/lean/requirements.txt (line 1))
verify-frozen-manuscript	Validate exact project metadata	2026-09-21T01:59:30.7883056Z   Downloading pyyaml-6.0.3-cp312-cp312-manylinux2014_x86_64.manylinux_2_17_x86_64.manylinux_2_28_x86_64.whl.metadata (2.4 kB)
verify-frozen-manuscript	Validate exact project metadata	2026-09-21T01:59:30.8275537Z Collecting jsonschema==4.26.0 (from -r tools/lean/requirements.txt (line 2))
verify-frozen-manuscript	Validate exact project metadata	2026-09-21T01:59:30.8310461Z   Downloading jsonschema-4.26.0-py3-none-any.whl.metadata (7.6 kB)
verify-frozen-manuscript	Validate exact project metadata	2026-09-21T01:59:30.8480757Z Requirement already satisfied: attrs>=22.2.0 in /usr/lib/python3/dist-packages (from jsonschema==4.26.0->-r tools/lean/requirements.txt (line 2)) (23.2.0)
verify-frozen-manuscript	Validate exact project metadata	2026-09-21T01:59:30.8659257Z Collecting jsonschema-specifications>=2023.03.6 (from jsonschema==4.26.0->-r tools/lean/requirements.txt (line 2))
verify-frozen-manuscript	Validate exact project metadata	2026-09-21T01:59:30.8696375Z   Downloading jsonschema_specifications-2025.9.1-py3-none-any.whl.metadata (2.9 kB)
verify-frozen-manuscript	Validate exact project metadata	2026-09-21T01:59:30.9078398Z Collecting referencing>=0.28.4 (from jsonschema==4.26.0->-r tools/lean/requirements.txt (line 2))
verify-frozen-manuscript	Validate exact project metadata	2026-09-21T01:59:30.9152411Z   Downloading referencing-0.37.0-py3-none-any.whl.metadata (2.8 kB)
verify-frozen-manuscript	Validate exact project metadata	2026-09-21T01:59:31.2688092Z Collecting rpds-py>=0.25.0 (from jsonschema==4.26.0->-r tools/lean/requirements.txt (line 2))
verify-frozen-manuscript	Validate exact project metadata	2026-09-21T01:59:31.2726653Z   Downloading rpds_py-2026.6.3-cp312-cp312-manylinux_2_17_x86_64.manylinux2014_x86_64.whl.metadata (4.1 kB)
verify-frozen-manuscript	Validate exact project metadata	2026-09-21T01:59:31.3104996Z Requirement already satisfied: typing-extensions>=4.4.0 in /usr/lib/python3/dist-packages (from referencing>=0.28.4->jsonschema==4.26.0->-r tools/lean/requirements.txt (line 2)) (4.10.0)
verify-frozen-manuscript	Validate exact project metadata	2026-09-21T01:59:31.3193954Z Downloading pyyaml-6.0.3-cp312-cp312-manylinux2014_x86_64.manylinux_2_17_x86_64.manylinux_2_28_x86_64.whl (807 kB)
verify-frozen-manuscript	Validate exact project metadata	2026-09-21T01:59:31.3406186Z    ━━━━━━━━━━━━━━━━━━━━━━━━━━━━━━━━━━━━━━━━ 807.9/807.9 kB 43.8 MB/s eta 0:00:00
verify-frozen-manuscript	Validate exact project metadata	2026-09-21T01:59:31.3442894Z Downloading jsonschema-4.26.0-py3-none-any.whl (90 kB)
verify-frozen-manuscript	Validate exact project metadata	2026-09-21T01:59:31.3486240Z    ━━━━━━━━━━━━━━━━━━━━━━━━━━━━━━━━━━━━━━━━ 90.6/90.6 kB 32.9 MB/s eta 0:00:00
verify-frozen-manuscript	Validate exact project metadata	2026-09-21T01:59:31.3522244Z Downloading jsonschema_specifications-2025.9.1-py3-none-any.whl (18 kB)
verify-frozen-manuscript	Validate exact project metadata	2026-09-21T01:59:31.3578712Z Downloading referencing-0.37.0-py3-none-any.whl (26 kB)
verify-frozen-manuscript	Validate exact project metadata	2026-09-21T01:59:31.3667862Z Downloading rpds_py-2026.6.3-cp312-cp312-manylinux_2_17_x86_64.manylinux2014_x86_64.whl (366 kB)
verify-frozen-manuscript	Validate exact project metadata	2026-09-21T01:59:31.3749649Z    ━━━━━━━━━━━━━━━━━━━━━━━━━━━━━━━━━━━━━━━━ 366.2/366.2 kB 54.6 MB/s eta 0:00:00
verify-frozen-manuscript	Validate exact project metadata	2026-09-21T01:59:31.6612520Z Installing collected packages: rpds-py, PyYAML, referencing, jsonschema-specifications, jsonschema
verify-frozen-manuscript	Validate exact project metadata	2026-09-21T01:59:31.8290912Z Successfully installed PyYAML-6.0.3 jsonschema-4.26.0 jsonschema-specifications-2025.9.1 referencing-0.37.0 rpds-py-2026.6.3
verify-frozen-manuscript	Validate exact project metadata	2026-09-21T01:59:32.0441226Z Manifest schema and comparator coverage: PASS (7 declarations)
verify-frozen-manuscript	Run actions/setup-go@924ae3a1cded613372ab5595356fb5720e22ba16	﻿2026-09-21T01:59:32.0651533Z ##[group]Run actions/setup-go@924ae3a1cded613372ab5595356fb5720e22ba16
verify-frozen-manuscript	Run actions/setup-go@924ae3a1cded613372ab5595356fb5720e22ba16	2026-09-21T01:59:32.0651959Z with:
verify-frozen-manuscript	Run actions/setup-go@924ae3a1cded613372ab5595356fb5720e22ba16	2026-09-21T01:59:32.0652185Z   go-version: 1.27.1
verify-frozen-manuscript	Run actions/setup-go@924ae3a1cded613372ab5595356fb5720e22ba16	2026-09-21T01:59:32.0652399Z   cache: false
verify-frozen-manuscript	Run actions/setup-go@924ae3a1cded613372ab5595356fb5720e22ba16	2026-09-21T01:59:32.0652606Z   check-latest: false
verify-frozen-manuscript	Run actions/setup-go@924ae3a1cded613372ab5595356fb5720e22ba16	2026-09-21T01:59:32.0655303Z   token: ***
verify-frozen-manuscript	Run actions/setup-go@924ae3a1cded613372ab5595356fb5720e22ba16	2026-09-21T01:59:32.0655499Z env:
verify-frozen-manuscript	Run actions/setup-go@924ae3a1cded613372ab5595356fb5720e22ba16	2026-09-21T01:59:32.0656067Z   LEAN_PROJECT: matrix-functions-and-stability/MF-21/lean-frozen-2026-09-12
verify-frozen-manuscript	Run actions/setup-go@924ae3a1cded613372ab5595356fb5720e22ba16	2026-09-21T01:59:32.0656492Z ##[endgroup]
verify-frozen-manuscript	Run actions/setup-go@924ae3a1cded613372ab5595356fb5720e22ba16	2026-09-21T01:59:32.1913366Z Setup go version spec 1.27.1
verify-frozen-manuscript	Run actions/setup-go@924ae3a1cded613372ab5595356fb5720e22ba16	2026-09-21T01:59:32.1927012Z Attempting to download 1.27.1...
verify-frozen-manuscript	Run actions/setup-go@924ae3a1cded613372ab5595356fb5720e22ba16	2026-09-21T01:59:32.7238857Z matching 1.27.1...
verify-frozen-manuscript	Run actions/setup-go@924ae3a1cded613372ab5595356fb5720e22ba16	2026-09-21T01:59:32.7265652Z Acquiring 1.27.1 from https://github.com/actions/go-versions/releases/download/1.27.1-33583469715/go-1.27.1-linux-x64.tar.gz
verify-frozen-manuscript	Run actions/setup-go@924ae3a1cded613372ab5595356fb5720e22ba16	2026-09-21T01:59:33.1612695Z Extracting Go...
verify-frozen-manuscript	Run actions/setup-go@924ae3a1cded613372ab5595356fb5720e22ba16	2026-09-21T01:59:33.1724350Z [command]/usr/bin/tar xz --warning=no-unknown-keyword --overwrite -C /home/runner/work/_temp/304f270e-2e82-44a9-95b6-2baa29773d60 -f /home/runner/work/_temp/d63fdd83-fcac-4454-a887-d008c2b627b0
verify-frozen-manuscript	Run actions/setup-go@924ae3a1cded613372ab5595356fb5720e22ba16	2026-09-21T01:59:34.8714338Z Successfully extracted go to /home/runner/work/_temp/304f270e-2e82-44a9-95b6-2baa29773d60
verify-frozen-manuscript	Run actions/setup-go@924ae3a1cded613372ab5595356fb5720e22ba16	2026-09-21T01:59:34.8715205Z Adding to the cache ...
verify-frozen-manuscript	Run actions/setup-go@924ae3a1cded613372ab5595356fb5720e22ba16	2026-09-21T01:59:41.7692343Z Successfully cached go to /opt/hostedtoolcache/go/1.27.1/x64
verify-frozen-manuscript	Run actions/setup-go@924ae3a1cded613372ab5595356fb5720e22ba16	2026-09-21T01:59:41.7695172Z Added go to the path
verify-frozen-manuscript	Run actions/setup-go@924ae3a1cded613372ab5595356fb5720e22ba16	2026-09-21T01:59:41.7697775Z Successfully set up Go version 1.27.1
verify-frozen-manuscript	Run actions/setup-go@924ae3a1cded613372ab5595356fb5720e22ba16	2026-09-21T01:59:41.7905144Z go version go1.27.1 linux/amd64
verify-frozen-manuscript	Run actions/setup-go@924ae3a1cded613372ab5595356fb5720e22ba16	2026-09-21T01:59:41.7905356Z 
verify-frozen-manuscript	Run actions/setup-go@924ae3a1cded613372ab5595356fb5720e22ba16	2026-09-21T01:59:41.7905709Z ##[group]go env
verify-frozen-manuscript	Run actions/setup-go@924ae3a1cded613372ab5595356fb5720e22ba16	2026-09-21T01:59:41.9216949Z AR='ar'
verify-frozen-manuscript	Run actions/setup-go@924ae3a1cded613372ab5595356fb5720e22ba16	2026-09-21T01:59:41.9217348Z CC='gcc'
verify-frozen-manuscript	Run actions/setup-go@924ae3a1cded613372ab5595356fb5720e22ba16	2026-09-21T01:59:41.9217696Z CGO_CFLAGS='-O2 -g'
verify-frozen-manuscript	Run actions/setup-go@924ae3a1cded613372ab5595356fb5720e22ba16	2026-09-21T01:59:41.9218297Z CGO_CPPFLAGS=''
verify-frozen-manuscript	Run actions/setup-go@924ae3a1cded613372ab5595356fb5720e22ba16	2026-09-21T01:59:41.9218691Z CGO_CXXFLAGS='-O2 -g'
verify-frozen-manuscript	Run actions/setup-go@924ae3a1cded613372ab5595356fb5720e22ba16	2026-09-21T01:59:41.9219067Z CGO_ENABLED='1'
verify-frozen-manuscript	Run actions/setup-go@924ae3a1cded613372ab5595356fb5720e22ba16	2026-09-21T01:59:41.9219365Z CGO_FFLAGS='-O2 -g'
verify-frozen-manuscript	Run actions/setup-go@924ae3a1cded613372ab5595356fb5720e22ba16	2026-09-21T01:59:41.9219610Z CGO_LDFLAGS='-O2 -g'
verify-frozen-manuscript	Run actions/setup-go@924ae3a1cded613372ab5595356fb5720e22ba16	2026-09-21T01:59:41.9219855Z CXX='g++'
verify-frozen-manuscript	Run actions/setup-go@924ae3a1cded613372ab5595356fb5720e22ba16	2026-09-21T01:59:41.9220074Z GCCGO='gccgo'
verify-frozen-manuscript	Run actions/setup-go@924ae3a1cded613372ab5595356fb5720e22ba16	2026-09-21T01:59:41.9220312Z GO111MODULE=''
verify-frozen-manuscript	Run actions/setup-go@924ae3a1cded613372ab5595356fb5720e22ba16	2026-09-21T01:59:41.9220560Z GOAMD64='v1'
verify-frozen-manuscript	Run actions/setup-go@924ae3a1cded613372ab5595356fb5720e22ba16	2026-09-21T01:59:41.9220752Z GOARCH='amd64'
verify-frozen-manuscript	Run actions/setup-go@924ae3a1cded613372ab5595356fb5720e22ba16	2026-09-21T01:59:41.9221246Z GOAUTH='netrc'
verify-frozen-manuscript	Run actions/setup-go@924ae3a1cded613372ab5595356fb5720e22ba16	2026-09-21T01:59:41.9221464Z GOBIN='/home/runner/go/bin'
verify-frozen-manuscript	Run actions/setup-go@924ae3a1cded613372ab5595356fb5720e22ba16	2026-09-21T01:59:41.9221733Z GOCACHE='/home/runner/.cache/go-build'
verify-frozen-manuscript	Run actions/setup-go@924ae3a1cded613372ab5595356fb5720e22ba16	2026-09-21T01:59:41.9222006Z GOCACHEPROG=''
verify-frozen-manuscript	Run actions/setup-go@924ae3a1cded613372ab5595356fb5720e22ba16	2026-09-21T01:59:41.9222203Z GODEBUG=''
verify-frozen-manuscript	Run actions/setup-go@924ae3a1cded613372ab5595356fb5720e22ba16	2026-09-21T01:59:41.9222443Z GOENV='/home/runner/.config/go/env'
verify-frozen-manuscript	Run actions/setup-go@924ae3a1cded613372ab5595356fb5720e22ba16	2026-09-21T01:59:41.9222695Z GOEXE=''
verify-frozen-manuscript	Run actions/setup-go@924ae3a1cded613372ab5595356fb5720e22ba16	2026-09-21T01:59:41.9222879Z GOEXPERIMENT=''
verify-frozen-manuscript	Run actions/setup-go@924ae3a1cded613372ab5595356fb5720e22ba16	2026-09-21T01:59:41.9223084Z GOFIPS140='off'
verify-frozen-manuscript	Run actions/setup-go@924ae3a1cded613372ab5595356fb5720e22ba16	2026-09-21T01:59:41.9223272Z GOFLAGS=''
verify-frozen-manuscript	Run actions/setup-go@924ae3a1cded613372ab5595356fb5720e22ba16	2026-09-21T01:59:41.9223961Z GOGCCFLAGS='-fPIC -m64 -pthread -Wl,--no-gc-sections -fmessage-length=0 -ffile-prefix-map=/tmp/go-build3302857964=/tmp/go-build -gno-record-gcc-switches'
verify-frozen-manuscript	Run actions/setup-go@924ae3a1cded613372ab5595356fb5720e22ba16	2026-09-21T01:59:41.9224657Z GOHOSTARCH='amd64'
verify-frozen-manuscript	Run actions/setup-go@924ae3a1cded613372ab5595356fb5720e22ba16	2026-09-21T01:59:41.9224864Z GOHOSTOS='linux'
verify-frozen-manuscript	Run actions/setup-go@924ae3a1cded613372ab5595356fb5720e22ba16	2026-09-21T01:59:41.9225063Z GOINSECURE=''
verify-frozen-manuscript	Run actions/setup-go@924ae3a1cded613372ab5595356fb5720e22ba16	2026-09-21T01:59:41.9225256Z GOMOD='/dev/null'
verify-frozen-manuscript	Run actions/setup-go@924ae3a1cded613372ab5595356fb5720e22ba16	2026-09-21T01:59:41.9225487Z GOMODCACHE='/home/runner/go/pkg/mod'
verify-frozen-manuscript	Run actions/setup-go@924ae3a1cded613372ab5595356fb5720e22ba16	2026-09-21T01:59:41.9225763Z GONOPROXY=''
verify-frozen-manuscript	Run actions/setup-go@924ae3a1cded613372ab5595356fb5720e22ba16	2026-09-21T01:59:41.9226236Z GONOSUMDB=''
verify-frozen-manuscript	Run actions/setup-go@924ae3a1cded613372ab5595356fb5720e22ba16	2026-09-21T01:59:41.9226452Z GOOS='linux'
verify-frozen-manuscript	Run actions/setup-go@924ae3a1cded613372ab5595356fb5720e22ba16	2026-09-21T01:59:41.9226654Z GOPACKAGESDRIVER=''
verify-frozen-manuscript	Run actions/setup-go@924ae3a1cded613372ab5595356fb5720e22ba16	2026-09-21T01:59:41.9226875Z GOPATH='/home/runner/go'
verify-frozen-manuscript	Run actions/setup-go@924ae3a1cded613372ab5595356fb5720e22ba16	2026-09-21T01:59:41.9227095Z GOPRIVATE=''
verify-frozen-manuscript	Run actions/setup-go@924ae3a1cded613372ab5595356fb5720e22ba16	2026-09-21T01:59:41.9227353Z GOPROXY='https://proxy.golang.org,direct'
verify-frozen-manuscript	Run actions/setup-go@924ae3a1cded613372ab5595356fb5720e22ba16	2026-09-21T01:59:41.9227680Z GOROOT='/opt/hostedtoolcache/go/1.27.1/x64'
verify-frozen-manuscript	Run actions/setup-go@924ae3a1cded613372ab5595356fb5720e22ba16	2026-09-21T01:59:41.9227977Z GOSUMDB='sum.golang.org'
verify-frozen-manuscript	Run actions/setup-go@924ae3a1cded613372ab5595356fb5720e22ba16	2026-09-21T01:59:41.9228207Z GOTELEMETRY='local'
verify-frozen-manuscript	Run actions/setup-go@924ae3a1cded613372ab5595356fb5720e22ba16	2026-09-21T01:59:41.9228471Z GOTELEMETRYDIR='/home/runner/.config/go/telemetry'
verify-frozen-manuscript	Run actions/setup-go@924ae3a1cded613372ab5595356fb5720e22ba16	2026-09-21T01:59:41.9228775Z GOTMPDIR=''
verify-frozen-manuscript	Run actions/setup-go@924ae3a1cded613372ab5595356fb5720e22ba16	2026-09-21T01:59:41.9228975Z GOTOOLCHAIN='local'
verify-frozen-manuscript	Run actions/setup-go@924ae3a1cded613372ab5595356fb5720e22ba16	2026-09-21T01:59:41.9229332Z GOTOOLDIR='/opt/hostedtoolcache/go/1.27.1/x64/pkg/tool/linux_amd64'
verify-frozen-manuscript	Run actions/setup-go@924ae3a1cded613372ab5595356fb5720e22ba16	2026-09-21T01:59:41.9229694Z GOVCS=''
verify-frozen-manuscript	Run actions/setup-go@924ae3a1cded613372ab5595356fb5720e22ba16	2026-09-21T01:59:41.9229886Z GOVERSION='go1.27.1'
verify-frozen-manuscript	Run actions/setup-go@924ae3a1cded613372ab5595356fb5720e22ba16	2026-09-21T01:59:41.9230100Z GOWORK=''
verify-frozen-manuscript	Run actions/setup-go@924ae3a1cded613372ab5595356fb5720e22ba16	2026-09-21T01:59:41.9230303Z PKG_CONFIG='pkg-config'
verify-frozen-manuscript	Run actions/setup-go@924ae3a1cded613372ab5595356fb5720e22ba16	2026-09-21T01:59:41.9230443Z 
verify-frozen-manuscript	Run actions/setup-go@924ae3a1cded613372ab5595356fb5720e22ba16	2026-09-21T01:59:41.9231047Z ##[endgroup]
verify-frozen-manuscript	Run leanprover/lean-action@96e06131c0e9943c780388fd166f55d1e2fa0433	﻿2026-09-21T01:59:41.9651061Z ##[group]Run leanprover/lean-action@96e06131c0e9943c780388fd166f55d1e2fa0433
verify-frozen-manuscript	Run leanprover/lean-action@96e06131c0e9943c780388fd166f55d1e2fa0433	2026-09-21T01:59:41.9651498Z with:
verify-frozen-manuscript	Run leanprover/lean-action@96e06131c0e9943c780388fd166f55d1e2fa0433	2026-09-21T01:59:41.9651870Z   lake-package-directory: matrix-functions-and-stability/MF-21/lean-frozen-2026-09-12
verify-frozen-manuscript	Run leanprover/lean-action@96e06131c0e9943c780388fd166f55d1e2fa0433	2026-09-21T01:59:41.9652316Z   auto-config: false
verify-frozen-manuscript	Run leanprover/lean-action@96e06131c0e9943c780388fd166f55d1e2fa0433	2026-09-21T01:59:41.9652523Z   build: false
verify-frozen-manuscript	Run leanprover/lean-action@96e06131c0e9943c780388fd166f55d1e2fa0433	2026-09-21T01:59:41.9652707Z   test: false
verify-frozen-manuscript	Run leanprover/lean-action@96e06131c0e9943c780388fd166f55d1e2fa0433	2026-09-21T01:59:41.9652890Z   lint: false
verify-frozen-manuscript	Run leanprover/lean-action@96e06131c0e9943c780388fd166f55d1e2fa0433	2026-09-21T01:59:41.9653085Z   use-mathlib-cache: false
verify-frozen-manuscript	Run leanprover/lean-action@96e06131c0e9943c780388fd166f55d1e2fa0433	2026-09-21T01:59:41.9653319Z   use-github-cache: false
verify-frozen-manuscript	Run leanprover/lean-action@96e06131c0e9943c780388fd166f55d1e2fa0433	2026-09-21T01:59:41.9653539Z   mk_all-check: false
verify-frozen-manuscript	Run leanprover/lean-action@96e06131c0e9943c780388fd166f55d1e2fa0433	2026-09-21T01:59:41.9653774Z   check-reservoir-eligibility: false
verify-frozen-manuscript	Run leanprover/lean-action@96e06131c0e9943c780388fd166f55d1e2fa0433	2026-09-21T01:59:41.9654036Z   leanchecker: false
verify-frozen-manuscript	Run leanprover/lean-action@96e06131c0e9943c780388fd166f55d1e2fa0433	2026-09-21T01:59:41.9654238Z   lean4checker: false
verify-frozen-manuscript	Run leanprover/lean-action@96e06131c0e9943c780388fd166f55d1e2fa0433	2026-09-21T01:59:41.9654437Z   nanoda: false
verify-frozen-manuscript	Run leanprover/lean-action@96e06131c0e9943c780388fd166f55d1e2fa0433	2026-09-21T01:59:41.9654635Z   nanoda-allow-sorry: true
verify-frozen-manuscript	Run leanprover/lean-action@96e06131c0e9943c780388fd166f55d1e2fa0433	2026-09-21T01:59:41.9654860Z   axiom-audit: false
verify-frozen-manuscript	Run leanprover/lean-action@96e06131c0e9943c780388fd166f55d1e2fa0433	2026-09-21T01:59:41.9655141Z   axiom-audit-allow: propext,Classical.choice,Quot.sound
verify-frozen-manuscript	Run leanprover/lean-action@96e06131c0e9943c780388fd166f55d1e2fa0433	2026-09-21T01:59:41.9655525Z   reinstall-transient-toolchain: false
verify-frozen-manuscript	Run leanprover/lean-action@96e06131c0e9943c780388fd166f55d1e2fa0433	2026-09-21T01:59:41.9656163Z env:
verify-frozen-manuscript	Run leanprover/lean-action@96e06131c0e9943c780388fd166f55d1e2fa0433	2026-09-21T01:59:41.9656490Z   LEAN_PROJECT: matrix-functions-and-stability/MF-21/lean-frozen-2026-09-12
verify-frozen-manuscript	Run leanprover/lean-action@96e06131c0e9943c780388fd166f55d1e2fa0433	2026-09-21T01:59:41.9656886Z   GOTOOLCHAIN: local
verify-frozen-manuscript	Run leanprover/lean-action@96e06131c0e9943c780388fd166f55d1e2fa0433	2026-09-21T01:59:41.9657087Z ##[endgroup]
verify-frozen-manuscript	Run leanprover/lean-action@96e06131c0e9943c780388fd166f55d1e2fa0433	2026-09-21T01:59:41.9724609Z ##[start-action display=install elan;id=__leanprover_lean-action.__run]
verify-frozen-manuscript	Run leanprover/lean-action@96e06131c0e9943c780388fd166f55d1e2fa0433	2026-09-21T01:59:41.9748266Z ##[group]Run : Install Elan
verify-frozen-manuscript	Run leanprover/lean-action@96e06131c0e9943c780388fd166f55d1e2fa0433	2026-09-21T01:59:41.9748544Z ^[[36;1m: Install Elan^[[0m
verify-frozen-manuscript	Run leanprover/lean-action@96e06131c0e9943c780388fd166f55d1e2fa0433	2026-09-21T01:59:41.9748819Z ^[[36;1m${GITHUB_ACTION_PATH}/scripts/install_elan.sh^[[0m
verify-frozen-manuscript	Run leanprover/lean-action@96e06131c0e9943c780388fd166f55d1e2fa0433	2026-09-21T01:59:41.9788382Z shell: /usr/bin/bash --noprofile --norc -e -o pipefail {0}
verify-frozen-manuscript	Run leanprover/lean-action@96e06131c0e9943c780388fd166f55d1e2fa0433	2026-09-21T01:59:41.9788724Z env:
verify-frozen-manuscript	Run leanprover/lean-action@96e06131c0e9943c780388fd166f55d1e2fa0433	2026-09-21T01:59:41.9789047Z   LEAN_PROJECT: matrix-functions-and-stability/MF-21/lean-frozen-2026-09-12
verify-frozen-manuscript	Run leanprover/lean-action@96e06131c0e9943c780388fd166f55d1e2fa0433	2026-09-21T01:59:41.9789446Z   GOTOOLCHAIN: local
verify-frozen-manuscript	Run leanprover/lean-action@96e06131c0e9943c780388fd166f55d1e2fa0433	2026-09-21T01:59:41.9789652Z ##[endgroup]
verify-frozen-manuscript	Run leanprover/lean-action@96e06131c0e9943c780388fd166f55d1e2fa0433	2026-09-21T01:59:41.9874980Z ##[group]Elan Installation Output
verify-frozen-manuscript	Run leanprover/lean-action@96e06131c0e9943c780388fd166f55d1e2fa0433	2026-09-21T01:59:42.0370393Z info: downloading installer
verify-frozen-manuscript	Run leanprover/lean-action@96e06131c0e9943c780388fd166f55d1e2fa0433	2026-09-21T01:59:42.7739319Z info: downloading https://releases.lean-lang.org/lean4/v4.33.1/lean-4.33.1-linux.tar.zst
verify-frozen-manuscript	Run leanprover/lean-action@96e06131c0e9943c780388fd166f55d1e2fa0433	2026-09-21T01:59:46.3985700Z info: installing /home/runner/.elan/toolchains/leanprover--lean4---v4.33.1
verify-frozen-manuscript	Run leanprover/lean-action@96e06131c0e9943c780388fd166f55d1e2fa0433	2026-09-21T01:59:53.2026372Z Lean (version 4.33.1, x86_64-unknown-linux-gnu, commit 819816b2e0a3bf405af45ae5c7af2491d8f5bee6, Release)
verify-frozen-manuscript	Run leanprover/lean-action@96e06131c0e9943c780388fd166f55d1e2fa0433	2026-09-21T01:59:53.2456957Z Lake version 5.0.0-src+819816b (Lean version 4.33.1)
verify-frozen-manuscript	Run leanprover/lean-action@96e06131c0e9943c780388fd166f55d1e2fa0433	2026-09-21T01:59:53.2486226Z ##[endgroup]
verify-frozen-manuscript	Run leanprover/lean-action@96e06131c0e9943c780388fd166f55d1e2fa0433	2026-09-21T01:59:53.2486460Z 
verify-frozen-manuscript	Run leanprover/lean-action@96e06131c0e9943c780388fd166f55d1e2fa0433	2026-09-21T01:59:53.2505574Z ##[end-action id=__leanprover_lean-action.__run;outcome=success;conclusion=success;duration_ms=11277]
verify-frozen-manuscript	Run leanprover/lean-action@96e06131c0e9943c780388fd166f55d1e2fa0433	2026-09-21T01:59:53.2511620Z ##[start-action display=configure `lean-action`;id=__leanprover_lean-action.config]
verify-frozen-manuscript	Run leanprover/lean-action@96e06131c0e9943c780388fd166f55d1e2fa0433	2026-09-21T01:59:53.2529184Z ##[group]Run : Configure Lean Action
verify-frozen-manuscript	Run leanprover/lean-action@96e06131c0e9943c780388fd166f55d1e2fa0433	2026-09-21T01:59:53.2529493Z ^[[36;1m: Configure Lean Action^[[0m
verify-frozen-manuscript	Run leanprover/lean-action@96e06131c0e9943c780388fd166f55d1e2fa0433	2026-09-21T01:59:53.2529777Z ^[[36;1m${GITHUB_ACTION_PATH}/scripts/config.sh^[[0m
verify-frozen-manuscript	Run leanprover/lean-action@96e06131c0e9943c780388fd166f55d1e2fa0433	2026-09-21T01:59:53.2565683Z shell: /usr/bin/bash --noprofile --norc -e -o pipefail {0}
verify-frozen-manuscript	Run leanprover/lean-action@96e06131c0e9943c780388fd166f55d1e2fa0433	2026-09-21T01:59:53.2566294Z env:
verify-frozen-manuscript	Run leanprover/lean-action@96e06131c0e9943c780388fd166f55d1e2fa0433	2026-09-21T01:59:53.2566620Z   LEAN_PROJECT: matrix-functions-and-stability/MF-21/lean-frozen-2026-09-12
verify-frozen-manuscript	Run leanprover/lean-action@96e06131c0e9943c780388fd166f55d1e2fa0433	2026-09-21T01:59:53.2567031Z   GOTOOLCHAIN: local
verify-frozen-manuscript	Run leanprover/lean-action@96e06131c0e9943c780388fd166f55d1e2fa0433	2026-09-21T01:59:53.2567239Z   AUTO_CONFIG: false
verify-frozen-manuscript	Run leanprover/lean-action@96e06131c0e9943c780388fd166f55d1e2fa0433	2026-09-21T01:59:53.2567437Z   BUILD: false
verify-frozen-manuscript	Run leanprover/lean-action@96e06131c0e9943c780388fd166f55d1e2fa0433	2026-09-21T01:59:53.2567622Z   TEST: false
verify-frozen-manuscript	Run leanprover/lean-action@96e06131c0e9943c780388fd166f55d1e2fa0433	2026-09-21T01:59:53.2567802Z   LINT: false
verify-frozen-manuscript	Run leanprover/lean-action@96e06131c0e9943c780388fd166f55d1e2fa0433	2026-09-21T01:59:53.2567982Z ##[endgroup]
verify-frozen-manuscript	Run leanprover/lean-action@96e06131c0e9943c780388fd166f55d1e2fa0433	2026-09-21T01:59:53.2890532Z ##[group]Configure lean-action
verify-frozen-manuscript	Run leanprover/lean-action@96e06131c0e9943c780388fd166f55d1e2fa0433	2026-09-21T01:59:53.2947286Z ##[end-action id=__leanprover_lean-action.config;outcome=success;conclusion=success;duration_ms=43]
verify-frozen-manuscript	Run leanprover/lean-action@96e06131c0e9943c780388fd166f55d1e2fa0433	2026-09-21T01:59:53.2951767Z ##[start-action display=reinstall transient toolchain;id=__leanprover_lean-action.__run_2]
verify-frozen-manuscript	Run leanprover/lean-action@96e06131c0e9943c780388fd166f55d1e2fa0433	2026-09-21T01:59:53.2957639Z ##[end-action id=__leanprover_lean-action.__run_2;outcome=skipped;conclusion=skipped;duration_ms=0]
verify-frozen-manuscript	Run leanprover/lean-action@96e06131c0e9943c780388fd166f55d1e2fa0433	2026-09-21T01:59:53.2960179Z ##[start-action display=ensure all files are imported;id=__leanprover_lean-action.mk_all]
verify-frozen-manuscript	Run leanprover/lean-action@96e06131c0e9943c780388fd166f55d1e2fa0433	2026-09-21T01:59:53.2963686Z ##[end-action id=__leanprover_lean-action.mk_all;outcome=skipped;conclusion=skipped;duration_ms=0]
verify-frozen-manuscript	Run leanprover/lean-action@96e06131c0e9943c780388fd166f55d1e2fa0433	2026-09-21T01:59:53.2966140Z ##[start-action display=Run actions/cache/restore@v5;id=__leanprover_lean-action.__actions_cache]
verify-frozen-manuscript	Run leanprover/lean-action@96e06131c0e9943c780388fd166f55d1e2fa0433	2026-09-21T01:59:53.2969642Z ##[end-action id=__leanprover_lean-action.__actions_cache;outcome=skipped;conclusion=skipped;duration_ms=0]
verify-frozen-manuscript	Run leanprover/lean-action@96e06131c0e9943c780388fd166f55d1e2fa0433	2026-09-21T01:59:53.2971516Z ##[start-action display=detect mathlib;id=__leanprover_lean-action.detect-mathlib]
verify-frozen-manuscript	Run leanprover/lean-action@96e06131c0e9943c780388fd166f55d1e2fa0433	2026-09-21T01:59:53.2974896Z ##[end-action id=__leanprover_lean-action.detect-mathlib;outcome=skipped;conclusion=skipped;duration_ms=0]
verify-frozen-manuscript	Run leanprover/lean-action@96e06131c0e9943c780388fd166f55d1e2fa0433	2026-09-21T01:59:53.2977028Z ##[start-action display=get mathlib cache;id=__leanprover_lean-action.__run_3]
verify-frozen-manuscript	Run leanprover/lean-action@96e06131c0e9943c780388fd166f55d1e2fa0433	2026-09-21T01:59:53.2992380Z ##[end-action id=__leanprover_lean-action.__run_3;outcome=skipped;conclusion=skipped;duration_ms=0]
verify-frozen-manuscript	Run leanprover/lean-action@96e06131c0e9943c780388fd166f55d1e2fa0433	2026-09-21T01:59:53.3019963Z ##[start-action display=build sgstepaniants/OpenProblemsInNLA;id=__leanprover_lean-action.build]
verify-frozen-manuscript	Run leanprover/lean-action@96e06131c0e9943c780388fd166f55d1e2fa0433	2026-09-21T01:59:53.3024311Z ##[end-action id=__leanprover_lean-action.build;outcome=skipped;conclusion=skipped;duration_ms=0]
verify-frozen-manuscript	Run leanprover/lean-action@96e06131c0e9943c780388fd166f55d1e2fa0433	2026-09-21T01:59:53.3026719Z ##[start-action display=Run actions/cache/save@v5;id=__leanprover_lean-action.__actions_cache_2]
verify-frozen-manuscript	Run leanprover/lean-action@96e06131c0e9943c780388fd166f55d1e2fa0433	2026-09-21T01:59:53.3030132Z ##[end-action id=__leanprover_lean-action.__actions_cache_2;outcome=skipped;conclusion=skipped;duration_ms=0]
verify-frozen-manuscript	Run leanprover/lean-action@96e06131c0e9943c780388fd166f55d1e2fa0433	2026-09-21T01:59:53.3033640Z ##[start-action display=test sgstepaniants/OpenProblemsInNLA;id=__leanprover_lean-action.test]
verify-frozen-manuscript	Run leanprover/lean-action@96e06131c0e9943c780388fd166f55d1e2fa0433	2026-09-21T01:59:53.3038154Z ##[end-action id=__leanprover_lean-action.test;outcome=skipped;conclusion=skipped;duration_ms=0]
verify-frozen-manuscript	Run leanprover/lean-action@96e06131c0e9943c780388fd166f55d1e2fa0433	2026-09-21T01:59:53.3041095Z ##[start-action display=lint sgstepaniants/OpenProblemsInNLA;id=__leanprover_lean-action.lint]
verify-frozen-manuscript	Run leanprover/lean-action@96e06131c0e9943c780388fd166f55d1e2fa0433	2026-09-21T01:59:53.3045056Z ##[end-action id=__leanprover_lean-action.lint;outcome=skipped;conclusion=skipped;duration_ms=0]
verify-frozen-manuscript	Run leanprover/lean-action@96e06131c0e9943c780388fd166f55d1e2fa0433	2026-09-21T01:59:53.3047208Z ##[start-action display=check reservoir eligibility;id=__leanprover_lean-action.__run_4]
verify-frozen-manuscript	Run leanprover/lean-action@96e06131c0e9943c780388fd166f55d1e2fa0433	2026-09-21T01:59:53.3050632Z ##[end-action id=__leanprover_lean-action.__run_4;outcome=skipped;conclusion=skipped;duration_ms=0]
verify-frozen-manuscript	Run leanprover/lean-action@96e06131c0e9943c780388fd166f55d1e2fa0433	2026-09-21T01:59:53.3053164Z ##[start-action display=check environment with leanchecker;id=__leanprover_lean-action.__run_5]
verify-frozen-manuscript	Run leanprover/lean-action@96e06131c0e9943c780388fd166f55d1e2fa0433	2026-09-21T01:59:53.3058262Z ##[end-action id=__leanprover_lean-action.__run_5;outcome=skipped;conclusion=skipped;duration_ms=0]
verify-frozen-manuscript	Run leanprover/lean-action@96e06131c0e9943c780388fd166f55d1e2fa0433	2026-09-21T01:59:53.3060599Z ##[start-action display=check environment with nanoda;id=__leanprover_lean-action.nanoda]
verify-frozen-manuscript	Run leanprover/lean-action@96e06131c0e9943c780388fd166f55d1e2fa0433	2026-09-21T01:59:53.3063755Z ##[end-action id=__leanprover_lean-action.nanoda;outcome=skipped;conclusion=skipped;duration_ms=0]
verify-frozen-manuscript	Run leanprover/lean-action@96e06131c0e9943c780388fd166f55d1e2fa0433	2026-09-21T01:59:53.3066484Z ##[start-action display=audit axioms with axiom-audit;id=__leanprover_lean-action.axiom-audit]
verify-frozen-manuscript	Run leanprover/lean-action@96e06131c0e9943c780388fd166f55d1e2fa0433	2026-09-21T01:59:53.3069807Z ##[end-action id=__leanprover_lean-action.axiom-audit;outcome=skipped;conclusion=skipped;duration_ms=0]
verify-frozen-manuscript	Prepare unprivileged Linux isolation	﻿2026-09-21T01:59:53.3119595Z ##[group]Run sudo apt-get update
verify-frozen-manuscript	Prepare unprivileged Linux isolation	2026-09-21T01:59:53.3119921Z ^[[36;1msudo apt-get update^[[0m
verify-frozen-manuscript	Prepare unprivileged Linux isolation	2026-09-21T01:59:53.3120239Z ^[[36;1msudo apt-get install -y bubblewrap dbus-user-session^[[0m
verify-frozen-manuscript	Prepare unprivileged Linux isolation	2026-09-21T01:59:53.3120681Z ^[[36;1msudo sysctl -w kernel.apparmor_restrict_unprivileged_userns=0^[[0m
verify-frozen-manuscript	Prepare unprivileged Linux isolation	2026-09-21T01:59:53.3121098Z ^[[36;1msudo loginctl enable-linger "$(id -un)"^[[0m
verify-frozen-manuscript	Prepare unprivileged Linux isolation	2026-09-21T01:59:53.3121443Z ^[[36;1msudo systemctl start "user@$(id -u).service"^[[0m
verify-frozen-manuscript	Prepare unprivileged Linux isolation	2026-09-21T01:59:53.3121818Z ^[[36;1mecho "XDG_RUNTIME_DIR=/run/user/$(id -u)" >> "$GITHUB_ENV"^[[0m
verify-frozen-manuscript	Prepare unprivileged Linux isolation	2026-09-21T01:59:53.3122318Z ^[[36;1mecho "DBUS_SESSION_BUS_ADDRESS=unix:path=/run/user/$(id -u)/bus" >> "$GITHUB_ENV"^[[0m
verify-frozen-manuscript	Prepare unprivileged Linux isolation	2026-09-21T01:59:53.3156022Z shell: /usr/bin/bash -e {0}
verify-frozen-manuscript	Prepare unprivileged Linux isolation	2026-09-21T01:59:53.3156283Z env:
verify-frozen-manuscript	Prepare unprivileged Linux isolation	2026-09-21T01:59:53.3156605Z   LEAN_PROJECT: matrix-functions-and-stability/MF-21/lean-frozen-2026-09-12
verify-frozen-manuscript	Prepare unprivileged Linux isolation	2026-09-21T01:59:53.3157007Z   GOTOOLCHAIN: local
verify-frozen-manuscript	Prepare unprivileged Linux isolation	2026-09-21T01:59:53.3157216Z ##[endgroup]
verify-frozen-manuscript	Prepare unprivileged Linux isolation	2026-09-21T01:59:54.0557102Z Get:1 file:/etc/apt/apt-mirrors.txt Mirrorlist [144 B]
verify-frozen-manuscript	Prepare unprivileged Linux isolation	2026-09-21T01:59:54.1906320Z Hit:2 http://azure.archive.ubuntu.com/ubuntu noble InRelease
verify-frozen-manuscript	Prepare unprivileged Linux isolation	2026-09-21T01:59:54.1907415Z Get:6 https://packages.microsoft.com/ubuntu/24.04/prod noble InRelease [3600 B]
verify-frozen-manuscript	Prepare unprivileged Linux isolation	2026-09-21T01:59:54.1932754Z Get:3 http://azure.archive.ubuntu.com/ubuntu noble-updates InRelease [126 kB]
verify-frozen-manuscript	Prepare unprivileged Linux isolation	2026-09-21T01:59:54.2392889Z Get:4 http://azure.archive.ubuntu.com/ubuntu noble-backports InRelease [126 kB]
verify-frozen-manuscript	Prepare unprivileged Linux isolation	2026-09-21T01:59:54.3016531Z Get:5 http://azure.archive.ubuntu.com/ubuntu noble-security InRelease [126 kB]
verify-frozen-manuscript	Prepare unprivileged Linux isolation	2026-09-21T01:59:54.3022861Z Get:7 https://dl.google.com/linux/chrome-stable/deb stable InRelease [2548 B]
verify-frozen-manuscript	Prepare unprivileged Linux isolation	2026-09-21T01:59:54.4168501Z Get:8 https://packages.microsoft.com/ubuntu/24.04/prod noble/main amd64 Packages [478 kB]
verify-frozen-manuscript	Prepare unprivileged Linux isolation	2026-09-21T01:59:54.4337074Z Get:9 https://packages.microsoft.com/ubuntu/24.04/prod noble/main arm64 Packages [429 kB]
verify-frozen-manuscript	Prepare unprivileged Linux isolation	2026-09-21T01:59:54.4633458Z Get:10 http://azure.archive.ubuntu.com/ubuntu noble-updates/main amd64 Packages [1275 kB]
verify-frozen-manuscript	Prepare unprivileged Linux isolation	2026-09-21T01:59:54.4712378Z Get:11 http://azure.archive.ubuntu.com/ubuntu noble-updates/main Translation-en [294 kB]
verify-frozen-manuscript	Prepare unprivileged Linux isolation	2026-09-21T01:59:54.4737289Z Get:12 http://azure.archive.ubuntu.com/ubuntu noble-updates/main amd64 Components [180 kB]
verify-frozen-manuscript	Prepare unprivileged Linux isolation	2026-09-21T01:59:54.4757662Z Get:13 http://azure.archive.ubuntu.com/ubuntu noble-updates/universe amd64 Packages [1689 kB]
verify-frozen-manuscript	Prepare unprivileged Linux isolation	2026-09-21T01:59:54.4844232Z Get:14 http://azure.archive.ubuntu.com/ubuntu noble-updates/universe Translation-en [338 kB]
verify-frozen-manuscript	Prepare unprivileged Linux isolation	2026-09-21T01:59:54.4869771Z Get:15 http://azure.archive.ubuntu.com/ubuntu noble-updates/universe amd64 Components [388 kB]
verify-frozen-manuscript	Prepare unprivileged Linux isolation	2026-09-21T01:59:54.4899086Z Get:16 http://azure.archive.ubuntu.com/ubuntu noble-updates/restricted amd64 Packages [1580 kB]
verify-frozen-manuscript	Prepare unprivileged Linux isolation	2026-09-21T01:59:54.4981487Z Get:17 http://azure.archive.ubuntu.com/ubuntu noble-updates/restricted Translation-en [359 kB]
verify-frozen-manuscript	Prepare unprivileged Linux isolation	2026-09-21T01:59:54.5011859Z Get:18 http://azure.archive.ubuntu.com/ubuntu noble-updates/multiverse amd64 Packages [45.7 kB]
verify-frozen-manuscript	Prepare unprivileged Linux isolation	2026-09-21T01:59:54.5032305Z Get:19 http://azure.archive.ubuntu.com/ubuntu noble-updates/multiverse Translation-en [13.1 kB]
verify-frozen-manuscript	Prepare unprivileged Linux isolation	2026-09-21T01:59:54.5477242Z Get:20 http://azure.archive.ubuntu.com/ubuntu noble-updates/multiverse amd64 Components [940 B]
verify-frozen-manuscript	Prepare unprivileged Linux isolation	2026-09-21T01:59:54.5514240Z Get:21 http://azure.archive.ubuntu.com/ubuntu noble-backports/main amd64 Packages [40.6 kB]
verify-frozen-manuscript	Prepare unprivileged Linux isolation	2026-09-21T01:59:54.5523621Z Get:22 http://azure.archive.ubuntu.com/ubuntu noble-backports/main amd64 Components [5768 B]
verify-frozen-manuscript	Prepare unprivileged Linux isolation	2026-09-21T01:59:54.5546894Z Get:23 http://azure.archive.ubuntu.com/ubuntu noble-backports/universe amd64 Packages [31.0 kB]
verify-frozen-manuscript	Prepare unprivileged Linux isolation	2026-09-21T01:59:54.5562812Z Get:24 http://azure.archive.ubuntu.com/ubuntu noble-backports/universe Translation-en [18.6 kB]
verify-frozen-manuscript	Prepare unprivileged Linux isolation	2026-09-21T01:59:54.5580786Z Get:25 http://azure.archive.ubuntu.com/ubuntu noble-backports/universe amd64 Components [12.6 kB]
verify-frozen-manuscript	Prepare unprivileged Linux isolation	2026-09-21T01:59:54.5727519Z Get:26 http://azure.archive.ubuntu.com/ubuntu noble-security/main amd64 Packages [1009 kB]
verify-frozen-manuscript	Prepare unprivileged Linux isolation	2026-09-21T01:59:54.5763964Z Get:27 http://azure.archive.ubuntu.com/ubuntu noble-security/main Translation-en [214 kB]
verify-frozen-manuscript	Prepare unprivileged Linux isolation	2026-09-21T01:59:54.5798422Z Get:28 http://azure.archive.ubuntu.com/ubuntu noble-security/main amd64 Components [46.4 kB]
verify-frozen-manuscript	Prepare unprivileged Linux isolation	2026-09-21T01:59:54.5826724Z Get:29 http://azure.archive.ubuntu.com/ubuntu noble-security/universe amd64 Packages [1208 kB]
verify-frozen-manuscript	Prepare unprivileged Linux isolation	2026-09-21T01:59:54.5949405Z Get:30 http://azure.archive.ubuntu.com/ubuntu noble-security/universe Translation-en [243 kB]
verify-frozen-manuscript	Prepare unprivileged Linux isolation	2026-09-21T01:59:54.5974879Z Get:31 http://azure.archive.ubuntu.com/ubuntu noble-security/universe amd64 Components [76.2 kB]
verify-frozen-manuscript	Prepare unprivileged Linux isolation	2026-09-21T01:59:54.5993715Z Get:32 http://azure.archive.ubuntu.com/ubuntu noble-security/restricted amd64 Packages [1449 kB]
verify-frozen-manuscript	Prepare unprivileged Linux isolation	2026-09-21T01:59:54.6079745Z Get:33 http://azure.archive.ubuntu.com/ubuntu noble-security/restricted Translation-en [336 kB]
verify-frozen-manuscript	Prepare unprivileged Linux isolation	2026-09-21T01:59:54.6518606Z Get:34 http://azure.archive.ubuntu.com/ubuntu noble-security/multiverse Translation-en [11.3 kB]
verify-frozen-manuscript	Prepare unprivileged Linux isolation	2026-09-21T01:59:54.6658738Z Get:35 https://dl.google.com/linux/chrome-stable/deb stable/main amd64 Packages [1408 B]
verify-frozen-manuscript	Prepare unprivileged Linux isolation	2026-09-21T01:59:58.6995456Z Fetched 12.2 MB in 2s (7538 kB/s)
verify-frozen-manuscript	Prepare unprivileged Linux isolation	2026-09-21T01:59:59.5146417Z Reading package lists...
verify-frozen-manuscript	Prepare unprivileged Linux isolation	2026-09-21T01:59:59.6984333Z Reading package lists...
verify-frozen-manuscript	Prepare unprivileged Linux isolation	2026-09-21T01:59:59.8688916Z Building dependency tree...
verify-frozen-manuscript	Prepare unprivileged Linux isolation	2026-09-21T01:59:59.8696894Z Reading state information...
verify-frozen-manuscript	Prepare unprivileged Linux isolation	2026-09-21T02:00:00.0213118Z dbus-user-session is already the newest version (1.14.10-4ubuntu4.1).
verify-frozen-manuscript	Prepare unprivileged Linux isolation	2026-09-21T02:00:00.0214380Z dbus-user-session set to manually installed.
verify-frozen-manuscript	Prepare unprivileged Linux isolation	2026-09-21T02:00:00.0215278Z The following NEW packages will be installed:
verify-frozen-manuscript	Prepare unprivileged Linux isolation	2026-09-21T02:00:00.0220445Z   bubblewrap
verify-frozen-manuscript	Prepare unprivileged Linux isolation	2026-09-21T02:00:00.0388114Z 0 upgraded, 1 newly installed, 0 to remove and 73 not upgraded.
verify-frozen-manuscript	Prepare unprivileged Linux isolation	2026-09-21T02:00:00.0388773Z Need to get 50.4 kB of archives.
verify-frozen-manuscript	Prepare unprivileged Linux isolation	2026-09-21T02:00:00.0389307Z After this operation, 133 kB of additional disk space will be used.
verify-frozen-manuscript	Prepare unprivileged Linux isolation	2026-09-21T02:00:00.0390262Z Get:1 file:/etc/apt/apt-mirrors.txt Mirrorlist [144 B]
verify-frozen-manuscript	Prepare unprivileged Linux isolation	2026-09-21T02:00:00.0769585Z Get:2 http://azure.archive.ubuntu.com/ubuntu noble-updates/main amd64 bubblewrap amd64 0.9.0-1ubuntu0.3 [50.4 kB]
verify-frozen-manuscript	Prepare unprivileged Linux isolation	2026-09-21T02:00:00.3253020Z Fetched 50.4 kB in 0s (1002 kB/s)
verify-frozen-manuscript	Prepare unprivileged Linux isolation	2026-09-21T02:00:00.3505719Z Selecting previously unselected package bubblewrap.
verify-frozen-manuscript	Prepare unprivileged Linux isolation	2026-09-21T02:00:00.3798845Z (Reading database ... 
verify-frozen-manuscript	Prepare unprivileged Linux isolation	2026-09-21T02:00:00.3799750Z (Reading database ... 5%
verify-frozen-manuscript	Prepare unprivileged Linux isolation	2026-09-21T02:00:00.3816342Z (Reading database ... 10%
verify-frozen-manuscript	Prepare unprivileged Linux isolation	2026-09-21T02:00:00.3816845Z (Reading database ... 15%
verify-frozen-manuscript	Prepare unprivileged Linux isolation	2026-09-21T02:00:00.3817327Z (Reading database ... 20%
verify-frozen-manuscript	Prepare unprivileged Linux isolation	2026-09-21T02:00:00.3817834Z (Reading database ... 25%
verify-frozen-manuscript	Prepare unprivileged Linux isolation	2026-09-21T02:00:00.3818235Z (Reading database ... 30%
verify-frozen-manuscript	Prepare unprivileged Linux isolation	2026-09-21T02:00:00.3818583Z (Reading database ... 35%
verify-frozen-manuscript	Prepare unprivileged Linux isolation	2026-09-21T02:00:00.3818824Z (Reading database ... 40%
verify-frozen-manuscript	Prepare unprivileged Linux isolation	2026-09-21T02:00:00.3819054Z (Reading database ... 45%
verify-frozen-manuscript	Prepare unprivileged Linux isolation	2026-09-21T02:00:00.3819279Z (Reading database ... 50%
verify-frozen-manuscript	Prepare unprivileged Linux isolation	2026-09-21T02:00:00.3860681Z (Reading database ... 55%
verify-frozen-manuscript	Prepare unprivileged Linux isolation	2026-09-21T02:00:00.5514616Z (Reading database ... 60%
verify-frozen-manuscript	Prepare unprivileged Linux isolation	2026-09-21T02:00:00.7462228Z (Reading database ... 65%
verify-frozen-manuscript	Prepare unprivileged Linux isolation	2026-09-21T02:00:00.9035081Z (Reading database ... 70%
verify-frozen-manuscript	Prepare unprivileged Linux isolation	2026-09-21T02:00:01.0941613Z (Reading database ... 75%
verify-frozen-manuscript	Prepare unprivileged Linux isolation	2026-09-21T02:00:01.2621543Z (Reading database ... 80%
verify-frozen-manuscript	Prepare unprivileged Linux isolation	2026-09-21T02:00:01.4501635Z (Reading database ... 85%
verify-frozen-manuscript	Prepare unprivileged Linux isolation	2026-09-21T02:00:01.6599403Z (Reading database ... 90%
verify-frozen-manuscript	Prepare unprivileged Linux isolation	2026-09-21T02:00:01.8490463Z (Reading database ... 95%
verify-frozen-manuscript	Prepare unprivileged Linux isolation	2026-09-21T02:00:01.8491138Z (Reading database ... 100%
verify-frozen-manuscript	Prepare unprivileged Linux isolation	2026-09-21T02:00:01.8492306Z (Reading database ... 201818 files and directories currently installed.)
verify-frozen-manuscript	Prepare unprivileged Linux isolation	2026-09-21T02:00:01.8533769Z Preparing to unpack .../bubblewrap_0.9.0-1ubuntu0.3_amd64.deb ...
verify-frozen-manuscript	Prepare unprivileged Linux isolation	2026-09-21T02:00:01.8562687Z Unpacking bubblewrap (0.9.0-1ubuntu0.3) ...
verify-frozen-manuscript	Prepare unprivileged Linux isolation	2026-09-21T02:00:01.9025756Z Setting up bubblewrap (0.9.0-1ubuntu0.3) ...
verify-frozen-manuscript	Prepare unprivileged Linux isolation	2026-09-21T02:00:01.9079265Z Processing triggers for man-db (2.12.0-4build2) ...
verify-frozen-manuscript	Prepare unprivileged Linux isolation	2026-09-21T02:00:01.9099751Z Not building database; man-db/auto-update is not 'true'.
verify-frozen-manuscript	Prepare unprivileged Linux isolation	2026-09-21T02:00:02.5584618Z 
verify-frozen-manuscript	Prepare unprivileged Linux isolation	2026-09-21T02:00:02.5585461Z Running kernel seems to be up-to-date.
verify-frozen-manuscript	Prepare unprivileged Linux isolation	2026-09-21T02:00:02.5586349Z 
verify-frozen-manuscript	Prepare unprivileged Linux isolation	2026-09-21T02:00:02.5586606Z No services need to be restarted.
verify-frozen-manuscript	Prepare unprivileged Linux isolation	2026-09-21T02:00:02.5587423Z 
verify-frozen-manuscript	Prepare unprivileged Linux isolation	2026-09-21T02:00:02.5587657Z No containers need to be restarted.
verify-frozen-manuscript	Prepare unprivileged Linux isolation	2026-09-21T02:00:02.5588046Z 
verify-frozen-manuscript	Prepare unprivileged Linux isolation	2026-09-21T02:00:02.5588327Z No user sessions are running outdated binaries.
verify-frozen-manuscript	Prepare unprivileged Linux isolation	2026-09-21T02:00:02.5588788Z 
verify-frozen-manuscript	Prepare unprivileged Linux isolation	2026-09-21T02:00:02.5589252Z No VM guests are running outdated hypervisor (qemu) binaries on this host.
verify-frozen-manuscript	Prepare unprivileged Linux isolation	2026-09-21T02:00:03.3924171Z kernel.apparmor_restrict_unprivileged_userns = 0
verify-frozen-manuscript	Verify frozen MF-21 contracts in a fresh sandbox	﻿2026-09-21T02:00:03.4251670Z ##[group]Run ulimit -n 65536
verify-frozen-manuscript	Verify frozen MF-21 contracts in a fresh sandbox	2026-09-21T02:00:03.4251982Z ^[[36;1mulimit -n 65536^[[0m
verify-frozen-manuscript	Verify frozen MF-21 contracts in a fresh sandbox	2026-09-21T02:00:03.4252325Z ^[[36;1mtools/lean/bootstrap.sh "$RUNNER_TEMP/nla-mf21-frozen-tools"^[[0m
verify-frozen-manuscript	Verify frozen MF-21 contracts in a fresh sandbox	2026-09-21T02:00:03.4252828Z ^[[36;1mtools/lean/verify.sh "$LEAN_PROJECT" "$RUNNER_TEMP/nla-mf21-frozen-tools"^[[0m
verify-frozen-manuscript	Verify frozen MF-21 contracts in a fresh sandbox	2026-09-21T02:00:03.4289518Z shell: /usr/bin/bash -e {0}
verify-frozen-manuscript	Verify frozen MF-21 contracts in a fresh sandbox	2026-09-21T02:00:03.4289780Z env:
verify-frozen-manuscript	Verify frozen MF-21 contracts in a fresh sandbox	2026-09-21T02:00:03.4290107Z   LEAN_PROJECT: matrix-functions-and-stability/MF-21/lean-frozen-2026-09-12
verify-frozen-manuscript	Verify frozen MF-21 contracts in a fresh sandbox	2026-09-21T02:00:03.4290517Z   GOTOOLCHAIN: local
verify-frozen-manuscript	Verify frozen MF-21 contracts in a fresh sandbox	2026-09-21T02:00:03.4290755Z   XDG_RUNTIME_DIR: /run/user/1001
verify-frozen-manuscript	Verify frozen MF-21 contracts in a fresh sandbox	2026-09-21T02:00:03.4291063Z   DBUS_SESSION_BUS_ADDRESS: unix:path=/run/user/1001/bus
verify-frozen-manuscript	Verify frozen MF-21 contracts in a fresh sandbox	2026-09-21T02:00:03.4291385Z ##[endgroup]
verify-frozen-manuscript	Verify frozen MF-21 contracts in a fresh sandbox	2026-09-21T02:00:04.2600123Z Running elan toolchain install leanprover/lean4:v4.33.1
verify-frozen-manuscript	Verify frozen MF-21 contracts in a fresh sandbox	2026-09-21T02:00:04.2600797Z Log: /home/runner/work/_temp/nla-mf21-frozen-tools/logs/bootstrap/elan.log
verify-frozen-manuscript	Verify frozen MF-21 contracts in a fresh sandbox	2026-09-21T02:00:04.2620579Z info: toolchain 'leanprover/lean4:v4.33.1' is already installed
verify-frozen-manuscript	Verify frozen MF-21 contracts in a fresh sandbox	2026-09-21T02:00:04.3478756Z Running go build -mod=readonly -buildvcs=false -o /home/runner/work/_temp/nla-mf21-frozen-tools/.tools/bin/landrun ./cmd/landrun
verify-frozen-manuscript	Verify frozen MF-21 contracts in a fresh sandbox	2026-09-21T02:00:04.3480143Z Log: /home/runner/work/_temp/nla-mf21-frozen-tools/logs/bootstrap/landrun-build.log
verify-frozen-manuscript	Verify frozen MF-21 contracts in a fresh sandbox	2026-09-21T02:00:04.3517640Z go: downloading github.com/urfave/cli/v3 v3.6.2
verify-frozen-manuscript	Verify frozen MF-21 contracts in a fresh sandbox	2026-09-21T02:00:04.3677353Z go: downloading github.com/landlock-lsm/go-landlock v0.9.0
verify-frozen-manuscript	Verify frozen MF-21 contracts in a fresh sandbox	2026-09-21T02:00:04.4367858Z go: downloading golang.org/x/sys v0.40.0
verify-frozen-manuscript	Verify frozen MF-21 contracts in a fresh sandbox	2026-09-21T02:00:04.4374652Z go: downloading kernel.org/pub/linux/libs/security/libcap/psx v1.2.77
verify-frozen-manuscript	Verify frozen MF-21 contracts in a fresh sandbox	2026-09-21T02:00:13.2530162Z Running lake build lean4export comparator
verify-frozen-manuscript	Verify frozen MF-21 contracts in a fresh sandbox	2026-09-21T02:00:13.2530913Z Log: /home/runner/work/_temp/nla-mf21-frozen-tools/logs/bootstrap/comparator-build.log
verify-frozen-manuscript	Verify frozen MF-21 contracts in a fresh sandbox	2026-09-21T02:00:13.7998014Z ✔ [3/20] Built Comparator.Util (430ms)
verify-frozen-manuscript	Verify frozen MF-21 contracts in a fresh sandbox	2026-09-21T02:00:13.9982849Z ✔ [4/20] Built Comparator.Util:c.o (248ms)
verify-frozen-manuscript	Verify frozen MF-21 contracts in a fresh sandbox	2026-09-21T02:00:15.3017770Z ✔ [5/20] Built Export.Parse (1.9s)
verify-frozen-manuscript	Verify frozen MF-21 contracts in a fresh sandbox	2026-09-21T02:00:16.0011480Z ✔ [6/20] Built Comparator.Axioms (719ms)
verify-frozen-manuscript	Verify frozen MF-21 contracts in a fresh sandbox	2026-09-21T02:00:16.3027148Z ✔ [7/20] Built Export (2.9s)
verify-frozen-manuscript	Verify frozen MF-21 contracts in a fresh sandbox	2026-09-21T02:00:16.5057339Z ✔ [8/20] Built Comparator.Axioms:c.o (509ms)
verify-frozen-manuscript	Verify frozen MF-21 contracts in a fresh sandbox	2026-09-21T02:00:16.9047143Z ✔ [9/20] Built Comparator.Compare (966ms)
verify-frozen-manuscript	Verify frozen MF-21 contracts in a fresh sandbox	2026-09-21T02:00:17.6087327Z ✔ [10/20] Built Comparator.Compare:c.o (633ms)
verify-frozen-manuscript	Verify frozen MF-21 contracts in a fresh sandbox	2026-09-21T02:00:17.9067246Z ✔ [11/20] Built Main (1.5s)
verify-frozen-manuscript	Verify frozen MF-21 contracts in a fresh sandbox	2026-09-21T02:00:18.0077025Z ✔ [12/20] Built Comparator (476ms)
verify-frozen-manuscript	Verify frozen MF-21 contracts in a fresh sandbox	2026-09-21T02:00:18.2103230Z ✔ [13/20] Built Comparator:c.o (115ms)
verify-frozen-manuscript	Verify frozen MF-21 contracts in a fresh sandbox	2026-09-21T02:00:18.3070137Z ✔ [14/20] Built Main:c.o (351ms)
verify-frozen-manuscript	Verify frozen MF-21 contracts in a fresh sandbox	2026-09-21T02:00:20.4141893Z ✔ [15/20] Built Main (2.3s)
verify-frozen-manuscript	Verify frozen MF-21 contracts in a fresh sandbox	2026-09-21T02:00:20.5140364Z ✔ [16/20] Built Export:c.o (4.2s)
verify-frozen-manuscript	Verify frozen MF-21 contracts in a fresh sandbox	2026-09-21T02:00:20.6144786Z ✔ [17/20] Built Export.Parse:c.o (5.3s)
verify-frozen-manuscript	Verify frozen MF-21 contracts in a fresh sandbox	2026-09-21T02:00:21.5172172Z ✔ [18/20] Built lean4export:exe (1.1s)
verify-frozen-manuscript	Verify frozen MF-21 contracts in a fresh sandbox	2026-09-21T02:00:21.7174939Z ✔ [19/20] Built Main:c.o (1.2s)
verify-frozen-manuscript	Verify frozen MF-21 contracts in a fresh sandbox	2026-09-21T02:00:22.4182315Z ✔ [20/20] Built comparator:exe (695ms)
verify-frozen-manuscript	Verify frozen MF-21 contracts in a fresh sandbox	2026-09-21T02:00:22.4189073Z Build completed successfully (20 jobs).
verify-frozen-manuscript	Verify frozen MF-21 contracts in a fresh sandbox	2026-09-21T02:00:22.7099944Z Tools built; isolation and checker controls run during verify. Receipt: /home/runner/work/_temp/nla-mf21-frozen-tools/bootstrap.json
verify-frozen-manuscript	Verify frozen MF-21 contracts in a fresh sandbox	2026-09-21T02:00:23.1237013Z Running /usr/bin/timeout --kill-after=5s 45s systemd-run -p RuntimeMaxSec=40 --user --quiet --wait --pipe --collect -p 'RestrictAddressFamilies=~AF_UNIX' --working-directory /home/runner/work/_temp/nla-mf21-frozen-tools /usr/bin/env -i PATH=/home/runner/.elan/toolchains/leanprover--lean4---v4.33.1/bin:/home/runner/.elan/bin:/home/runner/go/bin:/opt/hostedtoolcache/go/1.27.1/x64/bin:/snap/bin:/home/runner/.local/bin:/opt/pipx_bin:/home/runner/.cargo/bin:/home/runner/.config/composer/vendor/bin:/usr/local/.ghcup/bin:/home/runner/.dotnet/tools:/usr/local/sbin:/usr/local/bin:/usr/sbin:/usr/bin:/sbin:/bin:/usr/games:/usr/local/games:/snap/bin HOME=/home/runner LANG=C.UTF-8 XDG_RUNTIME_DIR=/run/user/1001 DBUS_SESSION_BUS_ADDRESS=unix:path=/run/user/1001/bus GIT_TERMINAL_PROMPT=0 GIT_CONFIG_NOSYSTEM=1 GIT_CONFIG_GLOBAL=/dev/null COMPARATOR_BIN=/home/runner/work/_temp/nla-mf21-frozen-tools/.tools/comparator/.lake/build/bin/comparator COMPARATOR_LEAN4EXPORT=/home/runner/work/_temp/nla-mf21-frozen-tools/.tools/lean4export/.lake/build/bin/lean4export COMPARATOR_LANDRUN=/home/runner/work/_temp/nla-mf21-frozen-tools/scripts/strict_landrun.py XDG_CACHE_HOME=/home/runner/work/_temp/nla-mf21-frozen-tools/.tools/cache TMPDIR=/home/runner/work/_temp/nla-mf21-frozen-tools/.verification-tmp /usr/bin/true
verify-frozen-manuscript	Verify frozen MF-21 contracts in a fresh sandbox	2026-09-21T02:00:23.1243012Z Log: /home/runner/work/_temp/nla-mf21-frozen-tools/logs/verify-20260921T020023Z-4146/user-service.log
verify-frozen-manuscript	Verify frozen MF-21 contracts in a fresh sandbox	2026-09-21T02:00:23.1522226Z Running python3 /home/runner/work/_temp/nla-mf21-frozen-tools/reproduction/checks/sandbox_probe_ci.py
verify-frozen-manuscript	Verify frozen MF-21 contracts in a fresh sandbox	2026-09-21T02:00:23.1523008Z Log: /home/runner/work/_temp/nla-mf21-frozen-tools/logs/verify-20260921T020023Z-4146/sandbox.log
verify-frozen-manuscript	Verify frozen MF-21 contracts in a fresh sandbox	2026-09-21T02:00:23.1852781Z START sandbox mode: build
verify-frozen-manuscript	Verify frozen MF-21 contracts in a fresh sandbox	2026-09-21T02:00:23.2786322Z START sandbox mode: export
verify-frozen-manuscript	Verify frozen MF-21 contracts in a fresh sandbox	2026-09-21T02:00:23.3626457Z START sandbox negative case: unknown option
verify-frozen-manuscript	Verify frozen MF-21 contracts in a fresh sandbox	2026-09-21T02:00:23.4010902Z START sandbox negative case: unexpected --rw
verify-frozen-manuscript	Verify frozen MF-21 contracts in a fresh sandbox	2026-09-21T02:00:23.4402986Z START sandbox negative case: unexpected --rwx
verify-frozen-manuscript	Verify frozen MF-21 contracts in a fresh sandbox	2026-09-21T02:00:23.4843859Z START sandbox negative case: relative --rwx
verify-frozen-manuscript	Verify frozen MF-21 contracts in a fresh sandbox	2026-09-21T02:00:23.5247914Z MODE build: exit=0
verify-frozen-manuscript	Verify frozen MF-21 contracts in a fresh sandbox	2026-09-21T02:00:23.5249105Z Running as unit: run-u2.service; invocation ID: 030a147298cb475f82ddaee80a4f397c
verify-frozen-manuscript	Verify frozen MF-21 contracts in a fresh sandbox	2026-09-21T02:00:23.5249936Z PASS outside .lake write-open: denied errno=30
verify-frozen-manuscript	Verify frozen MF-21 contracts in a fresh sandbox	2026-09-21T02:00:23.5250533Z PASS outside .lake truncate: denied errno=30
verify-frozen-manuscript	Verify frozen MF-21 contracts in a fresh sandbox	2026-09-21T02:00:23.5251211Z PASS outside .lake read-only truncate-open: denied errno=30
verify-frozen-manuscript	Verify frozen MF-21 contracts in a fresh sandbox	2026-09-21T02:00:23.5253622Z PASS symlink from .lake to outside write: denied errno=30
verify-frozen-manuscript	Verify frozen MF-21 contracts in a fresh sandbox	2026-09-21T02:00:23.5254342Z PASS outside .lake creation: denied errno=30
verify-frozen-manuscript	Verify frozen MF-21 contracts in a fresh sandbox	2026-09-21T02:00:23.5254861Z PASS build .lake write: allowed
verify-frozen-manuscript	Verify frozen MF-21 contracts in a fresh sandbox	2026-09-21T02:00:23.5255297Z PASS user namespace: private
verify-frozen-manuscript	Verify frozen MF-21 contracts in a fresh sandbox	2026-09-21T02:00:23.5255563Z PASS pid namespace: private
verify-frozen-manuscript	Verify frozen MF-21 contracts in a fresh sandbox	2026-09-21T02:00:23.5256180Z PASS mnt namespace: private
verify-frozen-manuscript	Verify frozen MF-21 contracts in a fresh sandbox	2026-09-21T02:00:23.5256577Z PASS net namespace: private
verify-frozen-manuscript	Verify frozen MF-21 contracts in a fresh sandbox	2026-09-21T02:00:23.5256913Z PASS ipc namespace: private
verify-frozen-manuscript	Verify frozen MF-21 contracts in a fresh sandbox	2026-09-21T02:00:23.5257263Z PASS uts namespace: private
verify-frozen-manuscript	Verify frozen MF-21 contracts in a fresh sandbox	2026-09-21T02:00:23.5257554Z PASS host parent: absent from private /proc
verify-frozen-manuscript	Verify frozen MF-21 contracts in a fresh sandbox	2026-09-21T02:00:23.5257923Z PASS host parent signal lookup: denied errno=3
verify-frozen-manuscript	Verify frozen MF-21 contracts in a fresh sandbox	2026-09-21T02:00:23.5258278Z PASS host loopback listener: unreachable errno=13
verify-frozen-manuscript	Verify frozen MF-21 contracts in a fresh sandbox	2026-09-21T02:00:23.5258632Z PASS AF_UNIX socket creation: denied errno=97
verify-frozen-manuscript	Verify frozen MF-21 contracts in a fresh sandbox	2026-09-21T02:00:23.5258944Z PASS effective capabilities: none
verify-frozen-manuscript	Verify frozen MF-21 contracts in a fresh sandbox	2026-09-21T02:00:23.5259209Z PASS no_new_privs: set
verify-frozen-manuscript	Verify frozen MF-21 contracts in a fresh sandbox	2026-09-21T02:00:23.5259431Z Sandbox UID: 1001
verify-frozen-manuscript	Verify frozen MF-21 contracts in a fresh sandbox	2026-09-21T02:00:23.5259697Z PASS nested namespace write attempt: rejected exit=1
verify-frozen-manuscript	Verify frozen MF-21 contracts in a fresh sandbox	2026-09-21T02:00:23.5260054Z bwrap: setting up uid map: Permission denied
verify-frozen-manuscript	Verify frozen MF-21 contracts in a fresh sandbox	2026-09-21T02:00:23.5260359Z Finished with result: success
verify-frozen-manuscript	Verify frozen MF-21 contracts in a fresh sandbox	2026-09-21T02:00:23.5260995Z Main processes terminated with: code=exited/status=0
verify-frozen-manuscript	Verify frozen MF-21 contracts in a fresh sandbox	2026-09-21T02:00:23.5261306Z Service runtime: 70ms
verify-frozen-manuscript	Verify frozen MF-21 contracts in a fresh sandbox	2026-09-21T02:00:23.5261529Z CPU time consumed: 71ms
verify-frozen-manuscript	Verify frozen MF-21 contracts in a fresh sandbox	2026-09-21T02:00:23.5261763Z Memory peak: 256.0K
verify-frozen-manuscript	Verify frozen MF-21 contracts in a fresh sandbox	2026-09-21T02:00:23.5261980Z Memory swap peak: 0B
verify-frozen-manuscript	Verify frozen MF-21 contracts in a fresh sandbox	2026-09-21T02:00:23.5262108Z 
verify-frozen-manuscript	Verify frozen MF-21 contracts in a fresh sandbox	2026-09-21T02:00:23.5262203Z MODE export: exit=0
verify-frozen-manuscript	Verify frozen MF-21 contracts in a fresh sandbox	2026-09-21T02:00:23.5262567Z Running as unit: run-u3.service; invocation ID: 18461296cb2846aea9dd6dbd25285019
verify-frozen-manuscript	Verify frozen MF-21 contracts in a fresh sandbox	2026-09-21T02:00:23.5263019Z PASS outside .lake write-open: denied errno=30
verify-frozen-manuscript	Verify frozen MF-21 contracts in a fresh sandbox	2026-09-21T02:00:23.5263346Z PASS outside .lake truncate: denied errno=30
verify-frozen-manuscript	Verify frozen MF-21 contracts in a fresh sandbox	2026-09-21T02:00:23.5263714Z PASS outside .lake read-only truncate-open: denied errno=30
verify-frozen-manuscript	Verify frozen MF-21 contracts in a fresh sandbox	2026-09-21T02:00:23.5264116Z PASS symlink from .lake to outside write: denied errno=30
verify-frozen-manuscript	Verify frozen MF-21 contracts in a fresh sandbox	2026-09-21T02:00:23.5264466Z PASS outside .lake creation: denied errno=30
verify-frozen-manuscript	Verify frozen MF-21 contracts in a fresh sandbox	2026-09-21T02:00:23.5264781Z PASS export .lake write-open: denied errno=30
verify-frozen-manuscript	Verify frozen MF-21 contracts in a fresh sandbox	2026-09-21T02:00:23.5265102Z PASS export .lake truncate: denied errno=30
verify-frozen-manuscript	Verify frozen MF-21 contracts in a fresh sandbox	2026-09-21T02:00:23.5265413Z PASS user namespace: private
verify-frozen-manuscript	Verify frozen MF-21 contracts in a fresh sandbox	2026-09-21T02:00:23.5265669Z PASS pid namespace: private
verify-frozen-manuscript	Verify frozen MF-21 contracts in a fresh sandbox	2026-09-21T02:00:23.5266333Z PASS mnt namespace: private
verify-frozen-manuscript	Verify frozen MF-21 contracts in a fresh sandbox	2026-09-21T02:00:23.5266840Z PASS net namespace: private
verify-frozen-manuscript	Verify frozen MF-21 contracts in a fresh sandbox	2026-09-21T02:00:23.5267085Z PASS ipc namespace: private
verify-frozen-manuscript	Verify frozen MF-21 contracts in a fresh sandbox	2026-09-21T02:00:23.5267322Z PASS uts namespace: private
verify-frozen-manuscript	Verify frozen MF-21 contracts in a fresh sandbox	2026-09-21T02:00:23.5267587Z PASS host parent: absent from private /proc
verify-frozen-manuscript	Verify frozen MF-21 contracts in a fresh sandbox	2026-09-21T02:00:23.5267918Z PASS host parent signal lookup: denied errno=3
verify-frozen-manuscript	Verify frozen MF-21 contracts in a fresh sandbox	2026-09-21T02:00:23.5268266Z PASS host loopback listener: unreachable errno=13
verify-frozen-manuscript	Verify frozen MF-21 contracts in a fresh sandbox	2026-09-21T02:00:23.5268613Z PASS AF_UNIX socket creation: denied errno=97
verify-frozen-manuscript	Verify frozen MF-21 contracts in a fresh sandbox	2026-09-21T02:00:23.5268917Z PASS effective capabilities: none
verify-frozen-manuscript	Verify frozen MF-21 contracts in a fresh sandbox	2026-09-21T02:00:23.5269175Z PASS no_new_privs: set
verify-frozen-manuscript	Verify frozen MF-21 contracts in a fresh sandbox	2026-09-21T02:00:23.5269395Z Sandbox UID: 1001
verify-frozen-manuscript	Verify frozen MF-21 contracts in a fresh sandbox	2026-09-21T02:00:23.5269656Z PASS nested namespace write attempt: rejected exit=1
verify-frozen-manuscript	Verify frozen MF-21 contracts in a fresh sandbox	2026-09-21T02:00:23.5270002Z bwrap: setting up uid map: Permission denied
verify-frozen-manuscript	Verify frozen MF-21 contracts in a fresh sandbox	2026-09-21T02:00:23.5270298Z Finished with result: success
verify-frozen-manuscript	Verify frozen MF-21 contracts in a fresh sandbox	2026-09-21T02:00:23.5270596Z Main processes terminated with: code=exited/status=0
verify-frozen-manuscript	Verify frozen MF-21 contracts in a fresh sandbox	2026-09-21T02:00:23.5270913Z Service runtime: 71ms
verify-frozen-manuscript	Verify frozen MF-21 contracts in a fresh sandbox	2026-09-21T02:00:23.5271140Z CPU time consumed: 72ms
verify-frozen-manuscript	Verify frozen MF-21 contracts in a fresh sandbox	2026-09-21T02:00:23.5271367Z Memory peak: 256.0K
verify-frozen-manuscript	Verify frozen MF-21 contracts in a fresh sandbox	2026-09-21T02:00:23.5271574Z Memory swap peak: 0B
verify-frozen-manuscript	Verify frozen MF-21 contracts in a fresh sandbox	2026-09-21T02:00:23.5271699Z 
verify-frozen-manuscript	Verify frozen MF-21 contracts in a fresh sandbox	2026-09-21T02:00:23.5271805Z NEGATIVE unknown option: exit=2
verify-frozen-manuscript	Verify frozen MF-21 contracts in a fresh sandbox	2026-09-21T02:00:23.5272191Z Running as unit: run-u4.service; invocation ID: f9f6459f49ec4c3da67a8330bf617e28
verify-frozen-manuscript	Verify frozen MF-21 contracts in a fresh sandbox	2026-09-21T02:00:23.5272801Z strict Comparator sandbox: unsupported Comparator Landrun option: --unrestricted-filesystem
verify-frozen-manuscript	Verify frozen MF-21 contracts in a fresh sandbox	2026-09-21T02:00:23.5273269Z Finished with result: exit-code
verify-frozen-manuscript	Verify frozen MF-21 contracts in a fresh sandbox	2026-09-21T02:00:23.5273567Z Main processes terminated with: code=exited/status=2
verify-frozen-manuscript	Verify frozen MF-21 contracts in a fresh sandbox	2026-09-21T02:00:23.5273873Z Service runtime: 26ms
verify-frozen-manuscript	Verify frozen MF-21 contracts in a fresh sandbox	2026-09-21T02:00:23.5274090Z CPU time consumed: 26ms
verify-frozen-manuscript	Verify frozen MF-21 contracts in a fresh sandbox	2026-09-21T02:00:23.5274307Z Memory peak: 256.0K
verify-frozen-manuscript	Verify frozen MF-21 contracts in a fresh sandbox	2026-09-21T02:00:23.5274512Z Memory swap peak: 0B
verify-frozen-manuscript	Verify frozen MF-21 contracts in a fresh sandbox	2026-09-21T02:00:23.5274639Z 
verify-frozen-manuscript	Verify frozen MF-21 contracts in a fresh sandbox	2026-09-21T02:00:23.5274744Z NEGATIVE unexpected --rw: exit=2
verify-frozen-manuscript	Verify frozen MF-21 contracts in a fresh sandbox	2026-09-21T02:00:23.5275133Z Running as unit: run-u5.service; invocation ID: 0d105778e885411d9641c2d7f1e2c588
verify-frozen-manuscript	Verify frozen MF-21 contracts in a fresh sandbox	2026-09-21T02:00:23.5275662Z strict Comparator sandbox: only private /dev may be passed with --rw
verify-frozen-manuscript	Verify frozen MF-21 contracts in a fresh sandbox	2026-09-21T02:00:23.5276412Z Finished with result: exit-code
verify-frozen-manuscript	Verify frozen MF-21 contracts in a fresh sandbox	2026-09-21T02:00:23.5276718Z Main processes terminated with: code=exited/status=2
verify-frozen-manuscript	Verify frozen MF-21 contracts in a fresh sandbox	2026-09-21T02:00:23.5277022Z Service runtime: 26ms
verify-frozen-manuscript	Verify frozen MF-21 contracts in a fresh sandbox	2026-09-21T02:00:23.5277239Z CPU time consumed: 26ms
verify-frozen-manuscript	Verify frozen MF-21 contracts in a fresh sandbox	2026-09-21T02:00:23.5277460Z Memory peak: 256.0K
verify-frozen-manuscript	Verify frozen MF-21 contracts in a fresh sandbox	2026-09-21T02:00:23.5277668Z Memory swap peak: 0B
verify-frozen-manuscript	Verify frozen MF-21 contracts in a fresh sandbox	2026-09-21T02:00:23.5277796Z 
verify-frozen-manuscript	Verify frozen MF-21 contracts in a fresh sandbox	2026-09-21T02:00:23.5277903Z NEGATIVE unexpected --rwx: exit=2
verify-frozen-manuscript	Verify frozen MF-21 contracts in a fresh sandbox	2026-09-21T02:00:23.5278296Z Running as unit: run-u6.service; invocation ID: 18994cd9e1ed436ebf2bee7952cf1a40
verify-frozen-manuscript	Verify frozen MF-21 contracts in a fresh sandbox	2026-09-21T02:00:23.5278828Z strict Comparator sandbox: only this project's existing .lake may be writable
verify-frozen-manuscript	Verify frozen MF-21 contracts in a fresh sandbox	2026-09-21T02:00:23.5279239Z Finished with result: exit-code
verify-frozen-manuscript	Verify frozen MF-21 contracts in a fresh sandbox	2026-09-21T02:00:23.5279533Z Main processes terminated with: code=exited/status=2
verify-frozen-manuscript	Verify frozen MF-21 contracts in a fresh sandbox	2026-09-21T02:00:23.5279988Z Service runtime: 26ms
verify-frozen-manuscript	Verify frozen MF-21 contracts in a fresh sandbox	2026-09-21T02:00:23.5280208Z CPU time consumed: 26ms
verify-frozen-manuscript	Verify frozen MF-21 contracts in a fresh sandbox	2026-09-21T02:00:23.5280423Z Memory peak: 512.0K
verify-frozen-manuscript	Verify frozen MF-21 contracts in a fresh sandbox	2026-09-21T02:00:23.5280637Z Memory swap peak: 0B
verify-frozen-manuscript	Verify frozen MF-21 contracts in a fresh sandbox	2026-09-21T02:00:23.5280764Z 
verify-frozen-manuscript	Verify frozen MF-21 contracts in a fresh sandbox	2026-09-21T02:00:23.5280862Z NEGATIVE relative --rwx: exit=2
verify-frozen-manuscript	Verify frozen MF-21 contracts in a fresh sandbox	2026-09-21T02:00:23.5281239Z Running as unit: run-u7.service; invocation ID: d43f4508f1d846549b82114ce1b6cf0d
verify-frozen-manuscript	Verify frozen MF-21 contracts in a fresh sandbox	2026-09-21T02:00:23.5281757Z strict Comparator sandbox: only this project's existing .lake may be writable
verify-frozen-manuscript	Verify frozen MF-21 contracts in a fresh sandbox	2026-09-21T02:00:23.5282163Z Finished with result: exit-code
verify-frozen-manuscript	Verify frozen MF-21 contracts in a fresh sandbox	2026-09-21T02:00:23.5282453Z Main processes terminated with: code=exited/status=2
verify-frozen-manuscript	Verify frozen MF-21 contracts in a fresh sandbox	2026-09-21T02:00:23.5282755Z Service runtime: 26ms
verify-frozen-manuscript	Verify frozen MF-21 contracts in a fresh sandbox	2026-09-21T02:00:23.5282971Z CPU time consumed: 25ms
verify-frozen-manuscript	Verify frozen MF-21 contracts in a fresh sandbox	2026-09-21T02:00:23.5283189Z Memory peak: 256.0K
verify-frozen-manuscript	Verify frozen MF-21 contracts in a fresh sandbox	2026-09-21T02:00:23.5283393Z Memory swap peak: 0B
verify-frozen-manuscript	Verify frozen MF-21 contracts in a fresh sandbox	2026-09-21T02:00:23.5283522Z 
verify-frozen-manuscript	Verify frozen MF-21 contracts in a fresh sandbox	2026-09-21T02:00:23.5283767Z Outer and export fixture contents unchanged; only designated build fixture written.
verify-frozen-manuscript	Verify frozen MF-21 contracts in a fresh sandbox	2026-09-21T02:00:23.5316119Z Running bash /home/runner/work/_temp/nla-mf21-frozen-tools/reproduction/checks/run_replay.sh
verify-frozen-manuscript	Verify frozen MF-21 contracts in a fresh sandbox	2026-09-21T02:00:23.5317125Z Log: /home/runner/work/_temp/nla-mf21-frozen-tools/logs/verify-20260921T020023Z-4146/kernel-controls.log
verify-frozen-manuscript	Verify frozen MF-21 contracts in a fresh sandbox	2026-09-21T02:00:23.5909216Z Replay probe: RestrictAddressFamilies=~AF_UNIX (deny AF_UNIX sockets).
verify-frozen-manuscript	Verify frozen MF-21 contracts in a fresh sandbox	2026-09-21T02:00:23.6439670Z Lean (version 4.33.1, x86_64-unknown-linux-gnu, Release)
verify-frozen-manuscript	Verify frozen MF-21 contracts in a fresh sandbox	2026-09-21T02:00:23.6791377Z /home/runner/.elan/toolchains/leanprover--lean4---v4.33.1/lib/lean/Init.olean
verify-frozen-manuscript	Verify frozen MF-21 contracts in a fresh sandbox	2026-09-21T02:00:23.6792134Z /home/runner/.elan/toolchains/leanprover--lean4---v4.33.1/lib/lean/Init.olean
verify-frozen-manuscript	Verify frozen MF-21 contracts in a fresh sandbox	2026-09-21T02:00:23.6792788Z /home/runner/work/_temp/nla-mf21-frozen-tools/.tools/comparator/.lake/build/lib/lean/Main.olean
verify-frozen-manuscript	Verify frozen MF-21 contracts in a fresh sandbox	2026-09-21T02:00:24.9191080Z Trusted base fixture: 11 constants
verify-frozen-manuscript	Verify frozen MF-21 contracts in a fresh sandbox	2026-09-21T02:00:24.9191499Z BEGIN honest_with_inductives_and_quotients
verify-frozen-manuscript	Verify frozen MF-21 contracts in a fresh sandbox	2026-09-21T02:00:24.9191832Z Running Lean default kernel on solution.
verify-frozen-manuscript	Verify frozen MF-21 contracts in a fresh sandbox	2026-09-21T02:00:24.9192161Z Lean default kernel accepts the solution
verify-frozen-manuscript	Verify frozen MF-21 contracts in a fresh sandbox	2026-09-21T02:00:24.9192545Z RETURN honest_with_inductives_and_quotients: accepted
verify-frozen-manuscript	Verify frozen MF-21 contracts in a fresh sandbox	2026-09-21T02:00:24.9192873Z BEGIN invalid_raw_proof
verify-frozen-manuscript	Verify frozen MF-21 contracts in a fresh sandbox	2026-09-21T02:00:24.9193146Z Running Lean default kernel on solution.
verify-frozen-manuscript	Verify frozen MF-21 contracts in a fresh sandbox	2026-09-21T02:00:24.9193443Z Lean default kernel rejects the solution
verify-frozen-manuscript	Verify frozen MF-21 contracts in a fresh sandbox	2026-09-21T02:00:24.9193920Z RETURN invalid_raw_proof: rejected: while replaying declaration 'PinnedReplayProbe.invalid':
verify-frozen-manuscript	Verify frozen MF-21 contracts in a fresh sandbox	2026-09-21T02:00:24.9194534Z (kernel) declaration type mismatch, 'PinnedReplayProbe.invalid' has type
verify-frozen-manuscript	Verify frozen MF-21 contracts in a fresh sandbox	2026-09-21T02:00:24.9194925Z   True
verify-frozen-manuscript	Verify frozen MF-21 contracts in a fresh sandbox	2026-09-21T02:00:24.9195132Z but it is expected to have type
verify-frozen-manuscript	Verify frozen MF-21 contracts in a fresh sandbox	2026-09-21T02:00:24.9195401Z   False
verify-frozen-manuscript	Verify frozen MF-21 contracts in a fresh sandbox	2026-09-21T02:00:24.9195612Z BEGIN quotient_postcheck_mismatch
verify-frozen-manuscript	Verify frozen MF-21 contracts in a fresh sandbox	2026-09-21T02:00:24.9196251Z Running Lean default kernel on solution.
verify-frozen-manuscript	Verify frozen MF-21 contracts in a fresh sandbox	2026-09-21T02:00:24.9196584Z Lean default kernel accepts the solution
verify-frozen-manuscript	Verify frozen MF-21 contracts in a fresh sandbox	2026-09-21T02:00:24.9196894Z Quotient post-check rejects the solution
verify-frozen-manuscript	Verify frozen MF-21 contracts in a fresh sandbox	2026-09-21T02:00:24.9197353Z RETURN quotient_postcheck_mismatch: rejected: Quotient constant mismatch on: Quot.lift
verify-frozen-manuscript	Verify frozen MF-21 contracts in a fresh sandbox	2026-09-21T02:00:24.9197967Z PASS: all three actual Comparator.runBuiltinKernel cases behaved as required
verify-frozen-manuscript	Verify frozen MF-21 contracts in a fresh sandbox	2026-09-21T02:00:25.0160398Z Running python3 /home/runner/work/_temp/nla-mf21-frozen-tools/reproduction/checks/comparator_regressions.py
verify-frozen-manuscript	Verify frozen MF-21 contracts in a fresh sandbox	2026-09-21T02:00:25.0161496Z Log: /home/runner/work/_temp/nla-mf21-frozen-tools/logs/verify-20260921T020023Z-4146/comparator-controls.log
verify-frozen-manuscript	Verify frozen MF-21 contracts in a fresh sandbox	2026-09-21T02:00:25.0469628Z Comparator regressions: RestrictAddressFamilies=~AF_UNIX; .tools/env.sh selects the real strict sandbox.
verify-frozen-manuscript	Verify frozen MF-21 contracts in a fresh sandbox	2026-09-21T02:00:25.0479317Z 
verify-frozen-manuscript	Verify frozen MF-21 contracts in a fresh sandbox	2026-09-21T02:00:25.0479523Z CASE simple_match
verify-frozen-manuscript	Verify frozen MF-21 contracts in a fresh sandbox	2026-09-21T02:00:27.1679746Z info: ComparatorRegression: no previous manifest, creating one from scratch
verify-frozen-manuscript	Verify frozen MF-21 contracts in a fresh sandbox	2026-09-21T02:00:27.1680637Z info: toolchain not updated; already up-to-date
verify-frozen-manuscript	Verify frozen MF-21 contracts in a fresh sandbox	2026-09-21T02:00:27.1681214Z Building Challenge
verify-frozen-manuscript	Verify frozen MF-21 contracts in a fresh sandbox	2026-09-21T02:00:27.1681929Z ⚠ [2/3] Built Challenge (226ms)
verify-frozen-manuscript	Verify frozen MF-21 contracts in a fresh sandbox	2026-09-21T02:00:27.1682477Z warning: Challenge.lean:1:8: declaration uses `sorry`
verify-frozen-manuscript	Verify frozen MF-21 contracts in a fresh sandbox	2026-09-21T02:00:27.1683068Z Build completed successfully (3 jobs).
verify-frozen-manuscript	Verify frozen MF-21 contracts in a fresh sandbox	2026-09-21T02:00:27.1685694Z Exporting #[Quot, Quot.mk, Quot.lift, Quot.ind, comm, propext, Quot.sound, Classical.choice, Nat.add, Nat.sub, Nat.mul, Nat.pow, Nat.gcd, Nat.div, Nat.mod, Nat.beq, Nat.ble, Nat.land, Nat.lor, Nat.xor, Nat.shiftLeft, Nat.shiftRight, String.ofList, Char.ofNat, List, eagerReduce, Nat, String, String.mk, Char, optParam, autoParam, semiOutParam, outParam] from Challenge
verify-frozen-manuscript	Verify frozen MF-21 contracts in a fresh sandbox	2026-09-21T02:00:27.1688422Z Building Solution
verify-frozen-manuscript	Verify frozen MF-21 contracts in a fresh sandbox	2026-09-21T02:00:27.1688790Z ✔ [2/3] Built Solution (237ms)
verify-frozen-manuscript	Verify frozen MF-21 contracts in a fresh sandbox	2026-09-21T02:00:27.1689082Z Build completed successfully (3 jobs).
verify-frozen-manuscript	Verify frozen MF-21 contracts in a fresh sandbox	2026-09-21T02:00:27.1690800Z Exporting #[Quot, Quot.mk, Quot.lift, Quot.ind, comm, propext, Quot.sound, Classical.choice, Nat.add, Nat.sub, Nat.mul, Nat.pow, Nat.gcd, Nat.div, Nat.mod, Nat.beq, Nat.ble, Nat.land, Nat.lor, Nat.xor, Nat.shiftLeft, Nat.shiftRight, String.ofList, Char.ofNat, List, eagerReduce, Nat, String, String.mk, Char, optParam, autoParam, semiOutParam, outParam] from Solution
verify-frozen-manuscript	Verify frozen MF-21 contracts in a fresh sandbox	2026-09-21T02:00:27.1692634Z Running Lean default kernel on solution.
verify-frozen-manuscript	Verify frozen MF-21 contracts in a fresh sandbox	2026-09-21T02:00:27.1693161Z Lean default kernel accepts the solution
verify-frozen-manuscript	Verify frozen MF-21 contracts in a fresh sandbox	2026-09-21T02:00:27.1693549Z Your solution is okay!
verify-frozen-manuscript	Verify frozen MF-21 contracts in a fresh sandbox	2026-09-21T02:00:27.1694364Z PASS simple_match: exit 0, expected 0; required phase: Your solution is okay!
verify-frozen-manuscript	Verify frozen MF-21 contracts in a fresh sandbox	2026-09-21T02:00:27.1694912Z 
verify-frozen-manuscript	Verify frozen MF-21 contracts in a fresh sandbox	2026-09-21T02:00:27.1695077Z CASE simple_mismatch
verify-frozen-manuscript	Verify frozen MF-21 contracts in a fresh sandbox	2026-09-21T02:00:29.0477344Z info: ComparatorRegression: no previous manifest, creating one from scratch
verify-frozen-manuscript	Verify frozen MF-21 contracts in a fresh sandbox	2026-09-21T02:00:29.0478240Z info: toolchain not updated; already up-to-date
verify-frozen-manuscript	Verify frozen MF-21 contracts in a fresh sandbox	2026-09-21T02:00:29.0478794Z Building Challenge
verify-frozen-manuscript	Verify frozen MF-21 contracts in a fresh sandbox	2026-09-21T02:00:29.0479493Z ⚠ [2/3] Built Challenge (225ms)
verify-frozen-manuscript	Verify frozen MF-21 contracts in a fresh sandbox	2026-09-21T02:00:29.0480081Z warning: Challenge.lean:1:8: declaration uses `sorry`
verify-frozen-manuscript	Verify frozen MF-21 contracts in a fresh sandbox	2026-09-21T02:00:29.0480721Z Build completed successfully (3 jobs).
verify-frozen-manuscript	Verify frozen MF-21 contracts in a fresh sandbox	2026-09-21T02:00:29.0483283Z Exporting #[Quot, Quot.mk, Quot.lift, Quot.ind, comm, propext, Quot.sound, Classical.choice, Nat.add, Nat.sub, Nat.mul, Nat.pow, Nat.gcd, Nat.div, Nat.mod, Nat.beq, Nat.ble, Nat.land, Nat.lor, Nat.xor, Nat.shiftLeft, Nat.shiftRight, String.ofList, Char.ofNat, List, eagerReduce, Nat, String, String.mk, Char, optParam, autoParam, semiOutParam, outParam] from Challenge
verify-frozen-manuscript	Verify frozen MF-21 contracts in a fresh sandbox	2026-09-21T02:00:29.0486321Z Building Solution
verify-frozen-manuscript	Verify frozen MF-21 contracts in a fresh sandbox	2026-09-21T02:00:29.0486967Z ✔ [2/3] Built Solution (215ms)
verify-frozen-manuscript	Verify frozen MF-21 contracts in a fresh sandbox	2026-09-21T02:00:29.0487468Z Build completed successfully (3 jobs).
verify-frozen-manuscript	Verify frozen MF-21 contracts in a fresh sandbox	2026-09-21T02:00:29.0489843Z Exporting #[Quot, Quot.mk, Quot.lift, Quot.ind, comm, propext, Quot.sound, Classical.choice, Nat.add, Nat.sub, Nat.mul, Nat.pow, Nat.gcd, Nat.div, Nat.mod, Nat.beq, Nat.ble, Nat.land, Nat.lor, Nat.xor, Nat.shiftLeft, Nat.shiftRight, String.ofList, Char.ofNat, List, eagerReduce, Nat, String, String.mk, Char, optParam, autoParam, semiOutParam, outParam] from Solution
verify-frozen-manuscript	Verify frozen MF-21 contracts in a fresh sandbox	2026-09-21T02:00:29.0492383Z uncaught exception: Challenge and solution constant kind don't match: 'comm'
verify-frozen-manuscript	Verify frozen MF-21 contracts in a fresh sandbox	2026-09-21T02:00:29.0493537Z PASS simple_mismatch: exit 1, expected 1; required phase: Challenge and solution constant kind don't match: 'comm'
verify-frozen-manuscript	Verify frozen MF-21 contracts in a fresh sandbox	2026-09-21T02:00:29.0494322Z 
verify-frozen-manuscript	Verify frozen MF-21 contracts in a fresh sandbox	2026-09-21T02:00:29.0494507Z CASE simple_axiom_issue
verify-frozen-manuscript	Verify frozen MF-21 contracts in a fresh sandbox	2026-09-21T02:00:30.9459811Z info: ComparatorRegression: no previous manifest, creating one from scratch
verify-frozen-manuscript	Verify frozen MF-21 contracts in a fresh sandbox	2026-09-21T02:00:30.9460814Z info: toolchain not updated; already up-to-date
verify-frozen-manuscript	Verify frozen MF-21 contracts in a fresh sandbox	2026-09-21T02:00:30.9461611Z Building Challenge
verify-frozen-manuscript	Verify frozen MF-21 contracts in a fresh sandbox	2026-09-21T02:00:30.9462273Z ⚠ [2/3] Built Challenge (223ms)
verify-frozen-manuscript	Verify frozen MF-21 contracts in a fresh sandbox	2026-09-21T02:00:30.9462684Z warning: Challenge.lean:1:8: declaration uses `sorry`
verify-frozen-manuscript	Verify frozen MF-21 contracts in a fresh sandbox	2026-09-21T02:00:30.9463030Z Build completed successfully (3 jobs).
verify-frozen-manuscript	Verify frozen MF-21 contracts in a fresh sandbox	2026-09-21T02:00:30.9464400Z Exporting #[Quot, Quot.mk, Quot.lift, Quot.ind, comm, propext, Quot.sound, Classical.choice, Nat.add, Nat.sub, Nat.mul, Nat.pow, Nat.gcd, Nat.div, Nat.mod, Nat.beq, Nat.ble, Nat.land, Nat.lor, Nat.xor, Nat.shiftLeft, Nat.shiftRight, String.ofList, Char.ofNat, List, eagerReduce, Nat, String, String.mk, Char, optParam, autoParam, semiOutParam, outParam] from Challenge
verify-frozen-manuscript	Verify frozen MF-21 contracts in a fresh sandbox	2026-09-21T02:00:30.9465695Z Building Solution
verify-frozen-manuscript	Verify frozen MF-21 contracts in a fresh sandbox	2026-09-21T02:00:30.9466238Z ✔ [2/3] Built Solution (222ms)
verify-frozen-manuscript	Verify frozen MF-21 contracts in a fresh sandbox	2026-09-21T02:00:30.9466519Z Build completed successfully (3 jobs).
verify-frozen-manuscript	Verify frozen MF-21 contracts in a fresh sandbox	2026-09-21T02:00:30.9468523Z Exporting #[Quot, Quot.mk, Quot.lift, Quot.ind, comm, propext, Quot.sound, Classical.choice, Nat.add, Nat.sub, Nat.mul, Nat.pow, Nat.gcd, Nat.div, Nat.mod, Nat.beq, Nat.ble, Nat.land, Nat.lor, Nat.xor, Nat.shiftLeft, Nat.shiftRight, String.ofList, Char.ofNat, List, eagerReduce, Nat, String, String.mk, Char, optParam, autoParam, semiOutParam, outParam] from Solution
verify-frozen-manuscript	Verify frozen MF-21 contracts in a fresh sandbox	2026-09-21T02:00:30.9470536Z uncaught exception: Illegal axiom detected: 'helper'
verify-frozen-manuscript	Verify frozen MF-21 contracts in a fresh sandbox	2026-09-21T02:00:30.9471043Z PASS simple_axiom_issue: exit 1, expected 1; required phase: Illegal axiom detected: 'helper'
verify-frozen-manuscript	Verify frozen MF-21 contracts in a fresh sandbox	2026-09-21T02:00:30.9471409Z 
verify-frozen-manuscript	Verify frozen MF-21 contracts in a fresh sandbox	2026-09-21T02:00:30.9471514Z CASE simple_kind_mismatch
verify-frozen-manuscript	Verify frozen MF-21 contracts in a fresh sandbox	2026-09-21T02:00:32.8017256Z info: ComparatorRegression: no previous manifest, creating one from scratch
verify-frozen-manuscript	Verify frozen MF-21 contracts in a fresh sandbox	2026-09-21T02:00:32.8018199Z info: toolchain not updated; already up-to-date
verify-frozen-manuscript	Verify frozen MF-21 contracts in a fresh sandbox	2026-09-21T02:00:32.8018752Z Building Challenge
verify-frozen-manuscript	Verify frozen MF-21 contracts in a fresh sandbox	2026-09-21T02:00:32.8019304Z ⚠ [2/3] Built Challenge (227ms)
verify-frozen-manuscript	Verify frozen MF-21 contracts in a fresh sandbox	2026-09-21T02:00:32.8019651Z warning: Challenge.lean:1:8: declaration uses `sorry`
verify-frozen-manuscript	Verify frozen MF-21 contracts in a fresh sandbox	2026-09-21T02:00:32.8020031Z Build completed successfully (3 jobs).
verify-frozen-manuscript	Verify frozen MF-21 contracts in a fresh sandbox	2026-09-21T02:00:32.8022065Z Exporting #[Quot, Quot.mk, Quot.lift, Quot.ind, comm, propext, Quot.sound, Classical.choice, Nat.add, Nat.sub, Nat.mul, Nat.pow, Nat.gcd, Nat.div, Nat.mod, Nat.beq, Nat.ble, Nat.land, Nat.lor, Nat.xor, Nat.shiftLeft, Nat.shiftRight, String.ofList, Char.ofNat, List, eagerReduce, Nat, String, String.mk, Char, optParam, autoParam, semiOutParam, outParam] from Challenge
verify-frozen-manuscript	Verify frozen MF-21 contracts in a fresh sandbox	2026-09-21T02:00:32.8023410Z Building Solution
verify-frozen-manuscript	Verify frozen MF-21 contracts in a fresh sandbox	2026-09-21T02:00:32.8023710Z ✔ [2/3] Built Solution (222ms)
verify-frozen-manuscript	Verify frozen MF-21 contracts in a fresh sandbox	2026-09-21T02:00:32.8023986Z Build completed successfully (3 jobs).
verify-frozen-manuscript	Verify frozen MF-21 contracts in a fresh sandbox	2026-09-21T02:00:32.8025351Z Exporting #[Quot, Quot.mk, Quot.lift, Quot.ind, comm, propext, Quot.sound, Classical.choice, Nat.add, Nat.sub, Nat.mul, Nat.pow, Nat.gcd, Nat.div, Nat.mod, Nat.beq, Nat.ble, Nat.land, Nat.lor, Nat.xor, Nat.shiftLeft, Nat.shiftRight, String.ofList, Char.ofNat, List, eagerReduce, Nat, String, String.mk, Char, optParam, autoParam, semiOutParam, outParam] from Solution
verify-frozen-manuscript	Verify frozen MF-21 contracts in a fresh sandbox	2026-09-21T02:00:32.8027669Z uncaught exception: Illegal axiom detected: 'helper'
verify-frozen-manuscript	Verify frozen MF-21 contracts in a fresh sandbox	2026-09-21T02:00:32.8028574Z PASS simple_kind_mismatch: exit 1, expected 1; required phase: Illegal axiom detected: 'helper'
verify-frozen-manuscript	Verify frozen MF-21 contracts in a fresh sandbox	2026-09-21T02:00:32.8029201Z 
verify-frozen-manuscript	Verify frozen MF-21 contracts in a fresh sandbox	2026-09-21T02:00:32.8029357Z CASE type_mismatch
verify-frozen-manuscript	Verify frozen MF-21 contracts in a fresh sandbox	2026-09-21T02:00:34.6923253Z info: ComparatorRegression: no previous manifest, creating one from scratch
verify-frozen-manuscript	Verify frozen MF-21 contracts in a fresh sandbox	2026-09-21T02:00:34.6923872Z info: toolchain not updated; already up-to-date
verify-frozen-manuscript	Verify frozen MF-21 contracts in a fresh sandbox	2026-09-21T02:00:34.6924198Z Building Challenge
verify-frozen-manuscript	Verify frozen MF-21 contracts in a fresh sandbox	2026-09-21T02:00:34.6924646Z ✔ [2/3] Built Challenge (227ms)
verify-frozen-manuscript	Verify frozen MF-21 contracts in a fresh sandbox	2026-09-21T02:00:34.6924927Z Build completed successfully (3 jobs).
verify-frozen-manuscript	Verify frozen MF-21 contracts in a fresh sandbox	2026-09-21T02:00:34.6926737Z Exporting #[Quot, Quot.mk, Quot.lift, Quot.ind, checked, propext, Quot.sound, Classical.choice, Nat.add, Nat.sub, Nat.mul, Nat.pow, Nat.gcd, Nat.div, Nat.mod, Nat.beq, Nat.ble, Nat.land, Nat.lor, Nat.xor, Nat.shiftLeft, Nat.shiftRight, String.ofList, Char.ofNat, List, eagerReduce, Nat, String, String.mk, Char, optParam, autoParam, semiOutParam, outParam] from Challenge
verify-frozen-manuscript	Verify frozen MF-21 contracts in a fresh sandbox	2026-09-21T02:00:34.6928129Z Building Solution
verify-frozen-manuscript	Verify frozen MF-21 contracts in a fresh sandbox	2026-09-21T02:00:34.6928428Z ✔ [2/3] Built Solution (228ms)
verify-frozen-manuscript	Verify frozen MF-21 contracts in a fresh sandbox	2026-09-21T02:00:34.6928702Z Build completed successfully (3 jobs).
verify-frozen-manuscript	Verify frozen MF-21 contracts in a fresh sandbox	2026-09-21T02:00:34.6930089Z Exporting #[Quot, Quot.mk, Quot.lift, Quot.ind, checked, propext, Quot.sound, Classical.choice, Nat.add, Nat.sub, Nat.mul, Nat.pow, Nat.gcd, Nat.div, Nat.mod, Nat.beq, Nat.ble, Nat.land, Nat.lor, Nat.xor, Nat.shiftLeft, Nat.shiftRight, String.ofList, Char.ofNat, List, eagerReduce, Nat, String, String.mk, Char, optParam, autoParam, semiOutParam, outParam] from Solution
verify-frozen-manuscript	Verify frozen MF-21 contracts in a fresh sandbox	2026-09-21T02:00:34.6931538Z uncaught exception: Challenge and solution theorem statement do not match: 'checked'
verify-frozen-manuscript	Verify frozen MF-21 contracts in a fresh sandbox	2026-09-21T02:00:34.6932246Z PASS type_mismatch: exit 1, expected 1; required phase: Challenge and solution theorem statement do not match: 'checked'
verify-frozen-manuscript	Verify frozen MF-21 contracts in a fresh sandbox	2026-09-21T02:00:34.6959275Z PASS: all five Comparator regressions
verify-frozen-manuscript	Verify frozen MF-21 contracts in a fresh sandbox	2026-09-21T02:00:34.7036863Z Running systemd-run --user --quiet --wait --pipe --collect -p 'RestrictAddressFamilies=~AF_UNIX' --working-directory /home/runner/work/_temp/nla-mf21-frozen-tools/.verification-tmp/nla-axiom-bgzfoxea /usr/bin/env -i PATH=/home/runner/.elan/toolchains/leanprover--lean4---v4.33.1/bin:/home/runner/.elan/bin:/home/runner/go/bin:/opt/hostedtoolcache/go/1.27.1/x64/bin:/snap/bin:/home/runner/.local/bin:/opt/pipx_bin:/home/runner/.cargo/bin:/home/runner/.config/composer/vendor/bin:/usr/local/.ghcup/bin:/home/runner/.dotnet/tools:/usr/local/sbin:/usr/local/bin:/usr/sbin:/usr/bin:/sbin:/bin:/usr/games:/usr/local/games:/snap/bin HOME=/home/runner LANG=C.UTF-8 XDG_RUNTIME_DIR=/run/user/1001 DBUS_SESSION_BUS_ADDRESS=unix:path=/run/user/1001/bus GIT_TERMINAL_PROMPT=0 GIT_CONFIG_NOSYSTEM=1 GIT_CONFIG_GLOBAL=/dev/null COMPARATOR_BIN=/home/runner/work/_temp/nla-mf21-frozen-tools/.tools/comparator/.lake/build/bin/comparator COMPARATOR_LEAN4EXPORT=/home/runner/work/_temp/nla-mf21-frozen-tools/.tools/lean4export/.lake/build/bin/lean4export COMPARATOR_LANDRUN=/home/runner/work/_temp/nla-mf21-frozen-tools/scripts/strict_landrun.py XDG_CACHE_HOME=/home/runner/work/_temp/nla-mf21-frozen-tools/.tools/cache TMPDIR=/home/runner/work/_temp/nla-mf21-frozen-tools/.verification-tmp lake env /home/runner/work/_temp/nla-mf21-frozen-tools/.tools/comparator/.lake/build/bin/comparator comparator.json
verify-frozen-manuscript	Verify frozen MF-21 contracts in a fresh sandbox	2026-09-21T02:00:34.7042637Z Log: /home/runner/work/_temp/nla-mf21-frozen-tools/logs/verify-20260921T020023Z-4146/negative-sorry.log
verify-frozen-manuscript	Verify frozen MF-21 contracts in a fresh sandbox	2026-09-21T02:00:34.7549458Z info: NlaAxiomFixture: no previous manifest, creating one from scratch
verify-frozen-manuscript	Verify frozen MF-21 contracts in a fresh sandbox	2026-09-21T02:00:34.7550285Z info: toolchain not updated; already up-to-date
verify-frozen-manuscript	Verify frozen MF-21 contracts in a fresh sandbox	2026-09-21T02:00:34.8354426Z Building Challenge
verify-frozen-manuscript	Verify frozen MF-21 contracts in a fresh sandbox	2026-09-21T02:00:35.8324332Z ✔ [2/3] Built Challenge (814ms)
verify-frozen-manuscript	Verify frozen MF-21 contracts in a fresh sandbox	2026-09-21T02:00:35.8329218Z Build completed successfully (3 jobs).
verify-frozen-manuscript	Verify frozen MF-21 contracts in a fresh sandbox	2026-09-21T02:00:36.7682356Z Exporting #[Quot, Quot.mk, Quot.lift, Quot.ind, checked, Classical.choice, Quot.sound, propext, Nat.add, Nat.sub, Nat.mul, Nat.pow, Nat.gcd, Nat.div, Nat.mod, Nat.beq, Nat.ble, Nat.land, Nat.lor, Nat.xor, Nat.shiftLeft, Nat.shiftRight, String.ofList, Char.ofNat, List, eagerReduce, Nat, String, String.mk, Char, optParam, autoParam, semiOutParam, outParam] from Challenge
verify-frozen-manuscript	Verify frozen MF-21 contracts in a fresh sandbox	2026-09-21T02:00:36.7684109Z Building Solution
verify-frozen-manuscript	Verify frozen MF-21 contracts in a fresh sandbox	2026-09-21T02:00:37.7643026Z ⚠ [2/3] Built Solution (810ms)
verify-frozen-manuscript	Verify frozen MF-21 contracts in a fresh sandbox	2026-09-21T02:00:37.7643914Z warning: Solution.lean:2:8: declaration uses `sorry`
verify-frozen-manuscript	Verify frozen MF-21 contracts in a fresh sandbox	2026-09-21T02:00:37.7648769Z Build completed successfully (3 jobs).
verify-frozen-manuscript	Verify frozen MF-21 contracts in a fresh sandbox	2026-09-21T02:00:38.7428861Z Exporting #[Quot, Quot.mk, Quot.lift, Quot.ind, checked, Classical.choice, Quot.sound, propext, Nat.add, Nat.sub, Nat.mul, Nat.pow, Nat.gcd, Nat.div, Nat.mod, Nat.beq, Nat.ble, Nat.land, Nat.lor, Nat.xor, Nat.shiftLeft, Nat.shiftRight, String.ofList, Char.ofNat, List, eagerReduce, Nat, String, String.mk, Char, optParam, autoParam, semiOutParam, outParam] from Solution
verify-frozen-manuscript	Verify frozen MF-21 contracts in a fresh sandbox	2026-09-21T02:00:38.7432128Z uncaught exception: Illegal axiom detected: 'sorryAx'
verify-frozen-manuscript	Verify frozen MF-21 contracts in a fresh sandbox	2026-09-21T02:00:38.7538393Z Running systemd-run --user --quiet --wait --pipe --collect -p 'RestrictAddressFamilies=~AF_UNIX' --working-directory /home/runner/work/_temp/nla-mf21-frozen-tools/.verification-tmp/nla-axiom-dya_m65b /usr/bin/env -i PATH=/home/runner/.elan/toolchains/leanprover--lean4---v4.33.1/bin:/home/runner/.elan/bin:/home/runner/go/bin:/opt/hostedtoolcache/go/1.27.1/x64/bin:/snap/bin:/home/runner/.local/bin:/opt/pipx_bin:/home/runner/.cargo/bin:/home/runner/.config/composer/vendor/bin:/usr/local/.ghcup/bin:/home/runner/.dotnet/tools:/usr/local/sbin:/usr/local/bin:/usr/sbin:/usr/bin:/sbin:/bin:/usr/games:/usr/local/games:/snap/bin HOME=/home/runner LANG=C.UTF-8 XDG_RUNTIME_DIR=/run/user/1001 DBUS_SESSION_BUS_ADDRESS=unix:path=/run/user/1001/bus GIT_TERMINAL_PROMPT=0 GIT_CONFIG_NOSYSTEM=1 GIT_CONFIG_GLOBAL=/dev/null COMPARATOR_BIN=/home/runner/work/_temp/nla-mf21-frozen-tools/.tools/comparator/.lake/build/bin/comparator COMPARATOR_LEAN4EXPORT=/home/runner/work/_temp/nla-mf21-frozen-tools/.tools/lean4export/.lake/build/bin/lean4export COMPARATOR_LANDRUN=/home/runner/work/_temp/nla-mf21-frozen-tools/scripts/strict_landrun.py XDG_CACHE_HOME=/home/runner/work/_temp/nla-mf21-frozen-tools/.tools/cache TMPDIR=/home/runner/work/_temp/nla-mf21-frozen-tools/.verification-tmp lake env /home/runner/work/_temp/nla-mf21-frozen-tools/.tools/comparator/.lake/build/bin/comparator comparator.json
verify-frozen-manuscript	Verify frozen MF-21 contracts in a fresh sandbox	2026-09-21T02:00:38.7544193Z Log: /home/runner/work/_temp/nla-mf21-frozen-tools/logs/verify-20260921T020023Z-4146/negative-native.log
verify-frozen-manuscript	Verify frozen MF-21 contracts in a fresh sandbox	2026-09-21T02:00:38.8053333Z info: NlaAxiomFixture: no previous manifest, creating one from scratch
verify-frozen-manuscript	Verify frozen MF-21 contracts in a fresh sandbox	2026-09-21T02:00:38.8054196Z info: toolchain not updated; already up-to-date
verify-frozen-manuscript	Verify frozen MF-21 contracts in a fresh sandbox	2026-09-21T02:00:38.8765324Z Building Challenge
verify-frozen-manuscript	Verify frozen MF-21 contracts in a fresh sandbox	2026-09-21T02:00:39.8792842Z ✔ [2/3] Built Challenge (813ms)
verify-frozen-manuscript	Verify frozen MF-21 contracts in a fresh sandbox	2026-09-21T02:00:39.8797310Z Build completed successfully (3 jobs).
verify-frozen-manuscript	Verify frozen MF-21 contracts in a fresh sandbox	2026-09-21T02:00:40.8098619Z Exporting #[Quot, Quot.mk, Quot.lift, Quot.ind, checked, Classical.choice, Quot.sound, propext, Nat.add, Nat.sub, Nat.mul, Nat.pow, Nat.gcd, Nat.div, Nat.mod, Nat.beq, Nat.ble, Nat.land, Nat.lor, Nat.xor, Nat.shiftLeft, Nat.shiftRight, String.ofList, Char.ofNat, List, eagerReduce, Nat, String, String.mk, Char, optParam, autoParam, semiOutParam, outParam] from Challenge
verify-frozen-manuscript	Verify frozen MF-21 contracts in a fresh sandbox	2026-09-21T02:00:40.8100914Z Building Solution
verify-frozen-manuscript	Verify frozen MF-21 contracts in a fresh sandbox	2026-09-21T02:00:41.8121303Z ✔ [2/3] Built Solution (800ms)
verify-frozen-manuscript	Verify frozen MF-21 contracts in a fresh sandbox	2026-09-21T02:00:41.8126254Z Build completed successfully (3 jobs).
verify-frozen-manuscript	Verify frozen MF-21 contracts in a fresh sandbox	2026-09-21T02:00:42.8069939Z Exporting #[Quot, Quot.mk, Quot.lift, Quot.ind, checked, Classical.choice, Quot.sound, propext, Nat.add, Nat.sub, Nat.mul, Nat.pow, Nat.gcd, Nat.div, Nat.mod, Nat.beq, Nat.ble, Nat.land, Nat.lor, Nat.xor, Nat.shiftLeft, Nat.shiftRight, String.ofList, Char.ofNat, List, eagerReduce, Nat, String, String.mk, Char, optParam, autoParam, semiOutParam, outParam] from Solution
verify-frozen-manuscript	Verify frozen MF-21 contracts in a fresh sandbox	2026-09-21T02:00:42.8072574Z uncaught exception: Illegal axiom detected: 'checked._native.native_decide.ax_1_1'
verify-frozen-manuscript	Verify frozen MF-21 contracts in a fresh sandbox	2026-09-21T02:00:45.2240422Z Running lake env true
verify-frozen-manuscript	Verify frozen MF-21 contracts in a fresh sandbox	2026-09-21T02:00:45.2241362Z Log: /home/runner/work/_temp/nla-mf21-frozen-tools/logs/verify-20260921T020023Z-4146/dependencies.log
verify-frozen-manuscript	Verify frozen MF-21 contracts in a fresh sandbox	2026-09-21T02:00:45.2655683Z info: leancert: cloning https://github.com/alerad/leancert
verify-frozen-manuscript	Verify frozen MF-21 contracts in a fresh sandbox	2026-09-21T02:00:46.1638862Z info: leancert: checking out revision '621a43d7cf21f87872392a01e874f2f1dbddc926'
verify-frozen-manuscript	Verify frozen MF-21 contracts in a fresh sandbox	2026-09-21T02:00:46.2063924Z info: mathlib: cloning https://github.com/leanprover-community/mathlib4.git
verify-frozen-manuscript	Verify frozen MF-21 contracts in a fresh sandbox	2026-09-21T02:01:17.2141715Z info: mathlib: checking out revision '0df444a360eaa60ab8c11dca51a86af692955474'
verify-frozen-manuscript	Verify frozen MF-21 contracts in a fresh sandbox	2026-09-21T02:01:19.1022799Z info: plausible: cloning https://github.com/leanprover-community/plausible
verify-frozen-manuscript	Verify frozen MF-21 contracts in a fresh sandbox	2026-09-21T02:01:19.4251940Z info: plausible: checking out revision 'b7eb3304aeae834b12dda98993a37f6a41f6f0bb'
verify-frozen-manuscript	Verify frozen MF-21 contracts in a fresh sandbox	2026-09-21T02:01:19.4388165Z info: LeanSearchClient: cloning https://github.com/leanprover-community/LeanSearchClient
verify-frozen-manuscript	Verify frozen MF-21 contracts in a fresh sandbox	2026-09-21T02:01:19.7503797Z info: LeanSearchClient: checking out revision '5f4d51b81cbd3f6b32b156bfad9056621a040404'
verify-frozen-manuscript	Verify frozen MF-21 contracts in a fresh sandbox	2026-09-21T02:01:19.7625485Z info: importGraph: cloning https://github.com/leanprover-community/import-graph
verify-frozen-manuscript	Verify frozen MF-21 contracts in a fresh sandbox	2026-09-21T02:01:20.2250162Z info: importGraph: checking out revision '16f02aa7642864af59f1ff0e384a015994db9118'
verify-frozen-manuscript	Verify frozen MF-21 contracts in a fresh sandbox	2026-09-21T02:01:20.2416578Z info: proofwidgets: cloning https://github.com/leanprover-community/ProofWidgets4
verify-frozen-manuscript	Verify frozen MF-21 contracts in a fresh sandbox	2026-09-21T02:01:20.9576616Z info: proofwidgets: checking out revision '4be2e3d5087eeb272cf5a8853b8f9dd025ef5957'
verify-frozen-manuscript	Verify frozen MF-21 contracts in a fresh sandbox	2026-09-21T02:01:21.5967195Z info: aesop: cloning https://github.com/leanprover-community/aesop
verify-frozen-manuscript	Verify frozen MF-21 contracts in a fresh sandbox	2026-09-21T02:01:22.3235048Z info: aesop: checking out revision '3448c0bcc5ce01b2d1546e483ec3620e32df3d0e'
verify-frozen-manuscript	Verify frozen MF-21 contracts in a fresh sandbox	2026-09-21T02:01:22.3421485Z info: Qq: cloning https://github.com/leanprover-community/quote4
verify-frozen-manuscript	Verify frozen MF-21 contracts in a fresh sandbox	2026-09-21T02:01:22.6822725Z info: Qq: checking out revision '92c15be17b7caf78c2ad767ec40f89052d908d81'
verify-frozen-manuscript	Verify frozen MF-21 contracts in a fresh sandbox	2026-09-21T02:01:22.6958988Z info: batteries: cloning https://github.com/leanprover-community/batteries
verify-frozen-manuscript	Verify frozen MF-21 contracts in a fresh sandbox	2026-09-21T02:01:30.5685401Z info: batteries: checking out revision '4488d40d070b9700d4d5a6aa342f0d40c31b2a2d'
verify-frozen-manuscript	Verify frozen MF-21 contracts in a fresh sandbox	2026-09-21T02:01:30.5966569Z info: Cli: cloning https://github.com/leanprover/lean4-cli
verify-frozen-manuscript	Verify frozen MF-21 contracts in a fresh sandbox	2026-09-21T02:01:31.0188044Z info: Cli: checking out revision '6130a47896ce867c6a4a55373441e59e565bad0f'
verify-frozen-manuscript	Verify frozen MF-21 contracts in a fresh sandbox	2026-09-21T02:01:31.3306635Z Running lake exe cache get
verify-frozen-manuscript	Verify frozen MF-21 contracts in a fresh sandbox	2026-09-21T02:01:31.3307678Z Log: /home/runner/work/_temp/nla-mf21-frozen-tools/logs/verify-20260921T020023Z-4146/mathlib-cache.log
verify-frozen-manuscript	Verify frozen MF-21 contracts in a fresh sandbox	2026-09-21T02:01:32.4577256Z ✔ [4/26] Built Cache.Cli (462ms)
verify-frozen-manuscript	Verify frozen MF-21 contracts in a fresh sandbox	2026-09-21T02:01:32.5511337Z ✔ [5/26] Built Cache.Lean (566ms)
verify-frozen-manuscript	Verify frozen MF-21 contracts in a fresh sandbox	2026-09-21T02:01:32.6512752Z ✔ [6/26] Built Cache.Cli:c.o (228ms)
verify-frozen-manuscript	Verify frozen MF-21 contracts in a fresh sandbox	2026-09-21T02:01:32.7517538Z ✔ [7/26] Built Cache.Lean:c.o (212ms)
verify-frozen-manuscript	Verify frozen MF-21 contracts in a fresh sandbox	2026-09-21T02:01:32.9521637Z ✔ [8/26] Built Cache.Infra (655ms)
verify-frozen-manuscript	Verify frozen MF-21 contracts in a fresh sandbox	2026-09-21T02:01:33.1522890Z ✔ [9/26] Built Cache.Infra:c.o (228ms)
verify-frozen-manuscript	Verify frozen MF-21 contracts in a fresh sandbox	2026-09-21T02:01:33.4527946Z ✔ [10/26] Built Batteries.Tactic.OpenPrivate (1.1s)
verify-frozen-manuscript	Verify frozen MF-21 contracts in a fresh sandbox	2026-09-21T02:01:34.8561541Z ✔ [11/26] Built Batteries.Tactic.OpenPrivate:c.o (1.4s)
verify-frozen-manuscript	Verify frozen MF-21 contracts in a fresh sandbox	2026-09-21T02:01:34.9563617Z ✔ [12/26] Built Cache.IO (1.5s)
verify-frozen-manuscript	Verify frozen MF-21 contracts in a fresh sandbox	2026-09-21T02:01:35.7617695Z ✔ [13/26] Built Cache.Hashing (863ms)
verify-frozen-manuscript	Verify frozen MF-21 contracts in a fresh sandbox	2026-09-21T02:01:36.4609511Z ✔ [14/26] Built Cache.Hashing:c.o (677ms)
verify-frozen-manuscript	Verify frozen MF-21 contracts in a fresh sandbox	2026-09-21T02:01:36.6613011Z ✔ [15/26] Built Cache.IO:c.o (1.8s)
verify-frozen-manuscript	Verify frozen MF-21 contracts in a fresh sandbox	2026-09-21T02:01:38.0627735Z ✔ [16/26] Built Cache.Requests (2.2s)
verify-frozen-manuscript	Verify frozen MF-21 contracts in a fresh sandbox	2026-09-21T02:01:38.6659319Z ✔ [17/26] Built Cache.Marker (614ms)
verify-frozen-manuscript	Verify frozen MF-21 contracts in a fresh sandbox	2026-09-21T02:01:38.8662225Z ✔ [18/26] Built Cache.Marker:c.o (214ms)
verify-frozen-manuscript	Verify frozen MF-21 contracts in a fresh sandbox	2026-09-21T02:01:39.4669726Z ✔ [19/26] Built Cache.Query (766ms)
verify-frozen-manuscript	Verify frozen MF-21 contracts in a fresh sandbox	2026-09-21T02:01:39.7677651Z ✔ [20/26] Built Cache.Query:c.o (347ms)
verify-frozen-manuscript	Verify frozen MF-21 contracts in a fresh sandbox	2026-09-21T02:01:40.2707510Z ✔ [21/26] Built Cache.Warning (850ms)
verify-frozen-manuscript	Verify frozen MF-21 contracts in a fresh sandbox	2026-09-21T02:01:40.6691341Z ✔ [22/26] Built Cache.Warning:c.o (438ms)
verify-frozen-manuscript	Verify frozen MF-21 contracts in a fresh sandbox	2026-09-21T02:01:41.4700755Z ✔ [23/26] Built Cache.Requests:c.o (3.4s)
verify-frozen-manuscript	Verify frozen MF-21 contracts in a fresh sandbox	2026-09-21T02:01:41.6703470Z ✔ [24/26] Built Cache.Main (1.4s)
verify-frozen-manuscript	Verify frozen MF-21 contracts in a fresh sandbox	2026-09-21T02:01:42.6715612Z ✔ [25/26] Built Cache.Main:c.o (997ms)
verify-frozen-manuscript	Verify frozen MF-21 contracts in a fresh sandbox	2026-09-21T02:01:43.3741254Z ✔ [26/26] Built cache:exe (736ms)
verify-frozen-manuscript	Verify frozen MF-21 contracts in a fresh sandbox	2026-09-21T02:01:46.2831505Z Current branch: HEAD
verify-frozen-manuscript	Verify frozen MF-21 contracts in a fresh sandbox	2026-09-21T02:01:46.2832118Z Using cache from origin: (some leanprover-community/mathlib4)
verify-frozen-manuscript	Verify frozen MF-21 contracts in a fresh sandbox	2026-09-21T02:01:46.2833472Z Attempting to download 8690 file(s) from leanprover-community/mathlib4 cache at https://lakecache.blob.core.windows.net/mathlib4-master
verify-frozen-manuscript	Verify frozen MF-21 contracts in a fresh sandbox	2026-09-21T02:01:47.4297504Z 
verify-frozen-manuscript	Verify frozen MF-21 contracts in a fresh sandbox	2026-09-21T02:01:47.5293845Z Downloaded: 1 file(s) [attempted 1/8690 = 0%, 19 KB/s], Decompressed: 0
verify-frozen-manuscript	Verify frozen MF-21 contracts in a fresh sandbox	2026-09-21T02:01:47.6313540Z Downloaded: 119 file(s) [attempted 119/8690 = 1%, 597 KB/s], Decompressed: 9
verify-frozen-manuscript	Verify frozen MF-21 contracts in a fresh sandbox	2026-09-21T02:01:47.7312703Z Downloaded: 302 file(s) [attempted 302/8690 = 3%, 844 KB/s], Decompressed: 40
verify-frozen-manuscript	Verify frozen MF-21 contracts in a fresh sandbox	2026-09-21T02:01:47.8323788Z Downloaded: 473 file(s) [attempted 473/8690 = 5%, 1653 KB/s], Decompressed: 40
verify-frozen-manuscript	Verify frozen MF-21 contracts in a fresh sandbox	2026-09-21T02:01:47.9404774Z Downloaded: 656 file(s) [attempted 656/8690 = 7%, 2246 KB/s], Decompressed: 40
verify-frozen-manuscript	Verify frozen MF-21 contracts in a fresh sandbox	2026-09-21T02:01:48.0465113Z Downloaded: 828 file(s) [attempted 828/8690 = 9%, 6006 KB/s], Decompressed: 40
verify-frozen-manuscript	Verify frozen MF-21 contracts in a fresh sandbox	2026-09-21T02:01:48.1530911Z Downloaded: 988 file(s) [attempted 988/8690 = 11%, 3414 KB/s], Decompressed: 40
verify-frozen-manuscript	Verify frozen MF-21 contracts in a fresh sandbox	2026-09-21T02:01:48.2521649Z Downloaded: 1132 file(s) [attempted 1132/8690 = 13%, 4218 KB/s], Decompressed: 40
verify-frozen-manuscript	Verify frozen MF-21 contracts in a fresh sandbox	2026-09-21T02:01:48.3557635Z Downloaded: 1268 file(s) [attempted 1268/8690 = 14%, 1840 KB/s], Decompressed: 40
verify-frozen-manuscript	Verify frozen MF-21 contracts in a fresh sandbox	2026-09-21T02:01:48.4531568Z Downloaded: 1439 file(s) [attempted 1439/8690 = 16%, 4471 KB/s], Decompressed: 213
verify-frozen-manuscript	Verify frozen MF-21 contracts in a fresh sandbox	2026-09-21T02:01:48.5573764Z Downloaded: 1605 file(s) [attempted 1605/8690 = 18%, 4777 KB/s], Decompressed: 213
verify-frozen-manuscript	Verify frozen MF-21 contracts in a fresh sandbox	2026-09-21T02:01:48.6566402Z Downloaded: 1778 file(s) [attempted 1778/8690 = 20%, 6219 KB/s], Decompressed: 213
verify-frozen-manuscript	Verify frozen MF-21 contracts in a fresh sandbox	2026-09-21T02:01:48.7567133Z Downloaded: 1997 file(s) [attempted 1997/8690 = 22%, 544 KB/s], Decompressed: 213
verify-frozen-manuscript	Verify frozen MF-21 contracts in a fresh sandbox	2026-09-21T02:01:48.8577203Z Downloaded: 2185 file(s) [attempted 2185/8690 = 25%, 1425 KB/s], Decompressed: 213
verify-frozen-manuscript	Verify frozen MF-21 contracts in a fresh sandbox	2026-09-21T02:01:48.9627106Z Downloaded: 2359 file(s) [attempted 2359/8690 = 27%, 201 KB/s], Decompressed: 213
verify-frozen-manuscript	Verify frozen MF-21 contracts in a fresh sandbox	2026-09-21T02:01:49.0701457Z Downloaded: 2534 file(s) [attempted 2534/8690 = 29%, 1847 KB/s], Decompressed: 213
verify-frozen-manuscript	Verify frozen MF-21 contracts in a fresh sandbox	2026-09-21T02:01:49.1777399Z Downloaded: 2719 file(s) [attempted 2719/8690 = 31%, 1266 KB/s], Decompressed: 213
verify-frozen-manuscript	Verify frozen MF-21 contracts in a fresh sandbox	2026-09-21T02:01:49.2776726Z Downloaded: 2894 file(s) [attempted 2894/8690 = 33%, 7263 KB/s], Decompressed: 213
verify-frozen-manuscript	Verify frozen MF-21 contracts in a fresh sandbox	2026-09-21T02:01:49.3792262Z Downloaded: 3076 file(s) [attempted 3076/8690 = 35%, 2058 KB/s], Decompressed: 213
verify-frozen-manuscript	Verify frozen MF-21 contracts in a fresh sandbox	2026-09-21T02:01:49.4807361Z Downloaded: 3252 file(s) [attempted 3252/8690 = 37%, 954 KB/s], Decompressed: 213
verify-frozen-manuscript	Verify frozen MF-21 contracts in a fresh sandbox	2026-09-21T02:01:49.5864294Z Downloaded: 3414 file(s) [attempted 3414/8690 = 39%, 4811 KB/s], Decompressed: 213
verify-frozen-manuscript	Verify frozen MF-21 contracts in a fresh sandbox	2026-09-21T02:01:49.6851950Z Downloaded: 3566 file(s) [attempted 3566/8690 = 41%, 1408 KB/s], Decompressed: 213
verify-frozen-manuscript	Verify frozen MF-21 contracts in a fresh sandbox	2026-09-21T02:01:49.7870197Z Downloaded: 3782 file(s) [attempted 3782/8690 = 43%, 402 KB/s], Decompressed: 213
verify-frozen-manuscript	Verify frozen MF-21 contracts in a fresh sandbox	2026-09-21T02:01:49.8852944Z Downloaded: 3960 file(s) [attempted 3960/8690 = 45%, 935 KB/s], Decompressed: 213
verify-frozen-manuscript	Verify frozen MF-21 contracts in a fresh sandbox	2026-09-21T02:01:49.9947145Z Downloaded: 4122 file(s) [attempted 4122/8690 = 47%, 2595 KB/s], Decompressed: 213
verify-frozen-manuscript	Verify frozen MF-21 contracts in a fresh sandbox	2026-09-21T02:01:50.0920162Z Downloaded: 4290 file(s) [attempted 4290/8690 = 49%, 2129 KB/s], Decompressed: 213
verify-frozen-manuscript	Verify frozen MF-21 contracts in a fresh sandbox	2026-09-21T02:01:50.1910278Z Downloaded: 4457 file(s) [attempted 4457/8690 = 51%, 342 KB/s], Decompressed: 213
verify-frozen-manuscript	Verify frozen MF-21 contracts in a fresh sandbox	2026-09-21T02:01:50.2909722Z Downloaded: 4591 file(s) [attempted 4591/8690 = 52%, 1548 KB/s], Decompressed: 213
verify-frozen-manuscript	Verify frozen MF-21 contracts in a fresh sandbox	2026-09-21T02:01:50.3913120Z Downloaded: 4761 file(s) [attempted 4761/8690 = 54%, 2301 KB/s], Decompressed: 213
verify-frozen-manuscript	Verify frozen MF-21 contracts in a fresh sandbox	2026-09-21T02:01:50.4919837Z Downloaded: 4953 file(s) [attempted 4953/8690 = 56%, 591 KB/s], Decompressed: 213
verify-frozen-manuscript	Verify frozen MF-21 contracts in a fresh sandbox	2026-09-21T02:01:50.5914814Z Downloaded: 5135 file(s) [attempted 5135/8690 = 59%, 2381 KB/s], Decompressed: 213
verify-frozen-manuscript	Verify frozen MF-21 contracts in a fresh sandbox	2026-09-21T02:01:50.6946706Z Downloaded: 5321 file(s) [attempted 5321/8690 = 61%, 3077 KB/s], Decompressed: 213
verify-frozen-manuscript	Verify frozen MF-21 contracts in a fresh sandbox	2026-09-21T02:01:50.7931577Z Downloaded: 5556 file(s) [attempted 5556/8690 = 63%, 3569 KB/s], Decompressed: 213
verify-frozen-manuscript	Verify frozen MF-21 contracts in a fresh sandbox	2026-09-21T02:01:50.9041175Z Downloaded: 5723 file(s) [attempted 5723/8690 = 65%, 1330 KB/s], Decompressed: 213
verify-frozen-manuscript	Verify frozen MF-21 contracts in a fresh sandbox	2026-09-21T02:01:51.0080015Z Downloaded: 5901 file(s) [attempted 5901/8690 = 67%, 3976 KB/s], Decompressed: 213
verify-frozen-manuscript	Verify frozen MF-21 contracts in a fresh sandbox	2026-09-21T02:01:51.1091247Z Downloaded: 6071 file(s) [attempted 6071/8690 = 69%, 1825 KB/s], Decompressed: 213
verify-frozen-manuscript	Verify frozen MF-21 contracts in a fresh sandbox	2026-09-21T02:01:51.2100801Z Downloaded: 6260 file(s) [attempted 6260/8690 = 72%, 947 KB/s], Decompressed: 213
verify-frozen-manuscript	Verify frozen MF-21 contracts in a fresh sandbox	2026-09-21T02:01:51.3130245Z Downloaded: 6431 file(s) [attempted 6431/8690 = 74%, 6330 KB/s], Decompressed: 213
verify-frozen-manuscript	Verify frozen MF-21 contracts in a fresh sandbox	2026-09-21T02:01:51.4110106Z Downloaded: 6588 file(s) [attempted 6588/8690 = 75%, 1248 KB/s], Decompressed: 213
verify-frozen-manuscript	Verify frozen MF-21 contracts in a fresh sandbox	2026-09-21T02:01:51.5147493Z Downloaded: 6770 file(s) [attempted 6770/8690 = 77%, 3544 KB/s], Decompressed: 213
verify-frozen-manuscript	Verify frozen MF-21 contracts in a fresh sandbox	2026-09-21T02:01:51.6153994Z Downloaded: 6941 file(s) [attempted 6941/8690 = 79%, 599 KB/s], Decompressed: 213
verify-frozen-manuscript	Verify frozen MF-21 contracts in a fresh sandbox	2026-09-21T02:01:51.7137163Z Downloaded: 7121 file(s) [attempted 7121/8690 = 81%, 1090 KB/s], Decompressed: 213
verify-frozen-manuscript	Verify frozen MF-21 contracts in a fresh sandbox	2026-09-21T02:01:51.8174421Z Downloaded: 7304 file(s) [attempted 7304/8690 = 84%, 1559 KB/s], Decompressed: 213
verify-frozen-manuscript	Verify frozen MF-21 contracts in a fresh sandbox	2026-09-21T02:01:51.9201722Z Downloaded: 7481 file(s) [attempted 7481/8690 = 86%, 1197 KB/s], Decompressed: 213
verify-frozen-manuscript	Verify frozen MF-21 contracts in a fresh sandbox	2026-09-21T02:01:52.0219872Z Downloaded: 7616 file(s) [attempted 7616/8690 = 87%, 1153 KB/s], Decompressed: 213
verify-frozen-manuscript	Verify frozen MF-21 contracts in a fresh sandbox	2026-09-21T02:01:52.1318446Z Downloaded: 7768 file(s) [attempted 7768/8690 = 89%, 1705 KB/s], Decompressed: 213
verify-frozen-manuscript	Verify frozen MF-21 contracts in a fresh sandbox	2026-09-21T02:01:52.2303685Z Downloaded: 7946 file(s) [attempted 7946/8690 = 91%, 1201 KB/s], Decompressed: 213
verify-frozen-manuscript	Verify frozen MF-21 contracts in a fresh sandbox	2026-09-21T02:01:52.3317270Z Downloaded: 8142 file(s) [attempted 8142/8690 = 93%, 350 KB/s], Decompressed: 213
verify-frozen-manuscript	Verify frozen MF-21 contracts in a fresh sandbox	2026-09-21T02:01:52.4306126Z Downloaded: 8301 file(s) [attempted 8301/8690 = 95%, 4763 KB/s], Decompressed: 213
verify-frozen-manuscript	Verify frozen MF-21 contracts in a fresh sandbox	2026-09-21T02:01:52.5320169Z Downloaded: 8481 file(s) [attempted 8481/8690 = 97%, 883 KB/s], Decompressed: 213
verify-frozen-manuscript	Verify frozen MF-21 contracts in a fresh sandbox	2026-09-21T02:01:52.6159026Z Downloaded: 8686 file(s) [attempted 8686/8690 = 99%, 1447 KB/s], Decompressed: 213
verify-frozen-manuscript	Verify frozen MF-21 contracts in a fresh sandbox	2026-09-21T02:01:52.6160410Z Downloaded: 8690 file(s) [attempted 8690/8690 = 100%, 1447 KB/s], Decompressed: 213
verify-frozen-manuscript	Verify frozen MF-21 contracts in a fresh sandbox	2026-09-21T02:02:16.1965071Z Decompressed 8690 file(s)
verify-frozen-manuscript	Verify frozen MF-21 contracts in a fresh sandbox	2026-09-21T02:02:16.1965552Z Already decompressed 8690 file(s)
verify-frozen-manuscript	Verify frozen MF-21 contracts in a fresh sandbox	2026-09-21T02:02:16.4547816Z Running systemd-run --user --quiet --wait --pipe --collect -p 'RestrictAddressFamilies=~AF_UNIX' --working-directory /home/runner/work/_temp/nla-mf21-frozen-tools/.verification-tmp/nla-fresh-proof-6ccdyt7g/project /usr/bin/env -i PATH=/home/runner/.elan/toolchains/leanprover--lean4---v4.33.1/bin:/home/runner/.elan/bin:/home/runner/go/bin:/opt/hostedtoolcache/go/1.27.1/x64/bin:/snap/bin:/home/runner/.local/bin:/opt/pipx_bin:/home/runner/.cargo/bin:/home/runner/.config/composer/vendor/bin:/usr/local/.ghcup/bin:/home/runner/.dotnet/tools:/usr/local/sbin:/usr/local/bin:/usr/sbin:/usr/bin:/sbin:/bin:/usr/games:/usr/local/games:/snap/bin HOME=/home/runner LANG=C.UTF-8 XDG_RUNTIME_DIR=/run/user/1001 DBUS_SESSION_BUS_ADDRESS=unix:path=/run/user/1001/bus GIT_TERMINAL_PROMPT=0 GIT_CONFIG_NOSYSTEM=1 GIT_CONFIG_GLOBAL=/dev/null COMPARATOR_BIN=/home/runner/work/_temp/nla-mf21-frozen-tools/.tools/comparator/.lake/build/bin/comparator COMPARATOR_LEAN4EXPORT=/home/runner/work/_temp/nla-mf21-frozen-tools/.tools/lean4export/.lake/build/bin/lean4export COMPARATOR_LANDRUN=/home/runner/work/_temp/nla-mf21-frozen-tools/scripts/strict_landrun.py XDG_CACHE_HOME=/home/runner/work/_temp/nla-mf21-frozen-tools/.tools/cache TMPDIR=/home/runner/work/_temp/nla-mf21-frozen-tools/.verification-tmp lake env /home/runner/work/_temp/nla-mf21-frozen-tools/.tools/comparator/.lake/build/bin/comparator comparator.json
verify-frozen-manuscript	Verify frozen MF-21 contracts in a fresh sandbox	2026-09-21T02:02:16.4554962Z Log: /home/runner/work/_temp/nla-mf21-frozen-tools/logs/verify-20260921T020023Z-4146/comparator.log
verify-frozen-manuscript	Verify frozen MF-21 contracts in a fresh sandbox	2026-09-21T02:02:17.1373389Z Building Challenge
verify-frozen-manuscript	Verify frozen MF-21 contracts in a fresh sandbox	2026-09-21T02:02:21.5959692Z ✔ [2848/2850] Built MF21Restart.Definitions (2.4s)
verify-frozen-manuscript	Verify frozen MF-21 contracts in a fresh sandbox	2026-09-21T02:02:23.7030500Z ⚠ [2849/2850] Built Challenge (2.1s)
verify-frozen-manuscript	Verify frozen MF-21 contracts in a fresh sandbox	2026-09-21T02:02:23.7031415Z warning: Challenge.lean:15:8: declaration uses `sorry`
verify-frozen-manuscript	Verify frozen MF-21 contracts in a fresh sandbox	2026-09-21T02:02:23.7032024Z warning: Challenge.lean:22:8: declaration uses `sorry`
verify-frozen-manuscript	Verify frozen MF-21 contracts in a fresh sandbox	2026-09-21T02:02:23.7032520Z warning: Challenge.lean:26:8: declaration uses `sorry`
verify-frozen-manuscript	Verify frozen MF-21 contracts in a fresh sandbox	2026-09-21T02:02:23.7033002Z warning: Challenge.lean:42:8: declaration uses `sorry`
verify-frozen-manuscript	Verify frozen MF-21 contracts in a fresh sandbox	2026-09-21T02:02:23.7033478Z warning: Challenge.lean:50:8: declaration uses `sorry`
verify-frozen-manuscript	Verify frozen MF-21 contracts in a fresh sandbox	2026-09-21T02:02:23.7033989Z warning: Challenge.lean:53:8: declaration uses `sorry`
verify-frozen-manuscript	Verify frozen MF-21 contracts in a fresh sandbox	2026-09-21T02:02:23.7034460Z warning: Challenge.lean:61:8: declaration uses `sorry`
verify-frozen-manuscript	Verify frozen MF-21 contracts in a fresh sandbox	2026-09-21T02:02:23.7137463Z Build completed successfully (2850 jobs).
verify-frozen-manuscript	Verify frozen MF-21 contracts in a fresh sandbox	2026-09-21T02:02:37.0613332Z Exporting #[Quot, Quot.mk, Quot.lift, Quot.ind, MF21Restart.Contracts.complex_fourier_eq_cosine, MF21Restart.Contracts.bulk_cutoff_pos, MF21Restart.Contracts.critical_bound_implies_fixed_index_limit, MF21Restart.Contracts.exists_log_sq_bulk_scale_gain, MF21Restart.Contracts.phase_window_margin, MF21Restart.Contracts.manuscript_smooth_target, MF21Restart.Contracts.target_proved, propext, Quot.sound, Classical.choice, Nat.add, Nat.sub, Nat.mul, Nat.pow, Nat.gcd, Nat.div, Nat.mod, Nat.beq, Nat.ble, Nat.land, Nat.lor, Nat.xor, Nat.shiftLeft, Nat.shiftRight, String.ofList, Char.ofNat, List, eagerReduce, Nat, String, String.mk, Char, optParam, autoParam, semiOutParam, outParam] from Challenge
verify-frozen-manuscript	Verify frozen MF-21 contracts in a fresh sandbox	2026-09-21T02:02:37.0618345Z Building Solution
verify-frozen-manuscript	Verify frozen MF-21 contracts in a fresh sandbox	2026-09-21T02:02:42.8655160Z ✔ [2886/2896] Built LeanCert.Core.Interval (3.7s)
verify-frozen-manuscript	Verify frozen MF-21 contracts in a fresh sandbox	2026-09-21T02:02:43.7706749Z ℹ [2888/2934] Built MF21Restart.StatementBridges (4.7s)
verify-frozen-manuscript	Verify frozen MF-21 contracts in a fresh sandbox	2026-09-21T02:02:43.7711489Z info: MF21Restart/StatementBridges.lean:78:0: 'MF21Restart.complex_fourier_eq_cosine' depends on axioms: [propext, Classical.choice, Quot.sound]
verify-frozen-manuscript	Verify frozen MF-21 contracts in a fresh sandbox	2026-09-21T02:02:43.7713166Z info: MF21Restart/StatementBridges.lean:79:0: 'MF21Restart.bulk_cutoff_pos' depends on axioms: [propext, Classical.choice, Quot.sound]
verify-frozen-manuscript	Verify frozen MF-21 contracts in a fresh sandbox	2026-09-21T02:02:44.1732701Z ℹ [2927/2935] Built MF21Restart.FixedIndex (5.2s)
verify-frozen-manuscript	Verify frozen MF-21 contracts in a fresh sandbox	2026-09-21T02:02:44.1733934Z info: MF21Restart/FixedIndex.lean:138:0: 'MF21Restart.implicit_phase_ratio_limit' depends on axioms: [propext, Classical.choice, Quot.sound]
verify-frozen-manuscript	Verify frozen MF-21 contracts in a fresh sandbox	2026-09-21T02:02:44.1735407Z info: MF21Restart/FixedIndex.lean:139:0: 'MF21Restart.symbol_scaled_limit' depends on axioms: [propext, Classical.choice, Quot.sound]
verify-frozen-manuscript	Verify frozen MF-21 contracts in a fresh sandbox	2026-09-21T02:02:44.1737224Z info: MF21Restart/FixedIndex.lean:140:0: 'MF21Restart.fixed_index_limit_of_implicit_phase' depends on axioms: [propext, Classical.choice, Quot.sound]
verify-frozen-manuscript	Verify frozen MF-21 contracts in a fresh sandbox	2026-09-21T02:02:44.1739159Z info: MF21Restart/FixedIndex.lean:141:0: 'MF21Restart.critical_bound_implies_fixed_index_limit' depends on axioms: [propext, Classical.choice, Quot.sound]
verify-frozen-manuscript	Verify frozen MF-21 contracts in a fresh sandbox	2026-09-21T02:02:44.2722097Z ✔ [2928/2936] Built MF21Restart.BulkDecay (5.3s)
verify-frozen-manuscript	Verify frozen MF-21 contracts in a fresh sandbox	2026-09-21T02:02:49.3049991Z ✔ [2929/2951] Built LeanCert.Tactic.Verification (5.1s)
verify-frozen-manuscript	Verify frozen MF-21 contracts in a fresh sandbox	2026-09-21T02:02:50.2081583Z ⚠ [3475/3486] Built MF21Restart.FourierStencil (5.9s)
verify-frozen-manuscript	Verify frozen MF-21 contracts in a fresh sandbox	2026-09-21T02:02:50.2084665Z info: MF21Restart/FourierStencil.lean:58:22: Try this:
verify-frozen-manuscript	Verify frozen MF-21 contracts in a fresh sandbox	2026-09-21T02:02:50.2085581Z   [apply] ring_nf
verify-frozen-manuscript	Verify frozen MF-21 contracts in a fresh sandbox	2026-09-21T02:02:50.2086459Z   
verify-frozen-manuscript	Verify frozen MF-21 contracts in a fresh sandbox	2026-09-21T02:02:50.2087409Z   The `ring` tactic failed to close the goal. Use `ring_nf` to obtain a normal form.
verify-frozen-manuscript	Verify frozen MF-21 contracts in a fresh sandbox	2026-09-21T02:02:50.2088388Z     
verify-frozen-manuscript	Verify frozen MF-21 contracts in a fresh sandbox	2026-09-21T02:02:50.2090098Z   Note that `ring` works primarily in *commutative* rings. If you have a noncommutative ring, abelian group or module, consider using `noncomm_ring`, `abel` or `module` instead.
verify-frozen-manuscript	Verify frozen MF-21 contracts in a fresh sandbox	2026-09-21T02:02:50.2092615Z warning: MF21Restart/FourierStencil.lean:57:63: Used `tac1 <;> tac2` where `(tac1; tac2)` would suffice
verify-frozen-manuscript	Verify frozen MF-21 contracts in a fresh sandbox	2026-09-21T02:02:50.2094077Z 
verify-frozen-manuscript	Verify frozen MF-21 contracts in a fresh sandbox	2026-09-21T02:02:50.2123718Z Note: This linter can be disabled with `set_option linter.unnecessarySeqFocus false`
verify-frozen-manuscript	Verify frozen MF-21 contracts in a fresh sandbox	2026-09-21T02:02:50.2125353Z warning: MF21Restart/FourierStencil.lean:58:18: Used `tac1 <;> tac2` where `(tac1; tac2)` would suffice
verify-frozen-manuscript	Verify frozen MF-21 contracts in a fresh sandbox	2026-09-21T02:02:50.2128624Z 
verify-frozen-manuscript	Verify frozen MF-21 contracts in a fresh sandbox	2026-09-21T02:02:50.2129344Z Note: This linter can be disabled with `set_option linter.unnecessarySeqFocus false`
verify-frozen-manuscript	Verify frozen MF-21 contracts in a fresh sandbox	2026-09-21T02:02:50.2130815Z warning: MF21Restart/FourierStencil.lean:93:33: Used `tac1 <;> tac2` where `(tac1; tac2)` would suffice
verify-frozen-manuscript	Verify frozen MF-21 contracts in a fresh sandbox	2026-09-21T02:02:50.2131816Z 
verify-frozen-manuscript	Verify frozen MF-21 contracts in a fresh sandbox	2026-09-21T02:02:50.2132488Z Note: This linter can be disabled with `set_option linter.unnecessarySeqFocus false`
verify-frozen-manuscript	Verify frozen MF-21 contracts in a fresh sandbox	2026-09-21T02:02:50.2134216Z info: MF21Restart/FourierStencil.lean:126:0: 'MF21Restart.symbol_eq_cosine_power' depends on axioms: [propext, Classical.choice, Quot.sound]
verify-frozen-manuscript	Verify frozen MF-21 contracts in a fresh sandbox	2026-09-21T02:02:50.2136671Z info: MF21Restart/FourierStencil.lean:127:0: 'MF21Restart.fourierCoeff_succ' depends on axioms: [propext, Classical.choice, Quot.sound]
verify-frozen-manuscript	Verify frozen MF-21 contracts in a fresh sandbox	2026-09-21T02:02:50.2138784Z info: MF21Restart/FourierStencil.lean:128:0: 'MF21Restart.fourierCoeff_zero' depends on axioms: [propext, Classical.choice, Quot.sound]
verify-frozen-manuscript	Verify frozen MF-21 contracts in a fresh sandbox	2026-09-21T02:02:50.2140918Z info: MF21Restart/FourierStencil.lean:129:0: 'MF21Restart.fourierCoeff_support' depends on axioms: [propext, Classical.choice, Quot.sound]
verify-frozen-manuscript	Verify frozen MF-21 contracts in a fresh sandbox	2026-09-21T02:02:50.2143098Z info: MF21Restart/FourierStencil.lean:130:0: 'MF21Restart.toeplitz_entry_eq_zero_of_lt_abs' depends on axioms: [propext, Classical.choice, Quot.sound]
verify-frozen-manuscript	Verify frozen MF-21 contracts in a fresh sandbox	2026-09-21T02:02:51.6140026Z ✔ [3476/3486] Built LeanCert.Core.Expr (7.8s)
verify-frozen-manuscript	Verify frozen MF-21 contracts in a fresh sandbox	2026-09-21T02:02:52.4154681Z ✔ [3477/3486] Built LeanCert.Core.IntervalRat.Basic (9.5s)
verify-frozen-manuscript	Verify frozen MF-21 contracts in a fresh sandbox	2026-09-21T02:02:54.2164254Z ℹ [3478/3487] Built MF21Restart.RecurrenceBasis (3.0s)
verify-frozen-manuscript	Verify frozen MF-21 contracts in a fresh sandbox	2026-09-21T02:02:54.2167043Z info: MF21Restart/RecurrenceBasis.lean:101:0: 'MF21Restart.recurrence_solution_geometric_basis' depends on axioms: [propext, Classical.choice, Quot.sound]
verify-frozen-manuscript	Verify frozen MF-21 contracts in a fresh sandbox	2026-09-21T02:02:54.2169420Z info: MF21Restart/RecurrenceBasis.lean:102:0: 'MF21Restart.geometric_coefficients_zero_of_consecutive_zeros' depends on axioms: [propext,
verify-frozen-manuscript	Verify frozen MF-21 contracts in a fresh sandbox	2026-09-21T02:02:54.2170842Z  Classical.choice,
verify-frozen-manuscript	Verify frozen MF-21 contracts in a fresh sandbox	2026-09-21T02:02:54.2171424Z  Quot.sound]
verify-frozen-manuscript	Verify frozen MF-21 contracts in a fresh sandbox	2026-09-21T02:02:55.0169047Z ℹ [3479/3488] Built MF21Restart.FourierEndpoint (3.4s)
verify-frozen-manuscript	Verify frozen MF-21 contracts in a fresh sandbox	2026-09-21T02:02:55.0171456Z info: MF21Restart/FourierEndpoint.lean:49:0: 'MF21Restart.fourierCoeff_right_endpoint' depends on axioms: [propext, Classical.choice, Quot.sound]
verify-frozen-manuscript	Verify frozen MF-21 contracts in a fresh sandbox	2026-09-21T02:02:55.0173716Z info: MF21Restart/FourierEndpoint.lean:50:0: 'MF21Restart.fourierCoeff_left_endpoint' depends on axioms: [propext, Classical.choice, Quot.sound]
verify-frozen-manuscript	Verify frozen MF-21 contracts in a fresh sandbox	2026-09-21T02:02:55.0176169Z info: MF21Restart/FourierEndpoint.lean:51:0: 'MF21Restart.fourierCoeff_right_endpoint_ne_zero' depends on axioms: [propext, Classical.choice, Quot.sound]
verify-frozen-manuscript	Verify frozen MF-21 contracts in a fresh sandbox	2026-09-21T02:02:55.0178371Z info: MF21Restart/FourierEndpoint.lean:52:0: 'MF21Restart.fourierCoeff_left_endpoint_ne_zero' depends on axioms: [propext, Classical.choice, Quot.sound]
verify-frozen-manuscript	Verify frozen MF-21 contracts in a fresh sandbox	2026-09-21T02:02:56.1245162Z ℹ [3480/3488] Built MF21Restart.BoundaryExpansion (6.2s)
verify-frozen-manuscript	Verify frozen MF-21 contracts in a fresh sandbox	2026-09-21T02:02:56.1248072Z info: MF21Restart/BoundaryExpansion.lean:283:0: 'MF21Restart.boundaryDeterminant_grouped_expansion' depends on axioms: [propext, Classical.choice, Quot.sound]
verify-frozen-manuscript	Verify frozen MF-21 contracts in a fresh sandbox	2026-09-21T02:02:56.1250484Z info: MF21Restart/BoundaryExpansion.lean:284:0: 'MF21Restart.boundaryCoefficient_eq_zero_of_card_ne' depends on axioms: [propext, Classical.choice, Quot.sound]
verify-frozen-manuscript	Verify frozen MF-21 contracts in a fresh sandbox	2026-09-21T02:02:56.1252822Z info: MF21Restart/BoundaryExpansion.lean:285:0: 'MF21Restart.boundaryDeterminant_card_grouped_expansion' depends on axioms: [propext, Classical.choice, Quot.sound]
verify-frozen-manuscript	Verify frozen MF-21 contracts in a fresh sandbox	2026-09-21T02:02:56.1255119Z info: MF21Restart/BoundaryExpansion.lean:286:0: 'MF21Restart.boundaryCoefficient_vandermonde' depends on axioms: [propext, Classical.choice, Quot.sound]
verify-frozen-manuscript	Verify frozen MF-21 contracts in a fresh sandbox	2026-09-21T02:02:56.2246289Z ℹ [3481/3489] Built MF21Restart.FourierLaurent (3.8s)
verify-frozen-manuscript	Verify frozen MF-21 contracts in a fresh sandbox	2026-09-21T02:02:56.2248378Z info: MF21Restart/FourierLaurent.lean:120:0: 'MF21Restart.fourierCoeff_laurent_sum' depends on axioms: [propext, Classical.choice, Quot.sound]
verify-frozen-manuscript	Verify frozen MF-21 contracts in a fresh sandbox	2026-09-21T02:02:59.7331081Z ✔ [3482/3493] Built LeanCert.Core.IntervalRat.Transcendental (5.6s)
verify-frozen-manuscript	Verify frozen MF-21 contracts in a fresh sandbox	2026-09-21T02:02:59.7337707Z ℹ [3483/3493] Built MF21Restart.FiniteRecurrence (4.7s)
verify-frozen-manuscript	Verify frozen MF-21 contracts in a fresh sandbox	2026-09-21T02:02:59.7339803Z info: MF21Restart/FiniteRecurrence.lean:121:0: 'MF21Restart.mkSol_eq_of_finite_recurrence' depends on axioms: [propext, Classical.choice, Quot.sound]
verify-frozen-manuscript	Verify frozen MF-21 contracts in a fresh sandbox	2026-09-21T02:02:59.7342244Z info: MF21Restart/FiniteRecurrence.lean:122:0: 'MF21Restart.finite_recurrence_iff_ghost_solution' depends on axioms: [propext, Classical.choice, Quot.sound]
verify-frozen-manuscript	Verify frozen MF-21 contracts in a fresh sandbox	2026-09-21T02:03:00.9502067Z ℹ [3486/3493] Built MF21Restart.BoundaryRecurrence (4.9s)
verify-frozen-manuscript	Verify frozen MF-21 contracts in a fresh sandbox	2026-09-21T02:03:00.9504388Z info: MF21Restart/BoundaryRecurrence.lean:89:0: 'MF21Restart.boundary_mulVec_zero_iff_ghosts' depends on axioms: [propext, Classical.choice, Quot.sound]
verify-frozen-manuscript	Verify frozen MF-21 contracts in a fresh sandbox	2026-09-21T02:03:00.9506908Z info: MF21Restart/BoundaryRecurrence.lean:90:0: 'MF21Restart.boundaryDeterminant_zero_iff_recurrence_ghosts' depends on axioms: [propext, Classical.choice, Quot.sound]
verify-frozen-manuscript	Verify frozen MF-21 contracts in a fresh sandbox	2026-09-21T02:03:01.1505195Z ℹ [3516/3531] Built MF21Restart.FourierRecurrence (4.9s)
verify-frozen-manuscript	Verify frozen MF-21 contracts in a fresh sandbox	2026-09-21T02:03:01.1507842Z info: MF21Restart/FourierRecurrence.lean:135:0: 'MF21Restart.fourierCoeff_shifted_laurent_sum' depends on axioms: [propext, Classical.choice, Quot.sound]
verify-frozen-manuscript	Verify frozen MF-21 contracts in a fresh sandbox	2026-09-21T02:03:01.1509788Z info: MF21Restart/FourierRecurrence.lean:136:0: 'MF21Restart.fourierRecurrence_charPoly_isRoot' depends on axioms: [propext, Classical.choice, Quot.sound]
verify-frozen-manuscript	Verify frozen MF-21 contracts in a fresh sandbox	2026-09-21T02:03:03.3868821Z ℹ [3524/3551] Built MF21Restart.Numerics (3.7s)
verify-frozen-manuscript	Verify frozen MF-21 contracts in a fresh sandbox	2026-09-21T02:03:03.3870709Z info: MF21Restart/Numerics.lean:31:0: 'MF21Restart.phase_window_margin' depends on axioms: [propext, Classical.choice, Quot.sound]
verify-frozen-manuscript	Verify frozen MF-21 contracts in a fresh sandbox	2026-09-21T02:03:03.8896412Z ℹ [3546/3554] Built MF21Restart.ToeplitzRecurrence (4.1s)
verify-frozen-manuscript	Verify frozen MF-21 contracts in a fresh sandbox	2026-09-21T02:03:03.8898671Z info: MF21Restart/ToeplitzRecurrence.lean:71:0: 'MF21Restart.zeroGhost_convolution_eq_toeplitz_mulVec' depends on axioms: [propext, Classical.choice, Quot.sound]
verify-frozen-manuscript	Verify frozen MF-21 contracts in a fresh sandbox	2026-09-21T02:03:04.8902292Z ⚠ [3548/3565] Built MF21Restart.TraceIntegral (3.8s)
verify-frozen-manuscript	Verify frozen MF-21 contracts in a fresh sandbox	2026-09-21T02:03:04.8904594Z warning: MF21Restart/TraceIntegral.lean:33:14: Used `tac1 <;> tac2` where `(tac1; tac2)` would suffice
verify-frozen-manuscript	Verify frozen MF-21 contracts in a fresh sandbox	2026-09-21T02:03:04.8905596Z 
verify-frozen-manuscript	Verify frozen MF-21 contracts in a fresh sandbox	2026-09-21T02:03:04.8906558Z Note: This linter can be disabled with `set_option linter.unnecessarySeqFocus false`
verify-frozen-manuscript	Verify frozen MF-21 contracts in a fresh sandbox	2026-09-21T02:03:04.8908261Z info: MF21Restart/TraceIntegral.lean:98:0: 'MF21Restart.integral_pow_mul_one_sub_pow' depends on axioms: [propext, Classical.choice, Quot.sound]
verify-frozen-manuscript	Verify frozen MF-21 contracts in a fresh sandbox	2026-09-21T02:03:04.8910321Z info: MF21Restart/TraceIntegral.lean:99:0: 'MF21Restart.diagonal_kernel_integral_value' depends on axioms: [propext, Classical.choice, Quot.sound]
verify-frozen-manuscript	Verify frozen MF-21 contracts in a fresh sandbox	2026-09-21T02:03:04.8912378Z info: MF21Restart/TraceIntegral.lean:100:0: 'MF21Restart.diagonal_kernel_integral_pos' depends on axioms: [propext, Classical.choice, Quot.sound]
verify-frozen-manuscript	Verify frozen MF-21 contracts in a fresh sandbox	2026-09-21T02:03:04.8914469Z info: MF21Restart/TraceIntegral.lean:101:0: 'MF21Restart.diagonal_kernel_integral_rational' depends on axioms: [propext, Classical.choice, Quot.sound]
verify-frozen-manuscript	Verify frozen MF-21 contracts in a fresh sandbox	2026-09-21T02:03:05.4911053Z ⚠ [3552/3566] Built MF21Restart.KernelDiagonal (4.5s)
verify-frozen-manuscript	Verify frozen MF-21 contracts in a fresh sandbox	2026-09-21T02:03:05.4913794Z warning: MF21Restart/KernelDiagonal.lean:59:30: Unused tactic linter: `ring` does nothing
verify-frozen-manuscript	Verify frozen MF-21 contracts in a fresh sandbox	2026-09-21T02:03:05.4914673Z 
verify-frozen-manuscript	Verify frozen MF-21 contracts in a fresh sandbox	2026-09-21T02:03:05.4915252Z Note: This linter can be disabled with `set_option linter.unusedTactic false`
verify-frozen-manuscript	Verify frozen MF-21 contracts in a fresh sandbox	2026-09-21T02:03:05.4916732Z warning: MF21Restart/KernelDiagonal.lean:61:33: Unused tactic linter: `ring` does nothing
verify-frozen-manuscript	Verify frozen MF-21 contracts in a fresh sandbox	2026-09-21T02:03:05.4917592Z 
verify-frozen-manuscript	Verify frozen MF-21 contracts in a fresh sandbox	2026-09-21T02:03:05.4918187Z Note: This linter can be disabled with `set_option linter.unusedTactic false`
verify-frozen-manuscript	Verify frozen MF-21 contracts in a fresh sandbox	2026-09-21T02:03:05.4919303Z warning: MF21Restart/KernelDiagonal.lean:59:30: this tactic is never executed
verify-frozen-manuscript	Verify frozen MF-21 contracts in a fresh sandbox	2026-09-21T02:03:05.4920010Z 
verify-frozen-manuscript	Verify frozen MF-21 contracts in a fresh sandbox	2026-09-21T02:03:05.4920585Z Note: This linter can be disabled with `set_option linter.unreachableTactic false`
verify-frozen-manuscript	Verify frozen MF-21 contracts in a fresh sandbox	2026-09-21T02:03:05.4921666Z warning: MF21Restart/KernelDiagonal.lean:61:33: this tactic is never executed
verify-frozen-manuscript	Verify frozen MF-21 contracts in a fresh sandbox	2026-09-21T02:03:05.4922403Z 
verify-frozen-manuscript	Verify frozen MF-21 contracts in a fresh sandbox	2026-09-21T02:03:05.4922977Z Note: This linter can be disabled with `set_option linter.unreachableTactic false`
verify-frozen-manuscript	Verify frozen MF-21 contracts in a fresh sandbox	2026-09-21T02:03:05.4924486Z warning: MF21Restart/KernelDiagonal.lean:98:43: Unused tactic linter: `ring` does nothing
verify-frozen-manuscript	Verify frozen MF-21 contracts in a fresh sandbox	2026-09-21T02:03:05.4925250Z 
verify-frozen-manuscript	Verify frozen MF-21 contracts in a fresh sandbox	2026-09-21T02:03:05.4926194Z Note: This linter can be disabled with `set_option linter.unusedTactic false`
verify-frozen-manuscript	Verify frozen MF-21 contracts in a fresh sandbox	2026-09-21T02:03:05.4927330Z warning: MF21Restart/KernelDiagonal.lean:98:43: this tactic is never executed
verify-frozen-manuscript	Verify frozen MF-21 contracts in a fresh sandbox	2026-09-21T02:03:05.4928027Z 
verify-frozen-manuscript	Verify frozen MF-21 contracts in a fresh sandbox	2026-09-21T02:03:05.4928601Z Note: This linter can be disabled with `set_option linter.unreachableTactic false`
verify-frozen-manuscript	Verify frozen MF-21 contracts in a fresh sandbox	2026-09-21T02:03:05.4930095Z info: MF21Restart/KernelDiagonal.lean:100:0: 'MF21Restart.kernel_diagonal_substitution' depends on axioms: [propext, Classical.choice, Quot.sound]
verify-frozen-manuscript	Verify frozen MF-21 contracts in a fresh sandbox	2026-09-21T02:03:05.4932067Z info: MF21Restart/KernelDiagonal.lean:101:0: 'MF21Restart.kernel_diagonal_integral_value' depends on axioms: [propext, Classical.choice, Quot.sound]
verify-frozen-manuscript	Verify frozen MF-21 contracts in a fresh sandbox	2026-09-21T02:03:06.4909185Z ✔ [3554/3567] Built LeanFormalizations.NumberTheory.Transcendence.HermiteLindemann (2.6s)
verify-frozen-manuscript	Verify frozen MF-21 contracts in a fresh sandbox	2026-09-21T02:03:08.5031384Z ℹ [3556/3567] Built MF21Restart.FourierRecurrenceEquation (3.6s)
verify-frozen-manuscript	Verify frozen MF-21 contracts in a fresh sandbox	2026-09-21T02:03:08.5033484Z info: MF21Restart/FourierRecurrenceEquation.lean:94:0: 'MF21Restart.fourierRecurrence_equation_iff' depends on axioms: [propext, Classical.choice, Quot.sound]
verify-frozen-manuscript	Verify frozen MF-21 contracts in a fresh sandbox	2026-09-21T02:03:08.8035038Z ⚠ [3557/3584] Built MF21Restart.EigenvalueBridge (3.3s)
verify-frozen-manuscript	Verify frozen MF-21 contracts in a fresh sandbox	2026-09-21T02:03:08.8037416Z warning: MF21Restart/EigenvalueBridge.lean:37:31: This simp argument is unused:
verify-frozen-manuscript	Verify frozen MF-21 contracts in a fresh sandbox	2026-09-21T02:03:08.8038446Z   Function.comp_def
verify-frozen-manuscript	Verify frozen MF-21 contracts in a fresh sandbox	2026-09-21T02:03:08.8038879Z 
verify-frozen-manuscript	Verify frozen MF-21 contracts in a fresh sandbox	2026-09-21T02:03:08.8039296Z Hint: Omit it from the simp argument list.
verify-frozen-manuscript	Verify frozen MF-21 contracts in a fresh sandbox	2026-09-21T02:03:08.8040068Z   [apply] simp [orderedEigenvalueList]
verify-frozen-manuscript	Verify frozen MF-21 contracts in a fresh sandbox	2026-09-21T02:03:08.8040609Z 
verify-frozen-manuscript	Verify frozen MF-21 contracts in a fresh sandbox	2026-09-21T02:03:08.8041223Z Note: This linter can be disabled with `set_option linter.unusedSimpArgs false`
verify-frozen-manuscript	Verify frozen MF-21 contracts in a fresh sandbox	2026-09-21T02:03:08.8042970Z info: MF21Restart/EigenvalueBridge.lean:39:0: 'MF21Restart.eigenvalue_index_iff_mem_orderedList' depends on axioms: [propext, Classical.choice, Quot.sound]
verify-frozen-manuscript	Verify frozen MF-21 contracts in a fresh sandbox	2026-09-21T02:03:08.8045238Z info: MF21Restart/EigenvalueBridge.lean:40:0: 'MF21Restart.eigenvalue_index_iff_charpoly_root' depends on axioms: [propext, Classical.choice, Quot.sound]
verify-frozen-manuscript	Verify frozen MF-21 contracts in a fresh sandbox	2026-09-21T02:03:09.6109529Z ✔ [3664/3681] Built LeanFormalizations.NumberTheory.Transcendence.ETranscendental (6.2s)
verify-frozen-manuscript	Verify frozen MF-21 contracts in a fresh sandbox	2026-09-21T02:03:11.8272692Z ℹ [3666/3682] Built MF21Restart.BoundaryToeplitz (3.4s)
verify-frozen-manuscript	Verify frozen MF-21 contracts in a fresh sandbox	2026-09-21T02:03:11.8274365Z info: MF21Restart/BoundaryToeplitz.lean:50:0: 'MF21Restart.boundaryDeterminant_zero_iff_toeplitz_eigenvector' depends on axioms: [propext,
verify-frozen-manuscript	Verify frozen MF-21 contracts in a fresh sandbox	2026-09-21T02:03:11.8275757Z  Classical.choice,
verify-frozen-manuscript	Verify frozen MF-21 contracts in a fresh sandbox	2026-09-21T02:03:11.8276667Z  Quot.sound]
verify-frozen-manuscript	Verify frozen MF-21 contracts in a fresh sandbox	2026-09-21T02:03:12.9274423Z ⚠ [3667/3683] Built MF21Restart.TraceSeriesZeta (3.0s)
verify-frozen-manuscript	Verify frozen MF-21 contracts in a fresh sandbox	2026-09-21T02:03:12.9276787Z warning: MF21Restart/TraceSeriesZeta.lean:64:12: Used `tac1 <;> tac2` where `(tac1; tac2)` would suffice
verify-frozen-manuscript	Verify frozen MF-21 contracts in a fresh sandbox	2026-09-21T02:03:12.9278058Z 
verify-frozen-manuscript	Verify frozen MF-21 contracts in a fresh sandbox	2026-09-21T02:03:12.9278666Z Note: This linter can be disabled with `set_option linter.unnecessarySeqFocus false`
verify-frozen-manuscript	Verify frozen MF-21 contracts in a fresh sandbox	2026-09-21T02:03:12.9280279Z info: MF21Restart/TraceSeriesZeta.lean:75:0: 'MF21Restart.hasSum_even_zeta' depends on axioms: [propext, Classical.choice, Quot.sound]
verify-frozen-manuscript	Verify frozen MF-21 contracts in a fresh sandbox	2026-09-21T02:03:12.9282170Z info: MF21Restart/TraceSeriesZeta.lean:76:0: 'MF21Restart.hasSum_even_zeta_positive' depends on axioms: [propext, Classical.choice, Quot.sound]
verify-frozen-manuscript	Verify frozen MF-21 contracts in a fresh sandbox	2026-09-21T02:03:12.9284038Z info: MF21Restart/TraceSeriesZeta.lean:77:0: 'MF21Restart.hasSum_integer_tail' depends on axioms: [propext, Classical.choice, Quot.sound]
verify-frozen-manuscript	Verify frozen MF-21 contracts in a fresh sandbox	2026-09-21T02:03:12.9286182Z info: MF21Restart/TraceSeriesZeta.lean:78:0: 'MF21Restart.integerTailCorrection_pos' depends on axioms: [propext, Classical.choice, Quot.sound]
verify-frozen-manuscript	Verify frozen MF-21 contracts in a fresh sandbox	2026-09-21T02:03:15.0295156Z ✔ [3668/3684] Built LeanFormalizations.NumberTheory.Transcendence.SubsetSumEsymm (8.6s)
verify-frozen-manuscript	Verify frozen MF-21 contracts in a fresh sandbox	2026-09-21T02:03:16.5319023Z ℹ [3669/3690] Built MF21Restart.RealComplexEigenvalue (3.7s)
verify-frozen-manuscript	Verify frozen MF-21 contracts in a fresh sandbox	2026-09-21T02:03:16.5321591Z info: MF21Restart/RealComplexEigenvalue.lean:67:0: 'MF21Restart.real_matrix_charpoly_root_iff_complex_eigenvector' depends on axioms: [propext,
verify-frozen-manuscript	Verify frozen MF-21 contracts in a fresh sandbox	2026-09-21T02:03:16.5323785Z  Classical.choice,
verify-frozen-manuscript	Verify frozen MF-21 contracts in a fresh sandbox	2026-09-21T02:03:16.5324341Z  Quot.sound]
verify-frozen-manuscript	Verify frozen MF-21 contracts in a fresh sandbox	2026-09-21T02:03:16.5325680Z info: MF21Restart/RealComplexEigenvalue.lean:68:0: 'MF21Restart.eigenvalue_index_iff_boundaryDeterminant_zero' depends on axioms: [propext, Classical.choice, Quot.sound]
verify-frozen-manuscript	Verify frozen MF-21 contracts in a fresh sandbox	2026-09-21T02:03:16.5329460Z info: MF21Restart/RealComplexEigenvalue.lean:69:0: 'MF21Restart.mem_orderedEigenvalueList_iff_boundaryDeterminant_zero' depends on axioms: [propext,
verify-frozen-manuscript	Verify frozen MF-21 contracts in a fresh sandbox	2026-09-21T02:03:16.5331075Z  Classical.choice,
verify-frozen-manuscript	Verify frozen MF-21 contracts in a fresh sandbox	2026-09-21T02:03:16.5334597Z  Quot.sound]
verify-frozen-manuscript	Verify frozen MF-21 contracts in a fresh sandbox	2026-09-21T02:03:17.9338887Z ✔ [3670/3691] Built LeanFormalizations.NumberTheory.Transcendence.PiLindemann (8.4s)
verify-frozen-manuscript	Verify frozen MF-21 contracts in a fresh sandbox	2026-09-21T02:03:18.3348354Z ℹ [3671/3691] Built MF21Restart.StableRootAlgebra (6.4s)
verify-frozen-manuscript	Verify frozen MF-21 contracts in a fresh sandbox	2026-09-21T02:03:18.3351143Z info: MF21Restart/StableRootAlgebra.lean:108:0: 'MF21Restart.stableQuadraticRoot_ne_zero' depends on axioms: [propext, Classical.choice, Quot.sound]
verify-frozen-manuscript	Verify frozen MF-21 contracts in a fresh sandbox	2026-09-21T02:03:18.3353697Z info: MF21Restart/StableRootAlgebra.lean:109:0: 'MF21Restart.stableQuadraticRoot_equation' depends on axioms: [propext, Classical.choice, Quot.sound]
verify-frozen-manuscript	Verify frozen MF-21 contracts in a fresh sandbox	2026-09-21T02:03:18.3356321Z info: MF21Restart/StableRootAlgebra.lean:110:0: 'MF21Restart.stableQuadraticRoot_norm_lt_one' depends on axioms: [propext, Classical.choice, Quot.sound]
verify-frozen-manuscript	Verify frozen MF-21 contracts in a fresh sandbox	2026-09-21T02:03:18.3358546Z info: MF21Restart/StableRootAlgebra.lean:111:0: 'MF21Restart.stableQuadraticRoot_zero' depends on axioms: [propext, Classical.choice, Quot.sound]
verify-frozen-manuscript	Verify frozen MF-21 contracts in a fresh sandbox	2026-09-21T02:03:19.6353078Z ⚠ [3672/3693] Built MF21Restart.TraceSeriesHalf (4.6s)
verify-frozen-manuscript	Verify frozen MF-21 contracts in a fresh sandbox	2026-09-21T02:03:19.6355321Z warning: MF21Restart/TraceSeriesHalf.lean:58:26: this tactic is never executed
verify-frozen-manuscript	Verify frozen MF-21 contracts in a fresh sandbox	2026-09-21T02:03:19.6356385Z 
verify-frozen-manuscript	Verify frozen MF-21 contracts in a fresh sandbox	2026-09-21T02:03:19.6356965Z Note: This linter can be disabled with `set_option linter.unreachableTactic false`
verify-frozen-manuscript	Verify frozen MF-21 contracts in a fresh sandbox	2026-09-21T02:03:19.6358077Z warning: MF21Restart/TraceSeriesHalf.lean:58:26: Unused tactic linter: `ring` does nothing
verify-frozen-manuscript	Verify frozen MF-21 contracts in a fresh sandbox	2026-09-21T02:03:19.6358820Z 
verify-frozen-manuscript	Verify frozen MF-21 contracts in a fresh sandbox	2026-09-21T02:03:19.6359322Z Note: This linter can be disabled with `set_option linter.unusedTactic false`
verify-frozen-manuscript	Verify frozen MF-21 contracts in a fresh sandbox	2026-09-21T02:03:19.6360690Z info: MF21Restart/TraceSeriesHalf.lean:90:0: 'MF21Restart.hasSum_half_integer_zeta' depends on axioms: [propext, Classical.choice, Quot.sound]
verify-frozen-manuscript	Verify frozen MF-21 contracts in a fresh sandbox	2026-09-21T02:03:19.6362352Z info: MF21Restart/TraceSeriesHalf.lean:91:0: 'MF21Restart.hasSum_half_integer_tail' depends on axioms: [propext, Classical.choice, Quot.sound]
verify-frozen-manuscript	Verify frozen MF-21 contracts in a fresh sandbox	2026-09-21T02:03:19.6364074Z info: MF21Restart/TraceSeriesHalf.lean:92:0: 'MF21Restart.halfIntegerTailCorrection_pos' depends on axioms: [propext, Classical.choice, Quot.sound]
verify-frozen-manuscript	Verify frozen MF-21 contracts in a fresh sandbox	2026-09-21T02:03:21.1371092Z ℹ [3673/3696] Built MF21Restart.BoundaryMultiplicity (4.6s)
verify-frozen-manuscript	Verify frozen MF-21 contracts in a fresh sandbox	2026-09-21T02:03:21.1373705Z info: MF21Restart/BoundaryMultiplicity.lean:176:0: 'MF21Restart.boundaryInterior_injective_on_kernel' depends on axioms: [propext, Classical.choice, Quot.sound]
verify-frozen-manuscript	Verify frozen MF-21 contracts in a fresh sandbox	2026-09-21T02:03:21.1376017Z info: MF21Restart/BoundaryMultiplicity.lean:177:0: 'MF21Restart.boundaryInterior_maps_to_eigenspace' depends on axioms: [propext, Classical.choice, Quot.sound]
verify-frozen-manuscript	Verify frozen MF-21 contracts in a fresh sandbox	2026-09-21T02:03:21.1378391Z info: MF21Restart/BoundaryMultiplicity.lean:178:0: 'MF21Restart.boundaryInterior_surjective_to_eigenspace' depends on axioms: [propext, Classical.choice, Quot.sound]
verify-frozen-manuscript	Verify frozen MF-21 contracts in a fresh sandbox	2026-09-21T02:03:21.1380526Z info: MF21Restart/BoundaryMultiplicity.lean:179:0: 'MF21Restart.boundaryEigenspaceMap_bijective' depends on axioms: [propext, Classical.choice, Quot.sound]
verify-frozen-manuscript	Verify frozen MF-21 contracts in a fresh sandbox	2026-09-21T02:03:21.1382613Z info: MF21Restart/BoundaryMultiplicity.lean:180:0: 'MF21Restart.boundary_kernel_finrank_eq_eigenspace' depends on axioms: [propext, Classical.choice, Quot.sound]
verify-frozen-manuscript	Verify frozen MF-21 contracts in a fresh sandbox	2026-09-21T02:03:21.7370083Z ℹ [3674/3698] Built MF21Restart.DeterminantMultiplicity (3.8s)
verify-frozen-manuscript	Verify frozen MF-21 contracts in a fresh sandbox	2026-09-21T02:03:21.7372493Z info: MF21Restart/DeterminantMultiplicity.lean:97:0: 'MF21Restart.det_updateRow_eq_zero_of_two_le_finrank_ker' depends on axioms: [propext, Classical.choice, Quot.sound]
verify-frozen-manuscript	Verify frozen MF-21 contracts in a fresh sandbox	2026-09-21T02:03:21.7374683Z info: MF21Restart/DeterminantMultiplicity.lean:98:0: 'MF21Restart.hasDerivAt_det_curve' depends on axioms: [propext, Classical.choice, Quot.sound]
verify-frozen-manuscript	Verify frozen MF-21 contracts in a fresh sandbox	2026-09-21T02:03:21.7377317Z info: MF21Restart/DeterminantMultiplicity.lean:99:0: 'MF21Restart.hasDerivAt_det_zero_of_two_le_finrank_ker' depends on axioms: [propext, Classical.choice, Quot.sound]
verify-frozen-manuscript	Verify frozen MF-21 contracts in a fresh sandbox	2026-09-21T02:03:21.7379403Z info: MF21Restart/DeterminantMultiplicity.lean:100:0: 'MF21Restart.hasDerivAt_det_zero_of_entrywise_deriv_and_two_le_finrank_ker' depends on axioms: [propext,
verify-frozen-manuscript	Verify frozen MF-21 contracts in a fresh sandbox	2026-09-21T02:03:21.7380721Z  Classical.choice,
verify-frozen-manuscript	Verify frozen MF-21 contracts in a fresh sandbox	2026-09-21T02:03:21.7381247Z  Quot.sound]
verify-frozen-manuscript	Verify frozen MF-21 contracts in a fresh sandbox	2026-09-21T02:03:25.3431408Z ⚠ [3675/3698] Built MF21Restart.AnalyticSlope (4.1s)
verify-frozen-manuscript	Verify frozen MF-21 contracts in a fresh sandbox	2026-09-21T02:03:25.3433475Z warning: MF21Restart/AnalyticSlope.lean:20:14: Used `tac1 <;> tac2` where `(tac1; tac2)` would suffice
verify-frozen-manuscript	Verify frozen MF-21 contracts in a fresh sandbox	2026-09-21T02:03:25.3434485Z 
verify-frozen-manuscript	Verify frozen MF-21 contracts in a fresh sandbox	2026-09-21T02:03:25.3435155Z Note: This linter can be disabled with `set_option linter.unnecessarySeqFocus false`
verify-frozen-manuscript	Verify frozen MF-21 contracts in a fresh sandbox	2026-09-21T02:03:25.3437111Z info: MF21Restart/AnalyticSlope.lean:45:0: 'MF21Restart.analyticAt_dslope_zero' depends on axioms: [propext, Classical.choice, Quot.sound]
verify-frozen-manuscript	Verify frozen MF-21 contracts in a fresh sandbox	2026-09-21T02:03:25.3439207Z info: MF21Restart/AnalyticSlope.lean:46:0: 'MF21Restart.analyticAt_dslope_of_forall_analyticAt' depends on axioms: [propext, Classical.choice, Quot.sound]
verify-frozen-manuscript	Verify frozen MF-21 contracts in a fresh sandbox	2026-09-21T02:03:25.9434467Z ℹ [3676/3699] Built MF21Restart.SimpleDeterminant (4.2s)
verify-frozen-manuscript	Verify frozen MF-21 contracts in a fresh sandbox	2026-09-21T02:03:25.9437220Z info: MF21Restart/SimpleDeterminant.lean:45:0: 'MF21Restart.finrank_ker_eq_one_of_simple_determinant_zero' depends on axioms: [propext, Classical.choice, Quot.sound]
verify-frozen-manuscript	Verify frozen MF-21 contracts in a fresh sandbox	2026-09-21T02:03:25.9439570Z info: MF21Restart/SimpleDeterminant.lean:46:0: 'MF21Restart.toeplitz_eigenspace_finrank_eq_one_of_simple_boundary_zero' depends on axioms: [propext,
verify-frozen-manuscript	Verify frozen MF-21 contracts in a fresh sandbox	2026-09-21T02:03:25.9441000Z  Classical.choice,
verify-frozen-manuscript	Verify frozen MF-21 contracts in a fresh sandbox	2026-09-21T02:03:25.9441574Z  Quot.sound]
verify-frozen-manuscript	Verify frozen MF-21 contracts in a fresh sandbox	2026-09-21T02:03:27.8469581Z ✔ [3677/3701] Built LeanFormalizations.NumberTheory.Transcendence.MonicRootSums (9.5s)
verify-frozen-manuscript	Verify frozen MF-21 contracts in a fresh sandbox	2026-09-21T02:03:29.6483709Z ⚠ [3678/3716] Built MF21Restart.VandermondeScale (3.7s)
verify-frozen-manuscript	Verify frozen MF-21 contracts in a fresh sandbox	2026-09-21T02:03:29.6485104Z warning: MF21Restart/VandermondeScale.lean:21:21: Used `tac1 <;> tac2` where `(tac1; tac2)` would suffice
verify-frozen-manuscript	Verify frozen MF-21 contracts in a fresh sandbox	2026-09-21T02:03:29.6486366Z 
verify-frozen-manuscript	Verify frozen MF-21 contracts in a fresh sandbox	2026-09-21T02:03:29.6487054Z Note: This linter can be disabled with `set_option linter.unnecessarySeqFocus false`
verify-frozen-manuscript	Verify frozen MF-21 contracts in a fresh sandbox	2026-09-21T02:03:29.6488743Z info: MF21Restart/VandermondeScale.lean:41:0: 'MF21Restart.twice_vandermondeDegree' depends on axioms: [propext, Classical.choice, Quot.sound]
verify-frozen-manuscript	Verify frozen MF-21 contracts in a fresh sandbox	2026-09-21T02:03:29.6490698Z info: MF21Restart/VandermondeScale.lean:42:0: 'MF21Restart.vandermonde_mul_scalar' depends on axioms: [propext, Classical.choice, Quot.sound]
verify-frozen-manuscript	Verify frozen MF-21 contracts in a fresh sandbox	2026-09-21T02:03:29.6492559Z info: MF21Restart/VandermondeScale.lean:43:0: 'MF21Restart.vandermonde_one_add_mul' depends on axioms: [propext, Classical.choice, Quot.sound]
verify-frozen-manuscript	Verify frozen MF-21 contracts in a fresh sandbox	2026-09-21T02:03:30.6525471Z ⚠ [3679/3717] Built MF21Restart.EigenvalueMultiplicity (5.4s)
verify-frozen-manuscript	Verify frozen MF-21 contracts in a fresh sandbox	2026-09-21T02:03:30.6527149Z warning: MF21Restart/EigenvalueMultiplicity.lean:89:33: This simp argument is unused:
verify-frozen-manuscript	Verify frozen MF-21 contracts in a fresh sandbox	2026-09-21T02:03:30.6528752Z   Function.comp_def
verify-frozen-manuscript	Verify frozen MF-21 contracts in a fresh sandbox	2026-09-21T02:03:30.6529318Z 
verify-frozen-manuscript	Verify frozen MF-21 contracts in a fresh sandbox	2026-09-21T02:03:30.6529767Z Hint: Omit it from the simp argument list.
verify-frozen-manuscript	Verify frozen MF-21 contracts in a fresh sandbox	2026-09-21T02:03:30.6530614Z   [apply] simp [orderedEigenvalueList]
verify-frozen-manuscript	Verify frozen MF-21 contracts in a fresh sandbox	2026-09-21T02:03:30.6531174Z 
verify-frozen-manuscript	Verify frozen MF-21 contracts in a fresh sandbox	2026-09-21T02:03:30.6531801Z Note: This linter can be disabled with `set_option linter.unusedSimpArgs false`
verify-frozen-manuscript	Verify frozen MF-21 contracts in a fresh sandbox	2026-09-21T02:03:30.6533563Z info: MF21Restart/EigenvalueMultiplicity.lean:141:0: 'MF21Restart.count_orderedEigenvalueList_eq_complex_eigenspace_finrank' depends on axioms: [propext,
verify-frozen-manuscript	Verify frozen MF-21 contracts in a fresh sandbox	2026-09-21T02:03:30.6535042Z  Classical.choice,
verify-frozen-manuscript	Verify frozen MF-21 contracts in a fresh sandbox	2026-09-21T02:03:30.6535638Z  Quot.sound]
verify-frozen-manuscript	Verify frozen MF-21 contracts in a fresh sandbox	2026-09-21T02:03:30.6537472Z info: MF21Restart/EigenvalueMultiplicity.lean:142:0: 'MF21Restart.existsUnique_eigenvalue_index_of_complex_eigenspace_finrank_one' depends on axioms: [propext,
verify-frozen-manuscript	Verify frozen MF-21 contracts in a fresh sandbox	2026-09-21T02:03:30.6538973Z  Classical.choice,
verify-frozen-manuscript	Verify frozen MF-21 contracts in a fresh sandbox	2026-09-21T02:03:30.6539584Z  Quot.sound]
verify-frozen-manuscript	Verify frozen MF-21 contracts in a fresh sandbox	2026-09-21T02:03:31.3537650Z ✔ [3680/3719] Built LeanFormalizations.NumberTheory.Transcendence.PiTranscendental (3.5s)
verify-frozen-manuscript	Verify frozen MF-21 contracts in a fresh sandbox	2026-09-21T02:03:34.7568841Z ℹ [3681/3721] Built MF21Restart.PiTranscendence (3.4s)
verify-frozen-manuscript	Verify frozen MF-21 contracts in a fresh sandbox	2026-09-21T02:03:34.7570574Z info: MF21Restart/PiTranscendence.lean:15:0: 'MF21Restart.pi_transcendental' depends on axioms: [propext, Classical.choice, Quot.sound]
verify-frozen-manuscript	Verify frozen MF-21 contracts in a fresh sandbox	2026-09-21T02:03:35.9573979Z ⚠ [3683/3721] Built MF21Restart.SpectralEnclosure (6.3s)
verify-frozen-manuscript	Verify frozen MF-21 contracts in a fresh sandbox	2026-09-21T02:03:35.9575525Z warning: MF21Restart/SpectralEnclosure.lean:190:35: Variable name `hm` is not explicitly referenced.
verify-frozen-manuscript	Verify frozen MF-21 contracts in a fresh sandbox	2026-09-21T02:03:35.9576904Z 
verify-frozen-manuscript	Verify frozen MF-21 contracts in a fresh sandbox	2026-09-21T02:03:35.9578189Z Hint: The binding can be removed (if unused) or named `_` (if used implicitly). Alternatively, prefix the name with `_` to silence this warning:
verify-frozen-manuscript	Verify frozen MF-21 contracts in a fresh sandbox	2026-09-21T02:03:35.9579680Z   [apply] _hm
verify-frozen-manuscript	Verify frozen MF-21 contracts in a fresh sandbox	2026-09-21T02:03:35.9580133Z 
verify-frozen-manuscript	Verify frozen MF-21 contracts in a fresh sandbox	2026-09-21T02:03:35.9580806Z Note: This linter can be disabled with `set_option linter.unusedVariables false`
verify-frozen-manuscript	Verify frozen MF-21 contracts in a fresh sandbox	2026-09-21T02:03:35.9582576Z info: MF21Restart/SpectralEnclosure.lean:265:0: 'MF21Restart.toeplitz_posDef' depends on axioms: [propext, Classical.choice, Quot.sound]
verify-frozen-manuscript	Verify frozen MF-21 contracts in a fresh sandbox	2026-09-21T02:03:35.9584860Z info: MF21Restart/SpectralEnclosure.lean:266:0: 'MF21Restart.toeplitz_upper_complement_posDef' depends on axioms: [propext, Classical.choice, Quot.sound]
verify-frozen-manuscript	Verify frozen MF-21 contracts in a fresh sandbox	2026-09-21T02:03:35.9588532Z info: MF21Restart/SpectralEnclosure.lean:267:0: 'MF21Restart.eigenvalue_strict_spectral_enclosure' depends on axioms: [propext, Classical.choice, Quot.sound]
verify-frozen-manuscript	Verify frozen MF-21 contracts in a fresh sandbox	2026-09-21T02:03:37.4583432Z ⚠ [3684/3722] Built MF21Restart.WeightedBinomialInverse (6.8s)
verify-frozen-manuscript	Verify frozen MF-21 contracts in a fresh sandbox	2026-09-21T02:03:37.4586657Z warning: MF21Restart/WeightedBinomialInverse.lean:110:57: Variable name `hm` is not explicitly referenced.
verify-frozen-manuscript	Verify frozen MF-21 contracts in a fresh sandbox	2026-09-21T02:03:37.4587571Z 
verify-frozen-manuscript	Verify frozen MF-21 contracts in a fresh sandbox	2026-09-21T02:03:37.4588445Z Hint: The binding can be removed (if unused) or named `_` (if used implicitly). Alternatively, prefix the name with `_` to silence this warning:
verify-frozen-manuscript	Verify frozen MF-21 contracts in a fresh sandbox	2026-09-21T02:03:37.4589587Z   [apply] _hm
verify-frozen-manuscript	Verify frozen MF-21 contracts in a fresh sandbox	2026-09-21T02:03:37.4589928Z 
verify-frozen-manuscript	Verify frozen MF-21 contracts in a fresh sandbox	2026-09-21T02:03:37.4590466Z Note: This linter can be disabled with `set_option linter.unusedVariables false`
verify-frozen-manuscript	Verify frozen MF-21 contracts in a fresh sandbox	2026-09-21T02:03:37.4591617Z warning: MF21Restart/WeightedBinomialInverse.lean:154:30: This simp argument is unused:
verify-frozen-manuscript	Verify frozen MF-21 contracts in a fresh sandbox	2026-09-21T02:03:37.4592505Z   Nat.cast_add
verify-frozen-manuscript	Verify frozen MF-21 contracts in a fresh sandbox	2026-09-21T02:03:37.4592876Z 
verify-frozen-manuscript	Verify frozen MF-21 contracts in a fresh sandbox	2026-09-21T02:03:37.4593227Z Hint: Omit it from the simp argument list.
verify-frozen-manuscript	Verify frozen MF-21 contracts in a fresh sandbox	2026-09-21T02:03:37.4593947Z   [apply] simp only [Nat.cast_succ, Nat.cast_one]
verify-frozen-manuscript	Verify frozen MF-21 contracts in a fresh sandbox	2026-09-21T02:03:37.4594442Z 
verify-frozen-manuscript	Verify frozen MF-21 contracts in a fresh sandbox	2026-09-21T02:03:37.4594959Z Note: This linter can be disabled with `set_option linter.unusedSimpArgs false`
verify-frozen-manuscript	Verify frozen MF-21 contracts in a fresh sandbox	2026-09-21T02:03:37.4596389Z warning: MF21Restart/WeightedBinomialInverse.lean:154:44: This simp argument is unused:
verify-frozen-manuscript	Verify frozen MF-21 contracts in a fresh sandbox	2026-09-21T02:03:37.4597331Z   Nat.cast_one
verify-frozen-manuscript	Verify frozen MF-21 contracts in a fresh sandbox	2026-09-21T02:03:37.4597677Z 
verify-frozen-manuscript	Verify frozen MF-21 contracts in a fresh sandbox	2026-09-21T02:03:37.4598017Z Hint: Omit it from the simp argument list.
verify-frozen-manuscript	Verify frozen MF-21 contracts in a fresh sandbox	2026-09-21T02:03:37.4598750Z   [apply] simp only [Nat.cast_succ, Nat.cast_add]
verify-frozen-manuscript	Verify frozen MF-21 contracts in a fresh sandbox	2026-09-21T02:03:37.4599238Z 
verify-frozen-manuscript	Verify frozen MF-21 contracts in a fresh sandbox	2026-09-21T02:03:37.4599767Z Note: This linter can be disabled with `set_option linter.unusedSimpArgs false`
verify-frozen-manuscript	Verify frozen MF-21 contracts in a fresh sandbox	2026-09-21T02:03:37.4601364Z info: MF21Restart/WeightedBinomialInverse.lean:269:0: 'MF21Restart.weightedBinomialRisingSum_recurrence' depends on axioms: [propext, Classical.choice, Quot.sound]
verify-frozen-manuscript	Verify frozen MF-21 contracts in a fresh sandbox	2026-09-21T02:03:37.4603770Z info: MF21Restart/WeightedBinomialInverse.lean:270:0: 'MF21Restart.weightedBinomialRisingSum_eq' depends on axioms: [propext, Classical.choice, Quot.sound]
verify-frozen-manuscript	Verify frozen MF-21 contracts in a fresh sandbox	2026-09-21T02:03:37.4606075Z info: MF21Restart/WeightedBinomialInverse.lean:271:0: 'MF21Restart.weightedBinomialInverse_identity' depends on axioms: [propext, Classical.choice, Quot.sound]
verify-frozen-manuscript	Verify frozen MF-21 contracts in a fresh sandbox	2026-09-21T02:03:38.3594843Z ℹ [3685/3723] Built MF21Restart.TraceIrrationality (3.6s)
verify-frozen-manuscript	Verify frozen MF-21 contracts in a fresh sandbox	2026-09-21T02:03:38.3597408Z info: MF21Restart/TraceIrrationality.lean:22:0: 'MF21Restart.rational_sub_div_pi_pow_irrational' depends on axioms: [propext, Classical.choice, Quot.sound]
verify-frozen-manuscript	Verify frozen MF-21 contracts in a fresh sandbox	2026-09-21T02:03:38.3599618Z info: MF21Restart/TraceIrrationality.lean:23:0: 'MF21Restart.trace_rational_form_irrational' depends on axioms: [propext, Classical.choice, Quot.sound]
verify-frozen-manuscript	Verify frozen MF-21 contracts in a fresh sandbox	2026-09-21T02:03:40.9635185Z ℹ [3686/3724] Built MF21Restart.MatrixInverseAlgebra (2.6s)
verify-frozen-manuscript	Verify frozen MF-21 contracts in a fresh sandbox	2026-09-21T02:03:40.9638211Z info: MF21Restart/MatrixInverseAlgebra.lean:58:0: 'MF21Restart.diagonal_reciprocal_mul' depends on axioms: [propext, Classical.choice, Quot.sound]
verify-frozen-manuscript	Verify frozen MF-21 contracts in a fresh sandbox	2026-09-21T02:03:40.9640889Z info: MF21Restart/MatrixInverseAlgebra.lean:59:0: 'MF21Restart.diagonal_mul_reciprocal' depends on axioms: [propext, Classical.choice, Quot.sound]
verify-frozen-manuscript	Verify frozen MF-21 contracts in a fresh sandbox	2026-09-21T02:03:40.9643344Z info: MF21Restart/MatrixInverseAlgebra.lean:60:0: 'MF21Restart.rightInverse_of_weighted_factorization' depends on axioms: [propext, Classical.choice, Quot.sound]
verify-frozen-manuscript	Verify frozen MF-21 contracts in a fresh sandbox	2026-09-21T02:03:40.9645768Z info: MF21Restart/MatrixInverseAlgebra.lean:61:0: 'MF21Restart.inverse_of_weighted_factorization' depends on axioms: [propext, Classical.choice, Quot.sound]
verify-frozen-manuscript	Verify frozen MF-21 contracts in a fresh sandbox	2026-09-21T02:03:41.9653917Z ℹ [3687/3729] Built MF21Restart.TriangularInverse (4.5s)
verify-frozen-manuscript	Verify frozen MF-21 contracts in a fresh sandbox	2026-09-21T02:03:41.9657075Z info: MF21Restart/TriangularInverse.lean:134:0: 'MF21Restart.powerSeriesUpperMatrix_one' depends on axioms: [propext, Classical.choice, Quot.sound]
verify-frozen-manuscript	Verify frozen MF-21 contracts in a fresh sandbox	2026-09-21T02:03:41.9659691Z info: MF21Restart/TriangularInverse.lean:135:0: 'MF21Restart.powerSeriesUpperMatrix_mul' depends on axioms: [propext, Classical.choice, Quot.sound]
verify-frozen-manuscript	Verify frozen MF-21 contracts in a fresh sandbox	2026-09-21T02:03:41.9662153Z info: MF21Restart/TriangularInverse.lean:136:0: 'MF21Restart.binomialUpperMatrix_mul_difference' depends on axioms: [propext, Classical.choice, Quot.sound]
verify-frozen-manuscript	Verify frozen MF-21 contracts in a fresh sandbox	2026-09-21T02:03:41.9664548Z info: MF21Restart/TriangularInverse.lean:137:0: 'MF21Restart.differenceUpperMatrix_mul_binomial' depends on axioms: [propext, Classical.choice, Quot.sound]
verify-frozen-manuscript	Verify frozen MF-21 contracts in a fresh sandbox	2026-09-21T02:03:41.9667266Z info: MF21Restart/TriangularInverse.lean:138:0: 'MF21Restart.binomialUpperMatrix_apply' depends on axioms: [propext, Classical.choice, Quot.sound]
verify-frozen-manuscript	Verify frozen MF-21 contracts in a fresh sandbox	2026-09-21T02:03:41.9669678Z info: MF21Restart/TriangularInverse.lean:139:0: 'MF21Restart.powerSeries_coeff_one_sub_pow' depends on axioms: [propext, Classical.choice, Quot.sound]
verify-frozen-manuscript	Verify frozen MF-21 contracts in a fresh sandbox	2026-09-21T02:03:41.9672030Z info: MF21Restart/TriangularInverse.lean:140:0: 'MF21Restart.differenceUpperMatrix_apply' depends on axioms: [propext, Classical.choice, Quot.sound]
verify-frozen-manuscript	Verify frozen MF-21 contracts in a fresh sandbox	2026-09-21T02:03:42.1771654Z ℹ [3688/3730] Built MF21Restart.FourierBinomialStencil (6.3s)
verify-frozen-manuscript	Verify frozen MF-21 contracts in a fresh sandbox	2026-09-21T02:03:42.1774483Z info: MF21Restart/FourierBinomialStencil.lean:108:0: 'MF21Restart.fourierStencilPolynomial_eq' depends on axioms: [propext, Classical.choice, Quot.sound]
verify-frozen-manuscript	Verify frozen MF-21 contracts in a fresh sandbox	2026-09-21T02:03:42.1777226Z info: MF21Restart/FourierBinomialStencil.lean:109:0: 'MF21Restart.fourierCoeff_shifted_binomial' depends on axioms: [propext, Classical.choice, Quot.sound]
verify-frozen-manuscript	Verify frozen MF-21 contracts in a fresh sandbox	2026-09-21T02:03:44.6816378Z ℹ [3689/3731] Built MF21Restart.TraceSeriesOdd (3.8s)
verify-frozen-manuscript	Verify frozen MF-21 contracts in a fresh sandbox	2026-09-21T02:03:44.6818788Z info: MF21Restart/TraceSeriesOdd.lean:47:0: 'MF21Restart.integer_shift_trace_series_irrational' depends on axioms: [propext, Classical.choice, Quot.sound]
verify-frozen-manuscript	Verify frozen MF-21 contracts in a fresh sandbox	2026-09-21T02:03:44.6820998Z info: MF21Restart/TraceSeriesOdd.lean:48:0: 'MF21Restart.trace_series_irrational_of_odd' depends on axioms: [propext, Classical.choice, Quot.sound]
verify-frozen-manuscript	Verify frozen MF-21 contracts in a fresh sandbox	2026-09-21T02:03:45.3825451Z ℹ [3690/3732] Built MF21Restart.SpectralOrder (3.4s)
verify-frozen-manuscript	Verify frozen MF-21 contracts in a fresh sandbox	2026-09-21T02:03:45.3828701Z info: MF21Restart/SpectralOrder.lean:73:0: 'MF21Restart.symbol_zero' depends on axioms: [propext, Classical.choice, Quot.sound]
verify-frozen-manuscript	Verify frozen MF-21 contracts in a fresh sandbox	2026-09-21T02:03:45.3830692Z info: MF21Restart/SpectralOrder.lean:74:0: 'MF21Restart.symbol_pi' depends on axioms: [propext, Classical.choice, Quot.sound]
verify-frozen-manuscript	Verify frozen MF-21 contracts in a fresh sandbox	2026-09-21T02:03:45.3832650Z info: MF21Restart/SpectralOrder.lean:75:0: 'MF21Restart.symbol_strictMonoOn' depends on axioms: [propext, Classical.choice, Quot.sound]
verify-frozen-manuscript	Verify frozen MF-21 contracts in a fresh sandbox	2026-09-21T02:03:45.3834818Z info: MF21Restart/SpectralOrder.lean:76:0: 'MF21Restart.orderedEigenvalue_monotone' depends on axioms: [propext, Classical.choice, Quot.sound]
verify-frozen-manuscript	Verify frozen MF-21 contracts in a fresh sandbox	2026-09-21T02:03:45.3837268Z info: MF21Restart/SpectralOrder.lean:77:0: 'MF21Restart.eigenvalue_existsUnique_angle' depends on axioms: [propext, Classical.choice, Quot.sound]
verify-frozen-manuscript	Verify frozen MF-21 contracts in a fresh sandbox	2026-09-21T02:03:45.9833029Z ℹ [3691/3739] Built MF21Restart.OrderedTailCounting (3.8s)
verify-frozen-manuscript	Verify frozen MF-21 contracts in a fresh sandbox	2026-09-21T02:03:45.9835205Z info: MF21Restart/OrderedTailCounting.lean:87:0: 'MF21Restart.ordered_tail_index' depends on axioms: [propext, Classical.choice, Quot.sound]
verify-frozen-manuscript	Verify frozen MF-21 contracts in a fresh sandbox	2026-09-21T02:03:49.2868774Z ℹ [3697/3739] Built MF21Restart.ToeplitzWeightedFactorization (4.6s)
verify-frozen-manuscript	Verify frozen MF-21 contracts in a fresh sandbox	2026-09-21T02:03:49.2871714Z info: MF21Restart/ToeplitzWeightedFactorization.lean:159:0: 'MF21Restart.toeplitz_weighted_factorization' depends on axioms: [propext, Classical.choice, Quot.sound]
verify-frozen-manuscript	Verify frozen MF-21 contracts in a fresh sandbox	2026-09-21T02:03:50.0892681Z ℹ [3698/3762] Built MF21Restart.TraceSeries (4.7s)
verify-frozen-manuscript	Verify frozen MF-21 contracts in a fresh sandbox	2026-09-21T02:03:50.0894906Z info: MF21Restart/TraceSeries.lean:50:0: 'MF21Restart.half_integer_shift_trace_series_irrational' depends on axioms: [propext, Classical.choice, Quot.sound]
verify-frozen-manuscript	Verify frozen MF-21 contracts in a fresh sandbox	2026-09-21T02:03:50.0897327Z info: MF21Restart/TraceSeries.lean:51:0: 'MF21Restart.trace_series_irrational' depends on axioms: [propext, Classical.choice, Quot.sound]
verify-frozen-manuscript	Verify frozen MF-21 contracts in a fresh sandbox	2026-09-21T02:03:52.6938543Z ⚠ [3715/3765] Built MF21Restart.UniformImplicitScalar (6.7s)
verify-frozen-manuscript	Verify frozen MF-21 contracts in a fresh sandbox	2026-09-21T02:03:52.6940490Z warning: MF21Restart/UniformImplicitScalar.lean:152:10: `ext` did not consume the patterns `z`
verify-frozen-manuscript	Verify frozen MF-21 contracts in a fresh sandbox	2026-09-21T02:03:52.6941396Z 
verify-frozen-manuscript	Verify frozen MF-21 contracts in a fresh sandbox	2026-09-21T02:03:52.6942044Z Note: This linter can be disabled with `set_option linter.unusedRCasesPattern false`
verify-frozen-manuscript	Verify frozen MF-21 contracts in a fresh sandbox	2026-09-21T02:03:52.6943640Z info: MF21Restart/UniformImplicitScalar.lean:181:0: 'MF21Restart.uniform_implicit_scalar' depends on axioms: [propext, Classical.choice, Quot.sound]
verify-frozen-manuscript	Verify frozen MF-21 contracts in a fresh sandbox	2026-09-21T02:03:52.9942087Z ℹ [3717/3767] Built MF21Restart.ToeplitzInverse (3.7s)
verify-frozen-manuscript	Verify frozen MF-21 contracts in a fresh sandbox	2026-09-21T02:03:52.9944622Z info: MF21Restart/ToeplitzInverse.lean:73:0: 'MF21Restart.risingFactorial_succ_pos' depends on axioms: [propext, Classical.choice, Quot.sound]
verify-frozen-manuscript	Verify frozen MF-21 contracts in a fresh sandbox	2026-09-21T02:03:52.9947216Z info: MF21Restart/ToeplitzInverse.lean:74:0: 'MF21Restart.toeplitz_mul_manuscriptFiniteInverse' depends on axioms: [propext, Classical.choice, Quot.sound]
verify-frozen-manuscript	Verify frozen MF-21 contracts in a fresh sandbox	2026-09-21T02:03:52.9949463Z info: MF21Restart/ToeplitzInverse.lean:75:0: 'MF21Restart.toeplitz_inverse_factorization' depends on axioms: [propext, Classical.choice, Quot.sound]
verify-frozen-manuscript	Verify frozen MF-21 contracts in a fresh sandbox	2026-09-21T02:03:52.9951549Z info: MF21Restart/ToeplitzInverse.lean:76:0: 'MF21Restart.toeplitz_inverse_apply' depends on axioms: [propext, Classical.choice, Quot.sound]
verify-frozen-manuscript	Verify frozen MF-21 contracts in a fresh sandbox	2026-09-21T02:03:54.1123019Z ⚠ [3719/3768] Built MF21Restart.SymbolDerivative (3.0s)
verify-frozen-manuscript	Verify frozen MF-21 contracts in a fresh sandbox	2026-09-21T02:03:54.1125335Z warning: MF21Restart/SymbolDerivative.lean:22:71: Used `tac1 <;> tac2` where `(tac1; tac2)` would suffice
verify-frozen-manuscript	Verify frozen MF-21 contracts in a fresh sandbox	2026-09-21T02:03:54.1126566Z 
verify-frozen-manuscript	Verify frozen MF-21 contracts in a fresh sandbox	2026-09-21T02:03:54.1127209Z Note: This linter can be disabled with `set_option linter.unnecessarySeqFocus false`
verify-frozen-manuscript	Verify frozen MF-21 contracts in a fresh sandbox	2026-09-21T02:03:54.1128563Z warning: MF21Restart/SymbolDerivative.lean:23:24: Used `tac1 <;> tac2` where `(tac1; tac2)` would suffice
verify-frozen-manuscript	Verify frozen MF-21 contracts in a fresh sandbox	2026-09-21T02:03:54.1129433Z 
verify-frozen-manuscript	Verify frozen MF-21 contracts in a fresh sandbox	2026-09-21T02:03:54.1130041Z Note: This linter can be disabled with `set_option linter.unnecessarySeqFocus false`
verify-frozen-manuscript	Verify frozen MF-21 contracts in a fresh sandbox	2026-09-21T02:03:54.1131608Z info: MF21Restart/SymbolDerivative.lean:58:0: 'MF21Restart.symbol_hasDerivAt' depends on axioms: [propext, Classical.choice, Quot.sound]
verify-frozen-manuscript	Verify frozen MF-21 contracts in a fresh sandbox	2026-09-21T02:03:54.1133480Z info: MF21Restart/SymbolDerivative.lean:59:0: 'MF21Restart.abs_symbol_deriv_le' depends on axioms: [propext, Classical.choice, Quot.sound]
verify-frozen-manuscript	Verify frozen MF-21 contracts in a fresh sandbox	2026-09-21T02:03:54.1135746Z info: MF21Restart/SymbolDerivative.lean:60:0: 'MF21Restart.symbol_difference_le' depends on axioms: [propext, Classical.choice, Quot.sound]
verify-frozen-manuscript	Verify frozen MF-21 contracts in a fresh sandbox	2026-09-21T02:03:57.3177478Z ℹ [3720/3769] Built MF21Restart.InverseKernelEntries (4.3s)
verify-frozen-manuscript	Verify frozen MF-21 contracts in a fresh sandbox	2026-09-21T02:03:57.3180503Z info: MF21Restart/InverseKernelEntries.lean:64:0: 'MF21Restart.choose_add_eq_rising_div_factorial' depends on axioms: [propext, Classical.choice, Quot.sound]
verify-frozen-manuscript	Verify frozen MF-21 contracts in a fresh sandbox	2026-09-21T02:03:57.3183324Z info: MF21Restart/InverseKernelEntries.lean:65:0: 'MF21Restart.toeplitz_inverse_apply_rising' depends on axioms: [propext, Classical.choice, Quot.sound]
verify-frozen-manuscript	Verify frozen MF-21 contracts in a fresh sandbox	2026-09-21T02:03:57.3186588Z info: MF21Restart/InverseKernelEntries.lean:66:0: 'MF21Restart.toeplitz_submatrix_rev' depends on axioms: [propext, Classical.choice, Quot.sound]
verify-frozen-manuscript	Verify frozen MF-21 contracts in a fresh sandbox	2026-09-21T02:03:57.3188861Z info: MF21Restart/InverseKernelEntries.lean:67:0: 'MF21Restart.toeplitz_inverse_rev' depends on axioms: [propext, Classical.choice, Quot.sound]
verify-frozen-manuscript	Verify frozen MF-21 contracts in a fresh sandbox	2026-09-21T02:03:57.7213988Z ⚠ [3721/3770] Built MF21Restart.ParametricTaylor (5.1s)
verify-frozen-manuscript	Verify frozen MF-21 contracts in a fresh sandbox	2026-09-21T02:03:57.7217059Z warning: MF21Restart/ParametricTaylor.lean:70:33: Variable name `hL` is not explicitly referenced.
verify-frozen-manuscript	Verify frozen MF-21 contracts in a fresh sandbox	2026-09-21T02:03:57.7218593Z 
verify-frozen-manuscript	Verify frozen MF-21 contracts in a fresh sandbox	2026-09-21T02:03:57.7219678Z Hint: The binding can be removed (if unused) or named `_` (if used implicitly). Alternatively, prefix the name with `_` to silence this warning:
verify-frozen-manuscript	Verify frozen MF-21 contracts in a fresh sandbox	2026-09-21T02:03:57.7221120Z   [apply] _hL
verify-frozen-manuscript	Verify frozen MF-21 contracts in a fresh sandbox	2026-09-21T02:03:57.7221587Z 
verify-frozen-manuscript	Verify frozen MF-21 contracts in a fresh sandbox	2026-09-21T02:03:57.7222294Z Note: This linter can be disabled with `set_option linter.unusedVariables false`
verify-frozen-manuscript	Verify frozen MF-21 contracts in a fresh sandbox	2026-09-21T02:03:57.7224208Z info: MF21Restart/ParametricTaylor.lean:133:0: 'MF21Restart.verticalIteratedDeriv_contDiffAt' depends on axioms: [propext, Classical.choice, Quot.sound]
verify-frozen-manuscript	Verify frozen MF-21 contracts in a fresh sandbox	2026-09-21T02:03:57.7226957Z info: MF21Restart/ParametricTaylor.lean:134:0: 'MF21Restart.parametricTaylorCoefficient_contDiffAt' depends on axioms: [propext, Classical.choice, Quot.sound]
verify-frozen-manuscript	Verify frozen MF-21 contracts in a fresh sandbox	2026-09-21T02:03:57.7229449Z info: MF21Restart/ParametricTaylor.lean:135:0: 'MF21Restart.parametricTaylor_uniform_remainder' depends on axioms: [propext, Classical.choice, Quot.sound]
verify-frozen-manuscript	Verify frozen MF-21 contracts in a fresh sandbox	2026-09-21T02:03:57.8211235Z ℹ [3722/3771] Built MF21Restart.CirculantEmbedding (3.7s)
verify-frozen-manuscript	Verify frozen MF-21 contracts in a fresh sandbox	2026-09-21T02:03:57.8213781Z info: MF21Restart/CirculantEmbedding.lean:95:0: 'MF21Restart.fourierCirculant_apply' depends on axioms: [propext, Classical.choice, Quot.sound]
verify-frozen-manuscript	Verify frozen MF-21 contracts in a fresh sandbox	2026-09-21T02:03:57.8216475Z info: MF21Restart/CirculantEmbedding.lean:96:0: 'MF21Restart.fourierCirculant_isHermitian' depends on axioms: [propext, Classical.choice, Quot.sound]
verify-frozen-manuscript	Verify frozen MF-21 contracts in a fresh sandbox	2026-09-21T02:03:57.8218858Z info: MF21Restart/CirculantEmbedding.lean:97:0: 'MF21Restart.toeplitz_eq_circulant_submatrix' depends on axioms: [propext, Classical.choice, Quot.sound]
verify-frozen-manuscript	Verify frozen MF-21 contracts in a fresh sandbox	2026-09-21T02:04:01.2238986Z ℹ [3723/3781] Built MF21Restart.RiemannCellBound (3.9s)
verify-frozen-manuscript	Verify frozen MF-21 contracts in a fresh sandbox	2026-09-21T02:04:01.2240964Z info: MF21Restart/RiemannCellBound.lean:58:0: 'MF21Restart.riemann_right_sum_error_bound' depends on axioms: [propext, Classical.choice, Quot.sound]
verify-frozen-manuscript	Verify frozen MF-21 contracts in a fresh sandbox	2026-09-21T02:04:01.8255263Z ℹ [3724/3786] Built MF21Restart.VerticalPowerFactor (3.0s)
verify-frozen-manuscript	Verify frozen MF-21 contracts in a fresh sandbox	2026-09-21T02:04:01.8257631Z info: MF21Restart/VerticalPowerFactor.lean:80:0: 'MF21Restart.verticalPowerFactor_contDiffAt' depends on axioms: [propext, Classical.choice, Quot.sound]
verify-frozen-manuscript	Verify frozen MF-21 contracts in a fresh sandbox	2026-09-21T02:04:01.8259701Z info: MF21Restart/VerticalPowerFactor.lean:81:0: 'MF21Restart.verticalIteratedDeriv_pow_factor' depends on axioms: [propext, Classical.choice, Quot.sound]
verify-frozen-manuscript	Verify frozen MF-21 contracts in a fresh sandbox	2026-09-21T02:04:01.8264713Z ℹ [3725/3786] Built MF21Restart.ScaledRising (4.1s)
verify-frozen-manuscript	Verify frozen MF-21 contracts in a fresh sandbox	2026-09-21T02:04:01.8286956Z info: MF21Restart/ScaledRising.lean:100:0: 'MF21Restart.scaledRising_succ' depends on axioms: [propext, Classical.choice, Quot.sound]
verify-frozen-manuscript	Verify frozen MF-21 contracts in a fresh sandbox	2026-09-21T02:04:01.8288853Z info: MF21Restart/ScaledRising.lean:101:0: 'MF21Restart.scaledRising_zero_step' depends on axioms: [propext, Classical.choice, Quot.sound]
verify-frozen-manuscript	Verify frozen MF-21 contracts in a fresh sandbox	2026-09-21T02:04:01.8290651Z info: MF21Restart/ScaledRising.lean:102:0: 'MF21Restart.scaledRising_scale' depends on axioms: [propext, Classical.choice, Quot.sound]
verify-frozen-manuscript	Verify frozen MF-21 contracts in a fresh sandbox	2026-09-21T02:04:01.8292435Z info: MF21Restart/ScaledRising.lean:103:0: 'MF21Restart.continuous_scaledRising' depends on axioms: [propext, Classical.choice, Quot.sound]
verify-frozen-manuscript	Verify frozen MF-21 contracts in a fresh sandbox	2026-09-21T02:04:01.8294554Z info: MF21Restart/ScaledRising.lean:104:0: 'MF21Restart.scaledRising_pos' depends on axioms: [propext, Classical.choice, Quot.sound]
verify-frozen-manuscript	Verify frozen MF-21 contracts in a fresh sandbox	2026-09-21T02:04:01.8296593Z info: MF21Restart/ScaledRising.lean:105:0: 'MF21Restart.finiteKernelIntegrand_zero_step' depends on axioms: [propext, Classical.choice, Quot.sound]
verify-frozen-manuscript	Verify frozen MF-21 contracts in a fresh sandbox	2026-09-21T02:04:01.8298571Z info: MF21Restart/ScaledRising.lean:106:0: 'MF21Restart.finiteKernelIntegrand_continuousOn_box' depends on axioms: [propext, Classical.choice, Quot.sound]
verify-frozen-manuscript	Verify frozen MF-21 contracts in a fresh sandbox	2026-09-21T02:04:01.8300630Z info: MF21Restart/ScaledRising.lean:107:0: 'MF21Restart.finiteKernelIntegrand_uniformContinuousOn_box' depends on axioms: [propext, Classical.choice, Quot.sound]
verify-frozen-manuscript	Verify frozen MF-21 contracts in a fresh sandbox	2026-09-21T02:04:01.8302674Z info: MF21Restart/ScaledRising.lean:108:0: 'MF21Restart.finiteKernelIntegrand_uniform_bound' depends on axioms: [propext, Classical.choice, Quot.sound]
verify-frozen-manuscript	Verify frozen MF-21 contracts in a fresh sandbox	2026-09-21T02:04:04.9308698Z ⚠ [3726/3786] Built MF21Restart.DiagonalInterlacing (3.7s)
verify-frozen-manuscript	Verify frozen MF-21 contracts in a fresh sandbox	2026-09-21T02:04:04.9311133Z warning: MF21Restart/DiagonalInterlacing.lean:20:42: Variable name `hnN` is not explicitly referenced.
verify-frozen-manuscript	Verify frozen MF-21 contracts in a fresh sandbox	2026-09-21T02:04:04.9312559Z 
verify-frozen-manuscript	Verify frozen MF-21 contracts in a fresh sandbox	2026-09-21T02:04:04.9313611Z Hint: The binding can be removed (if unused) or named `_` (if used implicitly). Alternatively, prefix the name with `_` to silence this warning:
verify-frozen-manuscript	Verify frozen MF-21 contracts in a fresh sandbox	2026-09-21T02:04:04.9314979Z   [apply] _hnN
verify-frozen-manuscript	Verify frozen MF-21 contracts in a fresh sandbox	2026-09-21T02:04:04.9315438Z 
verify-frozen-manuscript	Verify frozen MF-21 contracts in a fresh sandbox	2026-09-21T02:04:04.9316362Z Note: This linter can be disabled with `set_option linter.unusedVariables false`
verify-frozen-manuscript	Verify frozen MF-21 contracts in a fresh sandbox	2026-09-21T02:04:04.9318222Z info: MF21Restart/DiagonalInterlacing.lean:171:0: 'MF21Restart.diagonal_isometry_interlacing' depends on axioms: [propext, Classical.choice, Quot.sound]
verify-frozen-manuscript	Verify frozen MF-21 contracts in a fresh sandbox	2026-09-21T02:04:06.8340286Z ℹ [3727/3787] Built MF21Restart.ExpansionScalar (4.0s)
verify-frozen-manuscript	Verify frozen MF-21 contracts in a fresh sandbox	2026-09-21T02:04:06.8342607Z info: MF21Restart/ExpansionScalar.lean:147:0: 'MF21Restart.nat_pow_exp_uniform_bound' depends on axioms: [propext, Classical.choice, Quot.sound]
verify-frozen-manuscript	Verify frozen MF-21 contracts in a fresh sandbox	2026-09-21T02:04:06.8344851Z info: MF21Restart/ExpansionScalar.lean:148:0: 'MF21Restart.eventually_bulk_cutoff_ge' depends on axioms: [propext, Classical.choice, Quot.sound]
verify-frozen-manuscript	Verify frozen MF-21 contracts in a fresh sandbox	2026-09-21T02:04:06.8347218Z info: MF21Restart/ExpansionScalar.lean:149:0: 'MF21Restart.expansion_fixed_prefix_bound' depends on axioms: [propext, Classical.choice, Quot.sound]
verify-frozen-manuscript	Verify frozen MF-21 contracts in a fresh sandbox	2026-09-21T02:04:06.9348469Z ℹ [3728/3788] Built MF21Restart.KernelRiemannApprox (5.0s)
verify-frozen-manuscript	Verify frozen MF-21 contracts in a fresh sandbox	2026-09-21T02:04:06.9350740Z info: MF21Restart/KernelRiemannApprox.lean:156:0: 'MF21Restart.kernelParameters_mem_box' depends on axioms: [propext, Classical.choice, Quot.sound]
verify-frozen-manuscript	Verify frozen MF-21 contracts in a fresh sandbox	2026-09-21T02:04:06.9353345Z info: MF21Restart/KernelRiemannApprox.lean:157:0: 'MF21Restart.finiteKernelIntegrand_uniform_zero_step' depends on axioms: [propext, Classical.choice, Quot.sound]
verify-frozen-manuscript	Verify frozen MF-21 contracts in a fresh sandbox	2026-09-21T02:04:06.9356109Z info: MF21Restart/KernelRiemannApprox.lean:158:0: 'MF21Restart.finiteKernelIntegrand_uniform_right_sum' depends on axioms: [propext, Classical.choice, Quot.sound]
verify-frozen-manuscript	Verify frozen MF-21 contracts in a fresh sandbox	2026-09-21T02:04:10.5403522Z ℹ [3729/3788] Built MF21Restart.SmoothCoefficient (3.7s)
verify-frozen-manuscript	Verify frozen MF-21 contracts in a fresh sandbox	2026-09-21T02:04:10.5405767Z info: MF21Restart/SmoothCoefficient.lean:53:0: 'MF21Restart.verticalIteratedDeriv_contDiffAt_infty' depends on axioms: [propext, Classical.choice, Quot.sound]
verify-frozen-manuscript	Verify frozen MF-21 contracts in a fresh sandbox	2026-09-21T02:04:10.5408489Z info: MF21Restart/SmoothCoefficient.lean:54:0: 'MF21Restart.parametricTaylorCoefficient_contDiffAt_infty' depends on axioms: [propext, Classical.choice, Quot.sound]
verify-frozen-manuscript	Verify frozen MF-21 contracts in a fresh sandbox	2026-09-21T02:04:13.1472292Z ⚠ [3730/3789] Built MF21Restart.HermitianInterlacing (6.3s)
verify-frozen-manuscript	Verify frozen MF-21 contracts in a fresh sandbox	2026-09-21T02:04:13.1475247Z warning: MF21Restart/HermitianInterlacing.lean:48:10: This simp argument is unused:
verify-frozen-manuscript	Verify frozen MF-21 contracts in a fresh sandbox	2026-09-21T02:04:13.1476741Z   Function.comp_def
verify-frozen-manuscript	Verify frozen MF-21 contracts in a fresh sandbox	2026-09-21T02:04:13.1477217Z 
verify-frozen-manuscript	Verify frozen MF-21 contracts in a fresh sandbox	2026-09-21T02:04:13.1477662Z Hint: Omit it from the simp argument list.
verify-frozen-manuscript	Verify frozen MF-21 contracts in a fresh sandbox	2026-09-21T02:04:13.1478434Z   [apply] simp
verify-frozen-manuscript	Verify frozen MF-21 contracts in a fresh sandbox	2026-09-21T02:04:13.1478865Z 
verify-frozen-manuscript	Verify frozen MF-21 contracts in a fresh sandbox	2026-09-21T02:04:13.1479510Z Note: This linter can be disabled with `set_option linter.unusedSimpArgs false`
verify-frozen-manuscript	Verify frozen MF-21 contracts in a fresh sandbox	2026-09-21T02:04:13.1480864Z warning: MF21Restart/HermitianInterlacing.lean:51:13: This simp argument is unused:
verify-frozen-manuscript	Verify frozen MF-21 contracts in a fresh sandbox	2026-09-21T02:04:13.1482469Z   Function.comp_def
verify-frozen-manuscript	Verify frozen MF-21 contracts in a fresh sandbox	2026-09-21T02:04:13.1482960Z 
verify-frozen-manuscript	Verify frozen MF-21 contracts in a fresh sandbox	2026-09-21T02:04:13.1483394Z Hint: Omit it from the simp argument list.
verify-frozen-manuscript	Verify frozen MF-21 contracts in a fresh sandbox	2026-09-21T02:04:13.1484198Z   [apply] simp [f]
verify-frozen-manuscript	Verify frozen MF-21 contracts in a fresh sandbox	2026-09-21T02:04:13.1484668Z 
verify-frozen-manuscript	Verify frozen MF-21 contracts in a fresh sandbox	2026-09-21T02:04:13.1485316Z Note: This linter can be disabled with `set_option linter.unusedSimpArgs false`
verify-frozen-manuscript	Verify frozen MF-21 contracts in a fresh sandbox	2026-09-21T02:04:13.1487478Z info: MF21Restart/HermitianInterlacing.lean:193:0: 'MF21Restart.hermitianAscendingValue_monotone' depends on axioms: [propext, Classical.choice, Quot.sound]
verify-frozen-manuscript	Verify frozen MF-21 contracts in a fresh sandbox	2026-09-21T02:04:13.1489934Z info: MF21Restart/HermitianInterlacing.lean:194:0: 'MF21Restart.hermitianAscendingValue_sorted' depends on axioms: [propext, Classical.choice, Quot.sound]
verify-frozen-manuscript	Verify frozen MF-21 contracts in a fresh sandbox	2026-09-21T02:04:13.1492347Z info: MF21Restart/HermitianInterlacing.lean:195:0: 'MF21Restart.hermitian_principal_interlacing' depends on axioms: [propext, Classical.choice, Quot.sound]
verify-frozen-manuscript	Verify frozen MF-21 contracts in a fresh sandbox	2026-09-21T02:04:14.0540194Z ⚠ [3731/3789] Built MF21Restart.ScaledInverseSum (9.1s)
verify-frozen-manuscript	Verify frozen MF-21 contracts in a fresh sandbox	2026-09-21T02:04:14.0542285Z warning: MF21Restart/ScaledInverseSum.lean:50:8: this tactic is never executed
verify-frozen-manuscript	Verify frozen MF-21 contracts in a fresh sandbox	2026-09-21T02:04:14.0543478Z 
verify-frozen-manuscript	Verify frozen MF-21 contracts in a fresh sandbox	2026-09-21T02:04:14.0544113Z Note: This linter can be disabled with `set_option linter.unreachableTactic false`
verify-frozen-manuscript	Verify frozen MF-21 contracts in a fresh sandbox	2026-09-21T02:04:14.0545425Z warning: MF21Restart/ScaledInverseSum.lean:50:8: Unused tactic linter: `ring` does nothing
verify-frozen-manuscript	Verify frozen MF-21 contracts in a fresh sandbox	2026-09-21T02:04:14.0546546Z 
verify-frozen-manuscript	Verify frozen MF-21 contracts in a fresh sandbox	2026-09-21T02:04:14.0547139Z Note: This linter can be disabled with `set_option linter.unusedTactic false`
verify-frozen-manuscript	Verify frozen MF-21 contracts in a fresh sandbox	2026-09-21T02:04:14.0548739Z info: MF21Restart/ScaledInverseSum.lean:53:0: 'MF21Restart.scaled_toeplitz_inverse_eq_sum' depends on axioms: [propext, Classical.choice, Quot.sound]
verify-frozen-manuscript	Verify frozen MF-21 contracts in a fresh sandbox	2026-09-21T02:04:15.6566518Z ℹ [3732/3789] Built MF21Restart.ExpansionAssembly (5.2s)
verify-frozen-manuscript	Verify frozen MF-21 contracts in a fresh sandbox	2026-09-21T02:04:15.6568655Z info: MF21Restart/ExpansionAssembly.lean:158:0: 'MF21Restart.uniformBound_of_taylor_vanishing_spectral_tail' depends on axioms: [propext, Classical.choice, Quot.sound]
verify-frozen-manuscript	Verify frozen MF-21 contracts in a fresh sandbox	2026-09-21T02:04:15.6570660Z info: MF21Restart/ExpansionAssembly.lean:159:0: 'MF21Restart.bulkBound_of_taylor_spectral_tail' depends on axioms: [propext, Classical.choice, Quot.sound]
verify-frozen-manuscript	Verify frozen MF-21 contracts in a fresh sandbox	2026-09-21T02:04:17.2607507Z ℹ [3734/3794] Built MF21Restart.InverseSpectralTrace (3.2s)
verify-frozen-manuscript	Verify frozen MF-21 contracts in a fresh sandbox	2026-09-21T02:04:17.2609161Z info: MF21Restart/InverseSpectralTrace.lean:77:0: 'MF21Restart.posDef_inverse_trace' depends on axioms: [propext, Classical.choice, Quot.sound]
verify-frozen-manuscript	Verify frozen MF-21 contracts in a fresh sandbox	2026-09-21T02:04:17.2611011Z info: MF21Restart/InverseSpectralTrace.lean:78:0: 'MF21Restart.sum_orderedEigenvalue_map' depends on axioms: [propext, Classical.choice, Quot.sound]
verify-frozen-manuscript	Verify frozen MF-21 contracts in a fresh sandbox	2026-09-21T02:04:17.2612834Z info: MF21Restart/InverseSpectralTrace.lean:79:0: 'MF21Restart.toeplitz_inverse_trace_ordered' depends on axioms: [propext, Classical.choice, Quot.sound]
verify-frozen-manuscript	Verify frozen MF-21 contracts in a fresh sandbox	2026-09-21T02:04:17.2614669Z info: MF21Restart/InverseSpectralTrace.lean:80:0: 'MF21Restart.toeplitz_inverse_trace_one_based' depends on axioms: [propext, Classical.choice, Quot.sound]
verify-frozen-manuscript	Verify frozen MF-21 contracts in a fresh sandbox	2026-09-21T02:04:19.1619637Z ℹ [3735/3794] Built MF21Restart.KernelShiftedSum (5.0s)
verify-frozen-manuscript	Verify frozen MF-21 contracts in a fresh sandbox	2026-09-21T02:04:19.1621656Z info: MF21Restart/KernelShiftedSum.lean:133:0: 'MF21Restart.finiteKernelIntegrand_continuousOn_interval' depends on axioms: [propext, Classical.choice, Quot.sound]
verify-frozen-manuscript	Verify frozen MF-21 contracts in a fresh sandbox	2026-09-21T02:04:19.1624350Z info: MF21Restart/KernelShiftedSum.lean:134:0: 'MF21Restart.finiteKernelIntegrand_uniform_shifted_sum' depends on axioms: [propext, Classical.choice, Quot.sound]
verify-frozen-manuscript	Verify frozen MF-21 contracts in a fresh sandbox	2026-09-21T02:04:21.7651478Z ⚠ [3736/3794] Built MF21Restart.SpectralTracePassage (4.4s)
verify-frozen-manuscript	Verify frozen MF-21 contracts in a fresh sandbox	2026-09-21T02:04:21.7654805Z warning: MF21Restart/SpectralTracePassage.lean:60:13: Variable name `hm` is not explicitly referenced.
verify-frozen-manuscript	Verify frozen MF-21 contracts in a fresh sandbox	2026-09-21T02:04:21.7656051Z 
verify-frozen-manuscript	Verify frozen MF-21 contracts in a fresh sandbox	2026-09-21T02:04:21.7657117Z Hint: The binding can be removed (if unused) or named `_` (if used implicitly). Alternatively, prefix the name with `_` to silence this warning:
verify-frozen-manuscript	Verify frozen MF-21 contracts in a fresh sandbox	2026-09-21T02:04:21.7658373Z   [apply] _hm
verify-frozen-manuscript	Verify frozen MF-21 contracts in a fresh sandbox	2026-09-21T02:04:21.7658802Z 
verify-frozen-manuscript	Verify frozen MF-21 contracts in a fresh sandbox	2026-09-21T02:04:21.7659387Z Note: This linter can be disabled with `set_option linter.unusedVariables false`
verify-frozen-manuscript	Verify frozen MF-21 contracts in a fresh sandbox	2026-09-21T02:04:21.7661035Z warning: MF21Restart/SpectralTracePassage.lean:84:15: This simp argument is unused:
verify-frozen-manuscript	Verify frozen MF-21 contracts in a fresh sandbox	2026-09-21T02:04:21.7662094Z   one_div_pow
verify-frozen-manuscript	Verify frozen MF-21 contracts in a fresh sandbox	2026-09-21T02:04:21.7662478Z 
verify-frozen-manuscript	Verify frozen MF-21 contracts in a fresh sandbox	2026-09-21T02:04:21.7662792Z Hint: Omit it from the simp argument list.
verify-frozen-manuscript	Verify frozen MF-21 contracts in a fresh sandbox	2026-09-21T02:04:21.7663545Z   [apply] simp only [one_div, div_eq_mul_inv, mul_inv_rev]
verify-frozen-manuscript	Verify frozen MF-21 contracts in a fresh sandbox	2026-09-21T02:04:21.7664003Z 
verify-frozen-manuscript	Verify frozen MF-21 contracts in a fresh sandbox	2026-09-21T02:04:21.7664455Z Note: This linter can be disabled with `set_option linter.unusedSimpArgs false`
verify-frozen-manuscript	Verify frozen MF-21 contracts in a fresh sandbox	2026-09-21T02:04:21.7665570Z warning: MF21Restart/SpectralTracePassage.lean:84:28: This simp argument is unused:
verify-frozen-manuscript	Verify frozen MF-21 contracts in a fresh sandbox	2026-09-21T02:04:21.7666636Z   one_div
verify-frozen-manuscript	Verify frozen MF-21 contracts in a fresh sandbox	2026-09-21T02:04:21.7666840Z 
verify-frozen-manuscript	Verify frozen MF-21 contracts in a fresh sandbox	2026-09-21T02:04:21.7667072Z Hint: Omit it from the simp argument list.
verify-frozen-manuscript	Verify frozen MF-21 contracts in a fresh sandbox	2026-09-21T02:04:21.7667810Z   [apply] simp only [one_div_pow, div_eq_mul_inv, mul_inv_rev]
verify-frozen-manuscript	Verify frozen MF-21 contracts in a fresh sandbox	2026-09-21T02:04:21.7668292Z 
verify-frozen-manuscript	Verify frozen MF-21 contracts in a fresh sandbox	2026-09-21T02:04:21.7668738Z Note: This linter can be disabled with `set_option linter.unusedSimpArgs false`
verify-frozen-manuscript	Verify frozen MF-21 contracts in a fresh sandbox	2026-09-21T02:04:21.7670323Z info: MF21Restart/SpectralTracePassage.lean:144:0: 'MF21Restart.inverseSpectralTerm_nonneg' depends on axioms: [propext, Classical.choice, Quot.sound]
verify-frozen-manuscript	Verify frozen MF-21 contracts in a fresh sandbox	2026-09-21T02:04:21.7672771Z info: MF21Restart/SpectralTracePassage.lean:145:0: 'MF21Restart.tsum_inverseSpectralTerm_eq_trace' depends on axioms: [propext, Classical.choice, Quot.sound]
verify-frozen-manuscript	Verify frozen MF-21 contracts in a fresh sandbox	2026-09-21T02:04:21.7674870Z info: MF21Restart/SpectralTracePassage.lean:146:0: 'MF21Restart.inverseSpectralTerm_tendsto' depends on axioms: [propext, Classical.choice, Quot.sound]
verify-frozen-manuscript	Verify frozen MF-21 contracts in a fresh sandbox	2026-09-21T02:04:21.7677266Z info: MF21Restart/SpectralTracePassage.lean:147:0: 'MF21Restart.toeplitz_inverse_trace_tendsto_series_of_limits_and_majorant' depends on axioms: [propext,
verify-frozen-manuscript	Verify frozen MF-21 contracts in a fresh sandbox	2026-09-21T02:04:21.7678563Z  Classical.choice,
verify-frozen-manuscript	Verify frozen MF-21 contracts in a fresh sandbox	2026-09-21T02:04:21.7678962Z  Quot.sound]
verify-frozen-manuscript	Verify frozen MF-21 contracts in a fresh sandbox	2026-09-21T02:04:22.9668031Z ℹ [3737/3794] Built MF21Restart.InverseKernelGridTop (3.9s)
verify-frozen-manuscript	Verify frozen MF-21 contracts in a fresh sandbox	2026-09-21T02:04:22.9670537Z info: MF21Restart/InverseKernelGridTop.lean:124:0: 'MF21Restart.kernelGridPoint_mem_unit' depends on axioms: [propext, Classical.choice, Quot.sound]
verify-frozen-manuscript	Verify frozen MF-21 contracts in a fresh sandbox	2026-09-21T02:04:22.9672976Z info: MF21Restart/InverseKernelGridTop.lean:125:0: 'MF21Restart.kernelGridPoint_max' depends on axioms: [propext, Classical.choice, Quot.sound]
verify-frozen-manuscript	Verify frozen MF-21 contracts in a fresh sandbox	2026-09-21T02:04:22.9675296Z info: MF21Restart/InverseKernelGridTop.lean:126:0: 'MF21Restart.scaled_toeplitz_inverse_eq_grid_sum' depends on axioms: [propext, Classical.choice, Quot.sound]
verify-frozen-manuscript	Verify frozen MF-21 contracts in a fresh sandbox	2026-09-21T02:04:22.9678031Z info: MF21Restart/InverseKernelGridTop.lean:127:0: 'MF21Restart.toeplitz_inverse_grid_top_uniform' depends on axioms: [propext, Classical.choice, Quot.sound]
verify-frozen-manuscript	Verify frozen MF-21 contracts in a fresh sandbox	2026-09-21T02:04:27.0760936Z ℹ [3738/3794] Built MF21Restart.GridAverage (4.1s)
verify-frozen-manuscript	Verify frozen MF-21 contracts in a fresh sandbox	2026-09-21T02:04:27.0762369Z info: MF21Restart/GridAverage.lean:73:0: 'MF21Restart.continuous_grid_average_tendsto' depends on axioms: [propext, Classical.choice, Quot.sound]
verify-frozen-manuscript	Verify frozen MF-21 contracts in a fresh sandbox	2026-09-21T02:04:31.2796927Z ℹ [3739/3794] Built MF21Restart.InverseKernelContinuity (8.3s)
verify-frozen-manuscript	Verify frozen MF-21 contracts in a fresh sandbox	2026-09-21T02:04:31.2798820Z info: MF21Restart/InverseKernelContinuity.lean:123:0: 'MF21Restart.finiteKernelIntegrand_symm' depends on axioms: [propext, Classical.choice, Quot.sound]
verify-frozen-manuscript	Verify frozen MF-21 contracts in a fresh sandbox	2026-09-21T02:04:31.2801131Z info: MF21Restart/InverseKernelContinuity.lean:124:0: 'MF21Restart.inverseKernelTopExtension_symm' depends on axioms: [propext, Classical.choice, Quot.sound]
verify-frozen-manuscript	Verify frozen MF-21 contracts in a fresh sandbox	2026-09-21T02:04:31.2803353Z info: MF21Restart/InverseKernelContinuity.lean:125:0: 'MF21Restart.inverseKernelTopExtension_eq_top' depends on axioms: [propext, Classical.choice, Quot.sound]
verify-frozen-manuscript	Verify frozen MF-21 contracts in a fresh sandbox	2026-09-21T02:04:31.2805609Z info: MF21Restart/InverseKernelContinuity.lean:126:0: 'MF21Restart.continuous_inverseKernelTopExtension' depends on axioms: [propext, Classical.choice, Quot.sound]
verify-frozen-manuscript	Verify frozen MF-21 contracts in a fresh sandbox	2026-09-21T02:04:31.2807980Z info: MF21Restart/InverseKernelContinuity.lean:127:0: 'MF21Restart.inverseKernel_eq_top' depends on axioms: [propext, Classical.choice, Quot.sound]
verify-frozen-manuscript	Verify frozen MF-21 contracts in a fresh sandbox	2026-09-21T02:04:31.2810069Z info: MF21Restart/InverseKernelContinuity.lean:128:0: 'MF21Restart.continuous_inverseKernel' depends on axioms: [propext, Classical.choice, Quot.sound]
verify-frozen-manuscript	Verify frozen MF-21 contracts in a fresh sandbox	2026-09-21T02:04:31.2812416Z info: MF21Restart/InverseKernelContinuity.lean:129:0: 'MF21Restart.inverseKernel_symm' depends on axioms: [propext, Classical.choice, Quot.sound]
verify-frozen-manuscript	Verify frozen MF-21 contracts in a fresh sandbox	2026-09-21T02:04:31.2814460Z info: MF21Restart/InverseKernelContinuity.lean:130:0: 'MF21Restart.inverseKernel_reflection' depends on axioms: [propext, Classical.choice, Quot.sound]
verify-frozen-manuscript	Verify frozen MF-21 contracts in a fresh sandbox	2026-09-21T02:04:31.2816764Z info: MF21Restart/InverseKernelContinuity.lean:131:0: 'MF21Restart.inverseKernel_uniformContinuousOn' depends on axioms: [propext, Classical.choice, Quot.sound]
verify-frozen-manuscript	Verify frozen MF-21 contracts in a fresh sandbox	2026-09-21T02:04:34.2932123Z ⚠ [3740/3794] Built MF21Restart.ActualKernelDiagonal (2.0s)
verify-frozen-manuscript	Verify frozen MF-21 contracts in a fresh sandbox	2026-09-21T02:04:34.2933787Z warning: MF21Restart/ActualKernelDiagonal.lean:33:8: Unused tactic linter: `change finiteKernelIntegrand m 0 x x t = _` does nothing
verify-frozen-manuscript	Verify frozen MF-21 contracts in a fresh sandbox	2026-09-21T02:04:34.2935096Z 
verify-frozen-manuscript	Verify frozen MF-21 contracts in a fresh sandbox	2026-09-21T02:04:34.2935740Z Note: This linter can be disabled with `set_option linter.unusedTactic false`
verify-frozen-manuscript	Verify frozen MF-21 contracts in a fresh sandbox	2026-09-21T02:04:34.2937836Z info: MF21Restart/ActualKernelDiagonal.lean:68:0: 'MF21Restart.inverseKernel_diagonal_eq' depends on axioms: [propext, Classical.choice, Quot.sound]
verify-frozen-manuscript	Verify frozen MF-21 contracts in a fresh sandbox	2026-09-21T02:04:34.2940319Z info: MF21Restart/ActualKernelDiagonal.lean:69:0: 'MF21Restart.inverseKernel_diagonal_integral' depends on axioms: [propext, Classical.choice, Quot.sound]
verify-frozen-manuscript	Verify frozen MF-21 contracts in a fresh sandbox	2026-09-21T02:04:34.2943033Z info: MF21Restart/ActualKernelDiagonal.lean:70:0: 'MF21Restart.kernelTraceConstant_pos' depends on axioms: [propext, Classical.choice, Quot.sound]
verify-frozen-manuscript	Verify frozen MF-21 contracts in a fresh sandbox	2026-09-21T02:04:34.2945419Z info: MF21Restart/ActualKernelDiagonal.lean:71:0: 'MF21Restart.kernelTraceConstant_rational' depends on axioms: [propext, Classical.choice, Quot.sound]
verify-frozen-manuscript	Verify frozen MF-21 contracts in a fresh sandbox	2026-09-21T02:04:35.5947403Z ⚠ [3741/3794] Built MF21Restart.InverseKernelGrid (4.3s)
verify-frozen-manuscript	Verify frozen MF-21 contracts in a fresh sandbox	2026-09-21T02:04:35.5949725Z warning: MF21Restart/InverseKernelGrid.lean:22:6: this tactic is never executed
verify-frozen-manuscript	Verify frozen MF-21 contracts in a fresh sandbox	2026-09-21T02:04:35.5950817Z 
verify-frozen-manuscript	Verify frozen MF-21 contracts in a fresh sandbox	2026-09-21T02:04:35.5951586Z Note: This linter can be disabled with `set_option linter.unreachableTactic false`
verify-frozen-manuscript	Verify frozen MF-21 contracts in a fresh sandbox	2026-09-21T02:04:35.5953005Z warning: MF21Restart/InverseKernelGrid.lean:22:6: Unused tactic linter: `ring` does nothing
verify-frozen-manuscript	Verify frozen MF-21 contracts in a fresh sandbox	2026-09-21T02:04:35.5953992Z 
verify-frozen-manuscript	Verify frozen MF-21 contracts in a fresh sandbox	2026-09-21T02:04:35.5954653Z Note: This linter can be disabled with `set_option linter.unusedTactic false`
verify-frozen-manuscript	Verify frozen MF-21 contracts in a fresh sandbox	2026-09-21T02:04:35.5956751Z info: MF21Restart/InverseKernelGrid.lean:91:0: 'MF21Restart.kernelUnitSquare_mem' depends on axioms: [propext, Classical.choice, Quot.sound]
verify-frozen-manuscript	Verify frozen MF-21 contracts in a fresh sandbox	2026-09-21T02:04:35.5959057Z info: MF21Restart/InverseKernelGrid.lean:92:0: 'MF21Restart.kernelGridPoint_rev' depends on axioms: [propext, Classical.choice, Quot.sound]
verify-frozen-manuscript	Verify frozen MF-21 contracts in a fresh sandbox	2026-09-21T02:04:35.5961302Z info: MF21Restart/InverseKernelGrid.lean:93:0: 'MF21Restart.toeplitz_inverse_grid_uniform' depends on axioms: [propext, Classical.choice, Quot.sound]
verify-frozen-manuscript	Verify frozen MF-21 contracts in a fresh sandbox	2026-09-21T02:04:38.5039472Z ⚠ [3742/3794] Built MF21Restart.InverseKernelLimit (2.9s)
verify-frozen-manuscript	Verify frozen MF-21 contracts in a fresh sandbox	2026-09-21T02:04:38.5040849Z warning: MF21Restart/InverseKernelLimit.lean:46:12: this tactic is never executed
verify-frozen-manuscript	Verify frozen MF-21 contracts in a fresh sandbox	2026-09-21T02:04:38.5041783Z 
verify-frozen-manuscript	Verify frozen MF-21 contracts in a fresh sandbox	2026-09-21T02:04:38.5042438Z Note: This linter can be disabled with `set_option linter.unreachableTactic false`
verify-frozen-manuscript	Verify frozen MF-21 contracts in a fresh sandbox	2026-09-21T02:04:38.5043682Z warning: MF21Restart/InverseKernelLimit.lean:46:12: Unused tactic linter: `ring` does nothing
verify-frozen-manuscript	Verify frozen MF-21 contracts in a fresh sandbox	2026-09-21T02:04:38.5044360Z 
verify-frozen-manuscript	Verify frozen MF-21 contracts in a fresh sandbox	2026-09-21T02:04:38.5044753Z Note: This linter can be disabled with `set_option linter.unusedTactic false`
verify-frozen-manuscript	Verify frozen MF-21 contracts in a fresh sandbox	2026-09-21T02:04:38.5046346Z info: MF21Restart/InverseKernelLimit.lean:105:0: 'MF21Restart.kernelCellIndex_val' depends on axioms: [propext, Classical.choice, Quot.sound]
verify-frozen-manuscript	Verify frozen MF-21 contracts in a fresh sandbox	2026-09-21T02:04:38.5048200Z info: MF21Restart/InverseKernelLimit.lean:106:0: 'MF21Restart.kernelGridPoint_cell_bounds' depends on axioms: [propext, Classical.choice, Quot.sound]
verify-frozen-manuscript	Verify frozen MF-21 contracts in a fresh sandbox	2026-09-21T02:04:38.5050093Z info: MF21Restart/InverseKernelLimit.lean:107:0: 'MF21Restart.toeplitz_inverse_kernel_uniform' depends on axioms: [propext, Classical.choice, Quot.sound]
verify-frozen-manuscript	Verify frozen MF-21 contracts in a fresh sandbox	2026-09-21T02:04:39.5040560Z ℹ [3743/3794] Built MF21Restart.ActualTraceLimit (3.9s)
verify-frozen-manuscript	Verify frozen MF-21 contracts in a fresh sandbox	2026-09-21T02:04:39.5042126Z info: MF21Restart/ActualTraceLimit.lean:77:0: 'MF21Restart.toeplitz_inverse_trace_tendsto_n' depends on axioms: [propext, Classical.choice, Quot.sound]
verify-frozen-manuscript	Verify frozen MF-21 contracts in a fresh sandbox	2026-09-21T02:04:39.5044555Z info: MF21Restart/ActualTraceLimit.lean:78:0: 'MF21Restart.toeplitz_inverse_trace_tendsto_mesh' depends on axioms: [propext, Classical.choice, Quot.sound]
verify-frozen-manuscript	Verify frozen MF-21 contracts in a fresh sandbox	2026-09-21T02:04:44.5090767Z ⚠ [3744/3794] Built MF21Restart.StableRootSmooth (84s)
verify-frozen-manuscript	Verify frozen MF-21 contracts in a fresh sandbox	2026-09-21T02:04:44.5092345Z warning: MF21Restart/StableRootSmooth.lean:65:65: Used `tac1 <;> tac2` where `(tac1; tac2)` would suffice
verify-frozen-manuscript	Verify frozen MF-21 contracts in a fresh sandbox	2026-09-21T02:04:44.5093334Z 
verify-frozen-manuscript	Verify frozen MF-21 contracts in a fresh sandbox	2026-09-21T02:04:44.5094049Z Note: This linter can be disabled with `set_option linter.unnecessarySeqFocus false`
verify-frozen-manuscript	Verify frozen MF-21 contracts in a fresh sandbox	2026-09-21T02:04:44.5095595Z warning: MF21Restart/StableRootSmooth.lean:71:58: Used `tac1 <;> tac2` where `(tac1; tac2)` would suffice
verify-frozen-manuscript	Verify frozen MF-21 contracts in a fresh sandbox	2026-09-21T02:04:44.5096969Z 
verify-frozen-manuscript	Verify frozen MF-21 contracts in a fresh sandbox	2026-09-21T02:04:44.5097627Z Note: This linter can be disabled with `set_option linter.unnecessarySeqFocus false`
verify-frozen-manuscript	Verify frozen MF-21 contracts in a fresh sandbox	2026-09-21T02:04:44.5098983Z warning: MF21Restart/StableRootSmooth.lean:77:63: Used `tac1 <;> tac2` where `(tac1; tac2)` would suffice
verify-frozen-manuscript	Verify frozen MF-21 contracts in a fresh sandbox	2026-09-21T02:04:44.5099924Z 
verify-frozen-manuscript	Verify frozen MF-21 contracts in a fresh sandbox	2026-09-21T02:04:44.5100559Z Note: This linter can be disabled with `set_option linter.unnecessarySeqFocus false`
verify-frozen-manuscript	Verify frozen MF-21 contracts in a fresh sandbox	2026-09-21T02:04:44.5102196Z warning: MF21Restart/StableRootSmooth.lean:79:48: Used `tac1 <;> tac2` where `(tac1; tac2)` would suffice
verify-frozen-manuscript	Verify frozen MF-21 contracts in a fresh sandbox	2026-09-21T02:04:44.5103093Z 
verify-frozen-manuscript	Verify frozen MF-21 contracts in a fresh sandbox	2026-09-21T02:04:44.5103716Z Note: This linter can be disabled with `set_option linter.unnecessarySeqFocus false`
verify-frozen-manuscript	Verify frozen MF-21 contracts in a fresh sandbox	2026-09-21T02:04:44.5105047Z warning: MF21Restart/StableRootSmooth.lean:79:62: Used `tac1 <;> tac2` where `(tac1; tac2)` would suffice
verify-frozen-manuscript	Verify frozen MF-21 contracts in a fresh sandbox	2026-09-21T02:04:44.5106252Z 
verify-frozen-manuscript	Verify frozen MF-21 contracts in a fresh sandbox	2026-09-21T02:04:44.5106903Z Note: This linter can be disabled with `set_option linter.unnecessarySeqFocus false`
verify-frozen-manuscript	Verify frozen MF-21 contracts in a fresh sandbox	2026-09-21T02:04:44.5108228Z warning: MF21Restart/StableRootSmooth.lean:86:40: Used `tac1 <;> tac2` where `(tac1; tac2)` would suffice
verify-frozen-manuscript	Verify frozen MF-21 contracts in a fresh sandbox	2026-09-21T02:04:44.5109111Z 
verify-frozen-manuscript	Verify frozen MF-21 contracts in a fresh sandbox	2026-09-21T02:04:44.5109728Z Note: This linter can be disabled with `set_option linter.unnecessarySeqFocus false`
verify-frozen-manuscript	Verify frozen MF-21 contracts in a fresh sandbox	2026-09-21T02:04:44.5111354Z info: MF21Restart/StableRootSmooth.lean:108:0: 'MF21Restart.stableRootCurve_contDiff' depends on axioms: [propext, Classical.choice, Quot.sound]
verify-frozen-manuscript	Verify frozen MF-21 contracts in a fresh sandbox	2026-09-21T02:04:44.5113447Z info: MF21Restart/StableRootSmooth.lean:109:0: 'MF21Restart.stableRootCurve_hasDerivAt_zero' depends on axioms: [propext, Classical.choice, Quot.sound]
verify-frozen-manuscript	Verify frozen MF-21 contracts in a fresh sandbox	2026-09-21T02:04:44.5115551Z info: MF21Restart/StableRootSmooth.lean:110:0: 'MF21Restart.stableRootCurve_norm_lt_one' depends on axioms: [propext, Classical.choice, Quot.sound]
verify-frozen-manuscript	Verify frozen MF-21 contracts in a fresh sandbox	2026-09-21T02:04:44.5117785Z info: MF21Restart/StableRootSmooth.lean:111:0: 'MF21Restart.stableRootCurve_equation' depends on axioms: [propext, Classical.choice, Quot.sound]
verify-frozen-manuscript	Verify frozen MF-21 contracts in a fresh sandbox	2026-09-21T02:04:47.3138312Z ℹ [3745/3794] Built MF21Restart.StableRootDecay (2.8s)
verify-frozen-manuscript	Verify frozen MF-21 contracts in a fresh sandbox	2026-09-21T02:04:47.3140319Z info: MF21Restart/StableRootDecay.lean:105:0: 'MF21Restart.exists_pos_linear_upper_bound_of_neg_deriv' depends on axioms: [propext, Classical.choice, Quot.sound]
verify-frozen-manuscript	Verify frozen MF-21 contracts in a fresh sandbox	2026-09-21T02:04:47.3142799Z info: MF21Restart/StableRootDecay.lean:106:0: 'MF21Restart.exists_pos_exp_upper_bound_of_neg_deriv' depends on axioms: [propext, Classical.choice, Quot.sound]
verify-frozen-manuscript	Verify frozen MF-21 contracts in a fresh sandbox	2026-09-21T02:04:47.3145307Z info: MF21Restart/StableRootDecay.lean:107:0: 'MF21Restart.stableRootCurve_norm_hasDerivAt_zero' depends on axioms: [propext, Classical.choice, Quot.sound]
verify-frozen-manuscript	Verify frozen MF-21 contracts in a fresh sandbox	2026-09-21T02:04:47.3147953Z info: MF21Restart/StableRootDecay.lean:108:0: 'MF21Restart.stableRootCurve_exp_decay' depends on axioms: [propext, Classical.choice, Quot.sound]
verify-frozen-manuscript	Verify frozen MF-21 contracts in a fresh sandbox	2026-09-21T02:04:48.1148776Z ℹ [3746/3794] Built MF21Restart.RootParameters (3.6s)
verify-frozen-manuscript	Verify frozen MF-21 contracts in a fresh sandbox	2026-09-21T02:04:48.1150668Z info: MF21Restart/RootParameters.lean:75:0: 'MF21Restart.rootKappa_re_pos' depends on axioms: [propext, Classical.choice, Quot.sound]
verify-frozen-manuscript	Verify frozen MF-21 contracts in a fresh sandbox	2026-09-21T02:04:48.1152670Z info: MF21Restart/RootParameters.lean:76:0: 'MF21Restart.rootKappa_norm' depends on axioms: [propext, Classical.choice, Quot.sound]
verify-frozen-manuscript	Verify frozen MF-21 contracts in a fresh sandbox	2026-09-21T02:04:48.1154387Z info: MF21Restart/RootParameters.lean:77:0: 'MF21Restart.rootKappa_ne_zero' depends on axioms: [propext, Classical.choice, Quot.sound]
verify-frozen-manuscript	Verify frozen MF-21 contracts in a fresh sandbox	2026-09-21T02:04:48.1157048Z info: MF21Restart/RootParameters.lean:78:0: 'MF21Restart.rootKappa_sq' depends on axioms: [propext, Classical.choice, Quot.sound]
verify-frozen-manuscript	Verify frozen MF-21 contracts in a fresh sandbox	2026-09-21T02:04:48.1159088Z info: MF21Restart/RootParameters.lean:79:0: 'MF21Restart.stableRootCurve_rootOmega_equation' depends on axioms: [propext, Classical.choice, Quot.sound]
verify-frozen-manuscript	Verify frozen MF-21 contracts in a fresh sandbox	2026-09-21T02:04:49.1168403Z ⚠ [3747/3794] Built MF21Restart.PhaseFactor (4.6s)
verify-frozen-manuscript	Verify frozen MF-21 contracts in a fresh sandbox	2026-09-21T02:04:49.1170710Z warning: MF21Restart/PhaseFactor.lean:27:38: Used `tac1 <;> tac2` where `(tac1; tac2)` would suffice
verify-frozen-manuscript	Verify frozen MF-21 contracts in a fresh sandbox	2026-09-21T02:04:49.1171538Z 
verify-frozen-manuscript	Verify frozen MF-21 contracts in a fresh sandbox	2026-09-21T02:04:49.1172103Z Note: This linter can be disabled with `set_option linter.unnecessarySeqFocus false`
verify-frozen-manuscript	Verify frozen MF-21 contracts in a fresh sandbox	2026-09-21T02:04:49.1173427Z warning: MF21Restart/PhaseFactor.lean:27:50: Used `tac1 <;> tac2` where `(tac1; tac2)` would suffice
verify-frozen-manuscript	Verify frozen MF-21 contracts in a fresh sandbox	2026-09-21T02:04:49.1174292Z 
verify-frozen-manuscript	Verify frozen MF-21 contracts in a fresh sandbox	2026-09-21T02:04:49.1174812Z Note: This linter can be disabled with `set_option linter.unnecessarySeqFocus false`
verify-frozen-manuscript	Verify frozen MF-21 contracts in a fresh sandbox	2026-09-21T02:04:49.1176305Z info: MF21Restart/PhaseFactor.lean:125:0: 'MF21Restart.phase_factorization' depends on axioms: [propext, Classical.choice, Quot.sound]
verify-frozen-manuscript	Verify frozen MF-21 contracts in a fresh sandbox	2026-09-21T02:04:49.1178009Z info: MF21Restart/PhaseFactor.lean:126:0: 'MF21Restart.phaseNormalized_zero' depends on axioms: [propext, Classical.choice, Quot.sound]
verify-frozen-manuscript	Verify frozen MF-21 contracts in a fresh sandbox	2026-09-21T02:04:49.1180020Z info: MF21Restart/PhaseFactor.lean:127:0: 'MF21Restart.phaseNormalized_contDiff' depends on axioms: [propext, Classical.choice, Quot.sound]
verify-frozen-manuscript	Verify frozen MF-21 contracts in a fresh sandbox	2026-09-21T02:04:49.1181640Z info: MF21Restart/PhaseFactor.lean:128:0: 'MF21Restart.phaseNormalized_re_pos' depends on axioms: [propext, Classical.choice, Quot.sound]
verify-frozen-manuscript	Verify frozen MF-21 contracts in a fresh sandbox	2026-09-21T02:04:49.1183220Z info: MF21Restart/PhaseFactor.lean:129:0: 'MF21Restart.individualPhase_eq_original' depends on axioms: [propext, Classical.choice, Quot.sound]
verify-frozen-manuscript	Verify frozen MF-21 contracts in a fresh sandbox	2026-09-21T02:04:49.1184799Z info: MF21Restart/PhaseFactor.lean:130:0: 'MF21Restart.individualPhase_contDiffAt' depends on axioms: [propext, Classical.choice, Quot.sound]
verify-frozen-manuscript	Verify frozen MF-21 contracts in a fresh sandbox	2026-09-21T02:04:51.3202271Z ⚠ [3748/3794] Built MF21Restart.RootDistinctness (3.2s)
verify-frozen-manuscript	Verify frozen MF-21 contracts in a fresh sandbox	2026-09-21T02:04:51.3203320Z warning: MF21Restart/RootDistinctness.lean:25:25: Unused tactic linter: `ring` does nothing
verify-frozen-manuscript	Verify frozen MF-21 contracts in a fresh sandbox	2026-09-21T02:04:51.3203926Z 
verify-frozen-manuscript	Verify frozen MF-21 contracts in a fresh sandbox	2026-09-21T02:04:51.3204305Z Note: This linter can be disabled with `set_option linter.unusedTactic false`
verify-frozen-manuscript	Verify frozen MF-21 contracts in a fresh sandbox	2026-09-21T02:04:51.3205196Z warning: MF21Restart/RootDistinctness.lean:25:25: this tactic is never executed
verify-frozen-manuscript	Verify frozen MF-21 contracts in a fresh sandbox	2026-09-21T02:04:51.3205726Z 
verify-frozen-manuscript	Verify frozen MF-21 contracts in a fresh sandbox	2026-09-21T02:04:51.3206371Z Note: This linter can be disabled with `set_option linter.unreachableTactic false`
verify-frozen-manuscript	Verify frozen MF-21 contracts in a fresh sandbox	2026-09-21T02:04:51.3207405Z warning: MF21Restart/RootDistinctness.lean:66:21: Used `tac1 <;> tac2` where `(tac1; tac2)` would suffice
verify-frozen-manuscript	Verify frozen MF-21 contracts in a fresh sandbox	2026-09-21T02:04:51.3208058Z 
verify-frozen-manuscript	Verify frozen MF-21 contracts in a fresh sandbox	2026-09-21T02:04:51.3208472Z Note: This linter can be disabled with `set_option linter.unnecessarySeqFocus false`
verify-frozen-manuscript	Verify frozen MF-21 contracts in a fresh sandbox	2026-09-21T02:04:51.3209741Z info: MF21Restart/RootDistinctness.lean:73:0: 'MF21Restart.rootOmega_pow' depends on axioms: [propext, Classical.choice, Quot.sound]
verify-frozen-manuscript	Verify frozen MF-21 contracts in a fresh sandbox	2026-09-21T02:04:51.3211320Z info: MF21Restart/RootDistinctness.lean:74:0: 'MF21Restart.rootOmega_injective' depends on axioms: [propext, Classical.choice, Quot.sound]
verify-frozen-manuscript	Verify frozen MF-21 contracts in a fresh sandbox	2026-09-21T02:04:51.3212923Z info: MF21Restart/RootDistinctness.lean:75:0: 'MF21Restart.rootKappa_conj' depends on axioms: [propext, Classical.choice, Quot.sound]
verify-frozen-manuscript	Verify frozen MF-21 contracts in a fresh sandbox	2026-09-21T02:04:51.6231659Z ⚠ [3749/3794] Built MF21Restart.StableRootBounds (3.5s)
verify-frozen-manuscript	Verify frozen MF-21 contracts in a fresh sandbox	2026-09-21T02:04:51.6232947Z warning: MF21Restart/StableRootBounds.lean:17:2: Try this: 
verify-frozen-manuscript	Verify frozen MF-21 contracts in a fresh sandbox	2026-09-21T02:04:51.6240782Z   haveI̵
verify-frozen-manuscript	Verify frozen MF-21 contracts in a fresh sandbox	2026-09-21T02:04:51.6241061Z 
verify-frozen-manuscript	Verify frozen MF-21 contracts in a fresh sandbox	2026-09-21T02:04:51.6241435Z The goal is a proposition, so `have` is preferred over `haveI`.
verify-frozen-manuscript	Verify frozen MF-21 contracts in a fresh sandbox	2026-09-21T02:04:51.6242358Z The difference between `have` and `haveI` is that `haveI` inlines the value.
verify-frozen-manuscript	Verify frozen MF-21 contracts in a fresh sandbox	2026-09-21T02:04:51.6243304Z But this is not relevant for proofs because of proof irrelevance.
verify-frozen-manuscript	Verify frozen MF-21 contracts in a fresh sandbox	2026-09-21T02:04:51.6243807Z 
verify-frozen-manuscript	Verify frozen MF-21 contracts in a fresh sandbox	2026-09-21T02:04:51.6244257Z Note: This linter can be disabled with `set_option linter.style.haveILetI false`
verify-frozen-manuscript	Verify frozen MF-21 contracts in a fresh sandbox	2026-09-21T02:04:51.6246031Z info: MF21Restart/StableRootBounds.lean:51:0: 'MF21Restart.stable_roots_uniform_exp_decay' depends on axioms: [propext, Classical.choice, Quot.sound]
verify-frozen-manuscript	Verify frozen MF-21 contracts in a fresh sandbox	2026-09-21T02:04:51.6249038Z info: MF21Restart/StableRootBounds.lean:52:0: 'MF21Restart.stableRootCurve_logarithmic_derivative_bounded' depends on axioms: [propext, Classical.choice, Quot.sound]
verify-frozen-manuscript	Verify frozen MF-21 contracts in a fresh sandbox	2026-09-21T02:04:53.0248764Z ⚠ [3750/3794] Built MF21Restart.PhaseZero (3.9s)
verify-frozen-manuscript	Verify frozen MF-21 contracts in a fresh sandbox	2026-09-21T02:04:53.0250062Z warning: MF21Restart/PhaseZero.lean:133:34: Used `tac1 <;> tac2` where `(tac1; tac2)` would suffice
verify-frozen-manuscript	Verify frozen MF-21 contracts in a fresh sandbox	2026-09-21T02:04:53.0250761Z 
verify-frozen-manuscript	Verify frozen MF-21 contracts in a fresh sandbox	2026-09-21T02:04:53.0251933Z Note: This linter can be disabled with `set_option linter.unnecessarySeqFocus false`
verify-frozen-manuscript	Verify frozen MF-21 contracts in a fresh sandbox	2026-09-21T02:04:53.0253631Z info: MF21Restart/PhaseZero.lean:140:0: 'MF21Restart.rootKappa_add_I' depends on axioms: [propext, Classical.choice, Quot.sound]
verify-frozen-manuscript	Verify frozen MF-21 contracts in a fresh sandbox	2026-09-21T02:04:53.0256131Z info: MF21Restart/PhaseZero.lean:141:0: 'MF21Restart.individualPhase_rootKappa_zero' depends on axioms: [propext, Classical.choice, Quot.sound]
verify-frozen-manuscript	Verify frozen MF-21 contracts in a fresh sandbox	2026-09-21T02:04:53.0257839Z info: MF21Restart/PhaseZero.lean:142:0: 'MF21Restart.manuscriptPsi_eq_original' depends on axioms: [propext, Classical.choice, Quot.sound]
verify-frozen-manuscript	Verify frozen MF-21 contracts in a fresh sandbox	2026-09-21T02:04:53.0259166Z info: MF21Restart/PhaseZero.lean:143:0: 'MF21Restart.manuscriptPsi_contDiffAt' depends on axioms: [propext, Classical.choice, Quot.sound]
verify-frozen-manuscript	Verify frozen MF-21 contracts in a fresh sandbox	2026-09-21T02:04:53.0260729Z info: MF21Restart/PhaseZero.lean:144:0: 'MF21Restart.manuscriptEta_contDiffAt' depends on axioms: [propext, Classical.choice, Quot.sound]
verify-frozen-manuscript	Verify frozen MF-21 contracts in a fresh sandbox	2026-09-21T02:04:53.0261981Z info: MF21Restart/PhaseZero.lean:145:0: 'MF21Restart.manuscriptPsi_zero' depends on axioms: [propext, Classical.choice, Quot.sound]
verify-frozen-manuscript	Verify frozen MF-21 contracts in a fresh sandbox	2026-09-21T02:04:53.0263199Z info: MF21Restart/PhaseZero.lean:146:0: 'MF21Restart.manuscriptEta_zero' depends on axioms: [propext, Classical.choice, Quot.sound]
verify-frozen-manuscript	Verify frozen MF-21 contracts in a fresh sandbox	2026-09-21T02:04:54.1261465Z ℹ [3751/3794] Built MF21Restart.StableRootSymmetry (2.8s)
verify-frozen-manuscript	Verify frozen MF-21 contracts in a fresh sandbox	2026-09-21T02:04:54.1263041Z info: MF21Restart/StableRootSymmetry.lean:74:0: 'MF21Restart.stableRootCurve_conj' depends on axioms: [propext, Classical.choice, Quot.sound]
verify-frozen-manuscript	Verify frozen MF-21 contracts in a fresh sandbox	2026-09-21T02:04:54.1265001Z info: MF21Restart/StableRootSymmetry.lean:75:0: 'MF21Restart.stableRootCurve_rootKappa_conj' depends on axioms: [propext, Classical.choice, Quot.sound]
verify-frozen-manuscript	Verify frozen MF-21 contracts in a fresh sandbox	2026-09-21T02:04:54.1267247Z info: MF21Restart/StableRootSymmetry.lean:76:0: 'MF21Restart.stableRootCurve_rootKappa_injective' depends on axioms: [propext, Classical.choice, Quot.sound]
verify-frozen-manuscript	Verify frozen MF-21 contracts in a fresh sandbox	2026-09-21T02:04:56.7293202Z ℹ [3752/3794] Built MF21Restart.PhasePi (2.6s)
verify-frozen-manuscript	Verify frozen MF-21 contracts in a fresh sandbox	2026-09-21T02:04:56.7294082Z info: MF21Restart/PhasePi.lean:68:0: 'MF21Restart.individualPhase_pi' depends on axioms: [propext, Classical.choice, Quot.sound]
verify-frozen-manuscript	Verify frozen MF-21 contracts in a fresh sandbox	2026-09-21T02:04:56.7295334Z info: MF21Restart/PhasePi.lean:69:0: 'MF21Restart.individualPhase_rootKappa_pi_reflect' depends on axioms: [propext, Classical.choice, Quot.sound]
verify-frozen-manuscript	Verify frozen MF-21 contracts in a fresh sandbox	2026-09-21T02:04:56.7297168Z info: MF21Restart/PhasePi.lean:70:0: 'MF21Restart.manuscriptPsi_pi' depends on axioms: [propext, Classical.choice, Quot.sound]
verify-frozen-manuscript	Verify frozen MF-21 contracts in a fresh sandbox	2026-09-21T02:04:56.7298543Z info: MF21Restart/PhasePi.lean:71:0: 'MF21Restart.manuscriptEta_pi' depends on axioms: [propext, Classical.choice, Quot.sound]
verify-frozen-manuscript	Verify frozen MF-21 contracts in a fresh sandbox	2026-09-21T02:04:57.5317623Z ℹ [3753/3794] Built MF21Restart.CharacteristicRoots (3.4s)
verify-frozen-manuscript	Verify frozen MF-21 contracts in a fresh sandbox	2026-09-21T02:04:57.5319400Z info: MF21Restart/CharacteristicRoots.lean:216:0: 'MF21Restart.characteristicRoots_ne_zero' depends on axioms: [propext, Classical.choice, Quot.sound]
verify-frozen-manuscript	Verify frozen MF-21 contracts in a fresh sandbox	2026-09-21T02:04:57.5321603Z info: MF21Restart/CharacteristicRoots.lean:217:0: 'MF21Restart.characteristicRoots_norm_regions' depends on axioms: [propext, Classical.choice, Quot.sound]
verify-frozen-manuscript	Verify frozen MF-21 contracts in a fresh sandbox	2026-09-21T02:04:57.5323787Z info: MF21Restart/CharacteristicRoots.lean:218:0: 'MF21Restart.characteristicRoots_injective' depends on axioms: [propext, Classical.choice, Quot.sound]
verify-frozen-manuscript	Verify frozen MF-21 contracts in a fresh sandbox	2026-09-21T02:04:57.5326248Z info: MF21Restart/CharacteristicRoots.lean:219:0: 'MF21Restart.characteristicRoots_equation' depends on axioms: [propext, Classical.choice, Quot.sound]
verify-frozen-manuscript	Verify frozen MF-21 contracts in a fresh sandbox	2026-09-21T02:05:00.7351606Z ⚠ [3754/3794] Built MF21Restart.PhaseMonotonicity (3.0s)
verify-frozen-manuscript	Verify frozen MF-21 contracts in a fresh sandbox	2026-09-21T02:05:00.7354508Z warning: MF21Restart/PhaseMonotonicity.lean:53:24: This simp argument is unused:
verify-frozen-manuscript	Verify frozen MF-21 contracts in a fresh sandbox	2026-09-21T02:05:00.7356378Z   manuscriptPhaseFn
verify-frozen-manuscript	Verify frozen MF-21 contracts in a fresh sandbox	2026-09-21T02:05:00.7356779Z 
verify-frozen-manuscript	Verify frozen MF-21 contracts in a fresh sandbox	2026-09-21T02:05:00.7357141Z Hint: Omit it from the simp argument list.
verify-frozen-manuscript	Verify frozen MF-21 contracts in a fresh sandbox	2026-09-21T02:05:00.7357831Z   [apply] simp only [mul_one]
verify-frozen-manuscript	Verify frozen MF-21 contracts in a fresh sandbox	2026-09-21T02:05:00.7358261Z 
verify-frozen-manuscript	Verify frozen MF-21 contracts in a fresh sandbox	2026-09-21T02:05:00.7358876Z Note: This linter can be disabled with `set_option linter.unusedSimpArgs false`
verify-frozen-manuscript	Verify frozen MF-21 contracts in a fresh sandbox	2026-09-21T02:05:00.7360214Z warning: MF21Restart/PhaseMonotonicity.lean:52:81: Used `tac1 <;> tac2` where `(tac1; tac2)` would suffice
verify-frozen-manuscript	Verify frozen MF-21 contracts in a fresh sandbox	2026-09-21T02:05:00.7361147Z 
verify-frozen-manuscript	Verify frozen MF-21 contracts in a fresh sandbox	2026-09-21T02:05:00.7361816Z Note: This linter can be disabled with `set_option linter.unnecessarySeqFocus false`
verify-frozen-manuscript	Verify frozen MF-21 contracts in a fresh sandbox	2026-09-21T02:05:00.7363791Z info: MF21Restart/PhaseMonotonicity.lean:82:0: 'MF21Restart.manuscriptEta_bounded_with_derivative' depends on axioms: [propext, Classical.choice, Quot.sound]
verify-frozen-manuscript	Verify frozen MF-21 contracts in a fresh sandbox	2026-09-21T02:05:00.7366321Z info: MF21Restart/PhaseMonotonicity.lean:83:0: 'MF21Restart.manuscriptPhaseFn_zero' depends on axioms: [propext, Classical.choice, Quot.sound]
verify-frozen-manuscript	Verify frozen MF-21 contracts in a fresh sandbox	2026-09-21T02:05:00.7368503Z info: MF21Restart/PhaseMonotonicity.lean:84:0: 'MF21Restart.manuscriptPhaseFn_pi' depends on axioms: [propext, Classical.choice, Quot.sound]
verify-frozen-manuscript	Verify frozen MF-21 contracts in a fresh sandbox	2026-09-21T02:05:00.7371412Z info: MF21Restart/PhaseMonotonicity.lean:85:0: 'MF21Restart.manuscriptPhaseFn_hasDerivAt' depends on axioms: [propext, Classical.choice, Quot.sound]
verify-frozen-manuscript	Verify frozen MF-21 contracts in a fresh sandbox	2026-09-21T02:05:00.7387463Z info: MF21Restart/PhaseMonotonicity.lean:86:0: 'MF21Restart.manuscriptPhaseFn_eventual_derivative_bounds' depends on axioms: [propext, Classical.choice, Quot.sound]
verify-frozen-manuscript	Verify frozen MF-21 contracts in a fresh sandbox	2026-09-21T02:05:00.7389923Z info: MF21Restart/PhaseMonotonicity.lean:87:0: 'MF21Restart.manuscriptPhaseFn_eventual_strictMonoOn' depends on axioms: [propext, Classical.choice, Quot.sound]
verify-frozen-manuscript	Verify frozen MF-21 contracts in a fresh sandbox	2026-09-21T02:05:01.8381075Z ⚠ [3755/3794] Built MF21Restart.PhaseProduct (4.4s)
verify-frozen-manuscript	Verify frozen MF-21 contracts in a fresh sandbox	2026-09-21T02:05:01.8383601Z warning: MF21Restart/PhaseProduct.lean:119:13: Variable name `hm` is not explicitly referenced.
verify-frozen-manuscript	Verify frozen MF-21 contracts in a fresh sandbox	2026-09-21T02:05:01.8384493Z 
verify-frozen-manuscript	Verify frozen MF-21 contracts in a fresh sandbox	2026-09-21T02:05:01.8385476Z Hint: The binding can be removed (if unused) or named `_` (if used implicitly). Alternatively, prefix the name with `_` to silence this warning:
verify-frozen-manuscript	Verify frozen MF-21 contracts in a fresh sandbox	2026-09-21T02:05:01.8387304Z   [apply] _hm
verify-frozen-manuscript	Verify frozen MF-21 contracts in a fresh sandbox	2026-09-21T02:05:01.8387679Z 
verify-frozen-manuscript	Verify frozen MF-21 contracts in a fresh sandbox	2026-09-21T02:05:01.8388269Z Note: This linter can be disabled with `set_option linter.unusedVariables false`
verify-frozen-manuscript	Verify frozen MF-21 contracts in a fresh sandbox	2026-09-21T02:05:01.8389942Z info: MF21Restart/PhaseProduct.lean:181:0: 'MF21Restart.normalizedPhaseProduct_contDiff' depends on axioms: [propext, Classical.choice, Quot.sound]
verify-frozen-manuscript	Verify frozen MF-21 contracts in a fresh sandbox	2026-09-21T02:05:01.8392000Z info: MF21Restart/PhaseProduct.lean:182:0: 'MF21Restart.normalizedPhaseProduct_zero' depends on axioms: [propext, Classical.choice, Quot.sound]
verify-frozen-manuscript	Verify frozen MF-21 contracts in a fresh sandbox	2026-09-21T02:05:01.8394059Z info: MF21Restart/PhaseProduct.lean:183:0: 'MF21Restart.normalizedPhaseProduct_ne_zero' depends on axioms: [propext, Classical.choice, Quot.sound]
verify-frozen-manuscript	Verify frozen MF-21 contracts in a fresh sandbox	2026-09-21T02:05:01.8396499Z info: MF21Restart/PhaseProduct.lean:184:0: 'MF21Restart.normalizedPhaseProduct_polar' depends on axioms: [propext, Classical.choice, Quot.sound]
verify-frozen-manuscript	Verify frozen MF-21 contracts in a fresh sandbox	2026-09-21T02:05:01.8398536Z info: MF21Restart/PhaseProduct.lean:185:0: 'MF21Restart.manuscriptPhaseProduct_factorization' depends on axioms: [propext, Classical.choice, Quot.sound]
verify-frozen-manuscript	Verify frozen MF-21 contracts in a fresh sandbox	2026-09-21T02:05:01.8401112Z info: MF21Restart/PhaseProduct.lean:186:0: 'MF21Restart.manuscriptPhaseProduct_ne_zero' depends on axioms: [propext, Classical.choice, Quot.sound]
verify-frozen-manuscript	Verify frozen MF-21 contracts in a fresh sandbox	2026-09-21T02:05:01.8403089Z info: MF21Restart/PhaseProduct.lean:187:0: 'MF21Restart.manuscriptPhaseProduct_polar' depends on axioms: [propext, Classical.choice, Quot.sound]
verify-frozen-manuscript	Verify frozen MF-21 contracts in a fresh sandbox	2026-09-21T02:05:01.8405123Z info: MF21Restart/PhaseProduct.lean:188:0: 'MF21Restart.manuscriptPhaseProduct_div_conj' depends on axioms: [propext, Classical.choice, Quot.sound]
verify-frozen-manuscript	Verify frozen MF-21 contracts in a fresh sandbox	2026-09-21T02:05:02.3389090Z ⚠ [3756/3794] Built MF21Restart.CirculantSpectrum (4.9s)
verify-frozen-manuscript	Verify frozen MF-21 contracts in a fresh sandbox	2026-09-21T02:05:02.3391517Z warning: MF21Restart/CirculantSpectrum.lean:128:2: Try this: 
verify-frozen-manuscript	Verify frozen MF-21 contracts in a fresh sandbox	2026-09-21T02:05:02.3392434Z   letI̵
verify-frozen-manuscript	Verify frozen MF-21 contracts in a fresh sandbox	2026-09-21T02:05:02.3392863Z 
verify-frozen-manuscript	Verify frozen MF-21 contracts in a fresh sandbox	2026-09-21T02:05:02.3393418Z The goal is a proposition, so `let` is preferred over `letI`.
verify-frozen-manuscript	Verify frozen MF-21 contracts in a fresh sandbox	2026-09-21T02:05:02.3394733Z The difference between `let` and `letI` is that `letI` inlines the value.
verify-frozen-manuscript	Verify frozen MF-21 contracts in a fresh sandbox	2026-09-21T02:05:02.3396058Z But this is not relevant for proofs because of proof irrelevance.
verify-frozen-manuscript	Verify frozen MF-21 contracts in a fresh sandbox	2026-09-21T02:05:02.3396736Z 
verify-frozen-manuscript	Verify frozen MF-21 contracts in a fresh sandbox	2026-09-21T02:05:02.3397402Z Note: This linter can be disabled with `set_option linter.style.haveILetI false`
verify-frozen-manuscript	Verify frozen MF-21 contracts in a fresh sandbox	2026-09-21T02:05:02.3399116Z info: MF21Restart/CirculantSpectrum.lean:207:0: 'MF21Restart.periodicFourierColumn_laurent_sum' depends on axioms: [propext, Classical.choice, Quot.sound]
verify-frozen-manuscript	Verify frozen MF-21 contracts in a fresh sandbox	2026-09-21T02:05:02.3401390Z info: MF21Restart/CirculantSpectrum.lean:208:0: 'MF21Restart.fourierCirculant_mulVec_rootOmega' depends on axioms: [propext, Classical.choice, Quot.sound]
verify-frozen-manuscript	Verify frozen MF-21 contracts in a fresh sandbox	2026-09-21T02:05:02.3403577Z info: MF21Restart/CirculantSpectrum.lean:209:0: 'MF21Restart.fourierCirculant_charpoly_complex' depends on axioms: [propext, Classical.choice, Quot.sound]
verify-frozen-manuscript	Verify frozen MF-21 contracts in a fresh sandbox	2026-09-21T02:05:02.8399341Z ⚠ [3757/3794] Built MF21Restart.RootTangents (5.3s)
verify-frozen-manuscript	Verify frozen MF-21 contracts in a fresh sandbox	2026-09-21T02:05:02.8402104Z warning: MF21Restart/RootTangents.lean:32:10: This simp argument is unused:
verify-frozen-manuscript	Verify frozen MF-21 contracts in a fresh sandbox	2026-09-21T02:05:02.8403217Z   oscillatoryRoot
verify-frozen-manuscript	Verify frozen MF-21 contracts in a fresh sandbox	2026-09-21T02:05:02.8403674Z 
verify-frozen-manuscript	Verify frozen MF-21 contracts in a fresh sandbox	2026-09-21T02:05:02.8404362Z Hint: Omit it from the simp argument list.
verify-frozen-manuscript	Verify frozen MF-21 contracts in a fresh sandbox	2026-09-21T02:05:02.8405031Z   [apply] simp
verify-frozen-manuscript	Verify frozen MF-21 contracts in a fresh sandbox	2026-09-21T02:05:02.8405400Z 
verify-frozen-manuscript	Verify frozen MF-21 contracts in a fresh sandbox	2026-09-21T02:05:02.8406216Z Note: This linter can be disabled with `set_option linter.unusedSimpArgs false`
verify-frozen-manuscript	Verify frozen MF-21 contracts in a fresh sandbox	2026-09-21T02:05:02.8407461Z warning: MF21Restart/RootTangents.lean:31:84: Used `tac1 <;> tac2` where `(tac1; tac2)` would suffice
verify-frozen-manuscript	Verify frozen MF-21 contracts in a fresh sandbox	2026-09-21T02:05:02.8408266Z 
verify-frozen-manuscript	Verify frozen MF-21 contracts in a fresh sandbox	2026-09-21T02:05:02.8408855Z Note: This linter can be disabled with `set_option linter.unnecessarySeqFocus false`
verify-frozen-manuscript	Verify frozen MF-21 contracts in a fresh sandbox	2026-09-21T02:05:02.8410066Z warning: MF21Restart/RootTangents.lean:36:83: Used `tac1 <;> tac2` where `(tac1; tac2)` would suffice
verify-frozen-manuscript	Verify frozen MF-21 contracts in a fresh sandbox	2026-09-21T02:05:02.8410856Z 
verify-frozen-manuscript	Verify frozen MF-21 contracts in a fresh sandbox	2026-09-21T02:05:02.8411440Z Note: This linter can be disabled with `set_option linter.unnecessarySeqFocus false`
verify-frozen-manuscript	Verify frozen MF-21 contracts in a fresh sandbox	2026-09-21T02:05:02.8412663Z warning: MF21Restart/RootTangents.lean:41:89: Used `tac1 <;> tac2` where `(tac1; tac2)` would suffice
verify-frozen-manuscript	Verify frozen MF-21 contracts in a fresh sandbox	2026-09-21T02:05:02.8413579Z 
verify-frozen-manuscript	Verify frozen MF-21 contracts in a fresh sandbox	2026-09-21T02:05:02.8414162Z Note: This linter can be disabled with `set_option linter.unnecessarySeqFocus false`
verify-frozen-manuscript	Verify frozen MF-21 contracts in a fresh sandbox	2026-09-21T02:05:02.8415727Z info: MF21Restart/RootTangents.lean:190:0: 'MF21Restart.characteristicRoots_zero' depends on axioms: [propext, Classical.choice, Quot.sound]
verify-frozen-manuscript	Verify frozen MF-21 contracts in a fresh sandbox	2026-09-21T02:05:02.8417963Z info: MF21Restart/RootTangents.lean:191:0: 'MF21Restart.characteristicRoots_hasDerivAt_zero' depends on axioms: [propext, Classical.choice, Quot.sound]
verify-frozen-manuscript	Verify frozen MF-21 contracts in a fresh sandbox	2026-09-21T02:05:02.8420054Z info: MF21Restart/RootTangents.lean:192:0: 'MF21Restart.characteristicRootTangents_injective' depends on axioms: [propext, Classical.choice, Quot.sound]
verify-frozen-manuscript	Verify frozen MF-21 contracts in a fresh sandbox	2026-09-21T02:05:02.8422093Z info: MF21Restart/RootTangents.lean:193:0: 'MF21Restart.characteristicRoots_sub_hasDerivAt_zero' depends on axioms: [propext, Classical.choice, Quot.sound]
verify-frozen-manuscript	Verify frozen MF-21 contracts in a fresh sandbox	2026-09-21T02:05:02.8424163Z info: MF21Restart/RootTangents.lean:194:0: 'MF21Restart.characteristicRootTangents_sub_ne_zero' depends on axioms: [propext, Classical.choice, Quot.sound]
verify-frozen-manuscript	Verify frozen MF-21 contracts in a fresh sandbox	2026-09-21T02:05:04.7447672Z ℹ [3758/3794] Built MF21Restart.ConcreteBoundary (4.1s)
verify-frozen-manuscript	Verify frozen MF-21 contracts in a fresh sandbox	2026-09-21T02:05:04.7450186Z info: MF21Restart/ConcreteBoundary.lean:64:0: 'MF21Restart.eigenvalue_iff_manuscriptBoundaryDeterminant_zero' depends on axioms: [propext,
verify-frozen-manuscript	Verify frozen MF-21 contracts in a fresh sandbox	2026-09-21T02:05:04.7451469Z  Classical.choice,
verify-frozen-manuscript	Verify frozen MF-21 contracts in a fresh sandbox	2026-09-21T02:05:04.7451968Z  Quot.sound]
verify-frozen-manuscript	Verify frozen MF-21 contracts in a fresh sandbox	2026-09-21T02:05:04.7453117Z info: MF21Restart/ConcreteBoundary.lean:65:0: 'MF21Restart.manuscript_boundary_kernel_finrank_eq_eigenspace' depends on axioms: [propext,
verify-frozen-manuscript	Verify frozen MF-21 contracts in a fresh sandbox	2026-09-21T02:05:04.7454391Z  Classical.choice,
verify-frozen-manuscript	Verify frozen MF-21 contracts in a fresh sandbox	2026-09-21T02:05:04.7454960Z  Quot.sound]
verify-frozen-manuscript	Verify frozen MF-21 contracts in a fresh sandbox	2026-09-21T02:05:04.7456475Z info: MF21Restart/ConcreteBoundary.lean:66:0: 'MF21Restart.characteristicRoots_contDiff' depends on axioms: [propext, Classical.choice, Quot.sound]
verify-frozen-manuscript	Verify frozen MF-21 contracts in a fresh sandbox	2026-09-21T02:05:04.7458640Z info: MF21Restart/ConcreteBoundary.lean:67:0: 'MF21Restart.manuscriptBoundaryDeterminant_pi' depends on axioms: [propext, Classical.choice, Quot.sound]
verify-frozen-manuscript	Verify frozen MF-21 contracts in a fresh sandbox	2026-09-21T02:05:05.4437931Z ℹ [3759/3794] Built MF21Restart.EtaNeighborhood (3.6s)
verify-frozen-manuscript	Verify frozen MF-21 contracts in a fresh sandbox	2026-09-21T02:05:05.4440218Z info: MF21Restart/EtaNeighborhood.lean:87:0: 'MF21Restart.manuscriptEta_enlarged_interval_bounds' depends on axioms: [propext, Classical.choice, Quot.sound]
verify-frozen-manuscript	Verify frozen MF-21 contracts in a fresh sandbox	2026-09-21T02:05:08.4468922Z ⚠ [3760/3794] Built MF21Restart.CirculantOrder (6.0s)
verify-frozen-manuscript	Verify frozen MF-21 contracts in a fresh sandbox	2026-09-21T02:05:08.4471258Z warning: MF21Restart/CirculantOrder.lean:66:8: this tactic is never executed
verify-frozen-manuscript	Verify frozen MF-21 contracts in a fresh sandbox	2026-09-21T02:05:08.4471969Z 
verify-frozen-manuscript	Verify frozen MF-21 contracts in a fresh sandbox	2026-09-21T02:05:08.4472537Z Note: This linter can be disabled with `set_option linter.unreachableTactic false`
verify-frozen-manuscript	Verify frozen MF-21 contracts in a fresh sandbox	2026-09-21T02:05:08.4473806Z warning: MF21Restart/CirculantOrder.lean:66:8: Unused tactic linter: `ring` does nothing
verify-frozen-manuscript	Verify frozen MF-21 contracts in a fresh sandbox	2026-09-21T02:05:08.4491013Z 
verify-frozen-manuscript	Verify frozen MF-21 contracts in a fresh sandbox	2026-09-21T02:05:08.4491660Z Note: This linter can be disabled with `set_option linter.unusedTactic false`
verify-frozen-manuscript	Verify frozen MF-21 contracts in a fresh sandbox	2026-09-21T02:05:08.4493537Z warning: MF21Restart/CirculantOrder.lean:134:10: This simp argument is unused:
verify-frozen-manuscript	Verify frozen MF-21 contracts in a fresh sandbox	2026-09-21T02:05:08.4494413Z   Function.comp_def
verify-frozen-manuscript	Verify frozen MF-21 contracts in a fresh sandbox	2026-09-21T02:05:08.4494813Z 
verify-frozen-manuscript	Verify frozen MF-21 contracts in a fresh sandbox	2026-09-21T02:05:08.4495145Z Hint: Omit it from the simp argument list.
verify-frozen-manuscript	Verify frozen MF-21 contracts in a fresh sandbox	2026-09-21T02:05:08.4495747Z   [apply] simp
verify-frozen-manuscript	Verify frozen MF-21 contracts in a fresh sandbox	2026-09-21T02:05:08.4496663Z 
verify-frozen-manuscript	Verify frozen MF-21 contracts in a fresh sandbox	2026-09-21T02:05:08.4497180Z Note: This linter can be disabled with `set_option linter.unusedSimpArgs false`
verify-frozen-manuscript	Verify frozen MF-21 contracts in a fresh sandbox	2026-09-21T02:05:08.4498669Z info: MF21Restart/CirculantOrder.lean:138:0: 'MF21Restart.fourierCirculant_charpoly_real' depends on axioms: [propext, Classical.choice, Quot.sound]
verify-frozen-manuscript	Verify frozen MF-21 contracts in a fresh sandbox	2026-09-21T02:05:08.4500610Z info: MF21Restart/CirculantOrder.lean:139:0: 'MF21Restart.fourierCirculant_charpoly_ordered' depends on axioms: [propext, Classical.choice, Quot.sound]
verify-frozen-manuscript	Verify frozen MF-21 contracts in a fresh sandbox	2026-09-21T02:05:08.4502529Z info: MF21Restart/CirculantOrder.lean:140:0: 'MF21Restart.circulantOrderedValue_monotone' depends on axioms: [propext, Classical.choice, Quot.sound]
verify-frozen-manuscript	Verify frozen MF-21 contracts in a fresh sandbox	2026-09-21T02:05:08.4504462Z info: MF21Restart/CirculantOrder.lean:141:0: 'MF21Restart.fourierCirculant_sorted_eigenvalues' depends on axioms: [propext, Classical.choice, Quot.sound]
verify-frozen-manuscript	Verify frozen MF-21 contracts in a fresh sandbox	2026-09-21T02:05:08.8501316Z ℹ [3761/3794] Built MF21Restart.RootDifferences (4.1s)
verify-frozen-manuscript	Verify frozen MF-21 contracts in a fresh sandbox	2026-09-21T02:05:08.8505068Z info: MF21Restart/RootDifferences.lean:144:0: 'MF21Restart.normalizedCharacteristicDifference_analyticAt' depends on axioms: [propext, Classical.choice, Quot.sound]
verify-frozen-manuscript	Verify frozen MF-21 contracts in a fresh sandbox	2026-09-21T02:05:08.8507843Z info: MF21Restart/RootDifferences.lean:145:0: 'MF21Restart.normalizedCharacteristicDifference_contDiff' depends on axioms: [propext, Classical.choice, Quot.sound]
verify-frozen-manuscript	Verify frozen MF-21 contracts in a fresh sandbox	2026-09-21T02:05:08.8510229Z info: MF21Restart/RootDifferences.lean:146:0: 'MF21Restart.normalizedCharacteristicDifference_zero' depends on axioms: [propext, Classical.choice, Quot.sound]
verify-frozen-manuscript	Verify frozen MF-21 contracts in a fresh sandbox	2026-09-21T02:05:08.8512398Z info: MF21Restart/RootDifferences.lean:147:0: 'MF21Restart.characteristicRoots_sub_eq_mul_normalizedDifference' depends on axioms: [propext,
verify-frozen-manuscript	Verify frozen MF-21 contracts in a fresh sandbox	2026-09-21T02:05:08.8513738Z  Classical.choice,
verify-frozen-manuscript	Verify frozen MF-21 contracts in a fresh sandbox	2026-09-21T02:05:08.8514278Z  Quot.sound]
verify-frozen-manuscript	Verify frozen MF-21 contracts in a fresh sandbox	2026-09-21T02:05:08.8515677Z info: MF21Restart/RootDifferences.lean:148:0: 'MF21Restart.normalizedCharacteristicDifference_zero_ne_zero' depends on axioms: [propext, Classical.choice, Quot.sound]
verify-frozen-manuscript	Verify frozen MF-21 contracts in a fresh sandbox	2026-09-21T02:05:08.8518314Z info: MF21Restart/RootDifferences.lean:149:0: 'MF21Restart.normalizedCharacteristicDifference_ne_zero' depends on axioms: [propext, Classical.choice, Quot.sound]
verify-frozen-manuscript	Verify frozen MF-21 contracts in a fresh sandbox	2026-09-21T02:05:08.8520561Z info: MF21Restart/RootDifferences.lean:150:0: 'MF21Restart.normalizedCharacteristicDifferenceProduct_analyticAt' depends on axioms: [propext,
verify-frozen-manuscript	Verify frozen MF-21 contracts in a fresh sandbox	2026-09-21T02:05:08.8521949Z  Classical.choice,
verify-frozen-manuscript	Verify frozen MF-21 contracts in a fresh sandbox	2026-09-21T02:05:08.8522471Z  Quot.sound]
verify-frozen-manuscript	Verify frozen MF-21 contracts in a fresh sandbox	2026-09-21T02:05:08.8523749Z info: MF21Restart/RootDifferences.lean:151:0: 'MF21Restart.normalizedCharacteristicDifferenceProduct_contDiff' depends on axioms: [propext,
verify-frozen-manuscript	Verify frozen MF-21 contracts in a fresh sandbox	2026-09-21T02:05:08.8525103Z  Classical.choice,
verify-frozen-manuscript	Verify frozen MF-21 contracts in a fresh sandbox	2026-09-21T02:05:08.8525622Z  Quot.sound]
verify-frozen-manuscript	Verify frozen MF-21 contracts in a fresh sandbox	2026-09-21T02:05:08.8527320Z info: MF21Restart/RootDifferences.lean:152:0: 'MF21Restart.normalizedCharacteristicDifferenceProduct_zero' depends on axioms: [propext, Classical.choice, Quot.sound]
verify-frozen-manuscript	Verify frozen MF-21 contracts in a fresh sandbox	2026-09-21T02:05:08.8529632Z info: MF21Restart/RootDifferences.lean:153:0: 'MF21Restart.normalizedCharacteristicDifferenceProduct_zero_ne_zero' depends on axioms: [propext,
verify-frozen-manuscript	Verify frozen MF-21 contracts in a fresh sandbox	2026-09-21T02:05:08.8531361Z  Classical.choice,
verify-frozen-manuscript	Verify frozen MF-21 contracts in a fresh sandbox	2026-09-21T02:05:08.8531901Z  Quot.sound]
verify-frozen-manuscript	Verify frozen MF-21 contracts in a fresh sandbox	2026-09-21T02:05:08.8533184Z info: MF21Restart/RootDifferences.lean:154:0: 'MF21Restart.normalizedCharacteristicDifferenceProduct_ne_zero' depends on axioms: [propext,
verify-frozen-manuscript	Verify frozen MF-21 contracts in a fresh sandbox	2026-09-21T02:05:08.8534566Z  Classical.choice,
verify-frozen-manuscript	Verify frozen MF-21 contracts in a fresh sandbox	2026-09-21T02:05:08.8535088Z  Quot.sound]
verify-frozen-manuscript	Verify frozen MF-21 contracts in a fresh sandbox	2026-09-21T02:05:08.8536519Z info: MF21Restart/RootDifferences.lean:155:0: 'MF21Restart.characteristicRoots_differenceProduct_eq_pow_mul' depends on axioms: [propext,
verify-frozen-manuscript	Verify frozen MF-21 contracts in a fresh sandbox	2026-09-21T02:05:08.8537869Z  Classical.choice,
verify-frozen-manuscript	Verify frozen MF-21 contracts in a fresh sandbox	2026-09-21T02:05:08.8538385Z  Quot.sound]
verify-frozen-manuscript	Verify frozen MF-21 contracts in a fresh sandbox	2026-09-21T02:05:08.8544009Z ℹ [3762/3794] Built MF21Restart.NormalizedBoundary (4.0s)
verify-frozen-manuscript	Verify frozen MF-21 contracts in a fresh sandbox	2026-09-21T02:05:08.8546742Z info: MF21Restart/NormalizedBoundary.lean:109:0: 'MF21Restart.characteristicRootSlope_analyticAt' depends on axioms: [propext, Classical.choice, Quot.sound]
verify-frozen-manuscript	Verify frozen MF-21 contracts in a fresh sandbox	2026-09-21T02:05:08.8549022Z info: MF21Restart/NormalizedBoundary.lean:110:0: 'MF21Restart.characteristicRootSlope_contDiff' depends on axioms: [propext, Classical.choice, Quot.sound]
verify-frozen-manuscript	Verify frozen MF-21 contracts in a fresh sandbox	2026-09-21T02:05:08.8551548Z info: MF21Restart/NormalizedBoundary.lean:111:0: 'MF21Restart.characteristicRootSlope_zero' depends on axioms: [propext, Classical.choice, Quot.sound]
verify-frozen-manuscript	Verify frozen MF-21 contracts in a fresh sandbox	2026-09-21T02:05:08.8553818Z info: MF21Restart/NormalizedBoundary.lean:112:0: 'MF21Restart.characteristicRoots_eq_one_add_mul_slope' depends on axioms: [propext, Classical.choice, Quot.sound]
verify-frozen-manuscript	Verify frozen MF-21 contracts in a fresh sandbox	2026-09-21T02:05:08.8556328Z info: MF21Restart/NormalizedBoundary.lean:113:0: 'MF21Restart.normalizedRootVandermonde_contDiff' depends on axioms: [propext, Classical.choice, Quot.sound]
verify-frozen-manuscript	Verify frozen MF-21 contracts in a fresh sandbox	2026-09-21T02:05:08.8558590Z info: MF21Restart/NormalizedBoundary.lean:114:0: 'MF21Restart.rootVandermonde_eq_pow_mul_normalized' depends on axioms: [propext, Classical.choice, Quot.sound]
verify-frozen-manuscript	Verify frozen MF-21 contracts in a fresh sandbox	2026-09-21T02:05:08.8560866Z info: MF21Restart/NormalizedBoundary.lean:115:0: 'MF21Restart.normalizedRootVandermonde_zero_ne_zero' depends on axioms: [propext, Classical.choice, Quot.sound]
verify-frozen-manuscript	Verify frozen MF-21 contracts in a fresh sandbox	2026-09-21T02:05:08.8563169Z info: MF21Restart/NormalizedBoundary.lean:116:0: 'MF21Restart.boundaryCoefficient_eq_pow_mul_normalized' depends on axioms: [propext, Classical.choice, Quot.sound]
verify-frozen-manuscript	Verify frozen MF-21 contracts in a fresh sandbox	2026-09-21T02:05:08.8565495Z info: MF21Restart/NormalizedBoundary.lean:117:0: 'MF21Restart.normalizedBoundaryCoefficient_contDiff' depends on axioms: [propext, Classical.choice, Quot.sound]
verify-frozen-manuscript	Verify frozen MF-21 contracts in a fresh sandbox	2026-09-21T02:05:08.8568047Z info: MF21Restart/NormalizedBoundary.lean:118:0: 'MF21Restart.normalizedBoundaryCoefficient_zero_ne_zero' depends on axioms: [propext, Classical.choice, Quot.sound]
verify-frozen-manuscript	Verify frozen MF-21 contracts in a fresh sandbox	2026-09-21T02:05:10.4536161Z ℹ [3763/3794] Built MF21Restart.BoundaryConjugation (5.0s)
verify-frozen-manuscript	Verify frozen MF-21 contracts in a fresh sandbox	2026-09-21T02:05:10.4538560Z info: MF21Restart/BoundaryConjugation.lean:125:0: 'MF21Restart.rootConjugationPerm_sign' depends on axioms: [propext, Classical.choice, Quot.sound]
verify-frozen-manuscript	Verify frozen MF-21 contracts in a fresh sandbox	2026-09-21T02:05:10.4540718Z info: MF21Restart/BoundaryConjugation.lean:126:0: 'MF21Restart.characteristicRoots_conj' depends on axioms: [propext, Classical.choice, Quot.sound]
verify-frozen-manuscript	Verify frozen MF-21 contracts in a fresh sandbox	2026-09-21T02:05:10.4542838Z info: MF21Restart/BoundaryConjugation.lean:127:0: 'MF21Restart.manuscriptBoundaryDeterminant_conj' depends on axioms: [propext, Classical.choice, Quot.sound]
verify-frozen-manuscript	Verify frozen MF-21 contracts in a fresh sandbox	2026-09-21T02:05:10.4544977Z info: MF21Restart/BoundaryConjugation.lean:128:0: 'MF21Restart.manuscriptBoundaryDeterminant_re_eq_zero' depends on axioms: [propext, Classical.choice, Quot.sound]
verify-frozen-manuscript	Verify frozen MF-21 contracts in a fresh sandbox	2026-09-21T02:05:12.3560096Z ℹ [3764/3794] Built MF21Restart.ImplicitPhase (3.5s)
verify-frozen-manuscript	Verify frozen MF-21 contracts in a fresh sandbox	2026-09-21T02:05:12.3562098Z info: MF21Restart/ImplicitPhase.lean:33:0: 'MF21Restart.manuscriptEta_uniform_implicit_phase' depends on axioms: [propext, Classical.choice, Quot.sound]
verify-frozen-manuscript	Verify frozen MF-21 contracts in a fresh sandbox	2026-09-21T02:05:14.2580590Z ⚠ [3765/3794] Built MF21Restart.BoundaryProductDecay (5.8s)
verify-frozen-manuscript	Verify frozen MF-21 contracts in a fresh sandbox	2026-09-21T02:05:14.2583798Z warning: MF21Restart/BoundaryProductDecay.lean:96:4: Unused tactic linter: `simp only [boundaryProductRatio, div_eq_mul_inv]` does nothing
verify-frozen-manuscript	Verify frozen MF-21 contracts in a fresh sandbox	2026-09-21T02:05:14.2585234Z 
verify-frozen-manuscript	Verify frozen MF-21 contracts in a fresh sandbox	2026-09-21T02:05:14.2586698Z Note: This linter can be disabled with `set_option linter.unusedTactic false`
verify-frozen-manuscript	Verify frozen MF-21 contracts in a fresh sandbox	2026-09-21T02:05:14.2588083Z warning: MF21Restart/BoundaryProductDecay.lean:96:4: this tactic is never executed
verify-frozen-manuscript	Verify frozen MF-21 contracts in a fresh sandbox	2026-09-21T02:05:14.2589041Z 
verify-frozen-manuscript	Verify frozen MF-21 contracts in a fresh sandbox	2026-09-21T02:05:14.2589737Z Note: This linter can be disabled with `set_option linter.unreachableTactic false`
verify-frozen-manuscript	Verify frozen MF-21 contracts in a fresh sandbox	2026-09-21T02:05:14.2591693Z info: MF21Restart/BoundaryProductDecay.lean:254:0: 'MF21Restart.boundaryExteriorProduct_ne_zero' depends on axioms: [propext, Classical.choice, Quot.sound]
verify-frozen-manuscript	Verify frozen MF-21 contracts in a fresh sandbox	2026-09-21T02:05:14.2597406Z info: MF21Restart/BoundaryProductDecay.lean:255:0: 'MF21Restart.boundaryProductRatio_ne_zero' depends on axioms: [propext, Classical.choice, Quot.sound]
verify-frozen-manuscript	Verify frozen MF-21 contracts in a fresh sandbox	2026-09-21T02:05:14.2599579Z info: MF21Restart/BoundaryProductDecay.lean:256:0: 'MF21Restart.boundaryProductRatio_contDiff' depends on axioms: [propext, Classical.choice, Quot.sound]
verify-frozen-manuscript	Verify frozen MF-21 contracts in a fresh sandbox	2026-09-21T02:05:14.2601889Z info: MF21Restart/BoundaryProductDecay.lean:257:0: 'MF21Restart.boundary_nonleading_has_stable_or_omitted_exterior' depends on axioms: [propext,
verify-frozen-manuscript	Verify frozen MF-21 contracts in a fresh sandbox	2026-09-21T02:05:14.2603449Z  Classical.choice,
verify-frozen-manuscript	Verify frozen MF-21 contracts in a fresh sandbox	2026-09-21T02:05:14.2604104Z  Quot.sound]
verify-frozen-manuscript	Verify frozen MF-21 contracts in a fresh sandbox	2026-09-21T02:05:14.2606271Z info: MF21Restart/BoundaryProductDecay.lean:258:0: 'MF21Restart.boundaryProductRatio_eq_sdiff_prod' depends on axioms: [propext, Classical.choice, Quot.sound]
verify-frozen-manuscript	Verify frozen MF-21 contracts in a fresh sandbox	2026-09-21T02:05:14.2627459Z info: MF21Restart/BoundaryProductDecay.lean:259:0: 'MF21Restart.boundaryProductRatio_uniform_exp_decay' depends on axioms: [propext, Classical.choice, Quot.sound]
verify-frozen-manuscript	Verify frozen MF-21 contracts in a fresh sandbox	2026-09-21T02:05:14.5589176Z ℹ [3766/3794] Built MF21Restart.CharacteristicSublist (4.1s)
verify-frozen-manuscript	Verify frozen MF-21 contracts in a fresh sandbox	2026-09-21T02:05:14.5591608Z info: MF21Restart/CharacteristicSublist.lean:100:0: 'MF21Restart.characteristicRoots_eq_implies_index_eq_or_oscillatory' depends on axioms: [propext,
verify-frozen-manuscript	Verify frozen MF-21 contracts in a fresh sandbox	2026-09-21T02:05:14.5592981Z  Classical.choice,
verify-frozen-manuscript	Verify frozen MF-21 contracts in a fresh sandbox	2026-09-21T02:05:14.5593495Z  Quot.sound]
verify-frozen-manuscript	Verify frozen MF-21 contracts in a fresh sandbox	2026-09-21T02:05:14.5594808Z info: MF21Restart/CharacteristicSublist.lean:101:0: 'MF21Restart.characteristicRoots_sublist_injective' depends on axioms: [propext, Classical.choice, Quot.sound]
verify-frozen-manuscript	Verify frozen MF-21 contracts in a fresh sandbox	2026-09-21T02:05:14.5597391Z info: MF21Restart/CharacteristicSublist.lean:102:0: 'MF21Restart.normalizedRootVandermonde_ne_zero_on_Icc' depends on axioms: [propext, Classical.choice, Quot.sound]
verify-frozen-manuscript	Verify frozen MF-21 contracts in a fresh sandbox	2026-09-21T02:05:14.5599709Z info: MF21Restart/CharacteristicSublist.lean:103:0: 'MF21Restart.normalizedBoundaryCoefficient_ne_zero_on_Icc' depends on axioms: [propext, Classical.choice, Quot.sound]
verify-frozen-manuscript	Verify frozen MF-21 contracts in a fresh sandbox	2026-09-21T02:05:16.2602044Z ℹ [3767/3794] Built MF21Restart.ImplicitTaylor (3.0s)
verify-frozen-manuscript	Verify frozen MF-21 contracts in a fresh sandbox	2026-09-21T02:05:16.2604120Z info: MF21Restart/ImplicitTaylor.lean:65:0: 'MF21Restart.manuscript_uniform_implicit_taylor' depends on axioms: [propext, Classical.choice, Quot.sound]
verify-frozen-manuscript	Verify frozen MF-21 contracts in a fresh sandbox	2026-09-21T02:05:16.3654025Z ⚠ [3768/3794] Built MF21Restart.CirculantBounds (7.5s)
verify-frozen-manuscript	Verify frozen MF-21 contracts in a fresh sandbox	2026-09-21T02:05:16.3656967Z warning: MF21Restart/CirculantBounds.lean:88:6: Used `tac1 <;> tac2` where `(tac1; tac2)` would suffice
verify-frozen-manuscript	Verify frozen MF-21 contracts in a fresh sandbox	2026-09-21T02:05:16.3657835Z 
verify-frozen-manuscript	Verify frozen MF-21 contracts in a fresh sandbox	2026-09-21T02:05:16.3658450Z Note: This linter can be disabled with `set_option linter.unnecessarySeqFocus false`
verify-frozen-manuscript	Verify frozen MF-21 contracts in a fresh sandbox	2026-09-21T02:05:16.3659688Z warning: MF21Restart/CirculantBounds.lean:189:12: this tactic is never executed
verify-frozen-manuscript	Verify frozen MF-21 contracts in a fresh sandbox	2026-09-21T02:05:16.3660416Z 
verify-frozen-manuscript	Verify frozen MF-21 contracts in a fresh sandbox	2026-09-21T02:05:16.3661019Z Note: This linter can be disabled with `set_option linter.unreachableTactic false`
verify-frozen-manuscript	Verify frozen MF-21 contracts in a fresh sandbox	2026-09-21T02:05:16.3662238Z warning: MF21Restart/CirculantBounds.lean:189:12: Unused tactic linter: `ring` does nothing
verify-frozen-manuscript	Verify frozen MF-21 contracts in a fresh sandbox	2026-09-21T02:05:16.3663038Z 
verify-frozen-manuscript	Verify frozen MF-21 contracts in a fresh sandbox	2026-09-21T02:05:16.3663592Z Note: This linter can be disabled with `set_option linter.unusedTactic false`
verify-frozen-manuscript	Verify frozen MF-21 contracts in a fresh sandbox	2026-09-21T02:05:16.3665153Z info: MF21Restart/CirculantBounds.lean:214:0: 'MF21Restart.eigenvalue_circulant_interlacing' depends on axioms: [propext, Classical.choice, Quot.sound]
verify-frozen-manuscript	Verify frozen MF-21 contracts in a fresh sandbox	2026-09-21T02:05:16.3667118Z info: MF21Restart/CirculantBounds.lean:215:0: 'MF21Restart.eigenvalue_circulant_power_bounds' depends on axioms: [propext, Classical.choice, Quot.sound]
verify-frozen-manuscript	Verify frozen MF-21 contracts in a fresh sandbox	2026-09-21T02:05:16.3668806Z info: MF21Restart/CirculantBounds.lean:216:0: 'MF21Restart.eigenvalue_circulant_lower_bound' depends on axioms: [propext, Classical.choice, Quot.sound]
verify-frozen-manuscript	Verify frozen MF-21 contracts in a fresh sandbox	2026-09-21T02:05:16.3670796Z info: MF21Restart/CirculantBounds.lean:217:0: 'MF21Restart.eigenvalue_fixed_prefix_bound' depends on axioms: [propext, Classical.choice, Quot.sound]
verify-frozen-manuscript	Verify frozen MF-21 contracts in a fresh sandbox	2026-09-21T02:05:16.3672498Z info: MF21Restart/CirculantBounds.lean:218:0: 'MF21Restart.eigenvalue_reciprocal_tail_majorant' depends on axioms: [propext, Classical.choice, Quot.sound]
verify-frozen-manuscript	Verify frozen MF-21 contracts in a fresh sandbox	2026-09-21T02:05:16.3674251Z info: MF21Restart/CirculantBounds.lean:219:0: 'MF21Restart.eigenvalue_eventual_reciprocal_tail_bound' depends on axioms: [propext, Classical.choice, Quot.sound]
verify-frozen-manuscript	Verify frozen MF-21 contracts in a fresh sandbox	2026-09-21T02:05:18.8764584Z ℹ [3769/3794] Built MF21Restart.RootListProducts (4.7s)
verify-frozen-manuscript	Verify frozen MF-21 contracts in a fresh sandbox	2026-09-21T02:05:18.8766339Z info: MF21Restart/RootListProducts.lean:114:0: 'MF21Restart.stableRootList_conj' depends on axioms: [propext, Classical.choice, Quot.sound]
verify-frozen-manuscript	Verify frozen MF-21 contracts in a fresh sandbox	2026-09-21T02:05:18.8768441Z info: MF21Restart/RootListProducts.lean:115:0: 'MF21Restart.exteriorRootList_conj' depends on axioms: [propext, Classical.choice, Quot.sound]
verify-frozen-manuscript	Verify frozen MF-21 contracts in a fresh sandbox	2026-09-21T02:05:18.8770477Z info: MF21Restart/RootListProducts.lean:116:0: 'MF21Restart.boundaryExteriorProduct_eq_prod_exteriorRootList' depends on axioms: [propext,
verify-frozen-manuscript	Verify frozen MF-21 contracts in a fresh sandbox	2026-09-21T02:05:18.8772138Z  Classical.choice,
verify-frozen-manuscript	Verify frozen MF-21 contracts in a fresh sandbox	2026-09-21T02:05:18.8772806Z  Quot.sound]
verify-frozen-manuscript	Verify frozen MF-21 contracts in a fresh sandbox	2026-09-21T02:05:18.8774068Z info: MF21Restart/RootListProducts.lean:117:0: 'MF21Restart.boundaryExteriorProduct_conj' depends on axioms: [propext, Classical.choice, Quot.sound]
verify-frozen-manuscript	Verify frozen MF-21 contracts in a fresh sandbox	2026-09-21T02:05:18.8776305Z info: MF21Restart/RootListProducts.lean:118:0: 'MF21Restart.boundaryExteriorProduct_zero' depends on axioms: [propext, Classical.choice, Quot.sound]
verify-frozen-manuscript	Verify frozen MF-21 contracts in a fresh sandbox	2026-09-21T02:05:18.8778436Z info: MF21Restart/RootListProducts.lean:119:0: 'MF21Restart.boundaryExteriorProduct_re_pos' depends on axioms: [propext, Classical.choice, Quot.sound]
verify-frozen-manuscript	Verify frozen MF-21 contracts in a fresh sandbox	2026-09-21T02:05:18.8780415Z info: MF21Restart/RootListProducts.lean:120:0: 'MF21Restart.rootVandermondeProduct_conj' depends on axioms: [propext, Classical.choice, Quot.sound]
verify-frozen-manuscript	Verify frozen MF-21 contracts in a fresh sandbox	2026-09-21T02:05:19.4774132Z ℹ [3770/3794] Built MF21Restart.LeadingBoundaryIndices (4.9s)
verify-frozen-manuscript	Verify frozen MF-21 contracts in a fresh sandbox	2026-09-21T02:05:19.4776375Z info: MF21Restart/LeadingBoundaryIndices.lean:223:0: 'MF21Restart.card_boundaryLeadingZInvIndices' depends on axioms: [propext, Classical.choice, Quot.sound]
verify-frozen-manuscript	Verify frozen MF-21 contracts in a fresh sandbox	2026-09-21T02:05:19.4778936Z info: MF21Restart/LeadingBoundaryIndices.lean:224:0: 'MF21Restart.boundaryLeadingZInvIndices_orderEmb_val' depends on axioms: [propext, Classical.choice, Quot.sound]
verify-frozen-manuscript	Verify frozen MF-21 contracts in a fresh sandbox	2026-09-21T02:05:19.4781587Z info: MF21Restart/LeadingBoundaryIndices.lean:225:0: 'MF21Restart.boundaryLeadingZInvIndices_compl_orderEmb_val' depends on axioms: [propext, Classical.choice, Quot.sound]
verify-frozen-manuscript	Verify frozen MF-21 contracts in a fresh sandbox	2026-09-21T02:05:19.4784251Z info: MF21Restart/LeadingBoundaryIndices.lean:226:0: 'MF21Restart.boundaryLeadingZIndices_orderEmb_val' depends on axioms: [propext, Classical.choice, Quot.sound]
verify-frozen-manuscript	Verify frozen MF-21 contracts in a fresh sandbox	2026-09-21T02:05:19.4787114Z info: MF21Restart/LeadingBoundaryIndices.lean:227:0: 'MF21Restart.boundaryLeadingZIndices_compl_orderEmb_val' depends on axioms: [propext, Classical.choice, Quot.sound]
verify-frozen-manuscript	Verify frozen MF-21 contracts in a fresh sandbox	2026-09-21T02:05:19.4789711Z info: MF21Restart/LeadingBoundaryIndices.lean:228:0: 'MF21Restart.boundaryLaplaceSign_leadingZInv' depends on axioms: [propext, Classical.choice, Quot.sound]
verify-frozen-manuscript	Verify frozen MF-21 contracts in a fresh sandbox	2026-09-21T02:05:19.4792105Z info: MF21Restart/LeadingBoundaryIndices.lean:229:0: 'MF21Restart.boundaryLaplaceSign_leadingZ' depends on axioms: [propext, Classical.choice, Quot.sound]
verify-frozen-manuscript	Verify frozen MF-21 contracts in a fresh sandbox	2026-09-21T02:05:20.1792497Z ℹ [3771/3794] Built MF21Restart.NormalizedQuotient (3.9s)
verify-frozen-manuscript	Verify frozen MF-21 contracts in a fresh sandbox	2026-09-21T02:05:20.1795223Z info: MF21Restart/NormalizedQuotient.lean:60:0: 'MF21Restart.boundaryCoefficient_ratio_eq_normalized' depends on axioms: [propext, Classical.choice, Quot.sound]
verify-frozen-manuscript	Verify frozen MF-21 contracts in a fresh sandbox	2026-09-21T02:05:20.1797949Z info: MF21Restart/NormalizedQuotient.lean:61:0: 'MF21Restart.normalizedBoundaryRatio_contDiffAt' depends on axioms: [propext, Classical.choice, Quot.sound]
verify-frozen-manuscript	Verify frozen MF-21 contracts in a fresh sandbox	2026-09-21T02:05:20.1800134Z info: MF21Restart/NormalizedQuotient.lean:62:0: 'MF21Restart.exists_pos_bound_with_deriv_of_contDiffAt_on_Icc' depends on axioms: [propext,
verify-frozen-manuscript	Verify frozen MF-21 contracts in a fresh sandbox	2026-09-21T02:05:20.1801835Z  Classical.choice,
verify-frozen-manuscript	Verify frozen MF-21 contracts in a fresh sandbox	2026-09-21T02:05:20.1802421Z  Quot.sound]
verify-frozen-manuscript	Verify frozen MF-21 contracts in a fresh sandbox	2026-09-21T02:05:20.1803870Z info: MF21Restart/NormalizedQuotient.lean:63:0: 'MF21Restart.normalizedBoundaryRatio_bounded_with_derivative' depends on axioms: [propext, Classical.choice, Quot.sound]
verify-frozen-manuscript	Verify frozen MF-21 contracts in a fresh sandbox	2026-09-21T02:05:21.0794159Z ⚠ [3772/3794] Built MF21Restart.ActualFixedIndex (4.8s)
verify-frozen-manuscript	Verify frozen MF-21 contracts in a fresh sandbox	2026-09-21T02:05:21.0796588Z warning: MF21Restart/ActualFixedIndex.lean:20:45: Variable name `hC` is not explicitly referenced.
verify-frozen-manuscript	Verify frozen MF-21 contracts in a fresh sandbox	2026-09-21T02:05:21.0797580Z 
verify-frozen-manuscript	Verify frozen MF-21 contracts in a fresh sandbox	2026-09-21T02:05:21.0798517Z Hint: The binding can be removed (if unused) or named `_` (if used implicitly). Alternatively, prefix the name with `_` to silence this warning:
verify-frozen-manuscript	Verify frozen MF-21 contracts in a fresh sandbox	2026-09-21T02:05:21.0799721Z   [apply] _hC
verify-frozen-manuscript	Verify frozen MF-21 contracts in a fresh sandbox	2026-09-21T02:05:21.0800092Z 
verify-frozen-manuscript	Verify frozen MF-21 contracts in a fresh sandbox	2026-09-21T02:05:21.0800658Z Note: This linter can be disabled with `set_option linter.unusedVariables false`
verify-frozen-manuscript	Verify frozen MF-21 contracts in a fresh sandbox	2026-09-21T02:05:21.0802282Z info: MF21Restart/ActualFixedIndex.lean:97:0: 'MF21Restart.critical_bound_implies_actual_fixed_index_limit' depends on axioms: [propext, Classical.choice, Quot.sound]
verify-frozen-manuscript	Verify frozen MF-21 contracts in a fresh sandbox	2026-09-21T02:05:23.1821381Z ℹ [3773/3794] Built MF21Restart.ExtensionIndependence (4.3s)
verify-frozen-manuscript	Verify frozen MF-21 contracts in a fresh sandbox	2026-09-21T02:05:23.1824088Z info: MF21Restart/ExtensionIndependence.lean:92:0: 'MF21Restart.implicitPhaseCoefficient_extension_independent' depends on axioms: [propext, Classical.choice, Quot.sound]
verify-frozen-manuscript	Verify frozen MF-21 contracts in a fresh sandbox	2026-09-21T02:05:24.4833607Z ℹ [3774/3794] Built MF21Restart.CoefficientVanishing (4.0s)
verify-frozen-manuscript	Verify frozen MF-21 contracts in a fresh sandbox	2026-09-21T02:05:24.4835297Z info: MF21Restart/CoefficientVanishing.lean:116:0: 'MF21Restart.implicitPhaseCoefficient_vanishing' depends on axioms: [propext, Classical.choice, Quot.sound]
verify-frozen-manuscript	Verify frozen MF-21 contracts in a fresh sandbox	2026-09-21T02:05:24.4836774Z info: MF21Restart/CoefficientVanishing.lean:117:0: 'MF21Restart.manuscript_uniform_implicit_taylor_with_vanishing' depends on axioms: [propext,
verify-frozen-manuscript	Verify frozen MF-21 contracts in a fresh sandbox	2026-09-21T02:05:24.4837556Z  Classical.choice,
verify-frozen-manuscript	Verify frozen MF-21 contracts in a fresh sandbox	2026-09-21T02:05:24.4837897Z  Quot.sound]
verify-frozen-manuscript	Verify frozen MF-21 contracts in a fresh sandbox	2026-09-21T02:05:24.9854415Z ℹ [3775/3794] Built MF21Restart.BoundaryNormalizer (4.7s)
verify-frozen-manuscript	Verify frozen MF-21 contracts in a fresh sandbox	2026-09-21T02:05:24.9856576Z info: MF21Restart/BoundaryNormalizer.lean:125:0: 'MF21Restart.stableRootList_injective' depends on axioms: [propext, Classical.choice, Quot.sound]
verify-frozen-manuscript	Verify frozen MF-21 contracts in a fresh sandbox	2026-09-21T02:05:24.9858656Z info: MF21Restart/BoundaryNormalizer.lean:126:0: 'MF21Restart.exteriorRootList_injective' depends on axioms: [propext, Classical.choice, Quot.sound]
verify-frozen-manuscript	Verify frozen MF-21 contracts in a fresh sandbox	2026-09-21T02:05:24.9860603Z info: MF21Restart/BoundaryNormalizer.lean:127:0: 'MF21Restart.manuscriptPhaseProduct_contDiff' depends on axioms: [propext, Classical.choice, Quot.sound]
verify-frozen-manuscript	Verify frozen MF-21 contracts in a fresh sandbox	2026-09-21T02:05:24.9862547Z info: MF21Restart/BoundaryNormalizer.lean:128:0: 'MF21Restart.manuscriptNormalizer_contDiff' depends on axioms: [propext, Classical.choice, Quot.sound]
verify-frozen-manuscript	Verify frozen MF-21 contracts in a fresh sandbox	2026-09-21T02:05:24.9864478Z info: MF21Restart/BoundaryNormalizer.lean:129:0: 'MF21Restart.manuscriptNormalizer_ne_zero' depends on axioms: [propext, Classical.choice, Quot.sound]
verify-frozen-manuscript	Verify frozen MF-21 contracts in a fresh sandbox	2026-09-21T02:05:24.9866589Z info: MF21Restart/BoundaryNormalizer.lean:130:0: 'MF21Restart.manuscriptNormalizer_conj' depends on axioms: [propext, Classical.choice, Quot.sound]
verify-frozen-manuscript	Verify frozen MF-21 contracts in a fresh sandbox	2026-09-21T02:05:24.9868551Z info: MF21Restart/BoundaryNormalizer.lean:131:0: 'MF21Restart.manuscriptNormalizedDeterminant_real' depends on axioms: [propext, Classical.choice, Quot.sound]
verify-frozen-manuscript	Verify frozen MF-21 contracts in a fresh sandbox	2026-09-21T02:05:24.9870570Z info: MF21Restart/BoundaryNormalizer.lean:132:0: 'MF21Restart.eigenvalue_iff_manuscriptNormalizedDeterminant_zero' depends on axioms: [propext,
verify-frozen-manuscript	Verify frozen MF-21 contracts in a fresh sandbox	2026-09-21T02:05:24.9871954Z  Classical.choice,
verify-frozen-manuscript	Verify frozen MF-21 contracts in a fresh sandbox	2026-09-21T02:05:24.9872547Z  Quot.sound]
verify-frozen-manuscript	Verify frozen MF-21 contracts in a fresh sandbox	2026-09-21T02:05:26.4871553Z ℹ [3776/3794] Built MF21Restart.NormalizedErrorCoefficient (3.3s)
verify-frozen-manuscript	Verify frozen MF-21 contracts in a fresh sandbox	2026-09-21T02:05:26.4873076Z info: MF21Restart/NormalizedErrorCoefficient.lean:70:0: 'MF21Restart.card_boundaryLeadingZIndices' depends on axioms: [propext, Classical.choice, Quot.sound]
verify-frozen-manuscript	Verify frozen MF-21 contracts in a fresh sandbox	2026-09-21T02:05:26.4875058Z info: MF21Restart/NormalizedErrorCoefficient.lean:71:0: 'MF21Restart.boundaryLeadingZIndices_separates' depends on axioms: [propext, Classical.choice, Quot.sound]
verify-frozen-manuscript	Verify frozen MF-21 contracts in a fresh sandbox	2026-09-21T02:05:26.4877443Z info: MF21Restart/NormalizedErrorCoefficient.lean:72:0: 'MF21Restart.boundaryPhaseMultiplier_contDiffAt' depends on axioms: [propext, Classical.choice, Quot.sound]
verify-frozen-manuscript	Verify frozen MF-21 contracts in a fresh sandbox	2026-09-21T02:05:26.4879867Z info: MF21Restart/NormalizedErrorCoefficient.lean:73:0: 'MF21Restart.normalizedErrorCoefficient_contDiffAt' depends on axioms: [propext, Classical.choice, Quot.sound]
verify-frozen-manuscript	Verify frozen MF-21 contracts in a fresh sandbox	2026-09-21T02:05:26.4881948Z info: MF21Restart/NormalizedErrorCoefficient.lean:74:0: 'MF21Restart.normalizedErrorCoefficient_uniform_bound' depends on axioms: [propext, Classical.choice, Quot.sound]
verify-frozen-manuscript	Verify frozen MF-21 contracts in a fresh sandbox	2026-09-21T02:05:26.9883914Z ⚠ [3777/3794] Built MF21Restart.LeadingBoundaryCoefficients (5.9s)
verify-frozen-manuscript	Verify frozen MF-21 contracts in a fresh sandbox	2026-09-21T02:05:26.9885436Z warning: MF21Restart/LeadingBoundaryCoefficients.lean:186:6: try 'simp' instead of 'simpa'
verify-frozen-manuscript	Verify frozen MF-21 contracts in a fresh sandbox	2026-09-21T02:05:26.9886684Z 
verify-frozen-manuscript	Verify frozen MF-21 contracts in a fresh sandbox	2026-09-21T02:05:26.9888171Z Note: This linter can be disabled with `set_option linter.unnecessarySimpa false`
verify-frozen-manuscript	Verify frozen MF-21 contracts in a fresh sandbox	2026-09-21T02:05:26.9889306Z warning: MF21Restart/LeadingBoundaryCoefficients.lean:211:6: try 'simp' instead of 'simpa'
verify-frozen-manuscript	Verify frozen MF-21 contracts in a fresh sandbox	2026-09-21T02:05:26.9890045Z 
verify-frozen-manuscript	Verify frozen MF-21 contracts in a fresh sandbox	2026-09-21T02:05:26.9890475Z Note: This linter can be disabled with `set_option linter.unnecessarySimpa false`
verify-frozen-manuscript	Verify frozen MF-21 contracts in a fresh sandbox	2026-09-21T02:05:26.9891718Z warning: MF21Restart/LeadingBoundaryCoefficients.lean:233:13: Used `tac1 <;> tac2` where `(tac1; tac2)` would suffice
verify-frozen-manuscript	Verify frozen MF-21 contracts in a fresh sandbox	2026-09-21T02:05:26.9892814Z 
verify-frozen-manuscript	Verify frozen MF-21 contracts in a fresh sandbox	2026-09-21T02:05:26.9893238Z Note: This linter can be disabled with `set_option linter.unnecessarySeqFocus false`
verify-frozen-manuscript	Verify frozen MF-21 contracts in a fresh sandbox	2026-09-21T02:05:26.9894439Z warning: MF21Restart/LeadingBoundaryCoefficients.lean:257:13: Used `tac1 <;> tac2` where `(tac1; tac2)` would suffice
verify-frozen-manuscript	Verify frozen MF-21 contracts in a fresh sandbox	2026-09-21T02:05:26.9895215Z 
verify-frozen-manuscript	Verify frozen MF-21 contracts in a fresh sandbox	2026-09-21T02:05:26.9895643Z Note: This linter can be disabled with `set_option linter.unnecessarySeqFocus false`
verify-frozen-manuscript	Verify frozen MF-21 contracts in a fresh sandbox	2026-09-21T02:05:26.9897404Z info: MF21Restart/LeadingBoundaryCoefficients.lean:281:0: 'MF21Restart.leading_phaseProduct_conj' depends on axioms: [propext, Classical.choice, Quot.sound]
verify-frozen-manuscript	Verify frozen MF-21 contracts in a fresh sandbox	2026-09-21T02:05:26.9899436Z info: MF21Restart/LeadingBoundaryCoefficients.lean:282:0: 'MF21Restart.boundaryCoefficient_leadingZ' depends on axioms: [propext, Classical.choice, Quot.sound]
verify-frozen-manuscript	Verify frozen MF-21 contracts in a fresh sandbox	2026-09-21T02:05:26.9901519Z info: MF21Restart/LeadingBoundaryCoefficients.lean:283:0: 'MF21Restart.boundaryCoefficient_leadingZInv' depends on axioms: [propext, Classical.choice, Quot.sound]
verify-frozen-manuscript	Verify frozen MF-21 contracts in a fresh sandbox	2026-09-21T02:05:26.9903654Z info: MF21Restart/LeadingBoundaryCoefficients.lean:284:0: 'MF21Restart.boundaryLeadingZIndices_rootProduct' depends on axioms: [propext, Classical.choice, Quot.sound]
verify-frozen-manuscript	Verify frozen MF-21 contracts in a fresh sandbox	2026-09-21T02:05:26.9906105Z info: MF21Restart/LeadingBoundaryCoefficients.lean:285:0: 'MF21Restart.boundaryLeadingZInvIndices_rootProduct' depends on axioms: [propext, Classical.choice, Quot.sound]
verify-frozen-manuscript	Verify frozen MF-21 contracts in a fresh sandbox	2026-09-21T02:05:30.2920882Z ⚠ [3778/3794] Built MF21Restart.LeadingNormalization (3.4s)
verify-frozen-manuscript	Verify frozen MF-21 contracts in a fresh sandbox	2026-09-21T02:05:30.2922181Z warning: MF21Restart/LeadingNormalization.lean:36:6: Unused tactic linter: `ring` does nothing
verify-frozen-manuscript	Verify frozen MF-21 contracts in a fresh sandbox	2026-09-21T02:05:30.2922787Z 
verify-frozen-manuscript	Verify frozen MF-21 contracts in a fresh sandbox	2026-09-21T02:05:30.2923096Z Note: This linter can be disabled with `set_option linter.unusedTactic false`
verify-frozen-manuscript	Verify frozen MF-21 contracts in a fresh sandbox	2026-09-21T02:05:30.2923857Z warning: MF21Restart/LeadingNormalization.lean:36:6: this tactic is never executed
verify-frozen-manuscript	Verify frozen MF-21 contracts in a fresh sandbox	2026-09-21T02:05:30.2924364Z 
verify-frozen-manuscript	Verify frozen MF-21 contracts in a fresh sandbox	2026-09-21T02:05:30.2924691Z Note: This linter can be disabled with `set_option linter.unreachableTactic false`
verify-frozen-manuscript	Verify frozen MF-21 contracts in a fresh sandbox	2026-09-21T02:05:30.2925545Z warning: MF21Restart/LeadingNormalization.lean:77:6: Unused tactic linter: `ring` does nothing
verify-frozen-manuscript	Verify frozen MF-21 contracts in a fresh sandbox	2026-09-21T02:05:30.2926223Z 
verify-frozen-manuscript	Verify frozen MF-21 contracts in a fresh sandbox	2026-09-21T02:05:30.2926522Z Note: This linter can be disabled with `set_option linter.unusedTactic false`
verify-frozen-manuscript	Verify frozen MF-21 contracts in a fresh sandbox	2026-09-21T02:05:30.2927270Z warning: MF21Restart/LeadingNormalization.lean:77:6: this tactic is never executed
verify-frozen-manuscript	Verify frozen MF-21 contracts in a fresh sandbox	2026-09-21T02:05:30.2927726Z 
verify-frozen-manuscript	Verify frozen MF-21 contracts in a fresh sandbox	2026-09-21T02:05:30.2928045Z Note: This linter can be disabled with `set_option linter.unreachableTactic false`
verify-frozen-manuscript	Verify frozen MF-21 contracts in a fresh sandbox	2026-09-21T02:05:30.2928871Z warning: MF21Restart/LeadingNormalization.lean:127:12: Unused tactic linter: `ring` does nothing
verify-frozen-manuscript	Verify frozen MF-21 contracts in a fresh sandbox	2026-09-21T02:05:30.2929391Z 
verify-frozen-manuscript	Verify frozen MF-21 contracts in a fresh sandbox	2026-09-21T02:05:30.2929685Z Note: This linter can be disabled with `set_option linter.unusedTactic false`
verify-frozen-manuscript	Verify frozen MF-21 contracts in a fresh sandbox	2026-09-21T02:05:30.2930426Z warning: MF21Restart/LeadingNormalization.lean:127:12: this tactic is never executed
verify-frozen-manuscript	Verify frozen MF-21 contracts in a fresh sandbox	2026-09-21T02:05:30.2931152Z 
verify-frozen-manuscript	Verify frozen MF-21 contracts in a fresh sandbox	2026-09-21T02:05:30.2931473Z Note: This linter can be disabled with `set_option linter.unreachableTactic false`
verify-frozen-manuscript	Verify frozen MF-21 contracts in a fresh sandbox	2026-09-21T02:05:30.2932307Z warning: MF21Restart/LeadingNormalization.lean:158:6: Unused tactic linter: `ring` does nothing
verify-frozen-manuscript	Verify frozen MF-21 contracts in a fresh sandbox	2026-09-21T02:05:30.2932821Z 
verify-frozen-manuscript	Verify frozen MF-21 contracts in a fresh sandbox	2026-09-21T02:05:30.2933109Z Note: This linter can be disabled with `set_option linter.unusedTactic false`
verify-frozen-manuscript	Verify frozen MF-21 contracts in a fresh sandbox	2026-09-21T02:05:30.2933845Z warning: MF21Restart/LeadingNormalization.lean:158:6: this tactic is never executed
verify-frozen-manuscript	Verify frozen MF-21 contracts in a fresh sandbox	2026-09-21T02:05:30.2934300Z 
verify-frozen-manuscript	Verify frozen MF-21 contracts in a fresh sandbox	2026-09-21T02:05:30.2934608Z Note: This linter can be disabled with `set_option linter.unreachableTactic false`
verify-frozen-manuscript	Verify frozen MF-21 contracts in a fresh sandbox	2026-09-21T02:05:30.2935924Z info: MF21Restart/LeadingNormalization.lean:160:0: 'MF21Restart.boundaryPhaseMultiplier_factor' depends on axioms: [propext, Classical.choice, Quot.sound]
verify-frozen-manuscript	Verify frozen MF-21 contracts in a fresh sandbox	2026-09-21T02:05:30.2937264Z info: MF21Restart/LeadingNormalization.lean:161:0: 'MF21Restart.manuscriptNormalizer_eq_leading' depends on axioms: [propext, Classical.choice, Quot.sound]
verify-frozen-manuscript	Verify frozen MF-21 contracts in a fresh sandbox	2026-09-21T02:05:30.2938437Z info: MF21Restart/LeadingNormalization.lean:162:0: 'MF21Restart.boundaryCoefficient_leading_phase_relation' depends on axioms: [propext, Classical.choice, Quot.sound]
verify-frozen-manuscript	Verify frozen MF-21 contracts in a fresh sandbox	2026-09-21T02:05:30.2939730Z info: MF21Restart/LeadingNormalization.lean:163:0: 'MF21Restart.leading_phase_quotient' depends on axioms: [propext, Classical.choice, Quot.sound]
verify-frozen-manuscript	Verify frozen MF-21 contracts in a fresh sandbox	2026-09-21T02:05:30.2940860Z info: MF21Restart/LeadingNormalization.lean:164:0: 'MF21Restart.boundaryLeadingTerms_eq_normalizer_mul_sin' depends on axioms: [propext, Classical.choice, Quot.sound]
verify-frozen-manuscript	Verify frozen MF-21 contracts in a fresh sandbox	2026-09-21T02:05:30.2942018Z info: MF21Restart/LeadingNormalization.lean:165:0: 'MF21Restart.normalizedErrorTerm_eq_raw_quotient' depends on axioms: [propext, Classical.choice, Quot.sound]
verify-frozen-manuscript	Verify frozen MF-21 contracts in a fresh sandbox	2026-09-21T02:05:31.1921615Z ⚠ [3779/3794] Built MF21Restart.BoundaryErrorBounds (4.7s)
verify-frozen-manuscript	Verify frozen MF-21 contracts in a fresh sandbox	2026-09-21T02:05:31.1922791Z warning: MF21Restart/BoundaryErrorBounds.lean:80:54: Used `tac1 <;> tac2` where `(tac1; tac2)` would suffice
verify-frozen-manuscript	Verify frozen MF-21 contracts in a fresh sandbox	2026-09-21T02:05:31.1923396Z 
verify-frozen-manuscript	Verify frozen MF-21 contracts in a fresh sandbox	2026-09-21T02:05:31.1923747Z Note: This linter can be disabled with `set_option linter.unnecessarySeqFocus false`
verify-frozen-manuscript	Verify frozen MF-21 contracts in a fresh sandbox	2026-09-21T02:05:31.1924942Z info: MF21Restart/BoundaryErrorBounds.lean:208:0: 'MF21Restart.boundaryErrorTerm_contDiffAt' depends on axioms: [propext, Classical.choice, Quot.sound]
verify-frozen-manuscript	Verify frozen MF-21 contracts in a fresh sandbox	2026-09-21T02:05:31.1926784Z info: MF21Restart/BoundaryErrorBounds.lean:209:0: 'MF21Restart.boundaryErrorExpression_contDiffAt' depends on axioms: [propext, Classical.choice, Quot.sound]
verify-frozen-manuscript	Verify frozen MF-21 contracts in a fresh sandbox	2026-09-21T02:05:31.1928376Z info: MF21Restart/BoundaryErrorBounds.lean:210:0: 'MF21Restart.boundaryProductRatio_deriv_uniform_bound' depends on axioms: [propext, Classical.choice, Quot.sound]
verify-frozen-manuscript	Verify frozen MF-21 contracts in a fresh sandbox	2026-09-21T02:05:31.1929956Z info: MF21Restart/BoundaryErrorBounds.lean:211:0: 'MF21Restart.boundaryErrorExpression_exp_bounds' depends on axioms: [propext, Classical.choice, Quot.sound]
verify-frozen-manuscript	Verify frozen MF-21 contracts in a fresh sandbox	2026-09-21T02:05:35.0969038Z ⚠ [3780/3794] Built MF21Restart.DeterminantRemainder (3.9s)
verify-frozen-manuscript	Verify frozen MF-21 contracts in a fresh sandbox	2026-09-21T02:05:35.0970398Z warning: MF21Restart/DeterminantRemainder.lean:51:16: This simp argument is unused:
verify-frozen-manuscript	Verify frozen MF-21 contracts in a fresh sandbox	2026-09-21T02:05:35.0971502Z   BoundaryNonleadingSubset
verify-frozen-manuscript	Verify frozen MF-21 contracts in a fresh sandbox	2026-09-21T02:05:35.0971954Z 
verify-frozen-manuscript	Verify frozen MF-21 contracts in a fresh sandbox	2026-09-21T02:05:35.0972251Z Hint: Omit it from the simp argument list.
verify-frozen-manuscript	Verify frozen MF-21 contracts in a fresh sandbox	2026-09-21T02:05:35.0973140Z   [apply] simp only [Finset.mem_erase, P, Finset.mem_powersetCard, Finset.subset_univ, true_and]
verify-frozen-manuscript	Verify frozen MF-21 contracts in a fresh sandbox	2026-09-21T02:05:35.0973722Z 
verify-frozen-manuscript	Verify frozen MF-21 contracts in a fresh sandbox	2026-09-21T02:05:35.0974096Z Note: This linter can be disabled with `set_option linter.unusedSimpArgs false`
verify-frozen-manuscript	Verify frozen MF-21 contracts in a fresh sandbox	2026-09-21T02:05:35.0975429Z info: MF21Restart/DeterminantRemainder.lean:176:0: 'MF21Restart.boundaryLeadingSubsets_ne' depends on axioms: [propext, Classical.choice, Quot.sound]
verify-frozen-manuscript	Verify frozen MF-21 contracts in a fresh sandbox	2026-09-21T02:05:35.0977443Z info: MF21Restart/DeterminantRemainder.lean:177:0: 'MF21Restart.manuscriptNormalizedDeterminant_eq_sin_add_error' depends on axioms: [propext,
verify-frozen-manuscript	Verify frozen MF-21 contracts in a fresh sandbox	2026-09-21T02:05:35.0978527Z  Classical.choice,
verify-frozen-manuscript	Verify frozen MF-21 contracts in a fresh sandbox	2026-09-21T02:05:35.0978866Z  Quot.sound]
verify-frozen-manuscript	Verify frozen MF-21 contracts in a fresh sandbox	2026-09-21T02:05:35.0979914Z info: MF21Restart/DeterminantRemainder.lean:178:0: 'MF21Restart.boundaryErrorExpression_real' depends on axioms: [propext, Classical.choice, Quot.sound]
verify-frozen-manuscript	Verify frozen MF-21 contracts in a fresh sandbox	2026-09-21T02:05:35.0982044Z info: MF21Restart/DeterminantRemainder.lean:179:0: 'MF21Restart.manuscriptError_contDiffAt' depends on axioms: [propext, Classical.choice, Quot.sound]
verify-frozen-manuscript	Verify frozen MF-21 contracts in a fresh sandbox	2026-09-21T02:05:35.0983814Z info: MF21Restart/DeterminantRemainder.lean:180:0: 'MF21Restart.manuscriptError_deriv' depends on axioms: [propext, Classical.choice, Quot.sound]
verify-frozen-manuscript	Verify frozen MF-21 contracts in a fresh sandbox	2026-09-21T02:05:35.0985647Z info: MF21Restart/DeterminantRemainder.lean:181:0: 'MF21Restart.eigenvalue_iff_sin_add_manuscriptError_zero' depends on axioms: [propext, Classical.choice, Quot.sound]
verify-frozen-manuscript	Verify frozen MF-21 contracts in a fresh sandbox	2026-09-21T02:05:35.0987861Z info: MF21Restart/DeterminantRemainder.lean:182:0: 'MF21Restart.manuscriptError_exp_bounds' depends on axioms: [propext, Classical.choice, Quot.sound]
verify-frozen-manuscript	Verify frozen MF-21 contracts in a fresh sandbox	2026-09-21T02:05:35.0989587Z info: MF21Restart/DeterminantRemainder.lean:183:0: 'MF21Restart.manuscriptError_pi' depends on axioms: [propext, Classical.choice, Quot.sound]
verify-frozen-manuscript	Verify frozen MF-21 contracts in a fresh sandbox	2026-09-21T02:05:35.0991340Z info: MF21Restart/DeterminantRemainder.lean:184:0: 'MF21Restart.manuscriptError_endpoint_bound' depends on axioms: [propext, Classical.choice, Quot.sound]
verify-frozen-manuscript	Verify frozen MF-21 contracts in a fresh sandbox	2026-09-21T02:05:38.0008040Z ℹ [3781/3794] Built MF21Restart.ActualSimpleRoots (2.9s)
verify-frozen-manuscript	Verify frozen MF-21 contracts in a fresh sandbox	2026-09-21T02:05:38.0009545Z info: MF21Restart/ActualSimpleRoots.lean:113:0: 'MF21Restart.manuscriptResidual_hasDerivAt' depends on axioms: [propext, Classical.choice, Quot.sound]
verify-frozen-manuscript	Verify frozen MF-21 contracts in a fresh sandbox	2026-09-21T02:05:38.0011605Z info: MF21Restart/ActualSimpleRoots.lean:114:0: 'MF21Restart.manuscriptBoundaryMatrix_contDiff' depends on axioms: [propext, Classical.choice, Quot.sound]
verify-frozen-manuscript	Verify frozen MF-21 contracts in a fresh sandbox	2026-09-21T02:05:38.0013608Z info: MF21Restart/ActualSimpleRoots.lean:115:0: 'MF21Restart.manuscriptBoundaryDeterminant_eq_normalizer_mul_residual' depends on axioms: [propext,
verify-frozen-manuscript	Verify frozen MF-21 contracts in a fresh sandbox	2026-09-21T02:05:38.0014807Z  Classical.choice,
verify-frozen-manuscript	Verify frozen MF-21 contracts in a fresh sandbox	2026-09-21T02:05:38.0015168Z  Quot.sound]
verify-frozen-manuscript	Verify frozen MF-21 contracts in a fresh sandbox	2026-09-21T02:05:38.0016515Z info: MF21Restart/ActualSimpleRoots.lean:116:0: 'MF21Restart.manuscriptBoundaryDeterminant_hasDerivAt_of_residual_zero' depends on axioms: [propext,
verify-frozen-manuscript	Verify frozen MF-21 contracts in a fresh sandbox	2026-09-21T02:05:38.0017672Z  Classical.choice,
verify-frozen-manuscript	Verify frozen MF-21 contracts in a fresh sandbox	2026-09-21T02:05:38.0017905Z  Quot.sound]
verify-frozen-manuscript	Verify frozen MF-21 contracts in a fresh sandbox	2026-09-21T02:05:38.0018564Z info: MF21Restart/ActualSimpleRoots.lean:117:0: 'MF21Restart.manuscriptResidual_simple_zero_eigenspace_finrank' depends on axioms: [propext,
verify-frozen-manuscript	Verify frozen MF-21 contracts in a fresh sandbox	2026-09-21T02:05:38.0019297Z  Classical.choice,
verify-frozen-manuscript	Verify frozen MF-21 contracts in a fresh sandbox	2026-09-21T02:05:38.0019521Z  Quot.sound]
verify-frozen-manuscript	Verify frozen MF-21 contracts in a fresh sandbox	2026-09-21T02:05:38.0020224Z info: MF21Restart/ActualSimpleRoots.lean:118:0: 'MF21Restart.manuscriptResidual_simple_zero_existsUnique_eigenvalue_index' depends on axioms: [propext,
verify-frozen-manuscript	Verify frozen MF-21 contracts in a fresh sandbox	2026-09-21T02:05:38.0020994Z  Classical.choice,
verify-frozen-manuscript	Verify frozen MF-21 contracts in a fresh sandbox	2026-09-21T02:05:38.0021220Z  Quot.sound]
verify-frozen-manuscript	Verify frozen MF-21 contracts in a fresh sandbox	2026-09-21T02:05:38.8017694Z ℹ [3782/3794] Built MF21Restart.SpectralWindowBounds (3.7s)
verify-frozen-manuscript	Verify frozen MF-21 contracts in a fresh sandbox	2026-09-21T02:05:38.8019254Z info: MF21Restart/SpectralWindowBounds.lean:67:0: 'MF21Restart.manuscriptError_high_phase_small' depends on axioms: [propext, Classical.choice, Quot.sound]
verify-frozen-manuscript	Verify frozen MF-21 contracts in a fresh sandbox	2026-09-21T02:05:41.5047475Z ℹ [3783/3794] Built MF21Restart.FinalPhaseWindow (3.4s)
verify-frozen-manuscript	Verify frozen MF-21 contracts in a fresh sandbox	2026-09-21T02:05:41.5049594Z info: MF21Restart/FinalPhaseWindow.lean:150:0: 'MF21Restart.manuscriptFinalPhaseWindow_eventually_in_upper_half' depends on axioms: [propext,
verify-frozen-manuscript	Verify frozen MF-21 contracts in a fresh sandbox	2026-09-21T02:05:41.5050335Z  Classical.choice,
verify-frozen-manuscript	Verify frozen MF-21 contracts in a fresh sandbox	2026-09-21T02:05:41.5050557Z  Quot.sound]
verify-frozen-manuscript	Verify frozen MF-21 contracts in a fresh sandbox	2026-09-21T02:05:41.5051259Z info: MF21Restart/FinalPhaseWindow.lean:151:0: 'MF21Restart.manuscriptFinalPhaseWindow_eventual_nonzero' depends on axioms: [propext, Classical.choice, Quot.sound]
verify-frozen-manuscript	Verify frozen MF-21 contracts in a fresh sandbox	2026-09-21T02:05:43.4067781Z ⚠ [3784/3794] Built MF21Restart.PhaseWindowRoots (4.6s)
verify-frozen-manuscript	Verify frozen MF-21 contracts in a fresh sandbox	2026-09-21T02:05:43.4069214Z warning: MF21Restart/PhaseWindowRoots.lean:43:15: This simp argument is unused:
verify-frozen-manuscript	Verify frozen MF-21 contracts in a fresh sandbox	2026-09-21T02:05:43.4069951Z   scaledPhaseResidual
verify-frozen-manuscript	Verify frozen MF-21 contracts in a fresh sandbox	2026-09-21T02:05:43.4070188Z 
verify-frozen-manuscript	Verify frozen MF-21 contracts in a fresh sandbox	2026-09-21T02:05:43.4070376Z Hint: Omit it from the simp argument list.
verify-frozen-manuscript	Verify frozen MF-21 contracts in a fresh sandbox	2026-09-21T02:05:43.4070938Z   [apply] simp only [Real.cos_sub_nat_mul_pi]
verify-frozen-manuscript	Verify frozen MF-21 contracts in a fresh sandbox	2026-09-21T02:05:43.4071278Z 
verify-frozen-manuscript	Verify frozen MF-21 contracts in a fresh sandbox	2026-09-21T02:05:43.4071665Z Note: This linter can be disabled with `set_option linter.unusedSimpArgs false`
verify-frozen-manuscript	Verify frozen MF-21 contracts in a fresh sandbox	2026-09-21T02:05:43.4072582Z warning: MF21Restart/PhaseWindowRoots.lean:42:62: Used `tac1 <;> tac2` where `(tac1; tac2)` would suffice
verify-frozen-manuscript	Verify frozen MF-21 contracts in a fresh sandbox	2026-09-21T02:05:43.4073424Z 
verify-frozen-manuscript	Verify frozen MF-21 contracts in a fresh sandbox	2026-09-21T02:05:43.4073767Z Note: This linter can be disabled with `set_option linter.unnecessarySeqFocus false`
verify-frozen-manuscript	Verify frozen MF-21 contracts in a fresh sandbox	2026-09-21T02:05:43.4074611Z warning: MF21Restart/PhaseWindowRoots.lean:43:61: Used `tac1 <;> tac2` where `(tac1; tac2)` would suffice
verify-frozen-manuscript	Verify frozen MF-21 contracts in a fresh sandbox	2026-09-21T02:05:43.4075130Z 
verify-frozen-manuscript	Verify frozen MF-21 contracts in a fresh sandbox	2026-09-21T02:05:43.4075442Z Note: This linter can be disabled with `set_option linter.unnecessarySeqFocus false`
verify-frozen-manuscript	Verify frozen MF-21 contracts in a fresh sandbox	2026-09-21T02:05:43.4076919Z info: MF21Restart/PhaseWindowRoots.lean:224:0: 'MF21Restart.manuscriptResidual_unique_root_in_phase_windows' depends on axioms: [propext, Classical.choice, Quot.sound]
verify-frozen-manuscript	Verify frozen MF-21 contracts in a fresh sandbox	2026-09-21T02:05:45.3087958Z ℹ [3785/3794] Built MF21Restart.PhaseRootCoverage (3.8s)
verify-frozen-manuscript	Verify frozen MF-21 contracts in a fresh sandbox	2026-09-21T02:05:45.3089167Z info: MF21Restart/PhaseRootCoverage.lean:107:0: 'MF21Restart.manuscriptResidual_high_phase_root_coverage' depends on axioms: [propext, Classical.choice, Quot.sound]
verify-frozen-manuscript	Verify frozen MF-21 contracts in a fresh sandbox	2026-09-21T02:05:48.7124481Z ℹ [3786/3794] Built MF21Restart.PhaseWindowIndexing (3.4s)
verify-frozen-manuscript	Verify frozen MF-21 contracts in a fresh sandbox	2026-09-21T02:05:48.7126046Z info: MF21Restart/PhaseWindowIndexing.lean:163:0: 'MF21Restart.eigenvalue_eventual_phase_window' depends on axioms: [propext, Classical.choice, Quot.sound]
verify-frozen-manuscript	Verify frozen MF-21 contracts in a fresh sandbox	2026-09-21T02:05:52.9171166Z ⚠ [3787/3794] Built MF21Restart.PhaseQuantitative (4.3s)
verify-frozen-manuscript	Verify frozen MF-21 contracts in a fresh sandbox	2026-09-21T02:05:52.9171959Z warning: MF21Restart/PhaseQuantitative.lean:90:45: Unused tactic linter: `ring` does nothing
verify-frozen-manuscript	Verify frozen MF-21 contracts in a fresh sandbox	2026-09-21T02:05:52.9172432Z 
verify-frozen-manuscript	Verify frozen MF-21 contracts in a fresh sandbox	2026-09-21T02:05:52.9172713Z Note: This linter can be disabled with `set_option linter.unusedTactic false`
verify-frozen-manuscript	Verify frozen MF-21 contracts in a fresh sandbox	2026-09-21T02:05:52.9173407Z warning: MF21Restart/PhaseQuantitative.lean:90:45: this tactic is never executed
verify-frozen-manuscript	Verify frozen MF-21 contracts in a fresh sandbox	2026-09-21T02:05:52.9173834Z 
verify-frozen-manuscript	Verify frozen MF-21 contracts in a fresh sandbox	2026-09-21T02:05:52.9174140Z Note: This linter can be disabled with `set_option linter.unreachableTactic false`
verify-frozen-manuscript	Verify frozen MF-21 contracts in a fresh sandbox	2026-09-21T02:05:52.9175241Z info: MF21Restart/PhaseQuantitative.lean:196:0: 'MF21Restart.eigenvalue_eventual_quantitative_phase_preimage' depends on axioms: [propext, Classical.choice, Quot.sound]
verify-frozen-manuscript	Verify frozen MF-21 contracts in a fresh sandbox	2026-09-21T02:05:56.9218956Z ⚠ [3788/3794] Built MF21Restart.ImplicitSpectralError (3.9s)
verify-frozen-manuscript	Verify frozen MF-21 contracts in a fresh sandbox	2026-09-21T02:05:56.9220065Z warning: MF21Restart/ImplicitSpectralError.lean:20:56: Variable name `hε` is not explicitly referenced.
verify-frozen-manuscript	Verify frozen MF-21 contracts in a fresh sandbox	2026-09-21T02:05:56.9220605Z 
verify-frozen-manuscript	Verify frozen MF-21 contracts in a fresh sandbox	2026-09-21T02:05:56.9221201Z Hint: The binding can be removed (if unused) or named `_` (if used implicitly). Alternatively, prefix the name with `_` to silence this warning:
verify-frozen-manuscript	Verify frozen MF-21 contracts in a fresh sandbox	2026-09-21T02:05:56.9221967Z   [apply] _hε
verify-frozen-manuscript	Verify frozen MF-21 contracts in a fresh sandbox	2026-09-21T02:05:56.9222111Z 
verify-frozen-manuscript	Verify frozen MF-21 contracts in a fresh sandbox	2026-09-21T02:05:56.9222408Z Note: This linter can be disabled with `set_option linter.unusedVariables false`
verify-frozen-manuscript	Verify frozen MF-21 contracts in a fresh sandbox	2026-09-21T02:05:56.9223428Z info: MF21Restart/ImplicitSpectralError.lean:137:0: 'MF21Restart.phase_preimage_eq_implicit' depends on axioms: [propext, Classical.choice, Quot.sound]
verify-frozen-manuscript	Verify frozen MF-21 contracts in a fresh sandbox	2026-09-21T02:05:56.9224820Z info: MF21Restart/ImplicitSpectralError.lean:138:0: 'MF21Restart.eigenvalue_implicit_phase_error_of_unique' depends on axioms: [propext, Classical.choice, Quot.sound]
verify-frozen-manuscript	Verify frozen MF-21 contracts in a fresh sandbox	2026-09-21T02:05:59.7244446Z ℹ [3789/3794] Built MF21Restart.ImplicitSpectralData (2.8s)
verify-frozen-manuscript	Verify frozen MF-21 contracts in a fresh sandbox	2026-09-21T02:05:59.7245742Z info: MF21Restart/ImplicitSpectralData.lean:59:0: 'MF21Restart.manuscript_implicit_taylor_with_spectral_error' depends on axioms: [propext, Classical.choice, Quot.sound]
verify-frozen-manuscript	Verify frozen MF-21 contracts in a fresh sandbox	2026-09-21T02:06:02.8262899Z ℹ [3790/3794] Built MF21Restart.ImplicitExpansionBounds (3.1s)
verify-frozen-manuscript	Verify frozen MF-21 contracts in a fresh sandbox	2026-09-21T02:06:02.8264527Z info: MF21Restart/ImplicitExpansionBounds.lean:75:0: 'MF21Restart.implicitPhase_expansion_bounds_of_data' depends on axioms: [propext, Classical.choice, Quot.sound]
verify-frozen-manuscript	Verify frozen MF-21 contracts in a fresh sandbox	2026-09-21T02:06:02.8266921Z info: MF21Restart/ImplicitExpansionBounds.lean:76:0: 'MF21Restart.manuscript_implicit_expansion_bounds' depends on axioms: [propext, Classical.choice, Quot.sound]
verify-frozen-manuscript	Verify frozen MF-21 contracts in a fresh sandbox	2026-09-21T02:06:06.0297622Z ℹ [3791/3794] Built MF21Restart.TargetProof (3.2s)
verify-frozen-manuscript	Verify frozen MF-21 contracts in a fresh sandbox	2026-09-21T02:06:06.0298625Z info: MF21Restart/TargetProof.lean:89:0: 'MF21Restart.implicitPhase_critical_bound_impossible' depends on axioms: [propext, Classical.choice, Quot.sound]
verify-frozen-manuscript	Verify frozen MF-21 contracts in a fresh sandbox	2026-09-21T02:06:06.0300134Z info: MF21Restart/TargetProof.lean:90:0: 'MF21Restart.manuscript_smooth_target' depends on axioms: [propext, Classical.choice, Quot.sound]
verify-frozen-manuscript	Verify frozen MF-21 contracts in a fresh sandbox	2026-09-21T02:06:06.0301212Z info: MF21Restart/TargetProof.lean:91:0: 'MF21Restart.target_proved' depends on axioms: [propext, Classical.choice, Quot.sound]
verify-frozen-manuscript	Verify frozen MF-21 contracts in a fresh sandbox	2026-09-21T02:06:08.5329864Z ✔ [3792/3794] Built MF21Restart (2.5s)
verify-frozen-manuscript	Verify frozen MF-21 contracts in a fresh sandbox	2026-09-21T02:06:11.3360538Z ✔ [3793/3794] Built Solution (2.8s)
verify-frozen-manuscript	Verify frozen MF-21 contracts in a fresh sandbox	2026-09-21T02:06:11.3546612Z Build completed successfully (3794 jobs).
verify-frozen-manuscript	Verify frozen MF-21 contracts in a fresh sandbox	2026-09-21T02:08:47.2877890Z Exporting #[Quot, Quot.mk, Quot.lift, Quot.ind, MF21Restart.Contracts.complex_fourier_eq_cosine, MF21Restart.Contracts.bulk_cutoff_pos, MF21Restart.Contracts.critical_bound_implies_fixed_index_limit, MF21Restart.Contracts.exists_log_sq_bulk_scale_gain, MF21Restart.Contracts.phase_window_margin, MF21Restart.Contracts.manuscript_smooth_target, MF21Restart.Contracts.target_proved, propext, Quot.sound, Classical.choice, Nat.add, Nat.sub, Nat.mul, Nat.pow, Nat.gcd, Nat.div, Nat.mod, Nat.beq, Nat.ble, Nat.land, Nat.lor, Nat.xor, Nat.shiftLeft, Nat.shiftRight, String.ofList, Char.ofNat, List, eagerReduce, Nat, String, String.mk, Char, optParam, autoParam, semiOutParam, outParam] from Solution
verify-frozen-manuscript	Verify frozen MF-21 contracts in a fresh sandbox	2026-09-21T02:08:47.2881341Z Running Lean default kernel on solution.
verify-frozen-manuscript	Verify frozen MF-21 contracts in a fresh sandbox	2026-09-21T02:08:47.2881708Z Lean default kernel accepts the solution
verify-frozen-manuscript	Verify frozen MF-21 contracts in a fresh sandbox	2026-09-21T02:08:47.2882014Z Your solution is okay!
verify-frozen-manuscript	Verify frozen MF-21 contracts in a fresh sandbox	2026-09-21T02:08:53.2939919Z PASS: fresh Comparator run and all controls. Evidence: /home/runner/work/_temp/nla-mf21-frozen-tools/logs/verify-20260921T020023Z-4146
verify-frozen-manuscript	Retain exact-commit verification evidence	﻿2026-09-21T02:08:53.3103351Z Node 20 is being deprecated. This workflow is running with Node 24 by default. If you need to temporarily use Node 20, you can set the ACTIONS_ALLOW_USE_UNSECURE_NODE_VERSION=true environment variable. For more information see: https://github.blog/changelog/2025-09-19-deprecation-of-node-20-on-github-actions-runners/
verify-frozen-manuscript	Retain exact-commit verification evidence	2026-09-21T02:08:53.3104772Z ##[group]Run actions/upload-artifact@ea165f8d65b6e75b540449e92b4886f43607fa02
verify-frozen-manuscript	Retain exact-commit verification evidence	2026-09-21T02:08:53.3105177Z with:
verify-frozen-manuscript	Retain exact-commit verification evidence	2026-09-21T02:08:53.3105439Z   name: mf21-frozen-fe2183e9b570322d7c1f64bba3480460082af8d3
verify-frozen-manuscript	Retain exact-commit verification evidence	2026-09-21T02:08:53.3106115Z   path: /home/runner/work/_temp/nla-mf21-frozen-tools/logs/
verify-frozen-manuscript	Retain exact-commit verification evidence	2026-09-21T02:08:53.3106475Z   if-no-files-found: warn
verify-frozen-manuscript	Retain exact-commit verification evidence	2026-09-21T02:08:53.3106711Z   compression-level: 6
verify-frozen-manuscript	Retain exact-commit verification evidence	2026-09-21T02:08:53.3106925Z   overwrite: false
verify-frozen-manuscript	Retain exact-commit verification evidence	2026-09-21T02:08:53.3107136Z   include-hidden-files: false
verify-frozen-manuscript	Retain exact-commit verification evidence	2026-09-21T02:08:53.3107363Z env:
verify-frozen-manuscript	Retain exact-commit verification evidence	2026-09-21T02:08:53.3107673Z   LEAN_PROJECT: matrix-functions-and-stability/MF-21/lean-frozen-2026-09-12
verify-frozen-manuscript	Retain exact-commit verification evidence	2026-09-21T02:08:53.3108066Z   GOTOOLCHAIN: local
verify-frozen-manuscript	Retain exact-commit verification evidence	2026-09-21T02:08:53.3108325Z   XDG_RUNTIME_DIR: /run/user/1001
verify-frozen-manuscript	Retain exact-commit verification evidence	2026-09-21T02:08:53.3108621Z   DBUS_SESSION_BUS_ADDRESS: unix:path=/run/user/1001/bus
verify-frozen-manuscript	Retain exact-commit verification evidence	2026-09-21T02:08:53.3108928Z ##[endgroup]
verify-frozen-manuscript	Retain exact-commit verification evidence	2026-09-21T02:08:53.6416856Z (node:8112) [DEP0040] DeprecationWarning: The `punycode` module is deprecated. Please use a userland alternative instead.
verify-frozen-manuscript	Retain exact-commit verification evidence	2026-09-21T02:08:53.6418569Z (Use `node --trace-deprecation ...` to show where the warning was created)
verify-frozen-manuscript	Retain exact-commit verification evidence	2026-09-21T02:08:53.6538074Z With the provided path, there will be 13 files uploaded
verify-frozen-manuscript	Retain exact-commit verification evidence	2026-09-21T02:08:53.6545248Z Artifact name is valid!
verify-frozen-manuscript	Retain exact-commit verification evidence	2026-09-21T02:08:53.6548042Z Root directory input is valid!
verify-frozen-manuscript	Retain exact-commit verification evidence	2026-09-21T02:08:53.9209182Z Beginning upload of artifact content to blob storage
verify-frozen-manuscript	Retain exact-commit verification evidence	2026-09-21T02:08:53.9849131Z (node:8112) [DEP0169] DeprecationWarning: `url.parse()` behavior is not standardized and prone to errors that have security implications. Use the WHATWG URL API instead. CVEs are not issued for `url.parse()` vulnerabilities.
verify-frozen-manuscript	Retain exact-commit verification evidence	2026-09-21T02:08:54.1532789Z Uploaded bytes 64859
verify-frozen-manuscript	Retain exact-commit verification evidence	2026-09-21T02:08:54.1904975Z Finished uploading artifact content to blob storage!
verify-frozen-manuscript	Retain exact-commit verification evidence	2026-09-21T02:08:54.1906404Z SHA256 digest of uploaded artifact zip is c6d51651303f5c4b5d7910e7b84f85b38c26a9ae9719efd9539ab321f7c06a94
verify-frozen-manuscript	Retain exact-commit verification evidence	2026-09-21T02:08:54.1907582Z Finalizing artifact upload
verify-frozen-manuscript	Retain exact-commit verification evidence	2026-09-21T02:08:54.4086392Z Artifact mf21-frozen-fe2183e9b570322d7c1f64bba3480460082af8d3.zip successfully finalized. Artifact ID 10619061816
verify-frozen-manuscript	Retain exact-commit verification evidence	2026-09-21T02:08:54.4088841Z Artifact mf21-frozen-fe2183e9b570322d7c1f64bba3480460082af8d3 has been successfully uploaded! Final size is 64859 bytes. Artifact ID is 10619061816
verify-frozen-manuscript	Retain exact-commit verification evidence	2026-09-21T02:08:54.4093488Z Artifact download URL: https://github.com/sgstepaniants/OpenProblemsInNLA/actions/runs/35552653565/artifacts/10619061816
verify-frozen-manuscript	Post Run actions/setup-go@924ae3a1cded613372ab5595356fb5720e22ba16	﻿2026-09-21T02:08:54.4296886Z Post job cleanup.
verify-frozen-manuscript	Post Run actions/checkout@11d5960a326750d5838078e36cf38b85af677262	﻿2026-09-21T02:08:54.5737812Z Node 20 is being deprecated. This workflow is running with Node 24 by default. If you need to temporarily use Node 20, you can set the ACTIONS_ALLOW_USE_UNSECURE_NODE_VERSION=true environment variable. For more information see: https://github.blog/changelog/2025-09-19-deprecation-of-node-20-on-github-actions-runners/
verify-frozen-manuscript	Post Run actions/checkout@11d5960a326750d5838078e36cf38b85af677262	2026-09-21T02:08:54.5739084Z Post job cleanup.
verify-frozen-manuscript	Post Run actions/checkout@11d5960a326750d5838078e36cf38b85af677262	2026-09-21T02:08:54.6863171Z [command]/usr/bin/git version
verify-frozen-manuscript	Post Run actions/checkout@11d5960a326750d5838078e36cf38b85af677262	2026-09-21T02:08:54.6931539Z git version 2.55.0
verify-frozen-manuscript	Post Run actions/checkout@11d5960a326750d5838078e36cf38b85af677262	2026-09-21T02:08:54.6999959Z Temporarily overriding HOME='/home/runner/work/_temp/ef66dca3-e491-4ceb-83ca-76c46dab298f' before making global git config changes
verify-frozen-manuscript	Post Run actions/checkout@11d5960a326750d5838078e36cf38b85af677262	2026-09-21T02:08:54.7001491Z Adding repository directory to the temporary git global config as a safe directory
verify-frozen-manuscript	Post Run actions/checkout@11d5960a326750d5838078e36cf38b85af677262	2026-09-21T02:08:54.7002788Z [command]/usr/bin/git config --global --add safe.directory /home/runner/work/OpenProblemsInNLA/OpenProblemsInNLA
verify-frozen-manuscript	Post Run actions/checkout@11d5960a326750d5838078e36cf38b85af677262	2026-09-21T02:08:54.7076793Z [command]/usr/bin/git config --local --name-only --get-regexp core\.sshCommand
verify-frozen-manuscript	Post Run actions/checkout@11d5960a326750d5838078e36cf38b85af677262	2026-09-21T02:08:54.7121132Z [command]/usr/bin/git submodule foreach --recursive sh -c "git config --local --name-only --get-regexp 'core\.sshCommand' && git config --local --unset-all 'core.sshCommand' || :"
verify-frozen-manuscript	Post Run actions/checkout@11d5960a326750d5838078e36cf38b85af677262	2026-09-21T02:08:54.7573359Z [command]/usr/bin/git config --local --name-only --get-regexp http\.https\:\/\/github\.com\/\.extraheader
verify-frozen-manuscript	Post Run actions/checkout@11d5960a326750d5838078e36cf38b85af677262	2026-09-21T02:08:54.7616965Z [command]/usr/bin/git submodule foreach --recursive sh -c "git config --local --name-only --get-regexp 'http\.https\:\/\/github\.com\/\.extraheader' && git config --local --unset-all 'http.https://github.com/.extraheader' || :"
verify-frozen-manuscript	Post Run actions/checkout@11d5960a326750d5838078e36cf38b85af677262	2026-09-21T02:08:54.7952773Z [command]/usr/bin/git config --local --name-only --get-regexp ^includeIf\.gitdir:
verify-frozen-manuscript	Post Run actions/checkout@11d5960a326750d5838078e36cf38b85af677262	2026-09-21T02:08:54.7997591Z [command]/usr/bin/git submodule foreach --recursive git config --local --show-origin --name-only --get-regexp remote.origin.url
verify-frozen-manuscript	Complete job	﻿2026-09-21T02:08:54.8445447Z Cleaning up orphan processes
verify-frozen-manuscript	Complete job	2026-09-21T02:08:54.8944393Z ##[warning]Node.js 20 is deprecated. The following actions target Node.js 20 but are being forced to run on Node.js 24: actions/checkout@11d5960a326750d5838078e36cf38b85af677262, actions/upload-artifact@ea165f8d65b6e75b540449e92b4886f43607fa02. For more information see: https://github.blog/changelog/2025-09-19-deprecation-of-node-20-on-github-actions-runners/
