REPLAY_AXIOMS MF21Normalization.blockPower.eq_1: [propext, Classical.choice, Quot.sound]
REPLAY_AXIOMS MF21Normalization.blockPower_det_expansion: [propext, Classical.choice, Quot.sound]
REPLAY_AXIOMS MF21Normalization.doubleShift_det: [propext, Classical.choice, Quot.sound]
REPLAY_AXIOMS MF21Normalization.doubleShift.eq_1: [propext, Classical.choice, Quot.sound]
REPLAY_AXIOMS MF21Normalization.blockPower: [propext, Classical.choice, Quot.sound]
REPLAY_AXIOMS MF21Normalization.rowShift.eq_1: [propext, Classical.choice, Quot.sound]
REPLAY_AXIOMS MF21Normalization.rowShift_power_sum._proof_1_2: [propext, Quot.sound]
REPLAY_AXIOMS MF21Normalization.rowShift: [propext, Classical.choice, Quot.sound]
REPLAY_AXIOMS MF21Normalization.blockPower_det_rescale._simp_1_3: [propext]
REPLAY_AXIOMS MF21Normalization.rowShift_power_sum._proof_1_1: [propext, Quot.sound]
REPLAY_AXIOMS MF21Normalization.blockPower_det_rescale_order: [propext, Classical.choice, Quot.sound]
REPLAY_AXIOMS MF21Normalization.blockPower_det_rescale: [propext, Classical.choice, Quot.sound]
REPLAY_AXIOMS MF21Normalization.doubleShift_mul_blockPower: [propext, Classical.choice, Quot.sound]
REPLAY_AXIOMS MF21Normalization.blockPower_det_shift: [propext, Classical.choice, Quot.sound]
REPLAY_AXIOMS MF21Normalization.rowShift_det: [propext, Classical.choice, Quot.sound]
REPLAY_AXIOMS MF21Normalization.doubleShift: [propext, Classical.choice, Quot.sound]
REPLAY_AXIOMS MF21Normalization.blockPower_det_rescale._simp_1_2: []
REPLAY_AXIOMS MF21Normalization.rowShift_power_sum: [propext, Classical.choice, Quot.sound]
REPLAY_AXIOMS MF21Normalization.maskedBlock.congr_simp: [propext, Classical.choice, Quot.sound]
REPLAY_AXIOMS MF21Normalization.maskedBlock: [propext, Classical.choice, Quot.sound]
REPLAY_AXIOMS MF21Normalization.maskedBlock_right_power: [propext, Classical.choice, Quot.sound]
REPLAY_AXIOMS MF21Normalization.maskedBlock.eq_1: [propext, Classical.choice, Quot.sound]
REPLAY_AXIOMS MF21Normalization.maskedBlock_swap_det: [propext, Classical.choice, Quot.sound]
REPLAY_AXIOMS MF21Normalization.maskedBlock_right_det: [propext, Classical.choice, Quot.sound]
REPLAY_AXIOMS MF21Normalization.permutationCoefficient: [propext, Classical.choice, Quot.sound]
REPLAY_AXIOMS MF21Normalization.permutationBase.eq_1: [propext, Classical.choice, Quot.sound]
REPLAY_AXIOMS MF21Normalization.maskedBlock_expansion: [propext, Classical.choice, Quot.sound]
REPLAY_AXIOMS MF21Normalization.dominant_selections_disjoint.match_1_1: [propext, Classical.choice, Quot.sound]
REPLAY_AXIOMS MF21Normalization.permutationCoefficient.eq_1: [propext, Classical.choice, Quot.sound]
REPLAY_AXIOMS MF21Normalization.permutationBase: [propext, Classical.choice, Quot.sound]
REPLAY_AXIOMS MF21Normalization.dominant_selections_disjoint: [propext, Classical.choice, Quot.sound]
REPLAY_AXIOMS MF21Normalization.blockPower_expansion: [propext, Classical.choice, Quot.sound]
REPLAY_AXIOMS MF21Normalization.selects: [Quot.sound]
REPLAY_AXIOMS MF21Normalization.blockPower_two_leading_terms: [propext, Classical.choice, Quot.sound]
REPLAY_AXIOMS MF21Normalization.paired_product_ratio._simp_1_5: [propext]
REPLAY_AXIOMS MF21Normalization.nonleading_has_loss._proof_1_3: [propext, Quot.sound]
REPLAY_AXIOMS MF21Normalization.paired_product_ratio._simp_1_1: [propext]
REPLAY_AXIOMS MF21Normalization.paired_product_ratio: [propext, Classical.choice, Quot.sound]
REPLAY_AXIOMS MF21Normalization.nonleading_has_loss._simp_1_2: [propext, Classical.choice, Quot.sound]
REPLAY_AXIOMS MF21Normalization.selectedColumns.eq_1: [propext, Classical.choice, Quot.sound]
REPLAY_AXIOMS MF21Normalization.paired_product_ratio._simp_1_6: [propext, Classical.choice, Quot.sound]
REPLAY_AXIOMS MF21Normalization.paired_product_ratio._simp_1_7: [propext]
REPLAY_AXIOMS MF21Normalization.paired_product_ratio._simp_1_4: [propext]
REPLAY_AXIOMS MF21Normalization.paired_product_ratio._simp_1_2: [propext]
REPLAY_AXIOMS MF21Normalization.selectedColumns_card: [propext, Classical.choice, Quot.sound]
REPLAY_AXIOMS MF21Normalization.nonleading_has_loss._simp_1_1: [propext, Classical.choice, Quot.sound]
REPLAY_AXIOMS MF21Normalization.selectedColumns_forall._simp_1: [propext, Classical.choice, Quot.sound]
REPLAY_AXIOMS MF21Normalization.nonleading_base_ratio_norm_le: [propext, Classical.choice, Quot.sound]
REPLAY_AXIOMS MF21Normalization.selectedColumns_forall: [propext, Classical.choice, Quot.sound]
REPLAY_AXIOMS MF21Normalization.nonleading_has_loss: [propext, Classical.choice, Quot.sound]
REPLAY_AXIOMS MF21Normalization.selectedColumns: [propext, Classical.choice, Quot.sound]
REPLAY_AXIOMS MF21Normalization.nonleading_product_ratio_le: [propext, Classical.choice, Quot.sound]
REPLAY_AXIOMS MF21Normalization.paired_product_ratio._simp_1_3: [propext]
REPLAY_AXIOMS MF21Bulk.stableRoot._proof_1: [propext]
REPLAY_AXIOMS MF21Bulk.stableRoot_eq_of_spec: [propext, Classical.choice, Quot.sound]
REPLAY_AXIOMS MF21Bulk.exists_stable_characteristic_root: [propext, Classical.choice, Quot.sound]
REPLAY_AXIOMS MF21Bulk.stableRoot_spec: [propext, Classical.choice, Quot.sound]
REPLAY_AXIOMS MF21Bulk.stableRoot.eq_1: [propext, Classical.choice, Quot.sound]
REPLAY_AXIOMS MF21Bulk.stable_characteristic_root_simple: [propext, Classical.choice, Quot.sound]
REPLAY_AXIOMS MF21Bulk.stableRoot: [propext, Classical.choice, Quot.sound]
REPLAY_AXIOMS MF21Bulk.stable_characteristic_root_unique: [propext, Classical.choice, Quot.sound]
REPLAY_AXIOMS MF21Bulk.stableRoot._proof_2: [propext, Classical.choice, Quot.sound]
REPLAY_AXIOMS MF21Bulk.no_unit_characteristic_root: [propext, Classical.choice, Quot.sound]
REPLAY_AXIOMS MF21Bulk.stableRoot_contDiffAt: [propext, Classical.choice, Quot.sound]
REPLAY_AXIOMS MF21Bulk.characteristic_polynomial: [propext, Classical.choice, Quot.sound]
REPLAY_AXIOMS ContDiffAt.implicitFunction.congr_simp: [propext, Classical.choice, Quot.sound]
REPLAY_AXIOMS ContinuousLinearMap.inr.eq_1: [propext, Classical.choice, Quot.sound]
REPLAY_AXIOMS MF21Bulk.local_characteristic_root: [propext, Classical.choice, Quot.sound]
REPLAY_AXIOMS MF21Bulk.stableRoot_endpoint_extension: [propext, Classical.choice, Quot.sound]
REPLAY_AXIOMS MF21Bulk.stableRoot_endpoint_factorization: [propext, Classical.choice, Quot.sound]
REPLAY_AXIOMS MF21Bulk.stableRoot_endpoint_factorization_analytic: [propext, Classical.choice, Quot.sound]
REPLAY_AXIOMS MF21Bulk.desingularized_polynomial: [propext, Classical.choice, Quot.sound]
REPLAY_AXIOMS MF21Bulk.local_desingularized_root: [propext, Classical.choice, Quot.sound]
REPLAY_AXIOMS MF21Bulk.local_desingularized_root_analytic: [propext, Classical.choice, Quot.sound]
REPLAY_AXIOMS MF21Bulk.omega_eq_exp: [propext, Classical.choice, Quot.sound]
REPLAY_AXIOMS MF21Bulk.kappa_re_pos: [propext, Classical.choice, Quot.sound]
REPLAY_AXIOMS MF21Bulk.omega.eq_1: [propext, Classical.choice, Quot.sound]
REPLAY_AXIOMS MF21Bulk.kappa: [propext, Classical.choice, Quot.sound]
REPLAY_AXIOMS MF21Bulk.unitRoot_characteristic: [propext, Classical.choice, Quot.sound]
REPLAY_AXIOMS MF21Bulk.omega._proof_1: [propext]
REPLAY_AXIOMS MF21Bulk.omega: [propext, Classical.choice, Quot.sound]
REPLAY_AXIOMS MF21Bulk.unitRoot_ne_inv._simp_1_2: [propext, Classical.choice, Quot.sound]
REPLAY_AXIOMS MF21Bulk.spectralBase_pos: [propext, Classical.choice, Quot.sound]
REPLAY_AXIOMS MF21Bulk.unitRoot: [propext, Classical.choice, Quot.sound]
REPLAY_AXIOMS MF21Bulk.characteristicRoots.eq_1: [propext, Classical.choice, Quot.sound]
REPLAY_AXIOMS MF21Bulk.characteristicRoots: [propext, Classical.choice, Quot.sound]
REPLAY_AXIOMS MF21Bulk.baseRoot_ne_inv: [propext, Classical.choice, Quot.sound]
REPLAY_AXIOMS MF21Bulk.kappa_sq: [propext, Classical.choice, Quot.sound]
REPLAY_AXIOMS MF21Bulk.omega_pow: [propext, Classical.choice, Quot.sound]
REPLAY_AXIOMS MF21Bulk.characteristicRoots_injective: [propext, Classical.choice, Quot.sound]
REPLAY_AXIOMS MF21Bulk.baseRoot_injective: [propext, Classical.choice, Quot.sound]
REPLAY_AXIOMS MF21Bulk.omega_stableRoot_endpoint_extension: [propext, Classical.choice, Quot.sound]
REPLAY_AXIOMS MF21Bulk.spectralBase_eq: [propext, Classical.choice, Quot.sound]
REPLAY_AXIOMS MF21Bulk.baseRoot_spec: [propext, Classical.choice, Quot.sound]
REPLAY_AXIOMS MF21Bulk.unitRoot.eq_1: [propext, Classical.choice, Quot.sound]
REPLAY_AXIOMS MF21Bulk.characteristicRoots_spec: [propext, Classical.choice, Quot.sound]
REPLAY_AXIOMS MF21Bulk.spectralBase: [propext, Classical.choice, Quot.sound]
REPLAY_AXIOMS MF21Bulk.kappa.eq_1: [propext, Classical.choice, Quot.sound]
REPLAY_AXIOMS MF21Bulk.unitRoot_ne_inv: [propext, Classical.choice, Quot.sound]
REPLAY_AXIOMS MF21Bulk.unitRoot_norm: [propext, Classical.choice, Quot.sound]
REPLAY_AXIOMS MF21Bulk.omega_injective: [propext, Classical.choice, Quot.sound]
REPLAY_AXIOMS MF21Bulk.unitRoot_ne_zero: [propext, Classical.choice, Quot.sound]
REPLAY_AXIOMS MF21Bulk.baseRoot.eq_1: [propext, Classical.choice, Quot.sound]
REPLAY_AXIOMS MF21Bulk.omega_norm: [propext, Classical.choice, Quot.sound]
REPLAY_AXIOMS MF21Bulk.omega_ne_one: [propext, Classical.choice, Quot.sound]
REPLAY_AXIOMS MF21Bulk.baseRoot: [propext, Classical.choice, Quot.sound]
REPLAY_AXIOMS MF21Bulk.baseRoot_ne_other_inv: [propext, Classical.choice, Quot.sound]
REPLAY_AXIOMS MF21Bulk.unitRoot_add_I_factor: [propext, Classical.choice, Quot.sound]
REPLAY_AXIOMS MF21Bulk.one_sub_unitRoot_neg: [propext, Classical.choice, Quot.sound]
REPLAY_AXIOMS MF21Bulk.spectralBase_contDiff: [propext, Classical.choice, Quot.sound]
REPLAY_AXIOMS MF21Bulk.rootPhase_contDiffAt: [propext, Classical.choice, Quot.sound]
REPLAY_AXIOMS MF21Bulk.phaseFactor_pi: [propext, Classical.choice, Quot.sound]
REPLAY_AXIOMS MF21Bulk.rootPhase_conj_pi: [propext, Classical.choice, Quot.sound]
REPLAY_AXIOMS MF21Bulk.rootPhase: [propext, Classical.choice, Quot.sound]
REPLAY_AXIOMS MF21Bulk.halfSine_tendsto_pos: [propext, Classical.choice, Quot.sound]
REPLAY_AXIOMS MF21Bulk.phaseFactor_re_pos: [propext, Classical.choice, Quot.sound]
REPLAY_AXIOMS MF21Bulk.phaseFactor: [propext, Classical.choice, Quot.sound]
REPLAY_AXIOMS MF21Bulk.arg_contDiffAt_of_re_pos: [propext, Classical.choice, Quot.sound]
REPLAY_AXIOMS MF21Bulk.unitRoot_contDiff: [propext, Classical.choice, Quot.sound]
REPLAY_AXIOMS MF21Bulk.phaseFactor_endpoint_factorization: [propext, Classical.choice, Quot.sound]
REPLAY_AXIOMS MF21Bulk.arg_kappa_add_I: [propext, Classical.choice, Quot.sound]
REPLAY_AXIOMS MF21Bulk.kappa_add_I_factor: [propext, Classical.choice, Quot.sound]
REPLAY_AXIOMS MF21Bulk.stableRoot_conj: [propext, Classical.choice, Quot.sound]
REPLAY_AXIOMS MF21Bulk.phaseFactor_contDiffAt: [propext, Classical.choice, Quot.sound]
REPLAY_AXIOMS MF21Bulk.arg_kappa_add_I._simp_1_2: [propext, Classical.choice, Quot.sound]
REPLAY_AXIOMS MF21Bulk.rootPhase_endpoint_extension_analytic: [propext, Classical.choice, Quot.sound]
REPLAY_AXIOMS MF21Bulk.phaseFactor.eq_1: [propext, Classical.choice, Quot.sound]
REPLAY_AXIOMS MF21Bulk.unitRoot_add: [propext, Classical.choice, Quot.sound]
REPLAY_AXIOMS MF21Bulk.unitRoot_eq_trig: [propext, Classical.choice, Quot.sound]
REPLAY_AXIOMS MF21Bulk.phaseFactor_endpoint_factorization_analytic: [propext, Classical.choice, Quot.sound]
REPLAY_AXIOMS MF21Bulk.rootPhase_endpoint_extension: [propext, Classical.choice, Quot.sound]
REPLAY_AXIOMS MF21Bulk.unitRoot_neg: [propext, Classical.choice, Quot.sound]
REPLAY_AXIOMS MF21Bulk.arg_kappa_add_I._simp_1_1: [propext, Classical.choice, Quot.sound]
REPLAY_AXIOMS MF21Bulk.stableRoot_angle_exp_bound: [propext, Classical.choice, Quot.sound]
REPLAY_AXIOMS MF21Bulk.stableRoot_angle_logDeriv_bound: [propext, Classical.choice, Quot.sound]
REPLAY_AXIOMS MF21Bulk.halfSine_hasDerivAt_zero: [propext, Classical.choice, Quot.sound]
REPLAY_AXIOMS MF21Bulk.angleRoot_extension: [propext, Classical.choice, Quot.sound]
REPLAY_AXIOMS MF21Bulk.exists_exp_bound_of_deriv_neg: [propext, Classical.choice, Quot.sound]
REPLAY_AXIOMS MF21Bulk.baseRoot_injective_of_pos: [propext, Classical.choice, Quot.sound]
REPLAY_AXIOMS MF21Bulk.endpointSlope: [propext, Classical.choice, Quot.sound]
REPLAY_AXIOMS MF21Bulk.slopeNormalizer: [propext, Classical.choice, Quot.sound]
REPLAY_AXIOMS MF21Bulk.base_slopes_exist: [propext, Classical.choice, Quot.sound]
REPLAY_AXIOMS MF21Bulk.halfSine_contDiff: [propext, Classical.choice, Quot.sound]
REPLAY_AXIOMS MF21Bulk.halfSine.eq_1: [propext, Classical.choice, Quot.sound]
REPLAY_AXIOMS MF21Bulk.halfSine._proof_1: [propext]
REPLAY_AXIOMS MF21Bulk.halfSine: [propext, Classical.choice, Quot.sound]
REPLAY_AXIOMS MF21Bulk.stable_slope_extension: [propext, Classical.choice, Quot.sound]
REPLAY_AXIOMS MF21Bulk.endpointSlope_sq: [propext, Classical.choice, Quot.sound]
REPLAY_AXIOMS MF21Bulk.spectralBase_pos_of_mem: [propext, Classical.choice, Quot.sound]
REPLAY_AXIOMS MF21Bulk.endpointSlope_injective: [propext, Classical.choice, Quot.sound]
REPLAY_AXIOMS MF21Bulk.halfSine_pos: [propext, Classical.choice, Quot.sound]
REPLAY_AXIOMS MF21Bulk.unitRoot_factor: [propext, Classical.choice, Quot.sound]
REPLAY_AXIOMS MF21Bulk.block_slopes_exist: [propext, Classical.choice, Quot.sound]
REPLAY_AXIOMS MF21Bulk.endpointSlope.eq_1: [propext, Classical.choice, Quot.sound]
REPLAY_AXIOMS MF21Bulk.baseRoot_spec_of_pos: [propext, Classical.choice, Quot.sound]
REPLAY_AXIOMS MF21Bulk.blockRootFamily: [propext, Classical.choice, Quot.sound]
REPLAY_AXIOMS MF21ActualBoundary.baseRoot_norm_le_one: [propext, Classical.choice, Quot.sound]
REPLAY_AXIOMS MF21ActualBoundary.nonleading_actual_exp_bound: [propext, Classical.choice, Quot.sound]
REPLAY_AXIOMS MF21ActualBoundary.stable_family_exp_bound: [propext, Classical.choice, Quot.sound]
REPLAY_AXIOMS MF21ActualBoundary.rightProduct_ne_zero: [propext, Classical.choice, Quot.sound]
REPLAY_AXIOMS MF21ActualBoundary.rightProduct: [propext, Classical.choice, Quot.sound]
REPLAY_AXIOMS MF21Recurrence.solution_eq_geometric_combination: [propext, Classical.choice, Quot.sound]
REPLAY_AXIOMS MF21Recurrence.geometric_coefficients_unique: [propext, Classical.choice, Quot.sound]
REPLAY_AXIOMS MF21Recurrence.geometric_combination_solution: [propext, Classical.choice, Quot.sound]
REPLAY_AXIOMS MF21Challenge.ContinuousCoefficients: [propext, Classical.choice, Quot.sound]
REPLAY_AXIOMS MF21Challenge.remainder: [propext, Classical.choice, Quot.sound]
REPLAY_AXIOMS MF21Challenge.coefficient: [propext, Classical.choice, Quot.sound]
REPLAY_AXIOMS MF21Challenge.grid: [propext, Classical.choice, Quot.sound]
REPLAY_AXIOMS MF21Challenge.FullTarget: [propext, Classical.choice, Quot.sound]
REPLAY_AXIOMS MF21Challenge.eigenvalue._proof_1: [propext, Classical.choice, Quot.sound]
REPLAY_AXIOMS MF21Challenge.eigenvalue: [propext, Classical.choice, Quot.sound]
REPLAY_AXIOMS MF21Challenge.UniversalObstruction: [propext, Classical.choice, Quot.sound]
REPLAY_AXIOMS MF21Challenge.BulkTopOrder: [propext, Classical.choice, Quot.sound]
REPLAY_AXIOMS MF21Challenge.symbol._proof_1: [propext]
REPLAY_AXIOMS MF21Challenge.Coefficients: [propext, Classical.choice, Quot.sound]
REPLAY_AXIOMS MF21Challenge.cutoff: [propext, Classical.choice, Quot.sound]
REPLAY_AXIOMS MF21Challenge.TargetAt: [propext, Classical.choice, Quot.sound]
REPLAY_AXIOMS MF21Challenge.toeplitz.eq_1: [propext, Classical.choice, Quot.sound]
REPLAY_AXIOMS MF21Challenge.toeplitz_isHermitian: [propext, Classical.choice, Quot.sound]
REPLAY_AXIOMS MF21Challenge.UniformOrder: [propext, Classical.choice, Quot.sound]
REPLAY_AXIOMS MF21Challenge.symbol: [propext, Classical.choice, Quot.sound]
REPLAY_AXIOMS MF21Challenge.toeplitz: [propext, Classical.choice, Quot.sound]
REPLAY_AXIOMS MF21Challenge.sign_pair._proof_1_1: [propext, Quot.sound]
REPLAY_AXIOMS MF21Challenge.differenceEntry_of_lt._proof_1_3: [propext, Quot.sound]
REPLAY_AXIOMS MF21Challenge.differenceEntry.eq_1: [propext, Classical.choice, Quot.sound]
REPLAY_AXIOMS MF21Challenge.differenceEntry_diagonal._simp_1_3: [propext]
REPLAY_AXIOMS MF21Challenge.differenceMatrix_mulVec_eq_zero._proof_1_1: [propext, Quot.sound]
REPLAY_AXIOMS MF21Challenge.differenceMatrix.eq_1: [propext, Classical.choice, Quot.sound]
REPLAY_AXIOMS MF21Challenge.unsigned_difference_correlation._proof_1_6: [propext, Quot.sound]
REPLAY_AXIOMS MF21Challenge.differenceEntry_of_lt: [propext, Classical.choice, Quot.sound]
REPLAY_AXIOMS MF21Challenge.unsigned_difference_correlation._proof_1_8: [propext, Quot.sound]
REPLAY_AXIOMS MF21Challenge.unsigned_difference_correlation._proof_1_1: [propext, Quot.sound]
REPLAY_AXIOMS MF21Challenge.differenceEntry_diagonal._proof_1_4: [propext, Quot.sound]
REPLAY_AXIOMS MF21Challenge.choose_shift_convolution._proof_1_2: [propext, Classical.choice, Quot.sound]
REPLAY_AXIOMS MF21Challenge.choose_shift_convolution: [propext, Classical.choice, Quot.sound]
REPLAY_AXIOMS MF21Challenge.unsigned_difference_correlation._proof_1_7: [propext, Quot.sound]
REPLAY_AXIOMS MF21Challenge.difference_correlation: [propext, Classical.choice, Quot.sound]
REPLAY_AXIOMS MF21Challenge.differenceMatrix: [propext, Classical.choice, Quot.sound]
REPLAY_AXIOMS MF21Challenge.differenceMatrix_injective: [propext, Classical.choice, Quot.sound]
REPLAY_AXIOMS MF21Challenge.differenceEntry: [propext, Classical.choice, Quot.sound]
REPLAY_AXIOMS MF21Challenge.sign_pair: [propext, Classical.choice, Quot.sound]
REPLAY_AXIOMS MF21Challenge.unsigned_difference_correlation._proof_1_4: [propext, Quot.sound]
REPLAY_AXIOMS MF21Challenge.toeplitz_det_pos: [propext, Classical.choice, Quot.sound]
REPLAY_AXIOMS MF21Challenge.differenceMatrix_mulVec_eq_zero: [propext, Classical.choice, Quot.sound]
REPLAY_AXIOMS MF21Challenge.unsignedDifferenceEntry: [propext, Classical.choice, Quot.sound]
REPLAY_AXIOMS MF21Challenge.unsigned_difference_correlation._simp_1_2: [propext, Classical.choice, Quot.sound]
REPLAY_AXIOMS MF21Challenge.toeplitz_eq_difference_gram: [propext, Classical.choice, Quot.sound]
REPLAY_AXIOMS MF21Challenge.choose_shift_convolution._proof_1_1: [propext, Classical.choice, Quot.sound]
REPLAY_AXIOMS MF21Challenge.eigenvalue_pos: [propext, Classical.choice, Quot.sound]
REPLAY_AXIOMS MF21Challenge.differenceEntry_diagonal: [propext, Classical.choice, Quot.sound]
REPLAY_AXIOMS MF21Challenge.differenceMatrix_mulVec_eq_zero._proof_1_2: [propext, Quot.sound]
REPLAY_AXIOMS MF21Challenge.unsigned_difference_correlation: [propext, Classical.choice, Quot.sound]
REPLAY_AXIOMS MF21Challenge.unsignedDifferenceEntry.eq_1: [propext, Classical.choice, Quot.sound]
REPLAY_AXIOMS MF21Challenge.unsigned_difference_correlation._proof_1_5: [propext, Quot.sound]
REPLAY_AXIOMS MF21Challenge.toeplitz_posDef: [propext, Classical.choice, Quot.sound]
REPLAY_AXIOMS MF21FirstColumn.central_recurrence: [propext, Classical.choice, Quot.sound]
REPLAY_AXIOMS MF21FirstColumn.normalizer_pos: [propext, Classical.choice, Quot.sound]
REPLAY_AXIOMS MF21FirstColumn.boundaryPolynomial_degree._proof_1_1: [propext, Classical.choice, Quot.sound]
REPLAY_AXIOMS MF21FirstColumn.extreme_left_value: [propext, Classical.choice, Quot.sound]
REPLAY_AXIOMS MF21FirstColumn.value_nat_closed._proof_1_2: [propext, Quot.sound]
REPLAY_AXIOMS MF21FirstColumn.left_ghost_zero: [propext, Classical.choice, Quot.sound]
REPLAY_AXIOMS MF21FirstColumn.toeplitz_mulVec_firstColumn: [propext, Classical.choice, Quot.sound]
REPLAY_AXIOMS MF21FirstColumn.value_nat_closed._simp_1_5: [propext]
REPLAY_AXIOMS MF21FirstColumn.coefficient_central._proof_1_4: [propext, Quot.sound]
REPLAY_AXIOMS MF21FirstColumn.coefficient_nonzero_band._proof_1_1: [propext, Quot.sound]
REPLAY_AXIOMS MF21Challenge.coefficient.eq_1: [propext, Classical.choice, Quot.sound]
REPLAY_AXIOMS MF21FirstColumn.inverse_column_eq: [propext, Classical.choice, Quot.sound]
REPLAY_AXIOMS MF21FirstColumn.row_term_eq._proof_1_1: [propext, Quot.sound]
REPLAY_AXIOMS MF21FirstColumn.value_eq_padded_add_ghost._proof_1_4: [propext, Quot.sound]
REPLAY_AXIOMS MF21FirstColumn.row_sum_first_column._proof_1_1: [propext, Quot.sound]
REPLAY_AXIOMS MF21FirstColumn.right_ghost_zero: [propext, Classical.choice, Quot.sound]
REPLAY_AXIOMS MF21FirstColumn.central: [propext, Classical.choice, Quot.sound]
REPLAY_AXIOMS MF21FirstColumn.normalizer: [propext, Classical.choice, Quot.sound]
REPLAY_AXIOMS MF21FirstColumn.extreme_left_value._simp_1_5: [propext]
REPLAY_AXIOMS MF21FirstColumn.firstColumn_closed: [propext, Classical.choice, Quot.sound]
REPLAY_AXIOMS MF21FirstColumn.value: [propext, Classical.choice, Quot.sound]
REPLAY_AXIOMS MF21FirstColumn.full_recurrence: [propext, Classical.choice, Quot.sound]
REPLAY_AXIOMS MF21FirstColumn.coefficient_central._proof_1_5: [propext, Quot.sound]
REPLAY_AXIOMS MF21FirstColumn.coefficient_central._proof_1_2: [propext, Quot.sound]
REPLAY_AXIOMS MF21FirstColumn.coefficient_central._proof_1_3: [propext, Quot.sound]
REPLAY_AXIOMS MF21FirstColumn.row_convolution._proof_1_1: [propext, Quot.sound]
REPLAY_AXIOMS MF21FirstColumn.value_nat_closed._simp_1_8: [propext, Classical.choice, Quot.sound]
REPLAY_AXIOMS MF21FirstColumn.value_nat_closed._simp_1_9: [propext]
REPLAY_AXIOMS MF21FirstColumn.inverse_column_closed: [propext, Classical.choice, Quot.sound]
REPLAY_AXIOMS MF21FirstColumn.central.eq_1: [propext, Classical.choice, Quot.sound]
REPLAY_AXIOMS MF21FirstColumn.value_eq_padded_add_ghost._proof_1_2: [propext, Quot.sound]
REPLAY_AXIOMS MF21FirstColumn.row_convolution._proof_1_6: [propext, Quot.sound]
REPLAY_AXIOMS MF21FirstColumn.value_eq_padded_add_ghost._proof_1_3: [propext, Quot.sound]
REPLAY_AXIOMS MF21FirstColumn.value_nat_closed._simp_1_3: [propext]
REPLAY_AXIOMS MF21FirstColumn.extreme_left_value._simp_1_6: [propext, Classical.choice, Quot.sound]
REPLAY_AXIOMS MF21FirstColumn.extreme_left_value._simp_1_2: [propext]
REPLAY_AXIOMS MF21FirstColumn.extreme_left_value._simp_1_7: [propext]
REPLAY_AXIOMS MF21FirstColumn.central_extreme_sign: [propext, Classical.choice, Quot.sound]
REPLAY_AXIOMS MF21FirstColumn.extreme_left_value._simp_1_4: [propext]
REPLAY_AXIOMS MF21FirstColumn.coefficient_central._proof_1_1: [propext, Quot.sound]
REPLAY_AXIOMS MF21FirstColumn.row_convolution._proof_1_2: [propext, Quot.sound]
REPLAY_AXIOMS MF21FirstColumn.boundaryPolynomial_degree: [propext, Classical.choice, Quot.sound]
REPLAY_AXIOMS MF21FirstColumn.row_convolution._proof_1_5: [propext, Quot.sound]
REPLAY_AXIOMS MF21FirstColumn.central_extreme_sign._proof_1_2: [propext, Quot.sound]
REPLAY_AXIOMS MF21FirstColumn.boundaryPolynomial.eq_1: [propext, Classical.choice, Quot.sound]
REPLAY_AXIOMS MF21FirstColumn.row_convolution: [propext, Classical.choice, Quot.sound]
REPLAY_AXIOMS MF21FirstColumn.value_eq_padded_add_ghost._proof_1_5: [propext, Quot.sound]
REPLAY_AXIOMS MF21FirstColumn.value.eq_1: [propext, Classical.choice, Quot.sound]
REPLAY_AXIOMS MF21FirstColumn.coefficient_nonzero_band._proof_1_3: [propext, Classical.choice, Quot.sound]
REPLAY_AXIOMS MF21FirstColumn.row_convolution._proof_1_4: [propext, Quot.sound]
REPLAY_AXIOMS MF21FirstColumn.firstColumn: [propext, Classical.choice, Quot.sound]
REPLAY_AXIOMS MF21FirstColumn.extreme_left_value._simp_1_1: [propext]
REPLAY_AXIOMS MF21FirstColumn.value_eq_padded_add_ghost: [propext, Classical.choice, Quot.sound]
REPLAY_AXIOMS MF21FirstColumn.value_nat_closed._proof_1_1: [propext, Quot.sound]
REPLAY_AXIOMS MF21FirstColumn.coefficient_nonzero_band: [propext, Classical.choice, Quot.sound]
REPLAY_AXIOMS MF21FirstColumn.padded.eq_1: [propext, Classical.choice, Quot.sound]
REPLAY_AXIOMS MF21FirstColumn.boundaryPolynomial: [propext, Classical.choice, Quot.sound]
REPLAY_AXIOMS MF21FirstColumn.coefficient_central: [propext, Classical.choice, Quot.sound]
REPLAY_AXIOMS MF21FirstColumn.central_recurrence._proof_1_1: [propext, Quot.sound]
REPLAY_AXIOMS MF21FirstColumn.padded: [propext, Classical.choice, Quot.sound]
REPLAY_AXIOMS MF21FirstColumn.value_nat_closed._simp_1_6: [propext]
REPLAY_AXIOMS MF21FirstColumn.value_nat_closed._simp_1_7: [propext]
REPLAY_AXIOMS MF21FirstColumn.value_nat_closed._simp_1_4: [propext]
REPLAY_AXIOMS MF21FirstColumn.row_sum_first_column: [propext, Classical.choice, Quot.sound]
REPLAY_AXIOMS MF21FirstColumn.row_term_eq: [propext, Classical.choice, Quot.sound]
REPLAY_AXIOMS MF21FirstColumn.extreme_left_value._simp_1_3: [propext]
REPLAY_AXIOMS MF21FirstColumn.value_nat_closed: [propext, Classical.choice, Quot.sound]
REPLAY_AXIOMS MF21FirstColumn.value_formula: [propext, Classical.choice, Quot.sound]
REPLAY_AXIOMS MF21Boundary.ghosts_of_agreement._proof_1_1: [propext, Quot.sound]
REPLAY_AXIOMS MF21Boundary.eigenvector_has_geometric_representation: [propext, Classical.choice, Quot.sound]
REPLAY_AXIOMS MF21Boundary.padded_im: [propext, Classical.choice, Quot.sound]
REPLAY_AXIOMS MF21Boundary.finite_extension._proof_1_4: [propext, Classical.choice, Quot.sound]
REPLAY_AXIOMS MF21Boundary.padded_interior._proof_1_3: [propext, Quot.sound]
REPLAY_AXIOMS MF21Boundary.padded_interior._proof_1_2: [propext, Quot.sound]
REPLAY_AXIOMS MF21Boundary.interior: [propext, Classical.choice, Quot.sound]
REPLAY_AXIOMS MF21Boundary.boundaryToEigenspace._proof_3: [propext, Classical.choice, Quot.sound]
REPLAY_AXIOMS MF21Boundary.boundary_kernel_iff_ghosts._proof_1_4: [propext, Quot.sound]
REPLAY_AXIOMS MF21Boundary.ghostIndex.eq_1: []
REPLAY_AXIOMS MF21Boundary.boundaryToEigenspace._proof_2: [propext, Classical.choice, Quot.sound]
REPLAY_AXIOMS MF21Boundary.solution_ghosts_gives_eigenvector._proof_1_1: [propext, Quot.sound]
REPLAY_AXIOMS MF21Boundary.ghostIndex: []
REPLAY_AXIOMS MF21Boundary.boundary_kernel_restriction_injective: [propext, Classical.choice, Quot.sound]
REPLAY_AXIOMS MF21Boundary.eigenvector_iff_finite_recurrence: [propext, Classical.choice, Quot.sound]
REPLAY_AXIOMS MF21Boundary.central_last_ne_zero: [propext, Classical.choice, Quot.sound]
REPLAY_AXIOMS MF21Boundary.recurrence.eq_1: [propext, Classical.choice, Quot.sound]
REPLAY_AXIOMS MF21Boundary.eigenvector_has_geometric_representation._proof_1_1: [propext, Quot.sound]
REPLAY_AXIOMS MF21Boundary.boundaryKernelEquivEigenspace._proof_1: [propext, Classical.choice, Quot.sound]
REPLAY_AXIOMS MF21Boundary.Ghosts: [propext, Classical.choice, Quot.sound]
REPLAY_AXIOMS MF21Boundary.padded_interior_agrees._proof_1_5: [propext, Quot.sound]
REPLAY_AXIOMS MF21Boundary.geometric: [propext, Classical.choice, Quot.sound]
REPLAY_AXIOMS MF21Boundary.padded_re: [propext, Classical.choice, Quot.sound]
REPLAY_AXIOMS MF21Boundary.recurrence_at_iff._proof_1_1: [propext, Quot.sound]
REPLAY_AXIOMS MF21Boundary.padded.eq_1: [propext, Classical.choice, Quot.sound]
REPLAY_AXIOMS MF21Boundary.finite_extension._proof_1_2: [propext, Classical.choice, Quot.sound]
REPLAY_AXIOMS MF21Boundary.finite_extension._proof_1_3: [propext, Classical.choice, Quot.sound]
REPLAY_AXIOMS MF21Boundary.padded_interior_agrees._proof_1_6: [propext, Quot.sound]
REPLAY_AXIOMS MF21Boundary.ghosts_of_agreement: [propext, Classical.choice, Quot.sound]
REPLAY_AXIOMS MF21Boundary.boundary_kernel_iff_ghosts._proof_1_3: [propext, Quot.sound]
REPLAY_AXIOMS MF21Boundary.padded_interior_agrees._proof_1_1: [propext, Quot.sound]
REPLAY_AXIOMS MF21Boundary.geometric.eq_1: [propext, Classical.choice, Quot.sound]
REPLAY_AXIOMS MF21Boundary.recurrence_at_iff: [propext, Classical.choice, Quot.sound]
REPLAY_AXIOMS MF21Boundary.boundaryKernel_finrank: [propext, Classical.choice, Quot.sound]
REPLAY_AXIOMS MF21Boundary.padded_ghosts._proof_1_3: [propext, Quot.sound]
REPLAY_AXIOMS MF21Boundary.toeplitz: [propext, Classical.choice, Quot.sound]
REPLAY_AXIOMS MF21Boundary.boundary_kernel_iff_ghosts._proof_1_1: [propext, Quot.sound]
REPLAY_AXIOMS MF21Boundary.padded_ghosts._proof_1_2: [propext, Quot.sound]
REPLAY_AXIOMS MF21Boundary.finite_extension._proof_1_1: [propext, Classical.choice, Quot.sound]
REPLAY_AXIOMS MF21Boundary.boundary_mulVec: [propext, Classical.choice, Quot.sound]
REPLAY_AXIOMS MF21Boundary.central_last: [propext, Classical.choice, Quot.sound]
REPLAY_AXIOMS MF21Boundary.padded_ghosts: [propext, Classical.choice, Quot.sound]
REPLAY_AXIOMS MF21Boundary.eigenvector_iff_boundary_det_zero: [propext, Classical.choice, Quot.sound]
REPLAY_AXIOMS MF21Boundary.extend: [propext, Classical.choice, Quot.sound]
REPLAY_AXIOMS MF21Boundary.boundary_kernel_iff_ghosts._proof_1_7: [propext, Quot.sound]
REPLAY_AXIOMS MF21Boundary.boundaryToEigenspace._proof_5: [propext, Classical.choice, Quot.sound]
REPLAY_AXIOMS MF21Boundary.padded: [propext, Classical.choice, Quot.sound]
REPLAY_AXIOMS MF21Boundary.eigenvector_iff_boundary_kernel: [propext, Classical.choice, Quot.sound]
REPLAY_AXIOMS MF21Boundary.padded_interior: [propext, Classical.choice, Quot.sound]
REPLAY_AXIOMS MF21Boundary.padded_interior_agrees: [propext, Classical.choice, Quot.sound]
REPLAY_AXIOMS MF21Boundary.boundary_kernel_iff_ghosts._proof_1_5: [propext, Quot.sound]
REPLAY_AXIOMS MF21Boundary.boundaryMatrix: [propext, Classical.choice, Quot.sound]
REPLAY_AXIOMS MF21Boundary.matrix_row_convolution: [propext, Classical.choice, Quot.sound]
REPLAY_AXIOMS MF21Boundary.solution_ghosts_gives_eigenvector._proof_1_2: [propext, Classical.choice, Quot.sound]
REPLAY_AXIOMS MF21Boundary.solution_ghosts_gives_eigenvector: [propext, Classical.choice, Quot.sound]
REPLAY_AXIOMS MF21Boundary.interior.eq_1: [propext, Classical.choice, Quot.sound]
REPLAY_AXIOMS MF21Boundary.boundary_kernel_iff_ghosts._proof_1_6: [propext, Quot.sound]
REPLAY_AXIOMS MF21Boundary.extend_apply: [propext, Classical.choice, Quot.sound]
REPLAY_AXIOMS MF21Boundary.boundaryKernelEquivEigenspace: [propext, Classical.choice, Quot.sound]
REPLAY_AXIOMS MF21Boundary.finite_extension: [propext, Classical.choice, Quot.sound]
REPLAY_AXIOMS MF21Boundary.boundaryToEigenspace: [propext, Classical.choice, Quot.sound]
REPLAY_AXIOMS MF21Boundary.recurrence_at_iff._simp_1_3: [propext, Classical.choice, Quot.sound]
REPLAY_AXIOMS MF21Boundary.row_convolution: [propext, Classical.choice, Quot.sound]
REPLAY_AXIOMS MF21Boundary.boundaryToEigenspace._proof_1: [propext, Classical.choice, Quot.sound]
REPLAY_AXIOMS MF21Boundary.boundary_kernel_restriction_injective._proof_1_1: [propext, Quot.sound]
REPLAY_AXIOMS MF21Boundary.boundaryToEigenspace._proof_4: [propext, Classical.choice, Quot.sound]
REPLAY_AXIOMS MF21Boundary.central: [propext, Classical.choice, Quot.sound]
REPLAY_AXIOMS MF21Boundary.boundaryMatrix.eq_1: [propext, Classical.choice, Quot.sound]
REPLAY_AXIOMS MF21Boundary.recurrence: [propext, Classical.choice, Quot.sound]
REPLAY_AXIOMS MF21Boundary.extend.eq_1: [propext, Classical.choice, Quot.sound]
REPLAY_AXIOMS MF21Boundary.boundary_kernel_iff_ghosts: [propext, Classical.choice, Quot.sound]
REPLAY_AXIOMS MF21Laurent.central_sum_eq_laurent: [propext, Classical.choice, Quot.sound]
REPLAY_AXIOMS MF21Laurent.central_polynomial: [propext, Classical.choice, Quot.sound]
REPLAY_AXIOMS MF21Laurent.geometric_stencil: [propext, Classical.choice, Quot.sound]
REPLAY_AXIOMS MF21Boundary.charPoly_root_iff_laurent: [propext, Classical.choice, Quot.sound]
REPLAY_AXIOMS MF21Boundary.exists_eigenvector_iff_mem_spectrum: [propext, Classical.choice, Quot.sound]
REPLAY_AXIOMS MF21Boundary.complex_eigenvector_iff_sorted_eigenvalue: [propext, Classical.choice, Quot.sound]
REPLAY_AXIOMS MF21Boundary.sorted_eigenvalue_iff_boundary_det_zero: [propext, Classical.choice, Quot.sound]
REPLAY_AXIOMS MF21Challenge.eigenvalue.eq_1: [propext, Classical.choice, Quot.sound]
REPLAY_AXIOMS MF21Boundary.exists_eigenvector_iff_mem_spectrum._simp_1_1: [propext, Classical.choice, Quot.sound]
REPLAY_AXIOMS MF21Boundary.complex_spectrum_iff_real_charpoly_root: [propext, Classical.choice, Quot.sound]
REPLAY_AXIOMS MF21Boundary.real_charpoly_root_iff_sorted_eigenvalue: [propext, Classical.choice, Quot.sound]
REPLAY_AXIOMS MF21ActualBoundary.roots_injective: [propext, Classical.choice, Quot.sound]
REPLAY_AXIOMS MF21ActualBoundary.roots_charPoly: [propext, Classical.choice, Quot.sound]
REPLAY_AXIOMS MF21ActualBoundary.determinant: [propext, Classical.choice, Quot.sound]
REPLAY_AXIOMS MF21ActualBoundary.eigenvector_iff_determinant_zero: [propext, Classical.choice, Quot.sound]
REPLAY_AXIOMS MF21ActualBoundary.roots: [propext, Classical.choice, Quot.sound]
REPLAY_AXIOMS MF21ActualBoundary.symbol_eq_spectralBase: [propext, Classical.choice, Quot.sound]
REPLAY_AXIOMS MF21ActualBoundary.sorted_eigenvalue_iff_determinant_zero: [propext, Classical.choice, Quot.sound]
REPLAY_AXIOMS MF21ExpSums.hasDerivAt_coefficient_power._simp_1_3: [propext]
REPLAY_AXIOMS MF21ExpSums.hasDerivAt_coefficient_power._simp_1_5: [propext]
REPLAY_AXIOMS MF21ExpSums.compact_family_bounds: [propext, Classical.choice, Quot.sound]
REPLAY_AXIOMS MF21ExpSums.hasDerivAt_coefficient_power: [propext, Classical.choice, Quot.sound]
REPLAY_AXIOMS MF21ExpSums.hasDerivAt_coefficient_power._simp_1_4: [propext]
REPLAY_AXIOMS MF21ExpSums.hasDerivAt_coefficient_power._simp_1_2: [propext]
REPLAY_AXIOMS MF21ExpSums.finite_sum_norm_bounds: [propext, Classical.choice, Quot.sound]
REPLAY_AXIOMS MF21ExpSums.hasDerivAt_coefficient_power._simp_1_6: [propext, Classical.choice, Quot.sound]
REPLAY_AXIOMS MF21ExpSums.hasDerivAt_coefficient_power._simp_1_7: [propext]
REPLAY_AXIOMS MF21ExpSums.coefficient_power_norm_bounds: [propext, Classical.choice, Quot.sound]
REPLAY_AXIOMS MF21ExpSums.uniform_exponential_sum_bounds: [propext, Classical.choice, Quot.sound]
REPLAY_AXIOMS MF21ExpSums.hasDerivAt_coefficient_power._simp_1_1: [propext]
REPLAY_AXIOMS MF21ActualBoundary.SlopeData.recOn: [propext, Classical.choice, Quot.sound]
REPLAY_AXIOMS MF21ActualBoundary.SlopeData.mk.injEq: [propext, Classical.choice, Quot.sound]
REPLAY_AXIOMS MF21ActualBoundary.SlopeData.coefficient_smooth: [propext, Classical.choice, Quot.sound]
REPLAY_AXIOMS MF21ActualBoundary.SlopeData.normalizer_ne_zero: [propext, Classical.choice, Quot.sound]
REPLAY_AXIOMS MF21ActualBoundary.SlopeData: [propext, Classical.choice, Quot.sound]
REPLAY_AXIOMS MF21ActualBoundary.SlopeData.normalizer_smooth: [propext, Classical.choice, Quot.sound]
REPLAY_AXIOMS MF21ActualBoundary.SlopeData.mk.inj: [propext, Classical.choice, Quot.sound]
REPLAY_AXIOMS MF21ActualBoundary.SlopeData.extendedRoot_smooth: [propext, Classical.choice, Quot.sound]
REPLAY_AXIOMS MF21ActualBoundary.SlopeData.extendedRoot_ne_zero: [propext, Classical.choice, Quot.sound]
REPLAY_AXIOMS MF21ActualBoundary.SlopeData.smooth: [propext, Classical.choice, Quot.sound]
REPLAY_AXIOMS MF21ActualBoundary.normalizedRemainder_bounds: [propext, Classical.choice, Quot.sound]
REPLAY_AXIOMS MF21ActualBoundary.Nonleading: [propext, Classical.choice, Quot.sound]
REPLAY_AXIOMS MF21ActualBoundary.SlopeData.rec: [propext, Classical.choice, Quot.sound]
REPLAY_AXIOMS MF21ActualBoundary.SlopeData.mk.sizeOf_spec: [propext, Classical.choice, Quot.sound]
REPLAY_AXIOMS MF21ActualBoundary.SlopeData.U: [propext, Classical.choice, Quot.sound]
REPLAY_AXIOMS MF21ActualBoundary.SlopeData.base_ne_zero: [propext, Classical.choice, Quot.sound]
REPLAY_AXIOMS MF21ActualBoundary.SlopeData.mk: [propext, Classical.choice, Quot.sound]
REPLAY_AXIOMS MF21ActualBoundary.normalizedRemainder: [propext, Classical.choice, Quot.sound]
REPLAY_AXIOMS MF21ActualBoundary.SlopeData.mk.noConfusion: [propext, Classical.choice, Quot.sound]
REPLAY_AXIOMS MF21ActualBoundary.SlopeData.coefficient: [propext, Classical.choice, Quot.sound]
REPLAY_AXIOMS MF21ActualBoundary.slopeData_exists: [propext, Classical.choice, Quot.sound]
REPLAY_AXIOMS MF21ActualBoundary.SlopeData.noConfusionType: [propext, Classical.choice, Quot.sound]
REPLAY_AXIOMS MF21ActualBoundary.SlopeData.extendedRoot.eq_1: [propext, Classical.choice, Quot.sound]
REPLAY_AXIOMS MF21ActualBoundary.SlopeData.ctorIdx: [propext, Classical.choice, Quot.sound]
REPLAY_AXIOMS MF21ActualBoundary.SlopeData._sizeOf_inst: [propext, Classical.choice, Quot.sound]
REPLAY_AXIOMS MF21ActualBoundary.SlopeData.extendedRoot: [propext, Classical.choice, Quot.sound]
REPLAY_AXIOMS MF21ActualBoundary.SlopeData.factor: [propext, Classical.choice, Quot.sound]
REPLAY_AXIOMS MF21ActualBoundary.SlopeData.casesOn: [propext, Classical.choice, Quot.sound]
REPLAY_AXIOMS MF21ActualBoundary.SlopeData.noConfusion: [propext, Classical.choice, Quot.sound]
REPLAY_AXIOMS MF21ActualBoundary.SlopeData.base_smooth: [propext, Classical.choice, Quot.sound]
REPLAY_AXIOMS MF21ActualBoundary.SlopeData.base_eq_actual: [propext, Classical.choice, Quot.sound]
REPLAY_AXIOMS MF21ActualBoundary.SlopeData.base: [propext, Classical.choice, Quot.sound]
REPLAY_AXIOMS MF21ActualBoundary.SlopeData._sizeOf_1: [propext, Classical.choice, Quot.sound]
REPLAY_AXIOMS MF21ActualBoundary.SlopeData.mk._flat_ctor: [propext, Classical.choice, Quot.sound]
REPLAY_AXIOMS MF21ActualBoundary.determinant_block_form: [propext, Classical.choice, Quot.sound]
REPLAY_AXIOMS MF21Boundary.blockIndex_inr_val: [propext, Quot.sound]
REPLAY_AXIOMS finCongr.eq_1: []
REPLAY_AXIOMS MF21Boundary.boundaryMatrix_block_form: [propext, Classical.choice, Quot.sound]
REPLAY_AXIOMS MF21Boundary.blockIndex: [propext, Quot.sound]
REPLAY_AXIOMS MF21Boundary.blockIndex_inl_val: [propext, Quot.sound]
REPLAY_AXIOMS MF21Boundary.boundaryMatrix_block_form._proof_1_2: [propext, Quot.sound]
REPLAY_AXIOMS MF21ActualBoundary.determinant_rescale: [propext, Classical.choice, Quot.sound]
REPLAY_AXIOMS MF21ActualBoundary.blockRoots_inr: [propext, Classical.choice, Quot.sound]
REPLAY_AXIOMS MF21Boundary.blockIndex.eq_1: [propext, Quot.sound]
REPLAY_AXIOMS MF21Boundary.blockIndex._proof_1: []
REPLAY_AXIOMS MF21Boundary.boundaryMatrix_block_form._proof_1_1: [propext, Quot.sound]
REPLAY_AXIOMS MF21ActualBoundary.blockRoots: [propext, Classical.choice, Quot.sound]
REPLAY_AXIOMS MF21Boundary.boundary_det_block_form: [propext, Classical.choice, Quot.sound]
REPLAY_AXIOMS MF21ActualBoundary.blockRoots_inl: [propext, Classical.choice, Quot.sound]
REPLAY_AXIOMS MF21ActualBoundary.blockRoots.eq_1: [propext, Classical.choice, Quot.sound]
REPLAY_AXIOMS MF21ActualBoundary.roots.eq_1: [propext, Classical.choice, Quot.sound]
REPLAY_AXIOMS MF21ActualBoundary.remainder_sum_eq._simp_1_3: [propext]
REPLAY_AXIOMS MF21ActualBoundary.remainder_sum_eq._simp_1_5: [propext]
REPLAY_AXIOMS MF21Bulk.blockRootFamily.eq_1: [propext, Classical.choice, Quot.sound]
REPLAY_AXIOMS MF21ActualBoundary.determinant_two_leading_terms: [propext, Classical.choice, Quot.sound]
REPLAY_AXIOMS MF21ActualBoundary.leading_coefficient_rescale: [propext, Classical.choice, Quot.sound]
REPLAY_AXIOMS MF21ActualBoundary.remainder_sum_eq: [propext, Classical.choice, Quot.sound]
REPLAY_AXIOMS MF21ActualBoundary.remainder_sum_eq._simp_1_7: [propext, Classical.choice, Quot.sound]
REPLAY_AXIOMS MF21ActualBoundary.remainder_sum_eq._simp_1_2: [propext]
REPLAY_AXIOMS MF21ActualBoundary.remainder_sum_eq._simp_1_6: [propext]
REPLAY_AXIOMS MF21ActualBoundary.remainder_sum_eq._simp_1_4: [propext]
REPLAY_AXIOMS MF21ActualBoundary.normalizedRemainder.eq_1: [propext, Classical.choice, Quot.sound]
REPLAY_AXIOMS MF21ActualBoundary.remainder_sum_eq._simp_1_8: [propext]
REPLAY_AXIOMS MF21ActualBoundary.masked_rescale: [propext, Classical.choice, Quot.sound]
REPLAY_AXIOMS MF21Bulk.omega_nontrivial_rev._proof_1_2: [propext, Quot.sound]
REPLAY_AXIOMS MF21Bulk.endpoint_phase_sum._proof_1_2: [propext, Quot.sound]
REPLAY_AXIOMS MF21Bulk.psi_endpoint_extension_analytic: [propext, Classical.choice, Quot.sound]
REPLAY_AXIOMS MF21Bulk.endpoint_phase_sum._simp_1_5: [propext]
REPLAY_AXIOMS MF21Bulk.nontrivialIndex_ne_zero: [propext, Quot.sound]
REPLAY_AXIOMS MF21Bulk.endpoint_phase_sum._simp_1_8: [propext, Classical.choice, Quot.sound]
REPLAY_AXIOMS MF21Bulk.endpoint_phase_sum._simp_1_9: [propext]
REPLAY_AXIOMS MF21Bulk.psi_pi: [propext, Classical.choice, Quot.sound]
REPLAY_AXIOMS MF21Bulk.endpoint_phase_sum._simp_1_3: [propext]
REPLAY_AXIOMS MF21Bulk.psi_contDiffAt: [propext, Classical.choice, Quot.sound]
REPLAY_AXIOMS MF21Bulk.psi_endpoint_extension: [propext, Classical.choice, Quot.sound]
REPLAY_AXIOMS MF21Bulk.sum_fin_add_one: [propext, Classical.choice, Quot.sound]
REPLAY_AXIOMS MF21Bulk.nontrivialIndex.eq_1: [propext, Quot.sound]
REPLAY_AXIOMS MF21Bulk.psi: [propext, Classical.choice, Quot.sound]
REPLAY_AXIOMS MF21Bulk.nontrivialIndex._proof_2: [propext, Quot.sound]
REPLAY_AXIOMS MF21Bulk.nontrivialIndex._proof_1: [propext, Quot.sound]
REPLAY_AXIOMS MF21Bulk.nontrivialIndex: [propext, Quot.sound]
REPLAY_AXIOMS MF21Bulk.psi_endpoint_neighborhood: [propext, Classical.choice, Quot.sound]
REPLAY_AXIOMS MF21Bulk.endpoint_phase_sum._simp_1_4: [propext]
REPLAY_AXIOMS MF21Bulk.endpoint_phase_sum._simp_1_6: [propext]
REPLAY_AXIOMS MF21Bulk.endpoint_phase_sum._simp_1_7: [propext]
REPLAY_AXIOMS MF21Bulk.omega_nontrivial_rev: [propext, Classical.choice, Quot.sound]
REPLAY_AXIOMS MF21Bulk.endpoint_phase_sum: [propext, Classical.choice, Quot.sound]
REPLAY_AXIOMS MF21ActualBoundary.determinant_conj: [propext, Classical.choice, Quot.sound]
REPLAY_AXIOMS MF21Normalization.blockPower_conj_det: [propext, Classical.choice, Quot.sound]
REPLAY_AXIOMS MF21Bulk.blockRootFamily.eq_1: [propext, Classical.choice, Quot.sound]
REPLAY_AXIOMS MF21ActualBoundary.determinant_pi: [propext, Classical.choice, Quot.sound]
REPLAY_AXIOMS MF21Bulk.baseRoot_neg_conj: [propext, Classical.choice, Quot.sound]
REPLAY_AXIOMS MF21Normalization.conjugationPermutation.eq_1: [propext, Classical.choice, Quot.sound]
REPLAY_AXIOMS MF21Normalization.conjugationPermutation: [propext, Classical.choice, Quot.sound]
REPLAY_AXIOMS MF21Normalization.conjugationPermutation_sign: [propext, Classical.choice, Quot.sound]
REPLAY_AXIOMS MF21Bulk.omega_neg._proof_1_1: [propext, Quot.sound]
REPLAY_AXIOMS MF21Bulk.omega_neg: [propext, Classical.choice, Quot.sound]
REPLAY_AXIOMS MF21Normalization.blockPower_conj_det_of_duplicate: [propext, Classical.choice, Quot.sound]
REPLAY_AXIOMS MF21Bulk.blockRootFamily_conj: [propext, Classical.choice, Quot.sound]
REPLAY_AXIOMS MF21Bulk.stableTail.eq_1: [propext, Classical.choice, Quot.sound]
REPLAY_AXIOMS MF21Bulk.leading_pair_sine: [propext, Classical.choice, Quot.sound]
REPLAY_AXIOMS MF21Bulk.root_coefficient_eq_pair._proof_1_1: [propext, Quot.sound]
REPLAY_AXIOMS MF21Bulk.pairCoefficient_factor._simp_1_5: [propext]
REPLAY_AXIOMS MF21Bulk.pairCoefficient_conj: [propext, Classical.choice, Quot.sound]
REPLAY_AXIOMS MF21Bulk.normalized_boundary_real: [propext, Classical.choice, Quot.sound]
REPLAY_AXIOMS MF21Bulk.stableTail_ne_zero: [propext, Classical.choice, Quot.sound]
REPLAY_AXIOMS MF21Bulk.pairCoefficient_swap_phase: [propext, Classical.choice, Quot.sound]
REPLAY_AXIOMS MF21Bulk.rootLeadingAmplitude.eq_1: [propext, Classical.choice, Quot.sound]
REPLAY_AXIOMS MF21Bulk.rootLeadingAmplitude: [propext, Classical.choice, Quot.sound]
REPLAY_AXIOMS MF21Bulk.rootLeadingAmplitude_conj: [propext, Classical.choice, Quot.sound]
REPLAY_AXIOMS MF21Bulk.baseRoot_cons._simp_1_1: [propext]
REPLAY_AXIOMS MF21Bulk.unitRoot_conj: [propext, Classical.choice, Quot.sound]
REPLAY_AXIOMS MF21Bulk.tailInverseProduct.eq_1: [propext, Classical.choice, Quot.sound]
REPLAY_AXIOMS MF21Bulk.unitRoot_sum: [propext, Classical.choice, Quot.sound]
REPLAY_AXIOMS MF21Bulk.tailCore.eq_1: [propext, Classical.choice, Quot.sound]
REPLAY_AXIOMS MF21Bulk.pairCoefficient: [propext, Classical.choice, Quot.sound]
REPLAY_AXIOMS MF21Bulk.actual_swapped_leading_phase: [propext, Classical.choice, Quot.sound]
REPLAY_AXIOMS MF21Bulk.vandermonde_head: [propext, Classical.choice, Quot.sound]
REPLAY_AXIOMS MF21Bulk.pairCoefficient_factor._simp_1_8: [propext]
REPLAY_AXIOMS MF21Bulk.root_inverse_product_eq._proof_1_1: [propext, Quot.sound]
REPLAY_AXIOMS MF21Bulk.pairCoefficient_factor._simp_1_3: [propext]
REPLAY_AXIOMS MF21Bulk.conjugate_factor_product: [propext, Classical.choice, Quot.sound]
REPLAY_AXIOMS MF21Bulk.tailCore_conj: [propext, Classical.choice, Quot.sound]
REPLAY_AXIOMS MF21Bulk.sineNormalizer_conj: [propext, Classical.choice, Quot.sound]
REPLAY_AXIOMS MF21Bulk.vandermonde_cons_head: [propext, Classical.choice, Quot.sound]
REPLAY_AXIOMS MF21Bulk.root_inverse_product_eq: [propext, Classical.choice, Quot.sound]
REPLAY_AXIOMS MF21Bulk.stableTail: [propext, Classical.choice, Quot.sound]
REPLAY_AXIOMS MF21Bulk.actual_pairCoefficient_swap_phase: [propext, Classical.choice, Quot.sound]
REPLAY_AXIOMS MF21Bulk.secularPhase._proof_1: [propext]
REPLAY_AXIOMS MF21Bulk.root_coefficient_eq_pair: [propext, Classical.choice, Quot.sound]
REPLAY_AXIOMS MF21Bulk.baseRoot_cons._simp_1_2: [propext]
REPLAY_AXIOMS MF21Bulk.unitRoot_nat_mul: [propext, Classical.choice, Quot.sound]
REPLAY_AXIOMS MF21Bulk.actual_swapped_leading_phase._proof_1_1: [propext, Quot.sound]
REPLAY_AXIOMS MF21Bulk.phaseProduct: [propext, Classical.choice, Quot.sound]
REPLAY_AXIOMS MF21Bulk.phaseProduct_polar: [propext, Classical.choice, Quot.sound]
REPLAY_AXIOMS MF21Bulk.actual_leading_pair_sine: [propext, Classical.choice, Quot.sound]
REPLAY_AXIOMS MF21Bulk.polar_conjugate: [propext, Classical.choice, Quot.sound]
REPLAY_AXIOMS MF21Bulk.baseRoot_inverse_cons: [propext, Classical.choice, Quot.sound]
REPLAY_AXIOMS MF21Bulk.pairCoefficient.eq_1: [propext, Classical.choice, Quot.sound]
REPLAY_AXIOMS MF21Bulk.secularPhase: [propext, Classical.choice, Quot.sound]
REPLAY_AXIOMS MF21Bulk.stableTail_conj: [propext, Classical.choice, Quot.sound]
REPLAY_AXIOMS MF21Bulk.one_sub_unitRoot_two: [propext, Classical.choice, Quot.sound]
REPLAY_AXIOMS MF21Bulk.sineNormalizer_ne_zero: [propext, Classical.choice, Quot.sound]
REPLAY_AXIOMS MF21Bulk.tailCore: [propext, Classical.choice, Quot.sound]
REPLAY_AXIOMS MF21Bulk.vandermonde_conj_permute: [propext, Classical.choice, Quot.sound]
REPLAY_AXIOMS MF21Bulk.pairCoefficient_factor._simp_1_2: [propext]
REPLAY_AXIOMS MF21Bulk.pairCoefficient_factor._simp_1_6: [propext]
REPLAY_AXIOMS MF21Bulk.pairCoefficient_factor._simp_1_7: [propext, Classical.choice, Quot.sound]
REPLAY_AXIOMS MF21Bulk.pairCoefficient_factor._simp_1_4: [propext]
REPLAY_AXIOMS MF21Bulk.baseRoot_cons: [propext, Classical.choice, Quot.sound]
REPLAY_AXIOMS MF21Bulk.psi.eq_1: [propext, Classical.choice, Quot.sound]
REPLAY_AXIOMS MF21Bulk.pairCoefficient_factor: [propext, Classical.choice, Quot.sound]
REPLAY_AXIOMS MF21Bulk.pairCoefficient_swap_relation: [propext, Classical.choice, Quot.sound]
REPLAY_AXIOMS MF21Bulk.tailInverseProduct: [propext, Classical.choice, Quot.sound]
REPLAY_AXIOMS MF21ActualBoundary.phaseRotate: [propext, Classical.choice, Quot.sound]
REPLAY_AXIOMS MF21ActualBoundary.quantizationPhase: [propext, Classical.choice, Quot.sound]
REPLAY_AXIOMS MF21ActualBoundary.complexError: [propext, Classical.choice, Quot.sound]
REPLAY_AXIOMS MF21ActualBoundary.phaseRotate_norm: [propext, Classical.choice, Quot.sound]
REPLAY_AXIOMS MF21ActualBoundary.phaseRotate._proof_1: [propext]
REPLAY_AXIOMS MF21ActualBoundary.phaseRotate.eq_1: [propext, Classical.choice, Quot.sound]
REPLAY_AXIOMS MF21ActualBoundary.quantizationPhase.eq_1: [propext, Classical.choice, Quot.sound]
REPLAY_AXIOMS MF21ActualBoundary.complexError.eq_1: [propext, Classical.choice, Quot.sound]
REPLAY_AXIOMS MF21ActualBoundary.unitRoot_comp_hasDerivAt: [propext, Classical.choice, Quot.sound]
REPLAY_AXIOMS MF21ActualBoundary.complexError.congr_simp: [propext, Classical.choice, Quot.sound]
REPLAY_AXIOMS MF21ActualBoundary.complexError_bounds: [propext, Classical.choice, Quot.sound]
REPLAY_AXIOMS MF21ActualBoundary.phaseRotate_deriv_norm: [propext, Classical.choice, Quot.sound]
REPLAY_AXIOMS MF21ActualBoundary.normalizedRemainder_smooth: [propext, Classical.choice, Quot.sound]
REPLAY_AXIOMS MF21ActualBoundary.quantizationPhase_hasDerivAt: [propext, Classical.choice, Quot.sound]
REPLAY_AXIOMS MF21ActualBoundary.normalizedRemainder.congr_simp: [propext, Classical.choice, Quot.sound]
REPLAY_AXIOMS MF21ActualBoundary.realError: [propext, Classical.choice, Quot.sound]
REPLAY_AXIOMS MF21ActualBoundary.complexError_smooth: [propext, Classical.choice, Quot.sound]
REPLAY_AXIOMS MF21ActualBoundary.endpoint_sensitive_error_bound: [propext, Classical.choice, Quot.sound]
REPLAY_AXIOMS MF21ActualBoundary.realError_bounds: [propext, Classical.choice, Quot.sound]
REPLAY_AXIOMS MF21ActualBoundary.realError_smooth: [propext, Classical.choice, Quot.sound]
REPLAY_AXIOMS MF21ActualBoundary.sineNormalizer._proof_1: [propext]
REPLAY_AXIOMS MF21ActualBoundary.root_masked_swap: [propext, Classical.choice, Quot.sound]
REPLAY_AXIOMS MF21ActualBoundary.determinant_complexError: [propext, Classical.choice, Quot.sound]
REPLAY_AXIOMS MF21ActualBoundary.root_masked_right: [propext, Classical.choice, Quot.sound]
REPLAY_AXIOMS MF21ActualBoundary.complexError_im_zero: [propext, Classical.choice, Quot.sound]
REPLAY_AXIOMS MF21ActualBoundary.masked_rescale_weighted: [propext, Classical.choice, Quot.sound]
REPLAY_AXIOMS MF21ActualBoundary.swapped_right_cons: [propext, Classical.choice, Quot.sound]
REPLAY_AXIOMS MF21ActualBoundary.determinant_realError: [propext, Classical.choice, Quot.sound]
REPLAY_AXIOMS MF21ActualBoundary.swapped_left_cons: [propext, Classical.choice, Quot.sound]
REPLAY_AXIOMS MF21ActualBoundary.rootLeadingAmplitude_rescale: [propext, Classical.choice, Quot.sound]
REPLAY_AXIOMS MF21ActualBoundary.root_masked_swap._proof_1_1: [propext, Quot.sound]
REPLAY_AXIOMS MF21ActualBoundary.sineNormalizer: [propext, Classical.choice, Quot.sound]
REPLAY_AXIOMS MF21ActualBoundary.quantizationPhase_eq_secular: [propext, Classical.choice, Quot.sound]
REPLAY_AXIOMS MF21ActualBoundary.determinant_leading_remainder: [propext, Classical.choice, Quot.sound]
REPLAY_AXIOMS MF21ActualBoundary.determinant_zero_iff_sine: [propext, Classical.choice, Quot.sound]
REPLAY_AXIOMS MF21ActualBoundary.rootLeadingAmplitude_ne_zero: [propext, Classical.choice, Quot.sound]
REPLAY_AXIOMS MF21ActualBoundary.sineNormalizer_nonzero: [propext, Classical.choice, Quot.sound]
REPLAY_AXIOMS MF21ActualBoundary.determinant_sine_remainder: [propext, Classical.choice, Quot.sound]
REPLAY_AXIOMS MF21ActualBoundary.realError_pi: [propext, Classical.choice, Quot.sound]
REPLAY_AXIOMS MF21ActualBoundary.realError.congr_simp: [propext, Classical.choice, Quot.sound]
REPLAY_AXIOMS MF21SimpleKernel.hasDerivAt_det: [propext, Classical.choice, Quot.sound]
REPLAY_AXIOMS MF21SimpleKernel.kernel_finrank_le_one_of_det_deriv_ne_zero: [propext, Classical.choice, Quot.sound]
REPLAY_AXIOMS MF21SimpleKernel.kernel_finrank_eq_one_of_simple_det_zero: [propext, Classical.choice, Quot.sound]
REPLAY_AXIOMS MF21SimpleKernel.detContinuous._proof_1: [propext, Classical.choice, Quot.sound]
REPLAY_AXIOMS MF21SimpleKernel.detContinuous: [propext, Classical.choice, Quot.sound]
REPLAY_AXIOMS MF21SimpleKernel.eigenspace_finrank_eq_one_of_simple_boundary_zero: [propext,
 Classical.choice,
 Quot.sound]
REPLAY_AXIOMS MF21SimpleKernel.kernel_finrank_le_one_of_updateRow_det_ne_zero: [propext, Classical.choice, Quot.sound]
REPLAY_AXIOMS MF21SimpleKernel.kernel_finrank_eq_one_of_differentiable_simple_det_zero: [propext,
 Classical.choice,
 Quot.sound]
REPLAY_AXIOMS MF21Challenge.positive_hermitian_inverse_trace: [propext, Classical.choice, Quot.sound]
REPLAY_AXIOMS MF21Challenge.toeplitz_inverse_trace: [propext, Classical.choice, Quot.sound]
REPLAY_AXIOMS MF21Audit.prefixLinear: [propext, Classical.choice, Quot.sound]
REPLAY_AXIOMS MF21Audit.diagonal_compression_antitone_le: [propext, Classical.choice, Quot.sound]
REPLAY_AXIOMS MF21Audit.mulVec_norm_sq: [propext, Classical.choice, Quot.sound]
REPLAY_AXIOMS MF21Challenge.principal_submatrix_interlacing._proof_1: [propext, Quot.sound]
REPLAY_AXIOMS MF21Audit.prefixLinear._proof_1: [propext, Classical.choice, Quot.sound]
REPLAY_AXIOMS MF21Challenge.coordinateEmbedding_isometry: [propext, Classical.choice, Quot.sound]
REPLAY_AXIOMS MF21Audit.prefixLinear.eq_1: [propext, Classical.choice, Quot.sound]
REPLAY_AXIOMS MF21Audit.diagonal_compression_antitone_ge._proof_1_2: [propext, Quot.sound]
REPLAY_AXIOMS MF21Challenge.descendingEigenvalue.eq_1: [propext, Classical.choice, Quot.sound]
REPLAY_AXIOMS MF21Challenge.coordinateEmbedding.eq_1: [propext, Classical.choice, Quot.sound]
REPLAY_AXIOMS MF21Challenge.descendingEigenvalue._proof_1: [propext, Classical.choice, Quot.sound]
REPLAY_AXIOMS MF21Audit.reverseLinear._proof_2: [propext, Classical.choice, Quot.sound]
REPLAY_AXIOMS MF21Challenge.descendingEigenvalue_antitone: [propext, Classical.choice, Quot.sound]
REPLAY_AXIOMS MF21Challenge.exists_compression_coordinates: [propext, Classical.choice, Quot.sound]
REPLAY_AXIOMS MF21Challenge.principal_submatrix_interlacing: [propext, Classical.choice, Quot.sound]
REPLAY_AXIOMS MF21Challenge.coordinateEmbedding_isometry._simp_1_2: [propext]
REPLAY_AXIOMS MF21Audit.reverseLinear: [propext, Classical.choice, Quot.sound]
REPLAY_AXIOMS MF21Audit.diagonal_compression_antitone_ge: [propext, Classical.choice, Quot.sound]
REPLAY_AXIOMS MF21Audit.mulVec_diagonal_quad: [propext, Classical.choice, Quot.sound]
REPLAY_AXIOMS MF21Challenge.coordinateEmbedding_compression: [propext, Classical.choice, Quot.sound]
REPLAY_AXIOMS MF21Audit.sum_sq_pos_of_ne_zero: [propext, Classical.choice, Quot.sound]
REPLAY_AXIOMS MF21Challenge.principal_submatrix_interlacing._proof_2: [propext, Quot.sound]
REPLAY_AXIOMS MF21Audit.reverseLinear._proof_1: [propext, Classical.choice, Quot.sound]
REPLAY_AXIOMS MF21Audit.sum_rev: [propext, Classical.choice, Quot.sound]
REPLAY_AXIOMS MF21Audit.prefixLinear_injective: [propext, Classical.choice, Quot.sound]
REPLAY_AXIOMS MF21Audit.reverseLinear.eq_1: [propext, Classical.choice, Quot.sound]
REPLAY_AXIOMS MF21Audit.diagonal_compression_antitone_ge._simp_1_3: [propext]
REPLAY_AXIOMS MF21Challenge.exists_ordered_diagonalization: [propext, Classical.choice, Quot.sound]
REPLAY_AXIOMS MF21Audit.diagonal_compression_antitone_le._proof_1_1: [propext, Classical.choice, Quot.sound]
REPLAY_AXIOMS MF21Audit.prefixLinear._proof_2: [propext, Classical.choice, Quot.sound]
REPLAY_AXIOMS MF21Audit.diagonal_compression_antitone_ge._proof_1: [propext, Quot.sound]
REPLAY_AXIOMS MF21Challenge.compression_interlacing: [propext, Classical.choice, Quot.sound]
REPLAY_AXIOMS MF21Audit.diagonal_compression_antitone_le._proof_1_3: [propext, Classical.choice, Quot.sound]
REPLAY_AXIOMS MF21Challenge.descendingEigenvalue: [propext, Classical.choice, Quot.sound]
REPLAY_AXIOMS MF21Challenge.coordinateEmbedding: [propext, Classical.choice, Quot.sound]
REPLAY_AXIOMS MF21Fourier.coefficient_neg_nat._proof_1_7: [propext, Quot.sound]
REPLAY_AXIOMS MF21Fourier.fourier_two_pi._simp_1_5: [propext]
REPLAY_AXIOMS MF21Fourier.coefficient_eq_source: [propext, Classical.choice, Quot.sound]
REPLAY_AXIOMS MF21Fourier.toeplitz_eq_source: [propext, Classical.choice, Quot.sound]
REPLAY_AXIOMS MF21Challenge.coefficient.eq_1: [propext, Classical.choice, Quot.sound]
REPLAY_AXIOMS MF21Fourier.fourier_two_pi._simp_1_6: [propext, Classical.choice, Quot.sound]
REPLAY_AXIOMS MF21Fourier.fourier_two_pi._simp_1_7: [propext]
REPLAY_AXIOMS MF21Fourier.fourier_two_pi._simp_1_4: [propext]
REPLAY_AXIOMS MF21Fourier.fourier_two_pi._simp_1_2: [propext]
REPLAY_AXIOMS MF21Fourier.coefficient_neg_nat._proof_1_5: [propext, Quot.sound]
REPLAY_AXIOMS MF21Fourier.coefficient_nonneg._proof_1_4: [propext, Quot.sound]
REPLAY_AXIOMS MF21Fourier.circleSymbol_coe._simp_1_2: [propext, Classical.choice, Quot.sound]
REPLAY_AXIOMS MF21Fourier.coefficient_nonneg._proof_1_1: [propext, Quot.sound]
REPLAY_AXIOMS MF21Fourier.coefficient_int: [propext, Classical.choice, Quot.sound]
REPLAY_AXIOMS MF21Fourier.coefficient_neg_nat._proof_1_6: [propext, Quot.sound]
REPLAY_AXIOMS MF21Fourier.twoPiPos: [propext, Classical.choice, Quot.sound]
REPLAY_AXIOMS MF21Fourier.coefficient_neg_nat._proof_1_8: [propext, Quot.sound]
REPLAY_AXIOMS MF21Fourier.sourceCoefficient: [propext, Classical.choice, Quot.sound]
REPLAY_AXIOMS MF21Fourier.coefficient_neg_nat._proof_1_1: [propext, Quot.sound]
REPLAY_AXIOMS MF21Fourier.coefficient_nonneg: [propext, Classical.choice, Quot.sound]
REPLAY_AXIOMS MF21Fourier.coefficient_neg_nat._proof_1_2: [propext, Quot.sound]
REPLAY_AXIOMS MF21Fourier.coefficient_neg_nat._proof_1_3: [propext, Quot.sound]
REPLAY_AXIOMS MF21Fourier.coefficient_expansion: [propext, Classical.choice, Quot.sound]
REPLAY_AXIOMS MF21Fourier.coefficient_nonneg._proof_1_5: [propext, Quot.sound]
REPLAY_AXIOMS MF21Fourier.coefficient_nonneg._proof_1_2: [propext, Quot.sound]
REPLAY_AXIOMS MF21Fourier.coefficient_nonneg._proof_1_3: [propext, Quot.sound]
REPLAY_AXIOMS MF21Fourier.fourier_two_pi._simp_1_1: [propext]
REPLAY_AXIOMS MF21Fourier.circleSymbol_coe: [propext, Classical.choice, Quot.sound]
REPLAY_AXIOMS MF21Fourier.coefficient_nonneg._proof_1_6: [propext, Quot.sound]
REPLAY_AXIOMS MF21Fourier.coefficient_neg_nat: [propext, Classical.choice, Quot.sound]
REPLAY_AXIOMS MF21Fourier.circleSymbol_coe._simp_1_1: [propext, Classical.choice, Quot.sound]
REPLAY_AXIOMS MF21Fourier.coefficient_neg_nat._proof_1_4: [propext, Quot.sound]
REPLAY_AXIOMS MF21Fourier.fourier_two_pi._simp_1_3: [propext]
REPLAY_AXIOMS MF21Fourier.fourier_nat_pow: [propext, Classical.choice, Quot.sound]
REPLAY_AXIOMS MF21Fourier.circleSymbol: [propext, Classical.choice, Quot.sound]
REPLAY_AXIOMS MF21Fourier.circleSymbol_expansion: [propext, Classical.choice, Quot.sound]
REPLAY_AXIOMS MF21Fourier.fourier_two_pi: [propext, Classical.choice, Quot.sound]
REPLAY_AXIOMS MF21Fourier.sourceCoefficient_eq: [propext, Classical.choice, Quot.sound]
REPLAY_AXIOMS MF21Fourier.circleSymbol._proof_1: [propext]
REPLAY_AXIOMS MF21Fourier.symbol_factor: [propext, Classical.choice, Quot.sound]
REPLAY_AXIOMS MF21Circulant.fourierMatrix: [propext, Classical.choice, Quot.sound]
REPLAY_AXIOMS MF21Circulant.symbol_neg: [propext, Classical.choice, Quot.sound]
REPLAY_AXIOMS MF21Circulant.periodicCoefficient_principal._proof_1_2: [propext, Quot.sound]
REPLAY_AXIOMS MF21Circulant.periodicCoefficient_principal._proof_1_3: [propext, Quot.sound]
REPLAY_AXIOMS MF21Circulant.realCirculant_isHermitian: [propext, Classical.choice, Quot.sound]
REPLAY_AXIOMS MF21Circulant.finEquiv_eq_natCast: [propext, Quot.sound]
REPLAY_AXIOMS MF21Circulant.centralWeight.eq_1: [propext, Classical.choice, Quot.sound]
REPLAY_AXIOMS MF21Circulant.periodicCoefficient_dft._simp_1_2: [propext, Classical.choice, Quot.sound]
REPLAY_AXIOMS MF21Circulant.circulant_charpoly: [propext, Classical.choice, Quot.sound]
REPLAY_AXIOMS MF21Circulant.realCirculant_principal: [propext, Classical.choice, Quot.sound]
REPLAY_AXIOMS MF21Circulant.fourierMatrix_mulVec: [propext, Classical.choice, Quot.sound]
REPLAY_AXIOMS MF21Circulant.periodicCoefficient_principal._proof_1_4: [propext, Quot.sound]
REPLAY_AXIOMS MF21Circulant.fourierMatrix_isUnit: [propext, Classical.choice, Quot.sound]
REPLAY_AXIOMS MF21Circulant.fourierMatrix.eq_1: [propext, Classical.choice, Quot.sound]
REPLAY_AXIOMS MF21Circulant.periodicCoefficient: [propext, Classical.choice, Quot.sound]
REPLAY_AXIOMS MF21Circulant.symbol_neg._simp_1_2: [propext]
REPLAY_AXIOMS MF21Circulant.fourierMatrix.congr_simp: [propext, Classical.choice, Quot.sound]
REPLAY_AXIOMS MF21Circulant.angle.eq_1: [propext, Classical.choice, Quot.sound]
REPLAY_AXIOMS MF21Circulant.centralWeight_reflect: [propext, Classical.choice, Quot.sound]
REPLAY_AXIOMS MF21Circulant.angle._proof_1: [propext]
REPLAY_AXIOMS MF21Circulant.angle: [propext, Classical.choice, Quot.sound]
REPLAY_AXIOMS MF21Circulant.realCirculant_charpoly: [propext, Classical.choice, Quot.sound]
REPLAY_AXIOMS MF21Circulant.periodicCoefficient.eq_1: [propext, Classical.choice, Quot.sound]
REPLAY_AXIOMS MF21Circulant.realCirculant_principal._proof_1: [propext, Quot.sound]
REPLAY_AXIOMS MF21Circulant.character_fourier_phase: [propext, Classical.choice, Quot.sound]
REPLAY_AXIOMS MF21Circulant.periodicCoefficient_principal: [propext, Classical.choice, Quot.sound]
REPLAY_AXIOMS MF21Circulant.val_finEquiv: [propext, Quot.sound]
REPLAY_AXIOMS MF21Circulant.centralWeight_reflect._proof_1_1: [propext, Quot.sound]
REPLAY_AXIOMS MF21Circulant.realCirculant: [propext, Classical.choice, Quot.sound]
REPLAY_AXIOMS MF21Circulant.periodicCoefficient_neg._proof_1_1: [propext, Quot.sound]
REPLAY_AXIOMS MF21Circulant.periodicCoefficient_neg: [propext, Classical.choice, Quot.sound]
REPLAY_AXIOMS MF21Circulant.centralWeight: [propext, Classical.choice, Quot.sound]
REPLAY_AXIOMS MF21Circulant.circulant_mul_fourierMatrix: [propext, Classical.choice, Quot.sound]
REPLAY_AXIOMS MF21Challenge.symbol.eq_1: [propext, Classical.choice, Quot.sound]
REPLAY_AXIOMS MF21Circulant.periodicCoefficient_principal._proof_1_5: [propext, Quot.sound]
REPLAY_AXIOMS MF21Circulant.realCirculant.eq_1: [propext, Classical.choice, Quot.sound]
REPLAY_AXIOMS ZMod.finEquiv.congr_simp: [propext, Quot.sound]
REPLAY_AXIOMS MF21Circulant.periodicCoefficient_dft: [propext, Classical.choice, Quot.sound]
REPLAY_AXIOMS MF21Circulant.frequencyOrder_injective._proof_1_2: [propext, Quot.sound]
REPLAY_AXIOMS MF21Circulant.frequencyOrder_injective._proof_1_3: [propext, Quot.sound]
REPLAY_AXIOMS MF21Circulant.foldedIndex: []
REPLAY_AXIOMS MF21Circulant.toeplitz_circulant_interlacing._proof_1_1: [propext, Quot.sound]
REPLAY_AXIOMS MF21Circulant.frequencyEquiv._proof_1: [propext, Classical.choice, Quot.sound]
REPLAY_AXIOMS MF21Circulant.frequencyEquiv: [propext, Classical.choice, Quot.sound]
REPLAY_AXIOMS MF21Circulant.toeplitz_circulant_interlacing._proof_2: [propext, Quot.sound]
REPLAY_AXIOMS MF21Circulant.symbol_fold._proof_1_2: [propext, Quot.sound]
REPLAY_AXIOMS MF21Circulant.frequencyOrder: [propext, Quot.sound]
REPLAY_AXIOMS MF21Circulant.symbol_fold: [propext, Classical.choice, Quot.sound]
REPLAY_AXIOMS MF21Circulant.realCirculant_ordered_charpoly: [propext, Classical.choice, Quot.sound]
REPLAY_AXIOMS MF21Circulant.symbol_fold._simp_1_4: [propext]
REPLAY_AXIOMS MF21Circulant.symbol_fold._simp_1_6: [propext]
REPLAY_AXIOMS MF21Circulant.symbol_fold._simp_1_7: [propext]
REPLAY_AXIOMS MF21Circulant.frequencyOrder._proof_1: [propext, Quot.sound]
REPLAY_AXIOMS MF21Circulant.orderedSymbol_monotone._proof_1_2: [propext, Quot.sound]
REPLAY_AXIOMS MF21Circulant.descendingEigenvalue_eq_of_charpoly._simp_1_3: [propext, Classical.choice, Quot.sound]
REPLAY_AXIOMS MF21Circulant.orderedSymbol_monotone._proof_1_1: [propext, Quot.sound]
REPLAY_AXIOMS MF21Circulant.realCirculant_descending_eigenvalue: [propext, Classical.choice, Quot.sound]
REPLAY_AXIOMS MF21Circulant.toeplitz_circulant_interlacing._proof_1_4: [propext, Quot.sound]
REPLAY_AXIOMS MF21Circulant.descendingEigenvalue_eq_of_charpoly._simp_1_1: [propext, Classical.choice, Quot.sound]
REPLAY_AXIOMS MF21Circulant.symbol_fold._simp_1_8: [propext, Classical.choice, Quot.sound]
REPLAY_AXIOMS MF21Circulant.symbol_fold._simp_1_9: [propext]
REPLAY_AXIOMS MF21Circulant.symbol_fold._proof_1_1: [propext, Quot.sound]
REPLAY_AXIOMS MF21Circulant.frequencyOrder._proof_2: [propext, Quot.sound]
REPLAY_AXIOMS MF21Circulant.frequencyOrder._proof_3: [propext, Quot.sound]
REPLAY_AXIOMS MF21Circulant.toeplitz_circulant_interlacing._proof_1_2: [propext, Quot.sound]
REPLAY_AXIOMS MF21Circulant.toeplitz_circulant_interlacing._proof_1_3: [propext, Quot.sound]
REPLAY_AXIOMS MF21Circulant.orderedSymbol: [propext, Classical.choice, Quot.sound]
REPLAY_AXIOMS MF21Circulant.toeplitz_circulant_interlacing: [propext, Classical.choice, Quot.sound]
REPLAY_AXIOMS MF21Circulant.frequencyOrder_injective._proof_1_4: [propext, Quot.sound]
REPLAY_AXIOMS MF21Circulant.frequencyOrder_injective._proof_1_1: [propext, Quot.sound]
REPLAY_AXIOMS MF21Circulant.symbol_fold._simp_1_3: [propext]
REPLAY_AXIOMS MF21Circulant.symbol_fold._simp_1_5: [propext]
REPLAY_AXIOMS MF21Circulant.orderedSymbol._proof_1: [propext]
REPLAY_AXIOMS MF21Circulant.toeplitz_circulant_interlacing._proof_1: [propext, Quot.sound]
REPLAY_AXIOMS MF21Circulant.descendingEigenvalue_eq_of_charpoly._simp_1_2: [propext, Classical.choice, Quot.sound]
REPLAY_AXIOMS MF21Circulant.frequencyOrder_injective: [propext, Quot.sound]
REPLAY_AXIOMS MF21Circulant.descendingEigenvalue_eq_of_charpoly: [propext, Classical.choice, Quot.sound]
REPLAY_AXIOMS MF21Circulant.toeplitz_circulant_interlacing._proof_1_5: [propext, Quot.sound]
REPLAY_AXIOMS MF21Circulant.orderedSymbol_monotone: [propext, Classical.choice, Quot.sound]
REPLAY_AXIOMS MF21Circulant.toeplitz_eigenvalue_lower._proof_1_1: [propext, Quot.sound]
REPLAY_AXIOMS MF21Circulant.toeplitz_eigenvalue_upper._proof_1_2: [propext, Quot.sound]
REPLAY_AXIOMS MF21Circulant.toeplitz_eigenvalue_upper._proof_1_3: [propext, Quot.sound]
REPLAY_AXIOMS MF21Circulant.scaled_reciprocal_majorant._proof_1_1: [propext, Quot.sound]
REPLAY_AXIOMS MF21Circulant.orderedSymbol_strict_upper._proof_1_1: [propext, Quot.sound]
REPLAY_AXIOMS MF21Circulant.toeplitz_eigenvalue_upper: [propext, Classical.choice, Quot.sound]
REPLAY_AXIOMS MF21Circulant.toeplitz_eigenvalue_strict_upper._proof_1_2: [propext, Quot.sound]
REPLAY_AXIOMS MF21Circulant.toeplitz_eigenvalue_upper._proof_1_4: [propext, Quot.sound]
REPLAY_AXIOMS MF21Circulant.orderedSymbol_upper: [propext, Classical.choice, Quot.sound]
REPLAY_AXIOMS MF21Circulant.orderedSymbol_lower: [propext, Classical.choice, Quot.sound]
REPLAY_AXIOMS MF21Circulant.orderedSymbol_lower._simp_1_6: [propext]
REPLAY_AXIOMS MF21Circulant.toeplitz_eigenvalue_lower: [propext, Classical.choice, Quot.sound]
REPLAY_AXIOMS MF21Circulant.orderedSymbol_lower._simp_1_4: [propext]
REPLAY_AXIOMS MF21Circulant.orderedSymbol_lower._simp_1_7: [propext, Classical.choice, Quot.sound]
REPLAY_AXIOMS MF21Circulant.orderedSymbol_lower._simp_1_2: [propext]
REPLAY_AXIOMS MF21Circulant.toeplitz_eigenvalue_strict_upper: [propext, Classical.choice, Quot.sound]
REPLAY_AXIOMS MF21Circulant.foldedIndex.eq_1: []
REPLAY_AXIOMS MF21Circulant.orderedSymbol_lower._proof_1_1: [propext, Quot.sound]
REPLAY_AXIOMS MF21Circulant.reciprocal_majorant_summable: [propext, Classical.choice, Quot.sound]
REPLAY_AXIOMS MF21Circulant.toeplitz_eigenvalue_strict_upper._proof_1_1: [propext, Quot.sound]
REPLAY_AXIOMS MF21Circulant.scaled_reciprocal_majorant: [propext, Classical.choice, Quot.sound]
REPLAY_AXIOMS MF21Circulant.orderedSymbol_strict_upper: [propext, Classical.choice, Quot.sound]
REPLAY_AXIOMS MF21Circulant.reciprocal_majorant_summable._proof_1_1: [propext, Quot.sound]
REPLAY_AXIOMS MF21Circulant.scaled_reciprocal_majorant._proof_1_2: [propext, Quot.sound]
REPLAY_AXIOMS MF21Circulant.orderedSymbol_strict_upper._proof_1_2: [propext, Quot.sound]
REPLAY_AXIOMS MF21Circulant.orderedSymbol_lower._simp_1_5: [propext]
REPLAY_AXIOMS MF21Circulant.toeplitz_eigenvalue_lower._proof_1_2: [propext, Quot.sound]
REPLAY_AXIOMS MF21Circulant.toeplitz_eigenvalue_upper._proof_1_1: [propext, Quot.sound]
REPLAY_AXIOMS MF21Circulant.orderedSymbol_lower._simp_1_3: [propext]
REPLAY_AXIOMS MF21Circulant.orderedSymbol_lower._simp_1_8: [propext]
REPLAY_AXIOMS MF21Circulant.orderedSymbol_upper._proof_1_2: [propext, Quot.sound]
REPLAY_AXIOMS MF21Circulant.orderedSymbol_upper._proof_1_1: [propext, Quot.sound]
REPLAY_AXIOMS MF21Challenge.sin_half_difference_le: [propext, Classical.choice, Quot.sound]
REPLAY_AXIOMS MF21Challenge.continuous_symbol_factor: [propext, Classical.choice, Quot.sound]
REPLAY_AXIOMS MF21Challenge.symbol_factor_tendsto_one: [propext, Classical.choice, Quot.sound]
REPLAY_AXIOMS MF21Challenge.symbol_difference_le: [propext, Classical.choice, Quot.sound]
REPLAY_AXIOMS MF21Challenge.symbol_eq_pow_mul_sinc._simp_1_1: [propext]
REPLAY_AXIOMS MF21Challenge.sin_half_abs_le: [propext, Classical.choice, Quot.sound]
REPLAY_AXIOMS MF21Challenge.symbol_nonneg: [propext, Classical.choice, Quot.sound]
REPLAY_AXIOMS MF21Challenge.symbol_eq_pow_mul_sinc._simp_1_3: [propext]
REPLAY_AXIOMS MF21Challenge.symbol_eq_pow_mul_sinc: [propext, Classical.choice, Quot.sound]
REPLAY_AXIOMS MF21Challenge.symbol_contDiff: [propext, Classical.choice, Quot.sound]
REPLAY_AXIOMS MF21Challenge.symbol_eq_pow_mul_sinc._simp_1_5: [propext]
REPLAY_AXIOMS MF21Challenge.symbol.eq_1: [propext, Classical.choice, Quot.sound]
REPLAY_AXIOMS MF21Challenge.symbol_abs_le_pow: [propext, Classical.choice, Quot.sound]
REPLAY_AXIOMS MF21Challenge.symbol_eq_pow_mul_sinc._simp_1_6: [propext, Classical.choice, Quot.sound]
REPLAY_AXIOMS MF21Challenge.symbol_eq_pow_mul_sinc._simp_1_7: [propext]
REPLAY_AXIOMS MF21Challenge.symbol_eq_pow_mul_sinc._simp_1_4: [propext]
REPLAY_AXIOMS MF21Challenge.symbol_eq_pow_mul_sinc._simp_1_2: [propext]
REPLAY_AXIOMS MF21Challenge.eigenangle_monotone: [propext, Classical.choice, Quot.sound]
REPLAY_AXIOMS MF21Challenge.symbol_zero: [propext, Classical.choice, Quot.sound]
REPLAY_AXIOMS MF21Challenge.eigenangle.congr_simp: [propext, Classical.choice, Quot.sound]
REPLAY_AXIOMS MF21Challenge.symbol_eigenangle: [propext, Classical.choice, Quot.sound]
REPLAY_AXIOMS MF21Challenge.symbol_strictMonoOn: [propext, Classical.choice, Quot.sound]
REPLAY_AXIOMS MF21Challenge.symbol_zero._proof_1_1: [propext, Quot.sound]
REPLAY_AXIOMS MF21Challenge.eigenangle._proof_1: [propext, Classical.choice, Quot.sound]
REPLAY_AXIOMS MF21Challenge.eigenvalue_monotone: [propext, Classical.choice, Quot.sound]
REPLAY_AXIOMS MF21Challenge.eigenangle_eq_iff: [propext, Classical.choice, Quot.sound]
REPLAY_AXIOMS MF21Challenge.symbol_pi: [propext, Classical.choice, Quot.sound]
REPLAY_AXIOMS MF21Challenge.exists_unique_eigenangle: [propext, Classical.choice, Quot.sound]
REPLAY_AXIOMS MF21Challenge.symbol_strictMonoOn._proof_1_1: [propext, Quot.sound]
REPLAY_AXIOMS MF21Challenge.eigenangle: [propext, Classical.choice, Quot.sound]
REPLAY_AXIOMS MF21Challenge.eigenangle_mem: [propext, Classical.choice, Quot.sound]
REPLAY_AXIOMS MF21Challenge.descendingEigenvalue.congr_simp: [propext, Classical.choice, Quot.sound]
REPLAY_AXIOMS MF21Audit.diagonalization_unique_index: [propext, Classical.choice, Quot.sound]
REPLAY_AXIOMS MF21Challenge.unique_eigenangle_index_of_complex_eigenspace_finrank_one: [propext,
 Classical.choice,
 Quot.sound]
REPLAY_AXIOMS MF21Challenge.unique_index_of_complex_eigenspace_finrank_one: [propext, Classical.choice, Quot.sound]
REPLAY_AXIOMS MF21ActualBoundary.characteristicRoots_smooth: [propext, Classical.choice, Quot.sound]
REPLAY_AXIOMS MF21ActualBoundary.unique_eigenangle_index_of_simple_normalized_zero: [propext,
 Classical.choice,
 Quot.sound]
REPLAY_AXIOMS MF21ActualBoundary.boundaryMatrix_differentiable: [propext, Classical.choice, Quot.sound]
REPLAY_AXIOMS MF21ActualBoundary.baseRoot_smooth: [propext, Classical.choice, Quot.sound]
REPLAY_AXIOMS MF21ActualBoundary.rootLeadingAmplitude_contDiffAt: [propext, Classical.choice, Quot.sound]
REPLAY_AXIOMS MF21ActualBoundary.sineNormalizer_contDiffAt: [propext, Classical.choice, Quot.sound]
REPLAY_AXIOMS _private.MF21.ActualBoundarySmooth.0.MF21ActualBoundary.scalar_det_smooth: [propext,
 Classical.choice,
 Quot.sound]
REPLAY_AXIOMS MF21Phase.root_phase_index_range._proof_1_2: [propext, Quot.sound]
REPLAY_AXIOMS MF21Phase.root_phase_index_range._proof_1_3: [propext, Quot.sound]
REPLAY_AXIOMS MF21Phase.root_near_integer_phase._simp_1_7: [propext]
REPLAY_AXIOMS MF21Phase.root_near_integer_phase._simp_1_4: [propext]
REPLAY_AXIOMS MF21Phase.sin_quarter_ge_half: [propext, Classical.choice, Quot.sound]
REPLAY_AXIOMS MF21Phase.root_near_integer_phase._simp_1_6: [propext, Classical.choice, Quot.sound]
REPLAY_AXIOMS MF21Phase.root_near_integer_phase._simp_1_2: [propext]
REPLAY_AXIOMS MF21Phase.phase_cell_derivative_lower: [propext, Classical.choice, Quot.sound]
REPLAY_AXIOMS MF21Phase.phase_residual_bound_int: [propext, Classical.choice, Quot.sound]
REPLAY_AXIOMS MF21Phase.phase_cell_unique_zero: [propext, Classical.choice, Quot.sound]
REPLAY_AXIOMS MF21Phase.cos_ge_half_of_abs_le_quarter: [propext, Classical.choice, Quot.sound]
REPLAY_AXIOMS MF21Phase.final_cell_no_root: [propext, Classical.choice, Quot.sound]
REPLAY_AXIOMS MF21Phase.root_near_integer_phase._simp_1_5: [propext]
REPLAY_AXIOMS MF21Phase.root_near_integer_phase._simp_1_3: [propext]
REPLAY_AXIOMS MF21Phase.phase_residual_bound: [propext, Classical.choice, Quot.sound]
REPLAY_AXIOMS MF21Phase.root_phase_index_range._proof_1_1: [propext, Quot.sound]
REPLAY_AXIOMS MF21Phase.root_phase_index_range: [propext, Classical.choice, Quot.sound]
REPLAY_AXIOMS MF21Phase.root_phase_index_range._proof_1_4: [propext, Quot.sound]
REPLAY_AXIOMS MF21Phase.root_near_integer_phase._simp_1_1: [propext]
REPLAY_AXIOMS MF21Phase.inverse_phase_displacement: [propext, Classical.choice, Quot.sound]
REPLAY_AXIOMS MF21Phase.root_near_integer_phase: [propext, Classical.choice, Quot.sound]
REPLAY_AXIOMS MF21Phase.phase_tail_cell_root: [propext, Classical.choice, Quot.sound]
REPLAY_AXIOMS MF21Phase.phase_cell_endpoints: [propext, Classical.choice, Quot.sound]
REPLAY_AXIOMS MF21Phase.monotone_tail_matching._proof_1_2: [propext, Quot.sound]
REPLAY_AXIOMS MF21Phase.monotone_tail_matching._proof_1_3: [propext, Quot.sound]
REPLAY_AXIOMS MF21Phase.monotone_tail_matching: [propext, Classical.choice, Quot.sound]
REPLAY_AXIOMS MF21Phase.monotone_tail_matching._simp_1_1: [propext]
REPLAY_AXIOMS MF21Phase.indexed_phase_roots._proof_1_5: [propext, Quot.sound]
REPLAY_AXIOMS MF21Phase.indexed_phase_roots: [propext, Classical.choice, Quot.sound]
REPLAY_AXIOMS MF21Phase.indexed_phase_roots._proof_1_7: [propext, Quot.sound]
REPLAY_AXIOMS MF21Phase.indexed_phase_roots._proof_1_6: [propext, Quot.sound]
REPLAY_AXIOMS MF21Phase.indexed_phase_roots._proof_1_1: [propext, Quot.sound]
REPLAY_AXIOMS MF21Phase.indexed_phase_roots._proof_1_8: [propext, Quot.sound]
REPLAY_AXIOMS MF21Phase.indexed_phase_roots._proof_1_2: [propext, Quot.sound]
REPLAY_AXIOMS MF21Phase.indexed_phase_roots._proof_1_3: [propext, Quot.sound]
REPLAY_AXIOMS MF21Phase.indexed_phase_roots._proof_1_9: [propext, Quot.sound]
REPLAY_AXIOMS MF21Phase.indexed_phase_roots._proof_1_4: [propext, Quot.sound]
REPLAY_AXIOMS MF21Phase.phase._proof_1: [propext]
REPLAY_AXIOMS MF21Phase.phase: [propext, Classical.choice, Quot.sound]
REPLAY_AXIOMS MF21Phase.phase_cell_angle_bounds: [propext, Classical.choice, Quot.sound]
REPLAY_AXIOMS MF21Phase.phase_cell_exp_bound: [propext, Classical.choice, Quot.sound]
REPLAY_AXIOMS MF21Phase.phase_cell_angle_linear_bound: [propext, Classical.choice, Quot.sound]
REPLAY_AXIOMS MF21Phase.phase_exponential_distance: [propext, Classical.choice, Quot.sound]
REPLAY_AXIOMS MF21Phase.phase.eq_1: [propext, Classical.choice, Quot.sound]
REPLAY_AXIOMS MF21Phase.exists_final_phase_cutoff: [propext, Classical.choice, Quot.sound]
REPLAY_AXIOMS MF21Phase.exists_small_phase_tail: [propext, Classical.choice, Quot.sound]
REPLAY_AXIOMS MF21Phase.exists_exp_cutoff: [propext, Classical.choice, Quot.sound]
REPLAY_AXIOMS MF21Phase.eventual_indexed_phase_roots: [propext, Classical.choice, Quot.sound]
REPLAY_AXIOMS MF21Phase.phase_tail_angle_lower: [propext, Classical.choice, Quot.sound]
REPLAY_AXIOMS MF21Quantization.equation_partial_identity: [propext, Classical.choice, Quot.sound]
REPLAY_AXIOMS MF21Quantization.sin_eq_mul_sinc._simp_1_7: [propext]
REPLAY_AXIOMS MF21Quantization.sin_eq_mul_sinc._simp_1_4: [propext]
REPLAY_AXIOMS MF21Quantization.sin_eq_mul_sinc._simp_1_2: [propext]
REPLAY_AXIOMS MF21Quantization.sin_eq_mul_sinc._simp_1_6: [propext, Classical.choice, Quot.sound]
REPLAY_AXIOMS MF21Quantization.equationDerivative: [propext, Classical.choice, Quot.sound]
REPLAY_AXIOMS MF21Quantization.equation_contDiffAt: [propext, Classical.choice, Quot.sound]
REPLAY_AXIOMS MF21Quantization.exists_local_smooth_inverse: [propext, Classical.choice, Quot.sound]
REPLAY_AXIOMS MF21Quantization.symbol_scaled_tendsto: [propext, Classical.choice, Quot.sound]
REPLAY_AXIOMS MF21Quantization.equationDerivative._proof_1: [propext, Classical.choice, Quot.sound]
REPLAY_AXIOMS MF21Quantization.implicit_symbol_diagonal_profile: [propext, Classical.choice, Quot.sound]
REPLAY_AXIOMS MF21Quantization.equationDerivative.eq_1: [propext, Classical.choice, Quot.sound]
REPLAY_AXIOMS MF21Quantization.sin_eq_mul_sinc._simp_1_3: [propext]
REPLAY_AXIOMS MF21Quantization.equation: [propext, Classical.choice, Quot.sound]
REPLAY_AXIOMS MF21Quantization.sin_eq_mul_sinc._simp_1_5: [propext]
REPLAY_AXIOMS MF21Quantization.sin_eq_mul_sinc._simp_1_1: [propext]
REPLAY_AXIOMS MF21Challenge.symbol.eq_1: [propext, Classical.choice, Quot.sound]
REPLAY_AXIOMS MF21Quantization.sin_eq_mul_sinc: [propext, Classical.choice, Quot.sound]
REPLAY_AXIOMS MF21Quantization.equation.eq_1: [propext, Classical.choice, Quot.sound]
REPLAY_AXIOMS MF21Quantization.equation_hasFDerivAt: [propext, Classical.choice, Quot.sound]
REPLAY_AXIOMS MF21Quantization.inverse_diagonal_profile: [propext, Classical.choice, Quot.sound]
REPLAY_AXIOMS MF21Quantization.equationDerivative._proof_3: [propext, Classical.choice, Quot.sound]
REPLAY_AXIOMS MF21Quantization.equationDerivative._proof_2: [propext, Classical.choice, Quot.sound]
REPLAY_AXIOMS MF21Taylor.evaluateDirection: [propext, Classical.choice, Quot.sound]
REPLAY_AXIOMS MF21Taylor.linear_iteratedFDeriv_comp_at: [propext, Classical.choice, Quot.sound]
REPLAY_AXIOMS MF21Taylor.evaluateDirection._proof_5: [propext, Classical.choice, Quot.sound]
REPLAY_AXIOMS MF21Taylor.evaluateDirection._proof_1: [propext, Classical.choice, Quot.sound]
REPLAY_AXIOMS MF21Taylor.evaluateDirection._proof_4: [propext, Classical.choice, Quot.sound]
REPLAY_AXIOMS MF21Taylor.slice_iteratedDeriv_at: [propext, Classical.choice, Quot.sound]
REPLAY_AXIOMS MF21Taylor.verticalDerivative: [propext, Classical.choice, Quot.sound]
REPLAY_AXIOMS MF21Taylor.coefficient_contDiffAt: [propext, Classical.choice, Quot.sound]
REPLAY_AXIOMS MF21Taylor.nat_le_infty: [propext, Quot.sound]
REPLAY_AXIOMS MF21Taylor.verticalDerivative.eq_1: [propext, Classical.choice, Quot.sound]
REPLAY_AXIOMS MF21Taylor.coefficient_zero: [propext, Classical.choice, Quot.sound]
REPLAY_AXIOMS MF21Taylor.normalized_remainder_tendsto: [propext, Classical.choice, Quot.sound]
REPLAY_AXIOMS MF21Taylor.coefficient_continuous: [propext, Classical.choice, Quot.sound]
REPLAY_AXIOMS MF21Taylor.verticalDerivative_continuous: [propext, Classical.choice, Quot.sound]
REPLAY_AXIOMS MF21Taylor.verticalDerivative_continuousAt: [propext, Classical.choice, Quot.sound]
REPLAY_AXIOMS MF21Taylor.taylor_profile_tendsto: [propext, Classical.choice, Quot.sound]
REPLAY_AXIOMS MF21Taylor.slice_iteratedDeriv: [propext, Classical.choice, Quot.sound]
REPLAY_AXIOMS MF21Taylor.evaluateDirection._proof_6: [propext, Classical.choice, Quot.sound]
REPLAY_AXIOMS MF21Taylor.coefficient_continuousOn: [propext, Classical.choice, Quot.sound]
REPLAY_AXIOMS MF21Taylor.coefficient.eq_1: [propext, Classical.choice, Quot.sound]
REPLAY_AXIOMS MF21Taylor.uniform_taylor_bound_on: [propext, Classical.choice, Quot.sound]
REPLAY_AXIOMS MF21Taylor.evaluateDirection._proof_2: [propext, Classical.choice, Quot.sound]
REPLAY_AXIOMS MF21Taylor.evaluateDirection._proof_3: [propext, Classical.choice, Quot.sound]
REPLAY_AXIOMS MF21Taylor.coefficient: [propext, Classical.choice, Quot.sound]
REPLAY_AXIOMS MF21Quantization.intervalInverse_strip: [propext, Classical.choice, Quot.sound]
REPLAY_AXIOMS MF21Quantization.exists_uniform_smooth_inverse: [propext, Classical.choice, Quot.sound]
REPLAY_AXIOMS MF21Quantization.exists_uniform_smooth_lipschitz_inverse: [propext, Classical.choice, Quot.sound]
REPLAY_AXIOMS MF21Quantization.implicit_inverse_distance: [propext, Classical.choice, Quot.sound]
REPLAY_AXIOMS MF21Quantization.intervalInverse: [propext, Classical.choice, Quot.sound]
REPLAY_AXIOMS MF21Quantization.intervalInverse_contDiffAt: [propext, Classical.choice, Quot.sound]
REPLAY_AXIOMS MF21Quantization.intervalInverse_strip._simp_1_1: [propext]
REPLAY_AXIOMS MF21Quantization.exists_local_smooth_inverse_at: [propext, Classical.choice, Quot.sound]
REPLAY_AXIOMS MF21Bulk.eta_extension: [propext, Classical.choice, Quot.sound]
REPLAY_AXIOMS MF21Quantization.Model.ctorIdx: [propext, Classical.choice, Quot.sound]
REPLAY_AXIOMS MF21Quantization.Model._sizeOf_inst: [propext, Classical.choice, Quot.sound]
REPLAY_AXIOMS MF21Quantization.Model._sizeOf_1: [propext, Classical.choice, Quot.sound]
REPLAY_AXIOMS MF21Quantization.Model.d.eq_1: [propext, Classical.choice, Quot.sound]
REPLAY_AXIOMS MF21Quantization.Model.equation: [propext, Classical.choice, Quot.sound]
REPLAY_AXIOMS MF21Quantization.Model.uniform_taylor: [propext, Classical.choice, Quot.sound]
REPLAY_AXIOMS MF21Quantization.Model.d_zero: [propext, Classical.choice, Quot.sound]
REPLAY_AXIOMS MF21Quantization.Model.noConfusion: [propext, Classical.choice, Quot.sound]
REPLAY_AXIOMS MF21Quantization.Model.eta_pi: [propext, Classical.choice, Quot.sound]
REPLAY_AXIOMS MF21Quantization.Model.F.eq_1: [propext, Classical.choice, Quot.sound]
REPLAY_AXIOMS MF21Quantization.Model.fixed_index_profile: [propext, Classical.choice, Quot.sound]
REPLAY_AXIOMS MF21Quantization.Model.recOn: [propext, Classical.choice, Quot.sound]
REPLAY_AXIOMS MF21Quantization.model_exists: [propext, Classical.choice, Quot.sound]
REPLAY_AXIOMS MF21Quantization.actualModel: [propext, Classical.choice, Quot.sound]
REPLAY_AXIOMS MF21Quantization.Model.rec: [propext, Classical.choice, Quot.sound]
REPLAY_AXIOMS MF21Quantization.Model.H: [propext, Classical.choice, Quot.sound]
REPLAY_AXIOMS MF21Quantization.Model.eta_smooth: [propext, Classical.choice, Quot.sound]
REPLAY_AXIOMS MF21Quantization.Model.d: [propext, Classical.choice, Quot.sound]
REPLAY_AXIOMS MF21Quantization.Model.inverse_distance: [propext, Classical.choice, Quot.sound]
REPLAY_AXIOMS MF21Quantization.Model.Y: [propext, Classical.choice, Quot.sound]
REPLAY_AXIOMS MF21Quantization.Model.fixed_index_low_order_bound: [propext, Classical.choice, Quot.sound]
REPLAY_AXIOMS MF21Quantization.Model.F_smooth: [propext, Classical.choice, Quot.sound]
REPLAY_AXIOMS MF21Quantization.Model.above: [propext, Classical.choice, Quot.sound]
REPLAY_AXIOMS MF21Quantization.Model: [propext, Classical.choice, Quot.sound]
REPLAY_AXIOMS MF21Quantization.Model.eta_zero: [propext, Classical.choice, Quot.sound]
REPLAY_AXIOMS MF21Quantization.Model.d_continuous: [propext, Classical.choice, Quot.sound]
REPLAY_AXIOMS MF21Quantization.Model.eta_cont: [propext, Classical.choice, Quot.sound]
REPLAY_AXIOMS MF21Quantization.Model.eta_actual: [propext, Classical.choice, Quot.sound]
REPLAY_AXIOMS MF21Quantization.Model.d_smooth: [propext, Classical.choice, Quot.sound]
REPLAY_AXIOMS MF21Quantization.Model.zero_slice: [propext, Classical.choice, Quot.sound]
REPLAY_AXIOMS MF21Quantization.Model.mk.injEq: [propext, Classical.choice, Quot.sound]
REPLAY_AXIOMS MF21Quantization.Model.noConfusionType: [propext, Classical.choice, Quot.sound]
REPLAY_AXIOMS MF21Quantization.Model.coefficient_fixed_index_profile: [propext, Classical.choice, Quot.sound]
REPLAY_AXIOMS MF21Quantization.Model.mk.sizeOf_spec: [propext, Classical.choice, Quot.sound]
REPLAY_AXIOMS MF21Quantization.Model.below: [propext, Classical.choice, Quot.sound]
REPLAY_AXIOMS MF21Quantization.Model.eta: [propext, Classical.choice, Quot.sound]
REPLAY_AXIOMS MF21Quantization.Model.mk._flat_ctor: [propext, Classical.choice, Quot.sound]
REPLAY_AXIOMS MF21Quantization.symbol_contDiff: [propext, Classical.choice, Quot.sound]
REPLAY_AXIOMS MF21Quantization.Model.mk: [propext, Classical.choice, Quot.sound]
REPLAY_AXIOMS MF21Quantization.Model.casesOn: [propext, Classical.choice, Quot.sound]
REPLAY_AXIOMS MF21Quantization.Model.mk.inj: [propext, Classical.choice, Quot.sound]
REPLAY_AXIOMS MF21Quantization.Model.Hpos: [propext, Classical.choice, Quot.sound]
REPLAY_AXIOMS MF21Quantization.Model.mk.noConfusion: [propext, Classical.choice, Quot.sound]
REPLAY_AXIOMS MF21Quantization.Model.smooth: [propext, Classical.choice, Quot.sound]
REPLAY_AXIOMS MF21Quantization.Model.F: [propext, Classical.choice, Quot.sound]
REPLAY_AXIOMS MF21ActualBoundary.phase_eq_quantizationPhase: [propext, Classical.choice, Quot.sound]
REPLAY_AXIOMS MF21ActualBoundary.actual_indexed_phase_roots: [propext, Classical.choice, Quot.sound]
REPLAY_AXIOMS MF21ActualBoundary.model_phase_bounds: [propext, Classical.choice, Quot.sound]
REPLAY_AXIOMS MF21ActualBoundary.sine_zero_iff_eigenangle: [propext, Classical.choice, Quot.sound]
REPLAY_AXIOMS MF21ActualBoundary.simple_sine_zero_unique_index: [propext, Classical.choice, Quot.sound]
REPLAY_AXIOMS MF21ActualBoundary.actual_phase_error_bounds: [propext, Classical.choice, Quot.sound]
REPLAY_AXIOMS MF21Mesh.cutoff: [propext, Classical.choice, Quot.sound]
REPLAY_AXIOMS MF21Mesh.index.eq_1: [propext, Classical.choice, Quot.sound]
REPLAY_AXIOMS MF21Mesh.floorIndex: [propext, Classical.choice, Quot.sound]
REPLAY_AXIOMS MF21Mesh.denominator_pos: [propext, Classical.choice, Quot.sound]
REPLAY_AXIOMS MF21Mesh.cutoff_le_dimension_eventually: [propext, Classical.choice, Quot.sound]
REPLAY_AXIOMS MF21Mesh.index: [propext, Classical.choice, Quot.sound]
REPLAY_AXIOMS MF21Mesh.floorIndex.eq_1: [propext, Classical.choice, Quot.sound]
REPLAY_AXIOMS MF21Mesh.index_le_dimension: [propext, Classical.choice, Quot.sound]
REPLAY_AXIOMS MF21Mesh.log_squared_ratio_tendsto: [propext, Classical.choice, Quot.sound]
REPLAY_AXIOMS MF21Mesh.index_ratio_tendsto: [propext, Classical.choice, Quot.sound]
REPLAY_AXIOMS MF21Mesh.mesh_mem: [propext, Classical.choice, Quot.sound]
REPLAY_AXIOMS MF21Mesh.cutoff_ratio_tendsto: [propext, Classical.choice, Quot.sound]
REPLAY_AXIOMS MF21Mesh.dimension_ratio_tendsto: [propext, Classical.choice, Quot.sound]
REPLAY_AXIOMS MF21Mesh.inv_denominator_tendsto: [propext, Classical.choice, Quot.sound]
REPLAY_AXIOMS MF21Mesh.mesh: [propext, Classical.choice, Quot.sound]
REPLAY_AXIOMS MF21Mesh.denominator_atTop: [propext, Classical.choice, Quot.sound]
REPLAY_AXIOMS MF21Mesh.mesh_tendsto: [propext, Classical.choice, Quot.sound]
REPLAY_AXIOMS MF21Mesh.denominator._proof_1: [propext]
REPLAY_AXIOMS MF21Mesh.denominator: [propext, Classical.choice, Quot.sound]
REPLAY_AXIOMS MF21Mesh.grid: [propext, Classical.choice, Quot.sound]
REPLAY_AXIOMS MF21Mesh.floor_ratio_tendsto: [propext, Classical.choice, Quot.sound]
REPLAY_AXIOMS MF21Mesh.index_admissible: [propext, Classical.choice, Quot.sound]
REPLAY_AXIOMS MF21Challenge.grid.eq_1: [propext, Classical.choice, Quot.sound]
REPLAY_AXIOMS MF21Expansion.symbol_power_lipschitz: [propext, Classical.choice, Quot.sound]
REPLAY_AXIOMS MF21Expansion.TailSymbolApproximation: [propext, Classical.choice, Quot.sound]
REPLAY_AXIOMS MF21Expansion.grid_mem: [propext, Classical.choice, Quot.sound]
REPLAY_AXIOMS MF21Expansion.tailSymbol_of_tailAngle._proof_1_1: [propext, Quot.sound]
REPLAY_AXIOMS MF21Expansion.tailSymbol_of_tailAngle: [propext, Classical.choice, Quot.sound]
REPLAY_AXIOMS MF21Expansion.symbol_error_from_angle._proof_1_1: [propext, Quot.sound]
REPLAY_AXIOMS MF21Expansion.step.eq_1: [propext, Classical.choice, Quot.sound]
REPLAY_AXIOMS MF21Expansion.step._proof_1: [propext]
REPLAY_AXIOMS MF21Expansion.step: [propext, Classical.choice, Quot.sound]
REPLAY_AXIOMS MF21Expansion.grid_eq: [propext, Classical.choice, Quot.sound]
REPLAY_AXIOMS MF21Expansion.symbol_error_from_angle: [propext, Classical.choice, Quot.sound]
REPLAY_AXIOMS MF21Expansion.sin_base_bound: [propext, Classical.choice, Quot.sound]
REPLAY_AXIOMS MF21Expansion.tailSymbol_of_tailAngle._proof_1_2: [propext, Quot.sound]
REPLAY_AXIOMS MF21Expansion.model_grid_angle_mem: [propext, Classical.choice, Quot.sound]
REPLAY_AXIOMS MF21Expansion.step_pos: [propext, Classical.choice, Quot.sound]
REPLAY_AXIOMS MF21Expansion.TailAngleApproximation: [propext, Classical.choice, Quot.sound]
REPLAY_AXIOMS MF21Expansion.sin_base_lipschitz: [propext, Classical.choice, Quot.sound]
REPLAY_AXIOMS MF21Expansion.step_tendsto: [propext, Classical.choice, Quot.sound]
REPLAY_AXIOMS MF21Expansion.actual_tailAngleApproximation: [propext, Classical.choice, Quot.sound]
REPLAY_AXIOMS MF21Audit.finite_head_separation_of_finite_inverse_trace: [propext, Classical.choice, Quot.sound]
REPLAY_AXIOMS MF21Audit.finite_head_separation_of_inverse_trace: [propext, Classical.choice, Quot.sound]
REPLAY_AXIOMS MF21Audit.finite_head_separation_transfer: [propext, Classical.choice, Quot.sound]
REPLAY_AXIOMS MF21Audit.finite_head_separation_of_trace._proof_1_1: [propext, Quot.sound]
REPLAY_AXIOMS MF21Audit.finite_head_separation_of_trace: [propext, Classical.choice, Quot.sound]
REPLAY_AXIOMS MF21Audit.finite_head_separation_of_finite_inverse_trace._simp_1_1: [propext,
 Classical.choice,
 Quot.sound]
REPLAY_AXIOMS MF21Audit.finite_head_scaled_remainder_lower_bound: [propext, Classical.choice, Quot.sound]
REPLAY_AXIOMS MF21DiscreteLimits.normalized_power_sum._proof_1_1: [propext, Quot.sound]
REPLAY_AXIOMS MF21DiscreteLimits.finite_polynomial_riemann_tendsto: [propext, Classical.choice, Quot.sound]
REPLAY_AXIOMS MF21DiscreteLimits.normalized_power_sum._simp_1_5: [propext]
REPLAY_AXIOMS MF21DiscreteLimits.normalized_power_sum._simp_1_3: [propext]
REPLAY_AXIOMS MF21DiscreteLimits.normalized_power_sum._simp_1_8: [propext]
REPLAY_AXIOMS MF21DiscreteLimits.polynomial_riemann_tendsto: [propext, Classical.choice, Quot.sound]
REPLAY_AXIOMS MF21DiscreteLimits.normalized_power_sum_tendsto: [propext, Classical.choice, Quot.sound]
REPLAY_AXIOMS MF21DiscreteLimits.monomial_riemann_tendsto._simp_1_1: [propext, Classical.choice, Quot.sound]
REPLAY_AXIOMS MF21DiscreteLimits.sum_power_real: [propext, Classical.choice, Quot.sound]
REPLAY_AXIOMS MF21DiscreteLimits.monomial_riemann_tendsto: [propext, Classical.choice, Quot.sound]
REPLAY_AXIOMS MF21DiscreteLimits.normalized_power_sum: [propext, Classical.choice, Quot.sound]
REPLAY_AXIOMS MF21DiscreteLimits.normalized_power_sum._simp_1_6: [propext]
REPLAY_AXIOMS MF21DiscreteLimits.normalized_power_sum._simp_1_2: [propext]
REPLAY_AXIOMS MF21DiscreteLimits.normalized_power_sum._simp_1_7: [propext, Classical.choice, Quot.sound]
REPLAY_AXIOMS MF21DiscreteLimits.normalized_power_sum._simp_1_4: [propext]
REPLAY_AXIOMS MF21FirstAsymptotics.numerator: [propext, Classical.choice, Quot.sound]
REPLAY_AXIOMS MF21FirstAsymptotics.inverse_column_square_sum_tendsto: [propext, Classical.choice, Quot.sound]
REPLAY_AXIOMS MF21FirstAsymptotics.numerator_eval: [propext, Classical.choice, Quot.sound]
REPLAY_AXIOMS MF21FirstAsymptotics.value_zero_tendsto: [propext, Classical.choice, Quot.sound]
REPLAY_AXIOMS MF21FirstAsymptotics.denominator_pos: [propext, Classical.choice, Quot.sound]
REPLAY_AXIOMS MF21FirstAsymptotics.numerator.eq_1: [propext, Classical.choice, Quot.sound]
REPLAY_AXIOMS MF21FirstAsymptotics.coeffContinuous_prod: [propext, Classical.choice, Quot.sound]
REPLAY_AXIOMS MF21FirstAsymptotics.numerator_zero: [propext, Classical.choice, Quot.sound]
REPLAY_AXIOMS MF21FirstAsymptotics.numerator_coeff_continuous: [propext, Classical.choice, Quot.sound]
REPLAY_AXIOMS MF21FirstAsymptotics.numerator_square_degree: [propext, Classical.choice, Quot.sound]
REPLAY_AXIOMS MF21FirstColumn.firstColumn.eq_1: [propext, Classical.choice, Quot.sound]
REPLAY_AXIOMS MF21FirstAsymptotics.value_rescaled._simp_1_1: [propext]
REPLAY_AXIOMS MF21FirstAsymptotics.firstColumn_square_sum_tendsto._simp_1_1: []
REPLAY_AXIOMS MF21FirstAsymptotics.CoeffContinuous: [propext, Classical.choice, Quot.sound]
REPLAY_AXIOMS MF21FirstAsymptotics.coeffContinuous_C: [propext, Classical.choice, Quot.sound]
REPLAY_AXIOMS MF21FirstAsymptotics.asc_eval_rescale: [propext, Classical.choice, Quot.sound]
REPLAY_AXIOMS MF21FirstAsymptotics.coeffContinuous_add: [propext, Classical.choice, Quot.sound]
REPLAY_AXIOMS MF21FirstAsymptotics.asc_eval_rescale._simp_1_7: [propext]
REPLAY_AXIOMS MF21FirstAsymptotics.asc_eval_rescale._simp_1_4: [propext]
REPLAY_AXIOMS MF21FirstAsymptotics.asc_eval_rescale._simp_1_6: [propext, Classical.choice, Quot.sound]
REPLAY_AXIOMS MF21FirstAsymptotics.asc_eval_rescale._simp_1_2: [propext]
REPLAY_AXIOMS MF21FirstAsymptotics.inverse_zero_zero_tendsto: [propext, Classical.choice, Quot.sound]
REPLAY_AXIOMS MF21FirstAsymptotics.value_rescaled._simp_1_3: [propext]
REPLAY_AXIOMS MF21FirstAsymptotics.value_zero_rescaled: [propext, Classical.choice, Quot.sound]
REPLAY_AXIOMS MF21FirstAsymptotics.firstColumn_square_sum_tendsto: [propext, Classical.choice, Quot.sound]
REPLAY_AXIOMS MF21FirstAsymptotics.coeffContinuous_sub: [propext, Classical.choice, Quot.sound]
REPLAY_AXIOMS MF21FirstAsymptotics.value_rescaled: [propext, Classical.choice, Quot.sound]
REPLAY_AXIOMS MF21FirstAsymptotics.numerator_square_riemann_tendsto: [propext, Classical.choice, Quot.sound]
REPLAY_AXIOMS MF21FirstAsymptotics.denominator.eq_1: [propext, Classical.choice, Quot.sound]
REPLAY_AXIOMS MF21FirstAsymptotics.numerator_square_degree._proof_1_1: [propext, Classical.choice, Quot.sound]
REPLAY_AXIOMS MF21FirstAsymptotics.denominator: [propext, Classical.choice, Quot.sound]
REPLAY_AXIOMS MF21FirstAsymptotics.numerator_degree._proof_1_1: [propext, Classical.choice, Quot.sound]
REPLAY_AXIOMS MF21FirstAsymptotics.numerator_degree: [propext, Classical.choice, Quot.sound]
REPLAY_AXIOMS MF21FirstAsymptotics.asc_eval_rescale._simp_1_1: [propext]
REPLAY_AXIOMS MF21FirstAsymptotics.asc_eval_prod: [propext, Classical.choice, Quot.sound]
REPLAY_AXIOMS MF21FirstAsymptotics.value_rescaled._simp_1_5: [propext]
REPLAY_AXIOMS MF21FirstAsymptotics.coeffContinuous_mul: [propext, Classical.choice, Quot.sound]
REPLAY_AXIOMS MF21FirstAsymptotics.firstColumn_square_sum_tendsto._proof_1_2: [propext, Quot.sound]
REPLAY_AXIOMS MF21FirstAsymptotics.firstColumn_square_sum_tendsto._proof_1_3: [propext, Quot.sound]
REPLAY_AXIOMS MF21FirstAsymptotics.asc_eval_shift_rescale: [propext, Classical.choice, Quot.sound]
REPLAY_AXIOMS MF21FirstAsymptotics.asc_eval_rescale._simp_1_5: [propext]
REPLAY_AXIOMS MF21FirstAsymptotics.asc_eval_rescale._simp_1_3: [propext]
REPLAY_AXIOMS MF21FirstAsymptotics.denominator_zero: [propext, Classical.choice, Quot.sound]
REPLAY_AXIOMS MF21FirstAsymptotics.denominator_continuous: [propext, Classical.choice, Quot.sound]
REPLAY_AXIOMS MF21FirstAsymptotics.value_rescaled._simp_1_6: [propext, Classical.choice, Quot.sound]
REPLAY_AXIOMS MF21FirstAsymptotics.value_rescaled._simp_1_7: [propext]
REPLAY_AXIOMS MF21FirstAsymptotics.value_rescaled._simp_1_4: [propext]
REPLAY_AXIOMS MF21FirstAsymptotics.value_rescaled._simp_1_2: [propext]
REPLAY_AXIOMS MF21FirstAsymptotics.coeffContinuous_const: [propext, Classical.choice, Quot.sound]
REPLAY_AXIOMS MF21FirstAsymptotics.inverse_dimension_tendsto: [propext, Classical.choice, Quot.sound]
REPLAY_AXIOMS MF21FirstAsymptotics.numerator_square_coeff_continuous: [propext, Classical.choice, Quot.sound]
REPLAY_AXIOMS LeanFormalizations.Transcendence.tendsto_const_mul_pow_div_factorial: [propext,
 Classical.choice,
 Quot.sound]
REPLAY_AXIOMS LeanFormalizations.Transcendence.hermitePoly_aroots: [propext, Classical.choice, Quot.sound]
REPLAY_AXIOMS LeanFormalizations.Transcendence.transcendental_exp_int._proof_1_3: [propext, Quot.sound]
REPLAY_AXIOMS LeanFormalizations.Transcendence.exists_intPoly_aeval_eq_zero: [propext, Classical.choice, Quot.sound]
REPLAY_AXIOMS LeanFormalizations.Transcendence.transcendental_exp_rat: [propext, Classical.choice, Quot.sound]
REPLAY_AXIOMS LeanFormalizations.Transcendence.transcendental_exp_int._proof_1_2: [propext, Quot.sound]
REPLAY_AXIOMS LeanFormalizations.Transcendence.hermitePoly_eval_zero_ne._simp_1_1: [propext,
 Classical.choice,
 Quot.sound]
REPLAY_AXIOMS LeanFormalizations.Transcendence.no_intPoly_aeval_eq_zero: [propext, Classical.choice, Quot.sound]
REPLAY_AXIOMS LeanFormalizations.Transcendence.no_intPoly_aeval_eq_zero._simp_1_2: [propext,
 Classical.choice,
 Quot.sound]
REPLAY_AXIOMS LeanFormalizations.Transcendence.e_transcendental: [propext, Classical.choice, Quot.sound]
REPLAY_AXIOMS LeanFormalizations.Transcendence.transcendental_exp_int._proof_1_4: [propext, Quot.sound]
REPLAY_AXIOMS LeanFormalizations.Transcendence.no_intPoly_aeval_eq_zero._proof_1_5: [propext,
 Classical.choice,
 Quot.sound]
REPLAY_AXIOMS LeanFormalizations.Transcendence.transcendental_exp_nat: [propext, Classical.choice, Quot.sound]
REPLAY_AXIOMS LeanFormalizations.Transcendence.no_intPoly_aeval_eq_zero._simp_1_1: [propext,
 Classical.choice,
 Quot.sound]
REPLAY_AXIOMS LeanFormalizations.Transcendence.transcendental_exp_int._proof_1_1: [propext, Quot.sound]
REPLAY_AXIOMS LeanFormalizations.Transcendence.transcendental_exp_int: [propext, Classical.choice, Quot.sound]
REPLAY_AXIOMS LeanFormalizations.Transcendence.hermitePoly_eval_zero_ne: [propext, Classical.choice, Quot.sound]
REPLAY_AXIOMS LeanFormalizations.Transcendence.exists_prime_smallness: [propext, Classical.choice, Quot.sound]
REPLAY_AXIOMS LeanFormalizations.Transcendence.no_intPoly_aeval_eq_zero._simp_1_3: [propext,
 Classical.choice,
 Quot.sound]
REPLAY_AXIOMS LeanFormalizations.Transcendence.no_intPoly_aeval_eq_zero._proof_1_4: [propext,
 Classical.choice,
 Quot.sound]
REPLAY_AXIOMS LeanFormalizations.Transcendence.pi_exp_relation: [propext, Classical.choice, Quot.sound]
REPLAY_AXIOMS LeanFormalizations.Transcendence.hsum_of_monic_rootsum: [propext, Classical.choice, Quot.sound]
REPLAY_AXIOMS LeanFormalizations.Transcendence.zeroSubsetSum_card_pos: [propext, Classical.choice, Quot.sound]
REPLAY_AXIOMS LeanFormalizations.Transcendence.sum_subsetSum_split._simp_1_1: [propext, Classical.choice, Quot.sound]
REPLAY_AXIOMS LeanFormalizations.Transcendence.sum_subsetSum_exp_eq_zero_of_factor: [propext,
 Classical.choice,
 Quot.sound]
REPLAY_AXIOMS LeanFormalizations.Transcendence.sum_subsetSum_split: [propext, Classical.choice, Quot.sound]
REPLAY_AXIOMS LeanFormalizations.Transcendence.esymm_aroots_mem_range._proof_1_2: [propext,
 Classical.choice,
 Quot.sound]
REPLAY_AXIOMS LeanFormalizations.Transcendence.exists_intPoly_aroots_eq._simp_1_1: [propext,
 Classical.choice,
 Quot.sound]
REPLAY_AXIOMS LeanFormalizations.Transcendence.exists_ratPoly_removeZeroRoots: [propext, Classical.choice, Quot.sound]
REPLAY_AXIOMS LeanFormalizations.Transcendence.esymm_aroots_mem_range: [propext, Classical.choice, Quot.sound]
REPLAY_AXIOMS LeanFormalizations.Transcendence.subsetSum_relation_impossible: [propext, Classical.choice, Quot.sound]
REPLAY_AXIOMS LeanFormalizations.Transcendence.no_intPoly_exp_relation._proof_1_1: [propext,
 Classical.choice,
 Quot.sound]
REPLAY_AXIOMS LeanFormalizations.Transcendence.aroots_integralNormalization: [propext, Classical.choice, Quot.sound]
REPLAY_AXIOMS LeanFormalizations.Transcendence.exists_intPoly_aroots_eq: [propext, Classical.choice, Quot.sound]
REPLAY_AXIOMS LeanFormalizations.Transcendence.esymm_aroots_mem_range._proof_1_1: [propext,
 Classical.choice,
 Quot.sound]
REPLAY_AXIOMS LeanFormalizations.Transcendence.no_intPoly_exp_relation: [propext, Classical.choice, Quot.sound]
REPLAY_AXIOMS LeanFormalizations.Transcendence.prod_one_add_exp_eq_sum_subsetSum: [propext,
 Classical.choice,
 Quot.sound]
REPLAY_AXIOMS LeanFormalizations.Transcendence.subsetSum_poly_lifts: [propext, Classical.choice, Quot.sound]
REPLAY_AXIOMS LeanFormalizations.Transcendence.isAlgebraic_pi_complex_of_real: [propext, Classical.choice, Quot.sound]
REPLAY_AXIOMS LeanFormalizations.Transcendence.sum_aeval_roots_int: [propext, Classical.choice, Quot.sound]
REPLAY_AXIOMS LeanFormalizations.Transcendence.roots_esymm_int: [propext, Classical.choice, Quot.sound]
REPLAY_AXIOMS LeanFormalizations.Transcendence.subsetSum_relation_impossible_of_esymm: [propext,
 Classical.choice,
 Quot.sound]
REPLAY_AXIOMS LeanFormalizations.Transcendence.transcendental_pi_of_subsetSumEsymm._proof_1_1: [propext,
 Classical.choice,
 Quot.sound]
REPLAY_AXIOMS LeanFormalizations.Transcendence.transcendental_pi_of_subsetSumEsymm: [propext,
 Classical.choice,
 Quot.sound]
REPLAY_AXIOMS LeanFormalizations.Transcendence.subsetSum_relation_impossible_of_conjugatePoly: [propext,
 Classical.choice,
 Quot.sound]
REPLAY_AXIOMS LeanFormalizations.Transcendence.power_sum_int: [propext, Classical.choice, Quot.sound]
REPLAY_AXIOMS LeanFormalizations.Transcendence.SubsetSumEsymm.esymm_theta_mem_range._proof_1_2: [propext,
 Classical.choice,
 Quot.sound]
REPLAY_AXIOMS LeanFormalizations.Transcendence.SubsetSumEsymm.aeval_mem_range: [propext, Classical.choice, Quot.sound]
REPLAY_AXIOMS LeanFormalizations.Transcendence.subsetSum_esymm_rational: [propext, Classical.choice, Quot.sound]
REPLAY_AXIOMS LeanFormalizations.Transcendence.SubsetSumEsymm.subsetSum_esymm_isSymmetric: [propext,
 Classical.choice,
 Quot.sound]
REPLAY_AXIOMS LeanFormalizations.Transcendence.SubsetSumEsymm.ringHom_map_multiset_esymm: [propext, Quot.sound]
REPLAY_AXIOMS LeanFormalizations.Transcendence.SubsetSumEsymm.esymm_theta_mem_range: [propext,
 Classical.choice,
 Quot.sound]
REPLAY_AXIOMS LeanFormalizations.Transcendence.transcendental_pi_axiomClean: [propext, Classical.choice, Quot.sound]
REPLAY_AXIOMS MF21Audit.pi_pow_irrational: [propext, Classical.choice, Quot.sound]
REPLAY_AXIOMS MF21Audit.trace_values_ne_unconditional: [propext, Classical.choice, Quot.sound]
REPLAY_AXIOMS MF21Audit.pi_transcendental: [propext, Classical.choice, Quot.sound]
REPLAY_AXIOMS MF21Audit.pi_trace_value_irrational: [propext, Classical.choice, Quot.sound]
REPLAY_AXIOMS MF21Audit.integer_tail_normalized._simp_1_5: [propext]
REPLAY_AXIOMS MF21Audit.integer_tail_irrational._proof_1_1: [propext, Quot.sound]
REPLAY_AXIOMS MF21Audit.even_zeta_sum: [propext, Classical.choice, Quot.sound]
REPLAY_AXIOMS MF21Audit.half_sequence_sum._proof_1_2: [propext, Quot.sound]
REPLAY_AXIOMS MF21Audit.modelTrace_irrational._proof_1_4: [propext, Quot.sound]
REPLAY_AXIOMS MF21Audit.halfCorrection: [propext, Classical.choice, Quot.sound]
REPLAY_AXIOMS MF21Audit.integer_tail_normalized._simp_1_2: [propext]
REPLAY_AXIOMS MF21Audit.integer_tail_normalized._simp_1_4: [propext]
REPLAY_AXIOMS MF21Audit.integer_tail_normalized._simp_1_7: [propext]
REPLAY_AXIOMS MF21Audit.integer_tail_normalized._simp_1_6: [propext, Classical.choice, Quot.sound]
REPLAY_AXIOMS MF21Audit.half_tail_normalized._simp_1_3: [propext]
REPLAY_AXIOMS MF21Audit.half_tail_normalized._simp_1_5: [propext]
REPLAY_AXIOMS MF21Audit.half_tail_normalized._simp_1_1: [propext]
REPLAY_AXIOMS MF21Audit.modelTrace_irrational._proof_1_2: [propext, Quot.sound]
REPLAY_AXIOMS MF21Audit.modelTrace_irrational._proof_1_3: [propext, Quot.sound]
REPLAY_AXIOMS MF21Audit.half_tail_normalized: [propext, Classical.choice, Quot.sound]
REPLAY_AXIOMS MF21Audit.half_tail_irrational._proof_1_1: [propext, Quot.sound]
REPLAY_AXIOMS MF21Audit.integer_tail_sum: [propext, Classical.choice, Quot.sound]
REPLAY_AXIOMS MF21Audit.modelTrace: [propext, Classical.choice, Quot.sound]
REPLAY_AXIOMS MF21Audit.modelTrace_irrational._proof_1_1: [propext, Quot.sound]
REPLAY_AXIOMS MF21Audit.kernelTraceConstant: [propext, Classical.choice, Quot.sound]
REPLAY_AXIOMS MF21Audit.integer_tail_irrational: [propext, Classical.choice, Quot.sound]
REPLAY_AXIOMS MF21Audit.half_term_eq_odd_term: [propext, Classical.choice, Quot.sound]
REPLAY_AXIOMS MF21Audit.kernelTraceConstant_ne_modelTrace: [propext, Classical.choice, Quot.sound]
REPLAY_AXIOMS MF21Audit.integer_tail_normalized._simp_1_1: [propext]
REPLAY_AXIOMS MF21Audit.modelTrace_series_summable: [propext, Classical.choice, Quot.sound]
REPLAY_AXIOMS MF21Audit.modelTrace._proof_1: [propext]
REPLAY_AXIOMS MF21Audit.half_sequence_sum: [propext, Classical.choice, Quot.sound]
REPLAY_AXIOMS MF21Audit.half_tail_irrational: [propext, Classical.choice, Quot.sound]
REPLAY_AXIOMS MF21Audit.halfCorrection_pos: [propext, Classical.choice, Quot.sound]
REPLAY_AXIOMS MF21Audit.integer_tail_normalized._simp_1_3: [propext]
REPLAY_AXIOMS MF21Audit.modelTrace_series_summable._proof_1_1: [propext, Quot.sound]
REPLAY_AXIOMS MF21Audit.half_tail_normalized._simp_1_2: [propext]
REPLAY_AXIOMS MF21Audit.half_tail_normalized._simp_1_4: [propext]
REPLAY_AXIOMS MF21Audit.half_tail_normalized._simp_1_7: [propext]
REPLAY_AXIOMS MF21Audit.half_tail_normalized._simp_1_6: [propext, Classical.choice, Quot.sound]
REPLAY_AXIOMS MF21Audit.evenZetaCoefficient: [propext, Classical.choice, Quot.sound]
REPLAY_AXIOMS MF21Audit.half_sequence_sum._proof_1_1: [propext, Quot.sound]
REPLAY_AXIOMS MF21Audit.half_tail_sum: [propext, Classical.choice, Quot.sound]
REPLAY_AXIOMS MF21Audit.integer_tail_normalized: [propext, Classical.choice, Quot.sound]
REPLAY_AXIOMS MF21Audit.halfCorrection.eq_1: [propext, Classical.choice, Quot.sound]
REPLAY_AXIOMS MF21Audit.half_sequence_summable: [propext, Classical.choice, Quot.sound]
REPLAY_AXIOMS MF21Audit.half_sequence_summable._proof_1_1: [propext, Quot.sound]
REPLAY_AXIOMS MF21Audit.integerCorrection.eq_1: [propext, Classical.choice, Quot.sound]
REPLAY_AXIOMS MF21Audit.integerCorrection_pos: [propext, Classical.choice, Quot.sound]
REPLAY_AXIOMS MF21Audit.modelTrace_irrational: [propext, Classical.choice, Quot.sound]
REPLAY_AXIOMS MF21Audit.evenZetaCoefficient.eq_1: [propext, Classical.choice, Quot.sound]
REPLAY_AXIOMS MF21Audit.integerCorrection: [propext, Classical.choice, Quot.sound]
REPLAY_AXIOMS MF21DiscreteLimits.first_column_integral_constant._proof_1_1: [propext, Quot.sound]
REPLAY_AXIOMS MF21DiscreteLimits.first_column_integral_constant._proof_1_4: [propext, Quot.sound]
REPLAY_AXIOMS MF21DiscreteLimits.integral_pow_one_sub_pow._simp_1_1: [propext]
REPLAY_AXIOMS MF21DiscreteLimits.integral_pow_one_sub_pow._simp_1_3: [propext]
REPLAY_AXIOMS MF21DiscreteLimits.integral_pow_one_sub_pow: [propext, Classical.choice, Quot.sound]
REPLAY_AXIOMS MF21DiscreteLimits.first_column_integral_constant: [propext, Classical.choice, Quot.sound]
REPLAY_AXIOMS MF21DiscreteLimits.first_column_integral_constant._proof_1_7: [propext, Quot.sound]
REPLAY_AXIOMS MF21DiscreteLimits.first_column_integral_constant._proof_1_6: [propext, Quot.sound]
REPLAY_AXIOMS MF21DiscreteLimits.integral_pow_one_sub_pow._simp_1_5: [propext]
REPLAY_AXIOMS MF21DiscreteLimits.first_column_integral_constant._proof_1_2: [propext, Quot.sound]
REPLAY_AXIOMS MF21DiscreteLimits.first_column_integral_constant._proof_1_3: [propext, Quot.sound]
REPLAY_AXIOMS MF21DiscreteLimits.first_column_integral_constant._proof_1_5: [propext, Quot.sound]
REPLAY_AXIOMS MF21DiscreteLimits.integral_pow_one_sub_pow._simp_1_4: [propext]
REPLAY_AXIOMS MF21DiscreteLimits.integral_pow_one_sub_pow._simp_1_7: [propext]
REPLAY_AXIOMS MF21DiscreteLimits.integral_pow_one_sub_pow._simp_1_2: [propext]
REPLAY_AXIOMS MF21DiscreteLimits.integral_pow_one_sub_pow._simp_1_6: [propext, Classical.choice, Quot.sound]
REPLAY_AXIOMS MF21InverseTrace.inverse_trace_step: [propext, Classical.choice, Quot.sound]
REPLAY_AXIOMS MF21InverseTrace.inverse_tail._simp_1_2: [propext]
REPLAY_AXIOMS MF21InverseTrace.toeplitz_tail: [propext, Classical.choice, Quot.sound]
REPLAY_AXIOMS MF21InverseTrace.inverse_tail: [propext, Classical.choice, Quot.sound]
REPLAY_AXIOMS MF21InverseTrace.inverse_tail._simp_1_1: [propext]
REPLAY_AXIOMS MF21InverseTrace.toeplitz_inverse_trace_step: [propext, Classical.choice, Quot.sound]
REPLAY_AXIOMS MF21InverseTrace.inverse_tail._simp_1_3: []
REPLAY_AXIOMS MF21DiscreteLimits.normalized_shift_tendsto._simp_1_1: [propext]
REPLAY_AXIOMS MF21DiscreteLimits.sum_normalized_tendsto._simp_1_1: [propext]
REPLAY_AXIOMS MF21DiscreteLimits.sum_power_tendsto_atTop._proof_1_1: [propext, Quot.sound]
REPLAY_AXIOMS MF21DiscreteLimits.sum_normalized_tendsto._simp_1_3: [propext]
REPLAY_AXIOMS MF21DiscreteLimits.sum_normalized_tendsto._simp_1_8: []
REPLAY_AXIOMS MF21DiscreteLimits.sum_normalized_tendsto._simp_1_9: [propext, Quot.sound]
REPLAY_AXIOMS MF21DiscreteLimits.sum_normalized_tendsto: [propext, Classical.choice, Quot.sound]
REPLAY_AXIOMS MF21DiscreteLimits.normalized_shift_tendsto._simp_1_7: [propext]
REPLAY_AXIOMS MF21DiscreteLimits.normalized_shift_tendsto._simp_1_6: [propext, Classical.choice, Quot.sound]
REPLAY_AXIOMS MF21DiscreteLimits.sequence_of_increment_tendsto: [propext, Classical.choice, Quot.sound]
REPLAY_AXIOMS MF21DiscreteLimits.normalized_shift_tendsto._simp_1_2: [propext]
REPLAY_AXIOMS MF21DiscreteLimits.normalized_shift_tendsto._simp_1_4: [propext]
REPLAY_AXIOMS MF21DiscreteLimits.normalized_shift_tendsto: [propext, Classical.choice, Quot.sound]
REPLAY_AXIOMS MF21DiscreteLimits.sum_normalized_tendsto._simp_1_5: [propext]
REPLAY_AXIOMS MF21DiscreteLimits.normalized_shift_tendsto._simp_1_5: [propext]
REPLAY_AXIOMS MF21DiscreteLimits.sequence_of_increment_tendsto._proof_1_1: [propext, Quot.sound]
REPLAY_AXIOMS MF21DiscreteLimits.sum_normalized_tendsto._simp_1_7: [propext]
REPLAY_AXIOMS MF21DiscreteLimits.sum_normalized_tendsto._simp_1_4: [propext]
REPLAY_AXIOMS MF21DiscreteLimits.sum_normalized_tendsto._simp_1_2: [propext]
REPLAY_AXIOMS MF21DiscreteLimits.sum_normalized_tendsto._simp_1_6: [propext, Classical.choice, Quot.sound]
REPLAY_AXIOMS MF21DiscreteLimits.sum_power_tendsto_atTop: [propext, Classical.choice, Quot.sound]
REPLAY_AXIOMS MF21DiscreteLimits.normalized_shift_tendsto._simp_1_3: [propext]
REPLAY_AXIOMS MF21TraceLimit.inverseTrace_tendsto: [propext, Classical.choice, Quot.sound]
REPLAY_AXIOMS MF21TraceLimit.inverseTrace_tendsto._proof_1_1: [propext, Quot.sound]
REPLAY_AXIOMS MF21TraceLimit.inverseTrace: [propext, Classical.choice, Quot.sound]
REPLAY_AXIOMS MF21TraceLimit.inverseTrace_increment_tendsto._simp_1_5: [propext]
REPLAY_AXIOMS MF21TraceLimit.inverseTrace_increment_tendsto._simp_1_3: [propext]
REPLAY_AXIOMS MF21TraceLimit.inverseTrace_increment_tendsto._simp_1_1: [propext]
REPLAY_AXIOMS MF21TraceLimit.inverseTrace.eq_1: [propext, Classical.choice, Quot.sound]
REPLAY_AXIOMS MF21TraceLimit.inverseTrace_increment_tendsto: [propext, Classical.choice, Quot.sound]
REPLAY_AXIOMS MF21TraceLimit.eigenvalue_inverse_sum_tendsto: [propext, Classical.choice, Quot.sound]
REPLAY_AXIOMS MF21TraceLimit.inverseTrace_tendsto._proof_1_2: [propext, Quot.sound]
REPLAY_AXIOMS MF21TraceLimit.inverseTrace_tendsto._proof_1_3: [propext, Quot.sound]
REPLAY_AXIOMS MF21TraceLimit.inverseTrace_increment_tendsto._simp_1_2: [propext]
REPLAY_AXIOMS MF21TraceLimit.inverseTrace_increment_tendsto._simp_1_6: [propext, Classical.choice, Quot.sound]
REPLAY_AXIOMS MF21TraceLimit.inverseTrace_increment_tendsto._simp_1_4: [propext]
REPLAY_AXIOMS MF21TraceLimit.inverseTrace_increment_tendsto._simp_1_7: [propext]
REPLAY_AXIOMS MF21TraceLimit.inverseTrace_step: [propext, Classical.choice, Quot.sound]
REPLAY_AXIOMS MF21TraceLimit.inverseTrace_tendsto._proof_1_4: [propext, Quot.sound]
REPLAY_AXIOMS MF21Obstruction.spacing_pos: [propext, Classical.choice, Quot.sound]
REPLAY_AXIOMS MF21Challenge.grid.eq_1: [propext, Classical.choice, Quot.sound]
REPLAY_AXIOMS MF21Obstruction.profile: [propext, Classical.choice, Quot.sound]
REPLAY_AXIOMS MF21Obstruction.profile_inverse_sum: [propext, Classical.choice, Quot.sound]
REPLAY_AXIOMS MF21Obstruction.scaledEigenvalue._proof_1: [propext]
REPLAY_AXIOMS MF21Obstruction.scaled_inverse_sum: [propext, Classical.choice, Quot.sound]
REPLAY_AXIOMS MF21Obstruction.model_finite_head_lower_bound: [propext, Classical.choice, Quot.sound]
REPLAY_AXIOMS MF21Obstruction.approximation: [propext, Classical.choice, Quot.sound]
REPLAY_AXIOMS MF21Obstruction.actual_finite_head_separation: [propext, Classical.choice, Quot.sound]
REPLAY_AXIOMS MF21Obstruction.paddedEigenvalue.eq_1: [propext, Classical.choice, Quot.sound]
REPLAY_AXIOMS MF21Obstruction.paddedEigenvalue: [propext, Classical.choice, Quot.sound]
REPLAY_AXIOMS MF21Obstruction.model_not_uniform.match_1_1: [propext, Classical.choice, Quot.sound]
REPLAY_AXIOMS MF21Obstruction.profile_pos: [propext, Classical.choice, Quot.sound]
REPLAY_AXIOMS MF21Obstruction.scaledEigenvalue.eq_1: [propext, Classical.choice, Quot.sound]
REPLAY_AXIOMS MF21Obstruction.actual_finite_head_separation._proof_1_4: [propext, Quot.sound]
REPLAY_AXIOMS MF21Obstruction.spacing_tendsto: [propext, Classical.choice, Quot.sound]
REPLAY_AXIOMS MF21Obstruction.model_finite_head_remainder: [propext, Classical.choice, Quot.sound]
REPLAY_AXIOMS MF21Obstruction.profile_inverse: [propext, Classical.choice, Quot.sound]
REPLAY_AXIOMS MF21Obstruction.remainder_eq: [propext, Classical.choice, Quot.sound]
REPLAY_AXIOMS MF21Obstruction.actual_finite_head_separation._proof_1_5: [propext, Quot.sound]
REPLAY_AXIOMS MF21Obstruction.actual_finite_head_separation._proof_1_3: [propext, Quot.sound]
REPLAY_AXIOMS MF21Obstruction.approximation_profile: [propext, Classical.choice, Quot.sound]
REPLAY_AXIOMS MF21Obstruction.scaledEigenvalue: [propext, Classical.choice, Quot.sound]
REPLAY_AXIOMS MF21Obstruction.spacing.eq_1: [propext, Classical.choice, Quot.sound]
REPLAY_AXIOMS MF21Obstruction.model_not_uniform: [propext, Classical.choice, Quot.sound]
REPLAY_AXIOMS MF21Obstruction.profile_inverse_summable: [propext, Classical.choice, Quot.sound]
REPLAY_AXIOMS MF21Obstruction.spacing: [propext, Classical.choice, Quot.sound]
REPLAY_AXIOMS MF21Bulk.implicit_contraction._simp_1_1: []
REPLAY_AXIOMS MF21Bulk.local_implicit_solution: [propext, Classical.choice, Quot.sound]
REPLAY_AXIOMS MF21Bulk.implicit_contraction: [propext, Classical.choice, Quot.sound]
REPLAY_AXIOMS ContDiffAt.implicitFunction.congr_simp: [propext, Classical.choice, Quot.sound]
REPLAY_AXIOMS ContinuousLinearMap.inr.eq_1: [propext, Classical.choice, Quot.sound]
REPLAY_AXIOMS MF21Bulk.existsUnique_implicit_solution: [propext, Classical.choice, Quot.sound]
REPLAY_AXIOMS MF21Audit.coefficient_unique_of_weighted_bigO: [propext, Classical.choice, Quot.sound]
REPLAY_AXIOMS MF21Audit.continuous_coefficient_unique: [propext, Classical.choice, Quot.sound]
REPLAY_AXIOMS MF21Audit.top_expansion_unique_on_mesh: [propext, Classical.choice, Quot.sound]
REPLAY_AXIOMS MF21Audit.expansion_unique_on_mesh: [propext, Classical.choice, Quot.sound]
REPLAY_AXIOMS MF21Expansion.model_abs_upper_head: [propext, Classical.choice, Quot.sound]
REPLAY_AXIOMS MF21Expansion.symbol_abs_le_power: [propext, Classical.choice, Quot.sound]
REPLAY_AXIOMS MF21Expansion.finite_head_model_error: [propext, Classical.choice, Quot.sound]
REPLAY_AXIOMS MF21Expansion.eigenvalue_abs_upper_head._proof_1_1: [propext, Quot.sound]
REPLAY_AXIOMS MF21Expansion.eigenvalue_abs_upper_head: [propext, Classical.choice, Quot.sound]
REPLAY_AXIOMS MF21Mesh.denominator.eq_1: [propext, Classical.choice, Quot.sound]
REPLAY_AXIOMS MF21Expansion.exponential_power_bound: [propext, Classical.choice, Quot.sound]
REPLAY_AXIOMS MF21Expansion.log_squared_exponential_cutoff: [propext, Classical.choice, Quot.sound]
REPLAY_AXIOMS MF21Expansion.cutoff_ge_eventually: [propext, Classical.choice, Quot.sound]
REPLAY_AXIOMS MF21Expansion.uniformModelError_of_tailSymbol: [propext, Classical.choice, Quot.sound]
REPLAY_AXIOMS MF21Expansion.bulkTopOrder_of_tailSymbol: [propext, Classical.choice, Quot.sound]
REPLAY_AXIOMS MF21Expansion.remainder_eq: [propext, Classical.choice, Quot.sound]
REPLAY_AXIOMS MF21Expansion.step_le_one: [propext, Classical.choice, Quot.sound]
REPLAY_AXIOMS MF21Expansion.expansion_assertions_of_tailAngle._proof_1_1: [propext, Quot.sound]
REPLAY_AXIOMS MF21Expansion.uniformModelError_of_tailSymbol._proof_1_1: [propext, Quot.sound]
REPLAY_AXIOMS MF21Expansion.UniformModelError: [propext, Classical.choice, Quot.sound]
REPLAY_AXIOMS MF21Expansion.uniformOrder_of_uniformModelError: [propext, Classical.choice, Quot.sound]
REPLAY_AXIOMS MF21Challenge.remainder.eq_1: [propext, Classical.choice, Quot.sound]
REPLAY_AXIOMS MF21Expansion.expansion_assertions_of_tailAngle: [propext, Classical.choice, Quot.sound]
REPLAY_AXIOMS MF21Uniqueness.mf21_bulk_coefficients_unique: [propext, Classical.choice, Quot.sound]
REPLAY_AXIOMS MF21Challenge.grid.eq_1: [propext, Classical.choice, Quot.sound]
REPLAY_AXIOMS MF21Mesh.cutoff.eq_1: [propext, Classical.choice, Quot.sound]
REPLAY_AXIOMS MF21Uniqueness.uniformTopOrder_to_bulkTopOrder: [propext, Classical.choice, Quot.sound]
REPLAY_AXIOMS MF21Uniqueness.bulkExpansion_error_on_mesh: [propext, Classical.choice, Quot.sound]
REPLAY_AXIOMS MF21Uniqueness.eigenvalueData.eq_1: [propext, Classical.choice, Quot.sound]
REPLAY_AXIOMS MF21Mesh.grid.eq_1: [propext, Classical.choice, Quot.sound]
REPLAY_AXIOMS MF21Challenge.cutoff.eq_1: [propext, Classical.choice, Quot.sound]
REPLAY_AXIOMS MF21Mesh.mesh.eq_1: [propext, Classical.choice, Quot.sound]
REPLAY_AXIOMS MF21Uniqueness.bulkTopOrder_to_bulkExpansion._proof_1_1: [propext, Classical.choice, Quot.sound]
REPLAY_AXIOMS MF21Uniqueness.BulkExpansion: [propext, Classical.choice, Quot.sound]
REPLAY_AXIOMS MF21Uniqueness.challenge_grid_mem: [propext, Classical.choice, Quot.sound]
REPLAY_AXIOMS MF21Mesh.denominator.eq_1: [propext, Classical.choice, Quot.sound]
REPLAY_AXIOMS MF21Uniqueness.universalObstruction_of_fullTarget: [propext, Classical.choice, Quot.sound]
REPLAY_AXIOMS MF21Uniqueness.bulkExpansion_unique: [propext, Classical.choice, Quot.sound]
REPLAY_AXIOMS MF21Uniqueness.uniformOrder_congr: [propext, Classical.choice, Quot.sound]
REPLAY_AXIOMS MF21Challenge.remainder.eq_1: [propext, Classical.choice, Quot.sound]
REPLAY_AXIOMS MF21Uniqueness.eigenvalueData: [propext, Classical.choice, Quot.sound]
REPLAY_AXIOMS MF21Uniqueness.bulkTopOrder_to_bulkExpansion: [propext, Classical.choice, Quot.sound]
REPLAY_AXIOMS MF21Uniqueness.mf21_uniform_coefficients_eq_bulk: [propext, Classical.choice, Quot.sound]
REPLAY_AXIOMS MF21Verified.smooth_common_family._proof_1_1: [propext, Quot.sound]
REPLAY_AXIOMS MF21Verified.fullTarget: [propext, Classical.choice, Quot.sound]
REPLAY_AXIOMS MF21Fourier.sourceCoefficient.eq_1: [propext, Classical.choice, Quot.sound]
REPLAY_AXIOMS MF21Verified.model_sharp_upper._proof_1_2: [propext, Quot.sound]
REPLAY_AXIOMS MF21Verified.targetAt._proof_1_2: [propext, Quot.sound]
REPLAY_AXIOMS MF21Verified.smooth_coefficients: [propext, Classical.choice, Quot.sound]
REPLAY_AXIOMS MF21Verified.smooth_common_family: [propext, Classical.choice, Quot.sound]
REPLAY_AXIOMS MF21Verified.targetAt: [propext, Classical.choice, Quot.sound]
REPLAY_AXIOMS MF21Verified.finite_head_sharpness: [propext, Classical.choice, Quot.sound]
REPLAY_AXIOMS MF21Verified.targetAt._proof_1_1: [propext, Quot.sound]
REPLAY_AXIOMS MF21Verified.universalObstruction: [propext, Classical.choice, Quot.sound]
REPLAY_AXIOMS MF21Verified.fourier_matrix_entries: [propext, Classical.choice, Quot.sound]
REPLAY_AXIOMS MF21Verified.smooth_coefficients._proof_1: [propext, Quot.sound]
REPLAY_AXIOMS MF21Verified.model_sharp_upper._proof_1_1: [propext, Quot.sound]
REPLAY_AXIOMS MF21Verified.model_sharp_upper: [propext, Classical.choice, Quot.sound]
REPLAY_AXIOMS MF21Audit.zero_remainder_satisfies_both_orders: [propext, Classical.choice, Quot.sound]
REPLAY_AXIOMS MF21Audit.trace_limits_inconsistent: [propext, Classical.choice, Quot.sound]
REPLAY_AXIOMS MF21Audit.rational_sub_div_pow_irrational: [propext, Classical.choice, Quot.sound]
REPLAY_AXIOMS MF21Audit.trace_values_ne: [propext, Classical.choice, Quot.sound]
REPLAY_AXIOMS NLA.MF21.smooth_common_family: [propext, Classical.choice, Quot.sound]
REPLAY_AXIOMS NLA.MF21.fourier_matrix_entries: [propext, Classical.choice, Quot.sound]
REPLAY_AXIOMS NLA.MF21.universal_obstruction: [propext, Classical.choice, Quot.sound]
REPLAY_AXIOMS NLA.MF21.full_target: [propext, Classical.choice, Quot.sound]
REPLAY_AXIOMS NLA.MF21.coefficients_unique: [propext, Classical.choice, Quot.sound]
REPLAY_AUDITED_DECLARATIONS 1354
